registry_club_id,id_societa,club_name,discipline_raw,clubandplayer_sport
coni:100,100,ASSOCIAZIONE POLISPORTIVA D.CAMPITELLO,Calcio (a 11),Calcio
coni:100,100,ASSOCIAZIONE POLISPORTIVA D.CAMPITELLO,Futsal (calcio da sala - calcio a 5),Futsal
coni:10000,10000,HELLAS ALBINEA ASSOCIAZIONE SPORTIVA DILETTANTISTICA,Futsal (calcio da sala - calcio a 5),Futsal
coni:10001,10001,A.S.D. HOCKEY PRATO CITTA' DEL TRICOLORE,Futsal (calcio da sala - calcio a 5),Futsal
coni:100072,100072,ASSOCIAZIONE SPORTIVA DILETTANTISTICA ATLETICO MALDOSSI,Pallacanestro,Basket
coni:100118,100118,A.S.D. JOCA BONITO FOGGIA,Calcio (a 11),Calcio
coni:100118,100118,A.S.D. JOCA BONITO FOGGIA,Calcio (a 8),Calcio
coni:100118,100118,A.S.D. JOCA BONITO FOGGIA,Futsal (calcio da sala - calcio a 5),Futsal
coni:100118,100118,A.S.D. JOCA BONITO FOGGIA,Calcio (a 7),Calcio
coni:10015,10015,A.S.D.FILICAIA DIAVOLI ROSSI,Calcio (a 11),Calcio
coni:100161,100161,DREAMERS ASD,Pallacanestro,Basket
coni:100164,100164,VOLLEYFUSION ASSOCIAZIONE SPORTIVA DILETTANTISTICA,Pallavolo,Volley
coni:100169,100169,RIFONDAZIONE SALESIANA ASSOCIAZIONE SPORTIVA DILETTANTISTICA,Pallacanestro,Basket
coni:100180,100180,A.S.D.POLISPORTIVA D.L.F. UDINE,Pallacanestro,Basket
coni:100180,100180,A.S.D.POLISPORTIVA D.L.F. UDINE,Futsal (calcio da sala - calcio a 5),Futsal
coni:100180,100180,A.S.D.POLISPORTIVA D.L.F. UDINE,Pallavolo,Volley
coni:100180,100180,A.S.D.POLISPORTIVA D.L.F. UDINE,Calcio (a 11),Calcio
coni:100182,100182,"C.S.I. - ASSOCIAZIONE PARROCHIALE ""T. MELANI""",Futsal (calcio da sala - calcio a 5),Futsal
coni:100182,100182,"C.S.I. - ASSOCIAZIONE PARROCHIALE ""T. MELANI""",Calcio (a 7),Calcio
coni:100182,100182,"C.S.I. - ASSOCIAZIONE PARROCHIALE ""T. MELANI""",Pallavolo,Volley
coni:10019,10019,ASSOCIAZIONE SPORTIVA DILETTANTISTICA FORZA & COSTANZA 1905,Calcio (a 11),Calcio
coni:10020,10020,A.S.D. AUDACE CASTEL D'ARIO,Calcio (a 11),Calcio
coni:10020,10020,A.S.D. AUDACE CASTEL D'ARIO,Calcio (a 7),Calcio
coni:100204,100204,WATERBASKET FIRENZE,Pallanuoto,Pallanuoto
coni:100206,100206,ASSOCIAZIONE SPORTIVA DILETTANTISTICA C.O. BASKET 2000 PAESE,Pallacanestro,Basket
coni:10021,10021,G.S. PIETA'2004 ASSOCIAZIONE SPORTIVA DILETTANTISTICA,Calcio (a 11),Calcio
coni:100211,100211,A.S.D. LIAPIAVE,Calcio (a 11),Calcio
coni:100213,100213,LANGUAGE & CARDIO FITNESS ASSOCIAZIONE SPORTIVA DILETTANTISTICA,Pallavolo,Volley
coni:100236,100236,ASS.SPORT.DILETTANTI.NAPOLI CALCETTO,Futsal (calcio da sala - calcio a 5),Futsal
coni:100253,100253,A.S.D. CIMONE FOOTBALL CLUB,Calcio (a 11),Calcio
coni:100253,100253,A.S.D. CIMONE FOOTBALL CLUB,Futsal (calcio da sala - calcio a 5),Futsal
coni:100253,100253,A.S.D. CIMONE FOOTBALL CLUB,Calcio (a 7),Calcio
coni:10034,10034,ASSOCIAZIONE SPORTIVA DILETTANTISTICA RIVER SESIA CALCIO,Calcio (a 11),Calcio
coni:10037,10037,ASD PRO CERVIGNANO RUDA,Calcio (a 11),Calcio
coni:100399,100399,SOCIETA' SPORTIVA DILETTANTISTICA CARBONERA BREDA A RESPONSABILITA' LIMITATA,Calcio (a 11),Calcio
coni:10045,10045,A.S.D. VALLE DEL VOMANO,Calcio (a 11),Calcio
coni:10045,10045,A.S.D. VALLE DEL VOMANO,Futsal (calcio da sala - calcio a 5),Futsal
coni:10045,10045,A.S.D. VALLE DEL VOMANO,Calcio (a 7),Calcio
coni:10045,10045,A.S.D. VALLE DEL VOMANO,Pallavolo,Volley
coni:100468,100468,A.S.D. TAVERNELLE CALCIO,Calcio (a 11),Calcio
coni:100468,100468,A.S.D. TAVERNELLE CALCIO,Futsal (calcio da sala - calcio a 5),Futsal
coni:100535,100535,A.S.D. A.C. CAPOCAVALLO,Calcio (a 11),Calcio
coni:10054,10054,A.S.D. VEVERI 1974,Calcio (a 11),Calcio
coni:100542,100542,A.S.D. LANCIOTTO CAMPI V.S.D.,Calcio (a 11),Calcio
coni:10055,10055,ASD COLLEATTERRATO 2016,Calcio (a 11),Calcio
coni:100580,100580,CF SCANDICCI FUTSAL A.S.D.,Futsal (calcio da sala - calcio a 5),Futsal
coni:10060,10060,OLMOPONTE AREZZO SANTA FIRMINA - ASSOCIAZIONE SPORTIVA DILETTANTISTICA,Calcio (a 11),Calcio
coni:100663,100663,A.S.D. GF RIONE CALCIO A CINQUE,Futsal (calcio da sala - calcio a 5),Futsal
coni:100663,100663,A.S.D. GF RIONE CALCIO A CINQUE,Calcio (a 7),Calcio
coni:100746,100746,ASD CIRCOLO PARROCCHIALE CELTIC DON BOSCO,Calcio (a 11),Calcio
coni:100746,100746,ASD CIRCOLO PARROCCHIALE CELTIC DON BOSCO,Calcio (a 7),Calcio
coni:100755,100755,A.C.D. SOLIGNANO,Calcio (a 11),Calcio
coni:100755,100755,A.C.D. SOLIGNANO,Futsal (calcio da sala - calcio a 5),Futsal
coni:100755,100755,A.C.D. SOLIGNANO,Calcio (a 7),Calcio
coni:100794,100794,ASD CONDOR TREVISO,Calcio (a 11),Calcio
coni:100794,100794,ASD CONDOR TREVISO,Pallacanestro,Basket
coni:1009,1009,ASSOCIAZIONE SPORTIVA DILETTANTISTICA ATLETICO SAN PIETRO IN VALLE,Calcio (a 11),Calcio
coni:1009,1009,ASSOCIAZIONE SPORTIVA DILETTANTISTICA ATLETICO SAN PIETRO IN VALLE,Futsal (calcio da sala - calcio a 5),Futsal
coni:10091,10091,A.S.D. F.C.NOTARESCO,Calcio (a 11),Calcio
coni:10091,10091,A.S.D. F.C.NOTARESCO,Calcio (a 7),Calcio
coni:101044,101044,ASSOCIAZIONE SPORTIVA DILETTANTISTICA GRASSINA,Calcio (a 11),Calcio
coni:101091,101091,VILLORBA TREVISO FOOTBALL CLUB SOCIETA' SPORTIVA DILETTANTISTICA A RESPONSABILITA' LIMITATA,Calcio (a 11),Calcio
coni:101147,101147,SSD NUOVA ALBA A R.L.,Calcio (a 11),Calcio
coni:101147,101147,SSD NUOVA ALBA A R.L.,Calcio (a 7),Calcio
coni:10121,10121,ASSOCIAZIONE POLISPORTIVA DILETTANTISTICA SOLZESE SEZ.CALCIO,Calcio (a 11),Calcio
coni:1013,1013,ASSOCIAZIONE SPORTIVA DILETTANTISTICA SAN BIAGIO,Calcio (a 11),Calcio
coni:1013,1013,ASSOCIAZIONE SPORTIVA DILETTANTISTICA SAN BIAGIO,Futsal (calcio da sala - calcio a 5),Futsal
coni:101373,101373,A.S.D. CITTA' DI PAESE,Calcio (a 11),Calcio
coni:101439,101439,A.S.D. GIOVANI BIANCOROSSI,Calcio (a 11),Calcio
coni:10148,10148,A.S.D. CORVA CALCIO 2008,Calcio (a 11),Calcio
coni:101508,101508,G.S.D. ALBERETA SAN SALVI,Calcio (a 11),Calcio
coni:101508,101508,G.S.D. ALBERETA SAN SALVI,Futsal (calcio da sala - calcio a 5),Futsal
coni:101555,101555,POLISPORTIVA UNION 81 ASD APS,Calcio (a 11),Calcio
coni:101555,101555,POLISPORTIVA UNION 81 ASD APS,Calcio (a 7),Calcio
coni:10156,10156,VIRTUS MONTEROSI ASSOCIAZIONE SPORTIVA DILETTANTISTICA,Futsal (calcio da sala - calcio a 5),Futsal
coni:10157,10157,POLISPORTIVA SILIGO ASD,Calcio (a 11),Calcio
coni:101654,101654,POLISPORTIVA 2M ASSOCIAZIONE SPORTIVA DILETTANTISTICA,Calcio (a 11),Calcio
coni:101654,101654,POLISPORTIVA 2M ASSOCIAZIONE SPORTIVA DILETTANTISTICA,Futsal (calcio da sala - calcio a 5),Futsal
coni:101654,101654,POLISPORTIVA 2M ASSOCIAZIONE SPORTIVA DILETTANTISTICA,Pallacanestro,Basket
coni:101671,101671,BARACCA BEACH ASSOCIAZIONE SPORTIVA DILETTANTISTICA,Calcio (a 11),Calcio
coni:101671,101671,BARACCA BEACH ASSOCIAZIONE SPORTIVA DILETTANTISTICA,Futsal (calcio da sala - calcio a 5),Futsal
coni:101671,101671,BARACCA BEACH ASSOCIAZIONE SPORTIVA DILETTANTISTICA,Calcio (a 7),Calcio
coni:101762,101762,ASSOCIAZIONE SPORTIVA DILETTANTISTICA CALCIO FIRENZE,Calcio (a 11),Calcio
coni:10177,10177,ASD POLISPORTIVA ORIOLO,Calcio (a 11),Calcio
coni:10177,10177,ASD POLISPORTIVA ORIOLO,Rugby a 7,Rugby
coni:10177,10177,ASD POLISPORTIVA ORIOLO,Rugby a 15,Rugby
coni:10177,10177,ASD POLISPORTIVA ORIOLO,Pallacanestro,Basket
coni:10177,10177,ASD POLISPORTIVA ORIOLO,Pallavolo,Volley
coni:10177,10177,ASD POLISPORTIVA ORIOLO,Calcio Balilla,Calcio
coni:10177,10177,ASD POLISPORTIVA ORIOLO,Beach Soccer,Calcio
coni:10177,10177,ASD POLISPORTIVA ORIOLO,Calcio (a 7),Calcio
coni:101779,101779,CENTRO SPOST E STUDI NEAPOLIS - ASSOCIAZIONE SPORTIVA DILETTANTISTICA,Calcio (a 11),Calcio
coni:10179,10179,GRUPPO SPORTIVO DILETTANTISTICO SAN FRUTTUOSO,Calcio (a 11),Calcio
coni:10179,10179,GRUPPO SPORTIVO DILETTANTISTICO SAN FRUTTUOSO,Futsal (calcio da sala - calcio a 5),Futsal
coni:10179,10179,GRUPPO SPORTIVO DILETTANTISTICO SAN FRUTTUOSO,Calcio (a 7),Calcio
coni:10189,10189,ASD ACTIVE NETWORK FUTSAL,Futsal (calcio da sala - calcio a 5),Futsal
coni:10194,10194,ASSOCIAZIONE SPORTIVA DILETTANTISTICA ROMARIA,Calcio (a 11),Calcio
coni:10210,10210,ASD JOLANDA VOLLEY 2016,Calcio (a 11),Calcio
coni:102172,102172,ASSOCIAZIONE SPORTIVA DILETTANTISTICA MARCIALLA CITY,Calcio (a 11),Calcio
coni:1025,1025,S .S.CAMPOBASSO CALCIO A.S.D.,Calcio (a 11),Calcio
coni:1025,1025,S .S.CAMPOBASSO CALCIO A.S.D.,Futsal (calcio da sala - calcio a 5),Futsal
coni:102528,102528,A.S.D. COBRA KAI,Calcio (a 11),Calcio
coni:10261,10261,ASS. SPORTIVA DILETTANTISTICA A.S.D. MONTAGNANA CALCIO,Calcio (a 11),Calcio
coni:102667,102667,MARANO CALCIO ASSOCIAZIONE SPORTIVA DILETTANTISTICA,Calcio (a 11),Calcio
coni:10272,10272,F.C. CASTELNUOVO A.S.D.,Calcio (a 11),Calcio
coni:10272,10272,F.C. CASTELNUOVO A.S.D.,Futsal (calcio da sala - calcio a 5),Futsal
coni:10272,10272,F.C. CASTELNUOVO A.S.D.,Calcio (a 7),Calcio
coni:102744,102744,F.C. CUBINO A.S.D.,Calcio (a 11),Calcio
coni:10275,10275,CAPISTRELLO CALCIO ASD,Calcio (a 11),Calcio
coni:10280,10280,A.S.D. ATLETICO VITTORITO,Futsal (calcio da sala - calcio a 5),Futsal
coni:10294,10294,A.C. QUINZANESE,Calcio (a 11),Calcio
coni:10295,10295,A.S.D. POLISPORTIVA SORISOLESE,Calcio (a 11),Calcio
coni:10295,10295,A.S.D. POLISPORTIVA SORISOLESE,Pallavolo,Volley
coni:10297,10297,A.S.D. FIAVE' 1945,Futsal (calcio da sala - calcio a 5),Futsal
coni:103017,103017,GES MONZA 1946 SOCIETA' SPORTIVA DILETTANTISTICA A RESPONSABILIT A' LIMITATA,Calcio (a 11),Calcio
coni:103022,103022,ASSOCIAZIONE SPORTIVA DILETTANTISTICA SAN ROCCO CALCIO,Calcio (a 11),Calcio
coni:103022,103022,ASSOCIAZIONE SPORTIVA DILETTANTISTICA SAN ROCCO CALCIO,Calcio (a 7),Calcio
coni:103045,103045,A.S.D. CAVOUR,Calcio (a 11),Calcio
coni:1032,1032,A.S.D. CALCIO FOSSALUNGA,Calcio (a 11),Calcio
coni:10323,10323,UNIONE SPORTIVA SAN VITO 1923,Calcio (a 11),Calcio
coni:103249,103249,A.S.D. SELECAO LIBERTAS CALCETTO,Futsal (calcio da sala - calcio a 5),Futsal
coni:103328,103328,ASD STELLA AZZURRA 56,Calcio (a 11),Calcio
coni:103328,103328,ASD STELLA AZZURRA 56,Calcio (a 7),Calcio
coni:1034,1034,ASSOCIAZIONE SPORTIVA DILETTANTISTICA CALCIO TEZZE,Calcio (a 11),Calcio
coni:10341,10341,A.S.D. A.C. MOZZECANE,Calcio (a 11),Calcio
coni:10352,10352,U.S.D. BORGOPRIMOMAGGIO,Calcio (a 11),Calcio
coni:10361,10361,A.S.D. TERAMO STAZIONE,Calcio (a 11),Calcio
coni:103628,103628,A.S.D. POLISPORTIVA TORRIGLIA,Calcio (a 11),Calcio
coni:103648,103648,A.S.D. SEMPREVISA,Calcio (a 11),Calcio
coni:103662,103662,UNIONE SPORTIVA CARISOLO - ASD,Calcio (a 11),Calcio
coni:103689,103689,SOCIETA'CALCISTICA DILETTANTISTICA JUNIOR TROPEA,Calcio (a 11),Calcio
coni:103689,103689,SOCIETA'CALCISTICA DILETTANTISTICA JUNIOR TROPEA,Calcio (a 8),Calcio
coni:103689,103689,SOCIETA'CALCISTICA DILETTANTISTICA JUNIOR TROPEA,Beach Soccer,Calcio
coni:103689,103689,SOCIETA'CALCISTICA DILETTANTISTICA JUNIOR TROPEA,Futsal (calcio da sala - calcio a 5),Futsal
coni:103689,103689,SOCIETA'CALCISTICA DILETTANTISTICA JUNIOR TROPEA,Calcio (a 7),Calcio
coni:103696,103696,ASSOCIAZIONE SPORTIVA DILETTANTISTICA CALCIO BLEGGIO,Calcio (a 11),Calcio
coni:103696,103696,ASSOCIAZIONE SPORTIVA DILETTANTISTICA CALCIO BLEGGIO,Futsal (calcio da sala - calcio a 5),Futsal
coni:103702,103702,A.S.D.POLISPORTIVA CASTELLANA,Calcio (a 11),Calcio
coni:103715,103715,A.S.D. GANGI,Calcio (a 11),Calcio
coni:103721,103721,GRUPPO SPORTIVO CURNASCO ASD,Calcio (a 11),Calcio
coni:103721,103721,GRUPPO SPORTIVO CURNASCO ASD,Futsal (calcio da sala - calcio a 5),Futsal
coni:103726,103726,POLISPORTIVA VILLESE - ASSOCIAZIONE SPORTIVA DILETTANTISTICA,Calcio (a 11),Calcio
coni:103726,103726,POLISPORTIVA VILLESE - ASSOCIAZIONE SPORTIVA DILETTANTISTICA,Futsal (calcio da sala - calcio a 5),Futsal
coni:103726,103726,POLISPORTIVA VILLESE - ASSOCIAZIONE SPORTIVA DILETTANTISTICA,Pallacanestro,Basket
coni:1038,1038,U.S.D. LAMONESE,Calcio (a 11),Calcio
coni:103802,103802,ASD 3P - VAL RENDENA,Calcio (a 11),Calcio
coni:103866,103866,BERGAMO F.C. 1971 A.S.D.,Calcio (a 11),Calcio
coni:103887,103887,UNONE SPORTIVA ALEBBIO 1954 - ASSOCIAZIONE DILETTANTISTICA,Calcio (a 11),Calcio
coni:103887,103887,UNONE SPORTIVA ALEBBIO 1954 - ASSOCIAZIONE DILETTANTISTICA,Pallacanestro,Basket
coni:103887,103887,UNONE SPORTIVA ALEBBIO 1954 - ASSOCIAZIONE DILETTANTISTICA,Pallavolo,Volley
coni:10392,10392,ASSOCIAZIONE SPORTIVA VERDERIO,Calcio (a 11),Calcio
coni:10392,10392,ASSOCIAZIONE SPORTIVA VERDERIO,Calcio (a 7),Calcio
coni:103922,103922,A.S.D. GESTIONE SOCIALE GRANAROLO,Calcio (a 11),Calcio
coni:103922,103922,A.S.D. GESTIONE SOCIALE GRANAROLO,Calcio (a 7),Calcio
coni:104,104,A.S.D. NARNESE CALCIO,Calcio (a 11),Calcio
coni:1040,1040,UNIONE SPORTIVA PIAVE,Calcio (a 11),Calcio
coni:1040,1040,UNIONE SPORTIVA PIAVE,Calcio Balilla,Calcio
coni:1040,1040,UNIONE SPORTIVA PIAVE,Calcio (a 8),Calcio
coni:1040,1040,UNIONE SPORTIVA PIAVE,Beach Soccer,Calcio
coni:1040,1040,UNIONE SPORTIVA PIAVE,Futsal (calcio da sala - calcio a 5),Futsal
coni:1040,1040,UNIONE SPORTIVA PIAVE,Calcio (a 7),Calcio
coni:104008,104008,A.C. LEZZENO A.S.D.,Calcio (a 11),Calcio
coni:104061,104061,ASSOCIAZIONE SPORTIVA DILETTANTISTICA ATLETIK MIGNANO,Calcio (a 11),Calcio
coni:104061,104061,ASSOCIAZIONE SPORTIVA DILETTANTISTICA ATLETIK MIGNANO,Futsal (calcio da sala - calcio a 5),Futsal
coni:104061,104061,ASSOCIAZIONE SPORTIVA DILETTANTISTICA ATLETIK MIGNANO,Calcio (a 7),Calcio
coni:104168,104168,A.S.D. LADY MONDRAGONE,Futsal (calcio da sala - calcio a 5),Futsal
coni:104226,104226,ASSOCIAZIONE SPORTIVA DILETTANTISTICA MAROLA,Calcio (a 11),Calcio
coni:104226,104226,ASSOCIAZIONE SPORTIVA DILETTANTISTICA MAROLA,Futsal (calcio da sala - calcio a 5),Futsal
coni:104226,104226,ASSOCIAZIONE SPORTIVA DILETTANTISTICA MAROLA,Calcio (a 7),Calcio
coni:104226,104226,ASSOCIAZIONE SPORTIVA DILETTANTISTICA MAROLA,Pallacanestro,Basket
coni:104226,104226,ASSOCIAZIONE SPORTIVA DILETTANTISTICA MAROLA,Pallavolo,Volley
coni:10423,10423,ASSOCIAZIONE CALCIO SOMMARIVESE ASS.SPORT.DILETTANTISTICA,Calcio (a 11),Calcio
coni:104243,104243,CACCIATORI DELLE ALPI E CAVALLASCA - ASSOCIAZIONE SPORTIVA DILETT ANTISTICA ANCHE IN FORMA ABBREVIATA CDA-CAVALLASCA A.S.D.,Calcio (a 11),Calcio
coni:104243,104243,CACCIATORI DELLE ALPI E CAVALLASCA - ASSOCIAZIONE SPORTIVA DILETT ANTISTICA ANCHE IN FORMA ABBREVIATA CDA-CAVALLASCA A.S.D.,Pallavolo,Volley
coni:10426,10426,INTREPIDA 1938 SOCIETA' SPORTIVA DILETTANTISTICA A RESPONSABILITA ' LIMITATA,Calcio (a 11),Calcio
coni:10426,10426,INTREPIDA 1938 SOCIETA' SPORTIVA DILETTANTISTICA A RESPONSABILITA ' LIMITATA,Pallavolo,Volley
coni:104268,104268,FCD NEW EAGLES 2010,Calcio (a 11),Calcio
coni:104268,104268,FCD NEW EAGLES 2010,Calcio (a 8),Calcio
coni:104268,104268,FCD NEW EAGLES 2010,Futsal (calcio da sala - calcio a 5),Futsal
coni:104268,104268,FCD NEW EAGLES 2010,Calcio (a 7),Calcio
coni:10428,10428,APRILIA C.S.P. A.S.D.,Calcio (a 11),Calcio
coni:10434,10434,A.S.D. FONTANELICE ASSOCIAZIONE SPORTIVA DILETTANT,Calcio (a 11),Calcio
coni:104357,104357,ASSOCIAZIONE SPORTIVA DILETTANTISTICA ASD NEBROS,Calcio (a 11),Calcio
coni:104391,104391,SPORT CLUB DILETTANTISTICO LIGORNA 1922,Calcio (a 11),Calcio
coni:104393,104393,ASSOCIAZIONE SPORTIVA DILETTANTISTICA TUSA,Calcio (a 11),Calcio
coni:104415,104415,MOVIMENTO GIOVANILE CENTALLO ASSOCIAZIONE SPORTIVA DILETTANTISTICA,Calcio (a 11),Calcio
coni:104415,104415,MOVIMENTO GIOVANILE CENTALLO ASSOCIAZIONE SPORTIVA DILETTANTISTICA,Futsal (calcio da sala - calcio a 5),Futsal
coni:104415,104415,MOVIMENTO GIOVANILE CENTALLO ASSOCIAZIONE SPORTIVA DILETTANTISTICA,Calcio (a 7),Calcio
coni:104418,104418,A.S.D. FUTSAL SAVIGLIANO,Calcio (a 11),Calcio
coni:104418,104418,A.S.D. FUTSAL SAVIGLIANO,Futsal (calcio da sala - calcio a 5),Futsal
coni:10442,10442,ASD PGS CONCORDIA - ASSOCIAZIONE SPORTIVA DILETTANTISTICA POLISPORTIVA GIOVANILE SALESIANA,Calcio (a 11),Calcio
coni:10442,10442,ASD PGS CONCORDIA - ASSOCIAZIONE SPORTIVA DILETTANTISTICA POLISPORTIVA GIOVANILE SALESIANA,Calcio (a 7),Calcio
coni:10448,10448,SAN BARTOLOMEO IN BOSCO ASD,Calcio (a 11),Calcio
coni:104482,104482,A.S.D. USD TORTORICI,Calcio (a 11),Calcio
coni:104586,104586,"ASSOCIAZIONE SPORTIVA DILETTANTISTICA ""CENTRO SOCIALE CARDINALE GIUSEPPE SIRI"" DI PROMOZIONE SOCIALE",Calcio (a 11),Calcio
coni:104594,104594,ASSOCIAZ.SPORTIVA DILETTANTISTICA 7 MULINI FIMON,Calcio (a 11),Calcio
coni:104640,104640,G.S.D. SESTRESE BOR. 1919,Calcio (a 11),Calcio
coni:10478,10478,MARZABOTTO 2000 ASSOCIAZ. SPORTIVA DILETTANTISTICA,Calcio (a 11),Calcio
coni:10478,10478,MARZABOTTO 2000 ASSOCIAZ. SPORTIVA DILETTANTISTICA,Pallavolo,Volley
coni:104941,104941,POLISPORTIVA SANT'AGATA A.S.D.,Calcio (a 11),Calcio
coni:104941,104941,POLISPORTIVA SANT'AGATA A.S.D.,Pallavolo,Volley
coni:10497,10497,A.S.D. C.S. VITIANO,Calcio (a 11),Calcio
coni:10497,10497,A.S.D. C.S. VITIANO,Futsal (calcio da sala - calcio a 5),Futsal
coni:105025,105025,ASSOCIAZIONE SPORTIVA DILETTANTISTICA OGLIARESE 1974,Calcio (a 11),Calcio
coni:105052,105052,SCUOLA CALCIO ALBA CAVESE ASSOCIAZIONE SPORTIVA DILETTANTISTICA,Calcio (a 11),Calcio
coni:105060,105060,ASSOCIAZIONE SPORTIVA DILETTANTISTICA GRUMOLO,Calcio (a 11),Calcio
coni:105060,105060,ASSOCIAZIONE SPORTIVA DILETTANTISTICA GRUMOLO,Pallavolo,Volley
coni:105071,105071,ASSOCIAZIONE SPORTIVA DILETTANTISTICA A.S. NEREO ROCCO,Calcio (a 11),Calcio
coni:105071,105071,ASSOCIAZIONE SPORTIVA DILETTANTISTICA A.S. NEREO ROCCO,Calcio (a 8),Calcio
coni:105071,105071,ASSOCIAZIONE SPORTIVA DILETTANTISTICA A.S. NEREO ROCCO,Futsal (calcio da sala - calcio a 5),Futsal
coni:105071,105071,ASSOCIAZIONE SPORTIVA DILETTANTISTICA A.S. NEREO ROCCO,Calcio (a 7),Calcio
coni:10508,10508,A.S.D. COMETAZZURRA,Calcio (a 11),Calcio
coni:1051,1051,ASSOC.SPORT.DIL.CALCIO CAVALLINO,Calcio (a 11),Calcio
coni:105171,105171,A. S. PRO CALCIO NAPOLI,Calcio (a 11),Calcio
coni:105171,105171,A. S. PRO CALCIO NAPOLI,Calcio (a 8),Calcio
coni:105171,105171,A. S. PRO CALCIO NAPOLI,Calcio (a 7),Calcio
coni:105179,105179,ASSOCIAZIONE SPORTIVA DILETTANTISTICA AQUILOTTI CAVESI,Calcio (a 11),Calcio
coni:10519,10519,A.S.D. ROCCACASALE,Calcio (a 11),Calcio
coni:105199,105199,ASSOCIAZIONE SPORTIVA DILETTANTISTICA POLISPORTIVA LOCUBIA,Calcio (a 11),Calcio
coni:105199,105199,ASSOCIAZIONE SPORTIVA DILETTANTISTICA POLISPORTIVA LOCUBIA,Futsal (calcio da sala - calcio a 5),Futsal
coni:105199,105199,ASSOCIAZIONE SPORTIVA DILETTANTISTICA POLISPORTIVA LOCUBIA,Calcio (a 7),Calcio
coni:105241,105241,FS.SESTRESE CALCIO 1919 A.D.,Calcio (a 11),Calcio
coni:10527,10527,ASSOCIAZIONE CALCISTICA DILETTANTISTICA PRO DRONERO,Calcio (a 11),Calcio
coni:1053,1053,ASSOCIAZIONE SPORTIVA DILETTANTISTICA POLISPORTIVA BOTTEGA,Calcio (a 11),Calcio
coni:105308,105308,COMETA ASD,Futsal (calcio da sala - calcio a 5),Futsal
coni:105348,105348,A.C. BAGNOLESE ASD,Calcio (a 11),Calcio
coni:105349,105349,ASSOCIAZIONE SPORTIVA DILETTANTISTICA CENTRO POLISPORTIVO SANT'EUSEBIO,Calcio (a 11),Calcio
coni:105349,105349,ASSOCIAZIONE SPORTIVA DILETTANTISTICA CENTRO POLISPORTIVO SANT'EUSEBIO,Futsal (calcio da sala - calcio a 5),Futsal
coni:105349,105349,ASSOCIAZIONE SPORTIVA DILETTANTISTICA CENTRO POLISPORTIVO SANT'EUSEBIO,Calcio (a 7),Calcio
coni:10537,10537,ASSOCIAZIONE POLISPORTIVA DILETTANTISTICA FUTURA,Calcio (a 11),Calcio
coni:10537,10537,ASSOCIAZIONE POLISPORTIVA DILETTANTISTICA FUTURA,Futsal (calcio da sala - calcio a 5),Futsal
coni:105404,105404,ASSOCIAZIONE SPORTIVA DILETTANTISTICA POLISPORTIVA SPORT VILLAGE,Calcio (a 11),Calcio
coni:105404,105404,ASSOCIAZIONE SPORTIVA DILETTANTISTICA POLISPORTIVA SPORT VILLAGE,Calcio (a 8),Calcio
coni:105404,105404,ASSOCIAZIONE SPORTIVA DILETTANTISTICA POLISPORTIVA SPORT VILLAGE,Calcio (a 7),Calcio
coni:10557,10557,U.S.D. CANNOBIESE 1906,Calcio (a 11),Calcio
coni:10575,10575,S.S.D. CALCIO TUSCIA SRL,Calcio (a 11),Calcio
coni:105896,105896,NEW SPORTING CENTER ASSOCIAZIONE SPORTIVA DILETTANTISTICA,Futsal (calcio da sala - calcio a 5),Futsal
coni:105896,105896,NEW SPORTING CENTER ASSOCIAZIONE SPORTIVA DILETTANTISTICA,Calcio (a 11),Calcio
coni:105977,105977,SCUOLA CALCIO CAMPANILE ASSOCIAZIONE SPORTIVA DILETTANTISTICA,Calcio (a 11),Calcio
coni:105977,105977,SCUOLA CALCIO CAMPANILE ASSOCIAZIONE SPORTIVA DILETTANTISTICA,Calcio (a 8),Calcio
coni:105977,105977,SCUOLA CALCIO CAMPANILE ASSOCIAZIONE SPORTIVA DILETTANTISTICA,Calcio (a 7),Calcio
coni:105982,105982,C.F.F.S.D. CITTA' DI COGOLETO A.S.D.,Calcio (a 11),Calcio
coni:105982,105982,C.F.F.S.D. CITTA' DI COGOLETO A.S.D.,Calcio (a 7),Calcio
coni:105988,105988,"ASSOCIZIONE SPORTIVA DILETT.GIFFONI ""S.ANSELMO""",Calcio (a 11),Calcio
coni:106067,106067,A.S.D. ACADEMY LUISAGO GRANDATE,Calcio (a 11),Calcio
coni:106067,106067,A.S.D. ACADEMY LUISAGO GRANDATE,Calcio (a 7),Calcio
coni:106087,106087,A.S.D. LEOPARDI CALCIO,Calcio (a 11),Calcio
coni:106088,106088,CASSINA RIZZARDI 1977 A.S.D.,Calcio (a 11),Calcio
coni:106088,106088,CASSINA RIZZARDI 1977 A.S.D.,Calcio (a 7),Calcio
coni:106299,106299,ASSOCIAZIONE SPORTIVA DILETTANTISTICA PICCOLO STADIO RED LIONS,Calcio (a 11),Calcio
coni:106299,106299,ASSOCIAZIONE SPORTIVA DILETTANTISTICA PICCOLO STADIO RED LIONS,Calcio (a 8),Calcio
coni:106299,106299,ASSOCIAZIONE SPORTIVA DILETTANTISTICA PICCOLO STADIO RED LIONS,Beach Soccer,Calcio
coni:106299,106299,ASSOCIAZIONE SPORTIVA DILETTANTISTICA PICCOLO STADIO RED LIONS,Futsal (calcio da sala - calcio a 5),Futsal
coni:106299,106299,ASSOCIAZIONE SPORTIVA DILETTANTISTICA PICCOLO STADIO RED LIONS,Calcio (a 7),Calcio
coni:10636,10636,A.S.D. POLISPORTIVA SPORTING PIANELLA,Calcio (a 11),Calcio
coni:10636,10636,A.S.D. POLISPORTIVA SPORTING PIANELLA,Pallacanestro,Basket
coni:10636,10636,A.S.D. POLISPORTIVA SPORTING PIANELLA,Pallacanestro 3 contro 3,Basket
coni:106412,106412,LEONICENA CALCIO A 5 - ASD,Futsal (calcio da sala - calcio a 5),Futsal
coni:106427,106427,POLISPORTIVA COLVERDE ASSOCIAZIONE SPORTIVA DILETTANTISTICA,Calcio (a 11),Calcio
coni:106427,106427,POLISPORTIVA COLVERDE ASSOCIAZIONE SPORTIVA DILETTANTISTICA,Pallavolo,Volley
coni:106481,106481,"""REAL GAETANO SCIREA"" ASSOCIAZIONE SPORTIVA DILETTANTISTICA",Calcio (a 11),Calcio
coni:106494,106494,ASSOC.SPORTIVA DILETTANTISTICA SPORT CLUB DONGO,Calcio (a 11),Calcio
coni:106494,106494,ASSOC.SPORTIVA DILETTANTISTICA SPORT CLUB DONGO,Pallavolo,Volley
coni:10654,10654,UNIONE CALCIO MONTECCHIO MAGGI ORE ASD,Calcio (a 11),Calcio
coni:106597,106597,A.S.D. BOYS PIANURESE 2005,Calcio (a 11),Calcio
coni:106599,106599,ASSOCIAZIONE SPORTIVA DILETTAN TISTICA SPORTING ARECHI,Futsal (calcio da sala - calcio a 5),Futsal
coni:106599,106599,ASSOCIAZIONE SPORTIVA DILETTAN TISTICA SPORTING ARECHI,Calcio (a 11),Calcio
coni:106599,106599,ASSOCIAZIONE SPORTIVA DILETTAN TISTICA SPORTING ARECHI,Calcio (a 8),Calcio
coni:106599,106599,ASSOCIAZIONE SPORTIVA DILETTAN TISTICA SPORTING ARECHI,Calcio (a 7),Calcio
coni:106599,106599,ASSOCIAZIONE SPORTIVA DILETTAN TISTICA SPORTING ARECHI,Pallavolo,Volley
coni:106600,106600,OLIMPIA CALCIO CADORAGO,Calcio (a 11),Calcio
coni:106605,106605,QUARTO AFROGRAD COOP SPORTIVA DILETTANTISTICA SOCIALE,Calcio (a 11),Calcio
coni:106614,106614,ASSOCIAZIONE SPORTIVA DILETTANTISTICA TORRE DE' ROVERI CALCIO,Calcio (a 11),Calcio
coni:10668,10668,POLISPORTIVA OSIO SOPRA ASSOCIAZIONE SPORTIVA DILETTANTISTICA,Calcio (a 11),Calcio
coni:10668,10668,POLISPORTIVA OSIO SOPRA ASSOCIAZIONE SPORTIVA DILETTANTISTICA,Pallavolo,Volley
coni:106699,106699,ASSOCIAZIONE DILETTANTISTICA GIOVANILE ?ALFONSO DI GIORGIO?,Calcio (a 11),Calcio
coni:1067,1067,GRUPPO SPORTIVO DILETTANTISTICO GIOVECCA,Calcio (a 11),Calcio
coni:106776,106776,KODOKAN SPORT NAPOLI S.S.D. A R.L.,Pallacanestro,Basket
coni:106776,106776,KODOKAN SPORT NAPOLI S.S.D. A R.L.,Pallavolo,Volley
coni:106776,106776,KODOKAN SPORT NAPOLI S.S.D. A R.L.,Calcio (a 11),Calcio
coni:106776,106776,KODOKAN SPORT NAPOLI S.S.D. A R.L.,Calcio (a 8),Calcio
coni:106776,106776,KODOKAN SPORT NAPOLI S.S.D. A R.L.,Futsal (calcio da sala - calcio a 5),Futsal
coni:106776,106776,KODOKAN SPORT NAPOLI S.S.D. A R.L.,Calcio (a 7),Calcio
coni:106789,106789,A.S.D. SANSEVERINESE,Calcio (a 11),Calcio
coni:106945,106945,A.S.D. OASI SCUOLA CALCIO,Calcio (a 11),Calcio
coni:106951,106951,JOGA PEPITO ASSOCIAZIONE SPORTIVA DILETTANTISTICA,Calcio (a 11),Calcio
coni:107012,107012,A.S.D CASTELVERNIERI,Calcio (a 11),Calcio
coni:107017,107017,ASSOCIAZIONE SPORTIVA DILETTANTISTICA ALMA VERDE,Calcio (a 11),Calcio
coni:107017,107017,ASSOCIAZIONE SPORTIVA DILETTANTISTICA ALMA VERDE,Calcio (a 8),Calcio
coni:107017,107017,ASSOCIAZIONE SPORTIVA DILETTANTISTICA ALMA VERDE,Calcio (a 7),Calcio
coni:107043,107043,ASSOCIAZIONE SPORTIVA DILETTANTISTICA MILLENIUM,Calcio (a 11),Calcio
coni:107049,107049,ASSOCIAZIONE SPORTIVA DILETTANTISTICA COSCIA FOOTBALL ACADEMY,Calcio (a 11),Calcio
coni:107049,107049,ASSOCIAZIONE SPORTIVA DILETTANTISTICA COSCIA FOOTBALL ACADEMY,Calcio (a 8),Calcio
coni:107049,107049,ASSOCIAZIONE SPORTIVA DILETTANTISTICA COSCIA FOOTBALL ACADEMY,Calcio (a 7),Calcio
coni:107064,107064,A.S.D. SCUOLA CALCIO EDEN SOCCER,Calcio (a 11),Calcio
coni:10711,10711,U.S. SAN MARCO BORGO MILANO A.S.D.,Calcio (a 11),Calcio
coni:10711,10711,U.S. SAN MARCO BORGO MILANO A.S.D.,Calcio (a 8),Calcio
coni:10711,10711,U.S. SAN MARCO BORGO MILANO A.S.D.,Beach Soccer,Calcio
coni:10711,10711,U.S. SAN MARCO BORGO MILANO A.S.D.,Calcio (a 7),Calcio
coni:107120,107120,A.S.D. REAL SAN FERDINANDO,Calcio (a 11),Calcio
coni:107158,107158,A.S.D. NUOVA POLISPORTIVA ORIO,Calcio (a 11),Calcio
coni:107158,107158,A.S.D. NUOVA POLISPORTIVA ORIO,Calcio (a 7),Calcio
coni:107158,107158,A.S.D. NUOVA POLISPORTIVA ORIO,Pallavolo,Volley
coni:107162,107162,GENOVA POLISOCCER SCHOOL ASD,Calcio (a 11),Calcio
coni:107172,107172,ASSOCIAZIONE SPORTIVA DILETTANTISTICA BARONISSI CALCIO 2010,Calcio (a 11),Calcio
coni:107172,107172,ASSOCIAZIONE SPORTIVA DILETTANTISTICA BARONISSI CALCIO 2010,Calcio (a 7),Calcio
coni:107175,107175,SPORTING S.ANTIMO ASSOCIAZIONE SPORTIVA DILETTANTISTICA,Calcio (a 11),Calcio
coni:107253,107253,ASD PONTECIMO CALCIO,Calcio (a 11),Calcio
coni:107253,107253,ASD PONTECIMO CALCIO,Futsal (calcio da sala - calcio a 5),Futsal
coni:107265,107265,ASSOCIAZIONE SPORTIVA DILETTANTISTICA BARONCINO,Calcio (a 11),Calcio
coni:107265,107265,ASSOCIAZIONE SPORTIVA DILETTANTISTICA BARONCINO,Futsal (calcio da sala - calcio a 5),Futsal
coni:107265,107265,ASSOCIAZIONE SPORTIVA DILETTANTISTICA BARONCINO,Calcio (a 8),Calcio
coni:107265,107265,ASSOCIAZIONE SPORTIVA DILETTANTISTICA BARONCINO,Calcio (a 7),Calcio
coni:107280,107280,ASD SALERNITANA FEMMINILE,Futsal (calcio da sala - calcio a 5),Futsal
coni:10729,10729,A.S.D POLISPORTIVA DI NOVA,Calcio (a 11),Calcio
coni:10729,10729,A.S.D POLISPORTIVA DI NOVA,Pallavolo,Volley
coni:107400,107400,ASSOCIAZIONE SPORTIVA DILETTANTISTICA A.C. STELLA SPORTING,Calcio (a 11),Calcio
coni:107413,107413,ASSOCIAZIONE SPORTIVA DILETTANTISTICA SIANESE,Calcio (a 11),Calcio
coni:107455,107455,A.S.D. PROSALERNO CALCIO,Calcio (a 11),Calcio
coni:107455,107455,A.S.D. PROSALERNO CALCIO,Calcio (a 8),Calcio
coni:107455,107455,A.S.D. PROSALERNO CALCIO,Futsal (calcio da sala - calcio a 5),Futsal
coni:107455,107455,A.S.D. PROSALERNO CALCIO,Calcio (a 7),Calcio
coni:10753,10753,A.S.D.POLISPORTIVA BORGO SAN PANCRAZIO,Calcio (a 11),Calcio
coni:107545,107545,ASD CITTA' DI ALZANO 1921,Calcio (a 11),Calcio
coni:107545,107545,ASD CITTA' DI ALZANO 1921,Futsal (calcio da sala - calcio a 5),Futsal
coni:107545,107545,ASD CITTA' DI ALZANO 1921,Calcio (a 7),Calcio
coni:107621,107621,A.S.D. BEGATO CALCIO 2013,Calcio (a 11),Calcio
coni:107624,107624,LUCA FUSCO SOCCER ACADEMY ASD,Calcio (a 11),Calcio
coni:107630,107630,ASSOCIAZIONE SPORTIVA DILETTANTISTICA RAFFAELE SERGIO ACADEMY,Calcio (a 11),Calcio
coni:107693,107693,ATHLETIC CLUB ALBARO SSDRL,Calcio (a 11),Calcio
coni:107695,107695,A.S.D. VIRTUS SAN GIORGIO,Calcio (a 11),Calcio
coni:10776,10776,A.S.D. SAN SILVESTRO,Calcio (a 11),Calcio
coni:107762,107762,A.S.D. NAPOLI FUTSAL,Futsal (calcio da sala - calcio a 5),Futsal
coni:10777,10777,ASD AUDACE OSNAGO,Calcio (a 11),Calcio
coni:1078,1078,PEDEZZI 1950 A.S.D.,Calcio (a 11),Calcio
coni:107806,107806,A.S.D. VIS JUVENES FRATT. DAMIANO,Calcio (a 11),Calcio
coni:10781,10781,BULDOG T.N.T. LUCREZIA A.S.D.,Futsal (calcio da sala - calcio a 5),Futsal
coni:107839,107839,A.S.D. QUARTIERI ORIENTALI,Calcio (a 11),Calcio
coni:10790,10790,UNIONE SPORTIVA DILETTANTISTICA PONTE PATTOLI,Calcio (a 11),Calcio
coni:107956,107956,A.S.D. DIVERTIME SPORT,Calcio (a 7),Calcio
coni:10803,10803,ASSOCIAZIONE SPORTIVA DILETTANTI CITTA' DI OSTRA,Futsal (calcio da sala - calcio a 5),Futsal
coni:10808,10808,SCUOLA CALCIO MUSIELLO SALUZZO '90 ASS. SPORT.DILETT,Calcio (a 11),Calcio
coni:108084,108084,CAMPO LIGURE IL BORGO A.S.D,Calcio (a 11),Calcio
coni:108084,108084,CAMPO LIGURE IL BORGO A.S.D,Futsal (calcio da sala - calcio a 5),Futsal
coni:108127,108127,A.S.D.VITALREAL MARIANELLA,Calcio (a 11),Calcio
coni:108172,108172,ASSOCIAZIONE SPORTIVA DILETTANTISTICA NAUSICA,Calcio (a 11),Calcio
coni:108214,108214,"""NAPOLI CAMPANIA TGD"" ASSOCIAZIONE SPORTIVA DILETTANTISTICA",Calcio (a 11),Calcio
coni:108214,108214,"""NAPOLI CAMPANIA TGD"" ASSOCIAZIONE SPORTIVA DILETTANTISTICA",Calcio (a 8),Calcio
coni:108214,108214,"""NAPOLI CAMPANIA TGD"" ASSOCIAZIONE SPORTIVA DILETTANTISTICA",Calcio (a 7),Calcio
coni:108296,108296,ASSOCIAZIONE SPORTIVA DILETTANTISTICA CALCIO FEMMINILE SUPERBA,Calcio (a 11),Calcio
coni:108296,108296,ASSOCIAZIONE SPORTIVA DILETTANTISTICA CALCIO FEMMINILE SUPERBA,Calcio (a 7),Calcio
coni:10832,10832,ASS.SPORTIVA DIL.CALCIO FEMMINILE VITTORIO VENETO,Calcio (a 11),Calcio
coni:10836,10836,COLOGNOLA AI COLLI A.S.D.,Calcio (a 11),Calcio
coni:10839,10839,A.S.D. RED BOYS,Calcio (a 11),Calcio
coni:1084,1084,POLISPORTIVA LIBERTAS ANTIGNANO,Futsal (calcio da sala - calcio a 5),Futsal
coni:108404,108404,ASD POLISPORTIVA GIUGLIANO,Futsal (calcio da sala - calcio a 5),Futsal
coni:108404,108404,ASD POLISPORTIVA GIUGLIANO,Pallacanestro,Basket
coni:108404,108404,ASD POLISPORTIVA GIUGLIANO,Pallavolo,Volley
coni:108549,108549,A.S.D. LA CANTERA VESUVIANA,Calcio (a 11),Calcio
coni:108549,108549,A.S.D. LA CANTERA VESUVIANA,Calcio (a 8),Calcio
coni:108549,108549,A.S.D. LA CANTERA VESUVIANA,Futsal (calcio da sala - calcio a 5),Futsal
coni:108549,108549,A.S.D. LA CANTERA VESUVIANA,Calcio (a 7),Calcio
coni:108706,108706,ASSOCIAZIONE SPORTIVA DILETTANTISTICA ACCADEMIA CALCIO,Calcio (a 11),Calcio
coni:108711,108711,A.S.D. CALCIO SAN PAOLO D'ARGON,Calcio (a 11),Calcio
coni:108720,108720,A.S.D. BAGNATICA CALCIO 2015,Calcio (a 11),Calcio
coni:108771,108771,A.S.D. NOVA MONTELLO,Calcio (a 11),Calcio
coni:108771,108771,A.S.D. NOVA MONTELLO,Pallavolo,Volley
coni:108785,108785,ASSOCIAZIONE SPORTIVA DILETTANTISTICA VARCATURO,Calcio (a 11),Calcio
coni:108785,108785,ASSOCIAZIONE SPORTIVA DILETTANTISTICA VARCATURO,Calcio (a 8),Calcio
coni:108785,108785,ASSOCIAZIONE SPORTIVA DILETTANTISTICA VARCATURO,Futsal (calcio da sala - calcio a 5),Futsal
coni:108785,108785,ASSOCIAZIONE SPORTIVA DILETTANTISTICA VARCATURO,Calcio (a 7),Calcio
coni:10887,10887,ASD SERAVEZZA POZZI CALCIO,Calcio (a 11),Calcio
coni:10887,10887,ASD SERAVEZZA POZZI CALCIO,Futsal (calcio da sala - calcio a 5),Futsal
coni:108893,108893,REAL NORMANNA ASD,Calcio (a 11),Calcio
coni:108966,108966,ASD RANICA CALCIO,Calcio (a 11),Calcio
coni:109070,109070,PARAISO FOOTBALL CLUB ASSOCIAZ IONE SPORTIVA DILETTANTISTICA,Calcio (a 11),Calcio
coni:1091,1091,A.S.D. CANOTTIERI BELLUNO C/5,Futsal (calcio da sala - calcio a 5),Futsal
coni:1091,1091,A.S.D. CANOTTIERI BELLUNO C/5,Calcio (a 11),Calcio
coni:1091,1091,A.S.D. CANOTTIERI BELLUNO C/5,Calcio (a 8),Calcio
coni:1091,1091,A.S.D. CANOTTIERI BELLUNO C/5,Calcio (a 7),Calcio
coni:109214,109214,ASSOCIAZIONE SPORTIVA DILETTANTISTICA DI ROBERTO,Calcio (a 11),Calcio
coni:109214,109214,ASSOCIAZIONE SPORTIVA DILETTANTISTICA DI ROBERTO,Calcio (a 8),Calcio
coni:109214,109214,ASSOCIAZIONE SPORTIVA DILETTANTISTICA DI ROBERTO,Calcio (a 7),Calcio
coni:10923,10923,A.S.D. CORTEMILIA CALCIO,Calcio (a 11),Calcio
coni:10923,10923,A.S.D. CORTEMILIA CALCIO,Futsal (calcio da sala - calcio a 5),Futsal
coni:10923,10923,A.S.D. CORTEMILIA CALCIO,Calcio (a 7),Calcio
coni:109271,109271,ASSOCIAZIONE SPORTIVA DILETTANTISTIC REAL FELACO APS,Calcio (a 11),Calcio
coni:109271,109271,ASSOCIAZIONE SPORTIVA DILETTANTISTIC REAL FELACO APS,Calcio (a 7),Calcio
coni:109275,109275,SOCIETA' SPORTIVA DILETTANTISTICA A RESPONSABILITA' LIMITATA SAVO IA 1908 FOOTBALL CLUB,Calcio (a 11),Calcio
coni:109275,109275,SOCIETA' SPORTIVA DILETTANTISTICA A RESPONSABILITA' LIMITATA SAVO IA 1908 FOOTBALL CLUB,Calcio (a 8),Calcio
coni:109275,109275,SOCIETA' SPORTIVA DILETTANTISTICA A RESPONSABILITA' LIMITATA SAVO IA 1908 FOOTBALL CLUB,Calcio (a 7),Calcio
coni:109288,109288,ASD RANGERS QUALIANO 1998,Calcio (a 11),Calcio
coni:109288,109288,ASD RANGERS QUALIANO 1998,Calcio (a 8),Calcio
coni:109288,109288,ASD RANGERS QUALIANO 1998,Futsal (calcio da sala - calcio a 5),Futsal
coni:109288,109288,ASD RANGERS QUALIANO 1998,Calcio (a 7),Calcio
coni:109320,109320,A.S.D. PHOENIX,Calcio (a 11),Calcio
coni:109367,109367,A.S.D. POLISPORTIVA PASTA,Futsal (calcio da sala - calcio a 5),Futsal
coni:109367,109367,A.S.D. POLISPORTIVA PASTA,Pallacanestro,Basket
coni:109367,109367,A.S.D. POLISPORTIVA PASTA,Calcio (a 11),Calcio
coni:109367,109367,A.S.D. POLISPORTIVA PASTA,Calcio (a 7),Calcio
coni:109401,109401,ASD DON BOSCO RIVOLI,Calcio (a 11),Calcio
coni:109401,109401,ASD DON BOSCO RIVOLI,Pallacanestro,Basket
coni:109401,109401,ASD DON BOSCO RIVOLI,Futsal (calcio da sala - calcio a 5),Futsal
coni:109401,109401,ASD DON BOSCO RIVOLI,Pallavolo,Volley
coni:109611,109611,ABSOLUTE SPORTING ORBASSANO SOCIETA' SPORTIVA DILETTIANTISTICA ARL,Futsal (calcio da sala - calcio a 5),Futsal
coni:109611,109611,ABSOLUTE SPORTING ORBASSANO SOCIETA' SPORTIVA DILETTIANTISTICA ARL,Calcio (a 11),Calcio
coni:10969,10969,ASD ACADEMY TAU,Calcio (a 11),Calcio
coni:10969,10969,ASD ACADEMY TAU,Calcio (a 8),Calcio
coni:10969,10969,ASD ACADEMY TAU,Futsal (calcio da sala - calcio a 5),Futsal
coni:10969,10969,ASD ACADEMY TAU,Calcio (a 7),Calcio
coni:10977,10977,ASSOCIAZIONE SPORTIVA DILETTANTISTICA UNIONE CALCIO 3 STELLE,Calcio (a 11),Calcio
coni:10981,10981,A.S.D ATLETICO AZZURRA COLLI,Calcio (a 11),Calcio
coni:10983,10983,FC BASSANO SOCIETA' SPORTIVA DILETTANTISTICA A R.L.,Calcio (a 11),Calcio
coni:10987,10987,AQUILA F.C. A.S.D.,Calcio (a 11),Calcio
coni:10987,10987,AQUILA F.C. A.S.D.,Calcio (a 8),Calcio
coni:10987,10987,AQUILA F.C. A.S.D.,Calcio (a 7),Calcio
coni:110007,110007,C.R.C.S.D. PAGANELLA,Calcio (a 11),Calcio
coni:110007,110007,C.R.C.S.D. PAGANELLA,Pallacanestro,Basket
coni:110017,110017,UNIONE SPORTIVA DILETTANTISTICA QUARGNENTO,Calcio (a 11),Calcio
coni:110028,110028,ASSOCIAZIONE POLISPORTIVA DILETTANTISTICA G. S. BOLGHERA,Calcio (a 11),Calcio
coni:110028,110028,ASSOCIAZIONE POLISPORTIVA DILETTANTISTICA G. S. BOLGHERA,Futsal (calcio da sala - calcio a 5),Futsal
coni:110048,110048,ASSOCIAZIONE SPORTIVA DILETTANTISTICA POLPENAZZE,Futsal (calcio da sala - calcio a 5),Futsal
coni:110065,110065,ASD PUTEOLANA 1909,Calcio (a 11),Calcio
coni:110065,110065,ASD PUTEOLANA 1909,Calcio (a 8),Calcio
coni:110065,110065,ASD PUTEOLANA 1909,Calcio (a 7),Calcio
coni:110090,110090,U.S.D. AZZURRA SAN BARTOLOMEO,Calcio (a 11),Calcio
coni:110109,110109,ASD DESPORT GAGGI,Calcio (a 11),Calcio
coni:110109,110109,ASD DESPORT GAGGI,Calcio (a 8),Calcio
coni:110109,110109,ASD DESPORT GAGGI,Futsal (calcio da sala - calcio a 5),Futsal
coni:110109,110109,ASD DESPORT GAGGI,Calcio (a 7),Calcio
coni:110114,110114,G.S. SOLTERI SAN GIORGIO A.S.D.,Calcio (a 11),Calcio
coni:11013,11013,ASSOCIAZIONE SPORTIVA DILETTANTISTICA ARONA CALCIO,Calcio (a 11),Calcio
coni:11015,11015,ADGS BASSA PARMENSE CALCIO,Calcio (a 11),Calcio
coni:11015,11015,ADGS BASSA PARMENSE CALCIO,Futsal (calcio da sala - calcio a 5),Futsal
coni:11015,11015,ADGS BASSA PARMENSE CALCIO,Calcio (a 7),Calcio
coni:11018,11018,PICENO UNITED MMX SOCIETA' SPORTIVA DILETTANTISTICA A R.L.,Calcio (a 11),Calcio
coni:11018,11018,PICENO UNITED MMX SOCIETA' SPORTIVA DILETTANTISTICA A R.L.,Futsal (calcio da sala - calcio a 5),Futsal
coni:11018,11018,PICENO UNITED MMX SOCIETA' SPORTIVA DILETTANTISTICA A R.L.,Calcio (a 8),Calcio
coni:11018,11018,PICENO UNITED MMX SOCIETA' SPORTIVA DILETTANTISTICA A R.L.,Calcio (a 7),Calcio
coni:110182,110182,A.S.D. CITTA' DI CALATABIANO,Calcio (a 11),Calcio
coni:110182,110182,A.S.D. CITTA' DI CALATABIANO,Calcio (a 8),Calcio
coni:110182,110182,A.S.D. CITTA' DI CALATABIANO,Futsal (calcio da sala - calcio a 5),Futsal
coni:110182,110182,A.S.D. CITTA' DI CALATABIANO,Calcio (a 7),Calcio
coni:110299,110299,"ASSOCIAZIONE SPORTIVA DILETTANTISTICA ""CERDA"" GIUSEPPE MACINA",Calcio (a 11),Calcio
coni:110430,110430,ASS.SPORTIVA DILETT. G.S.FRAVEGGIO,Futsal (calcio da sala - calcio a 5),Futsal
coni:110441,110441,A.S.D. VALLEDOLMO,Calcio (a 11),Calcio
coni:110461,110461,A.S.D. REAL IONADI GIOVANI,Calcio (a 11),Calcio
coni:110466,110466,A.S.D. CEPHALEDIUM,Calcio (a 11),Calcio
coni:110467,110467,UNIONE SPORTIVA DILETTANTISTICA ATLETICO GANGI,Calcio (a 11),Calcio
coni:110467,110467,UNIONE SPORTIVA DILETTANTISTICA ATLETICO GANGI,Futsal (calcio da sala - calcio a 5),Futsal
coni:110467,110467,UNIONE SPORTIVA DILETTANTISTICA ATLETICO GANGI,Pallavolo,Volley
coni:110526,110526,ASS. SPORTIVA DILETTANTISTICA SPORT CENTER TORRACCHIO,Calcio (a 11),Calcio
coni:110526,110526,ASS. SPORTIVA DILETTANTISTICA SPORT CENTER TORRACCHIO,Calcio (a 8),Calcio
coni:110526,110526,ASS. SPORTIVA DILETTANTISTICA SPORT CENTER TORRACCHIO,Futsal (calcio da sala - calcio a 5),Futsal
coni:110526,110526,ASS. SPORTIVA DILETTANTISTICA SPORT CENTER TORRACCHIO,Calcio (a 7),Calcio
coni:110538,110538,A.S.D. SPORTING CEFALU',Calcio (a 11),Calcio
coni:11061,11061,ASSOCIAZIONE SPORTIVA DILETTANTISTICA FUTSAL PINE',Futsal (calcio da sala - calcio a 5),Futsal
coni:110661,110661,A.S.D. UNIONE SPORTIVA TRABIA,Calcio (a 11),Calcio
coni:110661,110661,A.S.D. UNIONE SPORTIVA TRABIA,Calcio (a 8),Calcio
coni:110661,110661,A.S.D. UNIONE SPORTIVA TRABIA,Futsal (calcio da sala - calcio a 5),Futsal
coni:110661,110661,A.S.D. UNIONE SPORTIVA TRABIA,Calcio (a 7),Calcio
coni:11067,11067,ASSOCIAZIONE SPORTIVA DILETTANTISTICA JOLO CALCIO,Calcio (a 11),Calcio
coni:110672,110672,A.S.D. GIOVANILE COLLESANO,Calcio (a 11),Calcio
coni:110683,110683,ASD BELSITANA,Calcio (a 11),Calcio
coni:110840,110840,ASD SAN BERNARDO,Calcio (a 11),Calcio
coni:110888,110888,A.S.D. MONTECALCIO,Calcio (a 11),Calcio
coni:110888,110888,A.S.D. MONTECALCIO,Calcio (a 8),Calcio
coni:110888,110888,A.S.D. MONTECALCIO,Calcio (a 7),Calcio
coni:11109,11109,A.C. VITA 1907,Calcio (a 11),Calcio
coni:11109,11109,A.C. VITA 1907,Futsal (calcio da sala - calcio a 5),Futsal
coni:11111,11111,A.S.D.PORTO CERVO ASSOCIAZIONE SPORTIVA DILETTANTISTICA,Calcio (a 11),Calcio
coni:11115,11115,A.S.D. COLLI SPORT VILLAGE,Calcio (a 11),Calcio
coni:11115,11115,A.S.D. COLLI SPORT VILLAGE,Futsal (calcio da sala - calcio a 5),Futsal
coni:111167,111167,ASSOCIAZIONE SPORTIVA DILETTANTISTICA CALCIO ALTA VALSABBIA,Calcio (a 11),Calcio
coni:111385,111385,A.S.D.SANT'ONOFRIO CALCIO,Calcio (a 11),Calcio
coni:111385,111385,A.S.D.SANT'ONOFRIO CALCIO,Calcio (a 8),Calcio
coni:111385,111385,A.S.D.SANT'ONOFRIO CALCIO,Calcio (a 7),Calcio
coni:111386,111386,NUOVA BULLDOG VIBO S.S.D. A RESPONSABILITA' LIMITATA,Calcio (a 11),Calcio
coni:111386,111386,NUOVA BULLDOG VIBO S.S.D. A RESPONSABILITA' LIMITATA,Futsal (calcio da sala - calcio a 5),Futsal
coni:111386,111386,NUOVA BULLDOG VIBO S.S.D. A RESPONSABILITA' LIMITATA,Calcio (a 7),Calcio
coni:111386,111386,NUOVA BULLDOG VIBO S.S.D. A RESPONSABILITA' LIMITATA,Calcio (a 8),Calcio
coni:111386,111386,NUOVA BULLDOG VIBO S.S.D. A RESPONSABILITA' LIMITATA,Pallavolo,Volley
coni:11142,11142,A.S.D. VILLAFALLETTO,Calcio (a 11),Calcio
coni:11161,11161,ASD AMBROSIANA,Calcio (a 11),Calcio
coni:111629,111629,A.S.D. GRUPPO SPORTIVO ORTI,Calcio (a 11),Calcio
coni:111629,111629,A.S.D. GRUPPO SPORTIVO ORTI,Futsal (calcio da sala - calcio a 5),Futsal
coni:111629,111629,A.S.D. GRUPPO SPORTIVO ORTI,Calcio (a 7),Calcio
coni:111649,111649,ASSOCIAZIONE SPORTIVA DILETTAN TISTICA BERNEZZO,Calcio (a 11),Calcio
coni:111649,111649,ASSOCIAZIONE SPORTIVA DILETTAN TISTICA BERNEZZO,Futsal (calcio da sala - calcio a 5),Futsal
coni:111649,111649,ASSOCIAZIONE SPORTIVA DILETTAN TISTICA BERNEZZO,Calcio (a 7),Calcio
coni:111649,111649,ASSOCIAZIONE SPORTIVA DILETTAN TISTICA BERNEZZO,Pallavolo,Volley
coni:1117,1117,U.S.D. SINISCOLA MONTALBO,Calcio (a 11),Calcio
coni:111750,111750,"UNIONE SPORTIVA 2000 ASSOCIAZIONE SPORTIVA DILETTANTISTICA (IN SIGLA ""U.S. 2000 A.S.D."")",Calcio (a 11),Calcio
coni:111750,111750,"UNIONE SPORTIVA 2000 ASSOCIAZIONE SPORTIVA DILETTANTISTICA (IN SIGLA ""U.S. 2000 A.S.D."")",Futsal (calcio da sala - calcio a 5),Futsal
coni:111750,111750,"UNIONE SPORTIVA 2000 ASSOCIAZIONE SPORTIVA DILETTANTISTICA (IN SIGLA ""U.S. 2000 A.S.D."")",Calcio (a 7),Calcio
coni:112,112,ASSOCIAZIONE SPORTIVA DILETTANTISTICA U.S. FULGOR FARRA,Calcio (a 11),Calcio
coni:112,112,ASSOCIAZIONE SPORTIVA DILETTANTISTICA U.S. FULGOR FARRA,Beach volley,Volley
coni:112,112,ASSOCIAZIONE SPORTIVA DILETTANTISTICA U.S. FULGOR FARRA,Pallavolo,Volley
coni:112,112,ASSOCIAZIONE SPORTIVA DILETTANTISTICA U.S. FULGOR FARRA,ATTIVITA' SUBACQUEE E NUOTO PINNATO Basket con le pinne (Finswimming Basket),Basket
coni:112,112,ASSOCIAZIONE SPORTIVA DILETTANTISTICA U.S. FULGOR FARRA,Pallanuoto con le pinne (Finswimming Ball),Pallanuoto
coni:112,112,ASSOCIAZIONE SPORTIVA DILETTANTISTICA U.S. FULGOR FARRA,Rugby subacqueo,Rugby
coni:112,112,ASSOCIAZIONE SPORTIVA DILETTANTISTICA U.S. FULGOR FARRA,Calcio (a 7),Calcio
coni:112,112,ASSOCIAZIONE SPORTIVA DILETTANTISTICA U.S. FULGOR FARRA,Pallacanestro,Basket
coni:1121,1121,ASSOCIAZIONE SPORTIVA DILETTANTISTICA POLISPORTIVA TORRENIERI,Calcio (a 11),Calcio
coni:1121,1121,ASSOCIAZIONE SPORTIVA DILETTANTISTICA POLISPORTIVA TORRENIERI,Calcio (a 7),Calcio
coni:11219,11219,VICENZA WOMEN'S FOOTBALL CLUB SOCIETA' SPORTIVA DILETTANTISTICA A R.L.,Calcio (a 11),Calcio
coni:112193,112193,ASSOCIAZIONE SPORTIVA DILETTANTISTICA U.S. INVICTA DUOMO,Calcio (a 11),Calcio
coni:11228,11228,A.S.D. SAN VITO BASSANO,Calcio (a 11),Calcio
coni:11239,11239,ASSOCIAZIONE SPORTIVA DILETTANTISTICA ALTOPIANO PAGANELLA,Calcio (a 11),Calcio
coni:11239,11239,ASSOCIAZIONE SPORTIVA DILETTANTISTICA ALTOPIANO PAGANELLA,Futsal (calcio da sala - calcio a 5),Futsal
coni:11240,11240,ASSOCIAZIONE SPORTIVA DILETTANTISTICA VALLESINA,Futsal (calcio da sala - calcio a 5),Futsal
coni:112412,112412,A.S.D. CASTELLETTESE CALCIO '14,Calcio (a 11),Calcio
coni:112412,112412,A.S.D. CASTELLETTESE CALCIO '14,Beach Basket,Basket
coni:112412,112412,A.S.D. CASTELLETTESE CALCIO '14,Pallavolo,Volley
coni:112445,112445,U.S.D. VIPO TRENTO,Calcio (a 11),Calcio
coni:112453,112453,A.S. DILETTANTISTICA POLISPORTIVA CENTRO GIANO,Calcio (a 11),Calcio
coni:112453,112453,A.S. DILETTANTISTICA POLISPORTIVA CENTRO GIANO,Calcio (a 8),Calcio
coni:112453,112453,A.S. DILETTANTISTICA POLISPORTIVA CENTRO GIANO,Beach Soccer,Calcio
coni:112453,112453,A.S. DILETTANTISTICA POLISPORTIVA CENTRO GIANO,Futsal (calcio da sala - calcio a 5),Futsal
coni:112453,112453,A.S. DILETTANTISTICA POLISPORTIVA CENTRO GIANO,Calcio (a 7),Calcio
coni:112467,112467,ACD MEZZOCORONA,Calcio (a 11),Calcio
coni:11247,11247,U.S.D. CASTEL CIMEGO,Calcio (a 11),Calcio
coni:11248,11248,REAL FRADEO A.S.D.,Futsal (calcio da sala - calcio a 5),Futsal
coni:112489,112489,F.C. GOSTIVAR ASSOCIAZIONE SPORTIVA DILETTANTISTICA,Futsal (calcio da sala - calcio a 5),Futsal
coni:11267,11267,A.S.D.SPORTING PEGOGNAGA 2004,Calcio (a 11),Calcio
coni:11267,11267,A.S.D.SPORTING PEGOGNAGA 2004,Futsal (calcio da sala - calcio a 5),Futsal
coni:11267,11267,A.S.D.SPORTING PEGOGNAGA 2004,Calcio (a 7),Calcio
coni:1127,1127,ASS SPORT DILETTANTISTICA POLIS FOSSALTESE,Calcio (a 11),Calcio
coni:112701,112701,A.D.S. CIRCOLO SPORTIVO ITALIA S.S.D. A R.L.,Calcio (a 11),Calcio
coni:112790,112790,ASSOCIAZIONE SPORTIVA DILETTANTISTICA AC GOTTOLENGO,Calcio (a 11),Calcio
coni:1128,1128,S.S. PASSO CORESE ASSOCIAZIONE SPORTIVA DILETTANTISTICA,Calcio (a 11),Calcio
coni:11281,11281,ASSOCIAZIONE CALCISTICA DILETTANTISTICA A.C.D. ALBIATESE,Calcio (a 11),Calcio
coni:11282,11282,G.S. MONTECCHIO SAN PIETRO A.S.D.,Calcio (a 11),Calcio
coni:11284,11284,SSD REAL FABRICA DI ROMA A R.L.,Calcio (a 11),Calcio
coni:11284,11284,SSD REAL FABRICA DI ROMA A R.L.,Futsal (calcio da sala - calcio a 5),Futsal
coni:11286,11286,"ASSOCIAZIONE SPORTIVA DILETTANTISTICA ""ATHESIS CALCIO""",Calcio (a 11),Calcio
coni:112861,112861,A.S.D. A.I.V.I.O. ASSOC.INTER.VIVERE INSIEME OGGI,Calcio (a 11),Calcio
coni:112862,112862,PGS MESSINA FUTSAL A.S.D.,Futsal (calcio da sala - calcio a 5),Futsal
coni:112862,112862,PGS MESSINA FUTSAL A.S.D.,Calcio (a 7),Calcio
coni:112862,112862,PGS MESSINA FUTSAL A.S.D.,Calcio (a 11),Calcio
coni:11287,11287,ASD HELLAS ALTAVILLA,Calcio (a 11),Calcio
coni:11287,11287,ASD HELLAS ALTAVILLA,Futsal (calcio da sala - calcio a 5),Futsal
coni:11287,11287,ASD HELLAS ALTAVILLA,Pallacanestro,Basket
coni:11287,11287,ASD HELLAS ALTAVILLA,Pallavolo,Volley
coni:11287,11287,ASD HELLAS ALTAVILLA,Calcio (a 8),Calcio
coni:11287,11287,ASD HELLAS ALTAVILLA,Beach Soccer,Calcio
coni:11287,11287,ASD HELLAS ALTAVILLA,Calcio (a 7),Calcio
coni:11287,11287,ASD HELLAS ALTAVILLA,Beach volley,Volley
coni:11287,11287,ASD HELLAS ALTAVILLA,Pallacanestro 3 contro 3,Basket
coni:11287,11287,ASD HELLAS ALTAVILLA,Beach Basket,Basket
coni:11290,11290,A.S.D. S.S. ARGIGNANO CALCIO,Calcio (a 11),Calcio
coni:112906,112906,POLISPORTIVA LIBERTAS BAGNOLO MELLA - ASSOCIAZIONE SPORTIVA DILETTANTISTICA,Calcio (a 11),Calcio
coni:112933,112933,ASSOCIAZIONE SPORTIVA DILETTANTISTICA VIGILFUOCO,Calcio (a 11),Calcio
coni:112943,112943,ASSOCIAZIONE SPORTIVA DILETTANTISTICA POLISPORTIVA DELLESE,Calcio (a 11),Calcio
coni:112964,112964,A.S.D. S.S. VEROLESE 1911,Calcio (a 11),Calcio
coni:113092,113092,P.G.S .VILLAUREA.,Futsal (calcio da sala - calcio a 5),Futsal
coni:113092,113092,P.G.S .VILLAUREA.,Pallacanestro,Basket
coni:113092,113092,P.G.S .VILLAUREA.,Pallamano,Pallamano
coni:113092,113092,P.G.S .VILLAUREA.,Calcio (a 8),Calcio
coni:113092,113092,P.G.S .VILLAUREA.,Calcio (a 7),Calcio
coni:113092,113092,P.G.S .VILLAUREA.,Pallavolo,Volley
coni:113092,113092,P.G.S .VILLAUREA.,Beach Handball,Pallamano
coni:113140,113140,ASSOCIAZIONE UNIONE SPORTIVA DILETTANTISTICA VISCONTINI - U.S.D. VISCONTINI,Calcio (a 11),Calcio
coni:113140,113140,ASSOCIAZIONE UNIONE SPORTIVA DILETTANTISTICA VISCONTINI - U.S.D. VISCONTINI,Pallavolo,Volley
coni:11319,11319,A.S.D. A.P.S. LA CONTEA,Calcio (a 11),Calcio
coni:11319,11319,A.S.D. A.P.S. LA CONTEA,Pallacanestro,Basket
coni:113295,113295,U.S.D.MOLE',Calcio (a 11),Calcio
coni:113332,113332,GRUPPO SPORTIVO DON ORIONE,Calcio (a 11),Calcio
coni:113332,113332,GRUPPO SPORTIVO DON ORIONE,Calcio (a 8),Calcio
coni:113332,113332,GRUPPO SPORTIVO DON ORIONE,Futsal (calcio da sala - calcio a 5),Futsal
coni:113332,113332,GRUPPO SPORTIVO DON ORIONE,Calcio (a 7),Calcio
coni:113332,113332,GRUPPO SPORTIVO DON ORIONE,Pallavolo,Volley
coni:113386,113386,A.P.D. LA SALLE,Calcio (a 11),Calcio
coni:113386,113386,A.P.D. LA SALLE,Calcio (a 8),Calcio
coni:113386,113386,A.P.D. LA SALLE,Pallacanestro,Basket
coni:113386,113386,A.P.D. LA SALLE,Futsal (calcio da sala - calcio a 5),Futsal
coni:113505,113505,"ASSOCIAZIONE SPORTIVA DILETTANTISTICA "" CLUB 83 """,Futsal (calcio da sala - calcio a 5),Futsal
coni:113528,113528,ASSOCIAZIONE SPORTIVA DILETTANTISTICA 'SIAC',Futsal (calcio da sala - calcio a 5),Futsal
coni:113532,113532,ROGOREDO 84 ASSOCIAZIONE SPORTIVA DILETTANTISTICA,Calcio (a 11),Calcio
coni:113532,113532,ROGOREDO 84 ASSOCIAZIONE SPORTIVA DILETTANTISTICA,Calcio (a 7),Calcio
coni:11355,11355,A.S.D. NOVESE GUNNERS,Calcio (a 11),Calcio
coni:113573,113573,ASSOCIAZIONE SPORTIVA DILETTANTISTICA POLISPORTIVA SANT'ALESSIO,Calcio (a 11),Calcio
coni:11359,11359,PISAOVEST SOCIETA SPORTIVA DILETTANTISTICA A RL,Calcio (a 11),Calcio
coni:113605,113605,A.S.D. VIGOR CATANZARO,Calcio (a 11),Calcio
coni:113609,113609,ASD PANTERE NERE CATANZARO,Calcio (a 11),Calcio
coni:113609,113609,ASD PANTERE NERE CATANZARO,Futsal (calcio da sala - calcio a 5),Futsal
coni:113609,113609,ASD PANTERE NERE CATANZARO,Calcio (a 7),Calcio
coni:113713,113713,A.S.D. PICCOLI CAMPIONI DE LUCA,Calcio (a 11),Calcio
coni:113713,113713,A.S.D. PICCOLI CAMPIONI DE LUCA,Futsal (calcio da sala - calcio a 5),Futsal
coni:113713,113713,A.S.D. PICCOLI CAMPIONI DE LUCA,Calcio (a 7),Calcio
coni:113743,113743,ASD REAL MONTEPAONE,Calcio (a 11),Calcio
coni:11378,11378,ASSOCIAZIONE SPORTIVA DILETTANTISTICA MONTECARLO,Calcio (a 11),Calcio
coni:113790,113790,"ASSOCIAZIONE SPORTIVA DILETTANTISTICA "" TEAM SCALETTA""",Futsal (calcio da sala - calcio a 5),Futsal
coni:113817,113817,A.S.D. MISTRAL MEETIN CLUB,Futsal (calcio da sala - calcio a 5),Futsal
coni:113817,113817,A.S.D. MISTRAL MEETIN CLUB,Calcio (a 11),Calcio
coni:113817,113817,A.S.D. MISTRAL MEETIN CLUB,Calcio (a 7),Calcio
coni:113823,113823,ASD PGS GIOVANNI PAOLO II,Futsal (calcio da sala - calcio a 5),Futsal
coni:113823,113823,ASD PGS GIOVANNI PAOLO II,Pallacanestro,Basket
coni:113823,113823,ASD PGS GIOVANNI PAOLO II,Pallavolo,Volley
coni:113871,113871,ASSOCIAZIONE SPORTIVA DILETTANTISTICA VIRTUS SOVERATO,Calcio (a 11),Calcio
coni:113897,113897,SOCIETA' SPORTIVA DILETTANTISTICA CAMARO 1969 SOCIETA' A RESPONSA BILITA' LIMITATA,Calcio (a 11),Calcio
coni:113909,113909,ASSOCIAZIONE POLISPORTIVA ICCARENSE DILETTANTISTICA,Calcio (a 11),Calcio
coni:113909,113909,ASSOCIAZIONE POLISPORTIVA ICCARENSE DILETTANTISTICA,Futsal (calcio da sala - calcio a 5),Futsal
coni:113909,113909,ASSOCIAZIONE POLISPORTIVA ICCARENSE DILETTANTISTICA,Calcio (a 7),Calcio
coni:11392,11392,F.C. SAN LAZZARO CALCIO SOCIETA' SPORTIVA DILETTANTISTICA A RESPONSABILITA' LIMITATA,Calcio (a 11),Calcio
coni:113924,113924,ASSOCIAZIONE SPORTIVA DILETTANTISTICA MESSINA 2006,Calcio (a 11),Calcio
coni:113924,113924,ASSOCIAZIONE SPORTIVA DILETTANTISTICA MESSINA 2006,Futsal (calcio da sala - calcio a 5),Futsal
coni:113924,113924,ASSOCIAZIONE SPORTIVA DILETTANTISTICA MESSINA 2006,Calcio (a 7),Calcio
coni:113924,113924,ASSOCIAZIONE SPORTIVA DILETTANTISTICA MESSINA 2006,Calcio (a 8),Calcio
coni:113952,113952,ASD WINNER BOYS PRESILA,Calcio (a 11),Calcio
coni:113952,113952,ASD WINNER BOYS PRESILA,Futsal (calcio da sala - calcio a 5),Futsal
coni:113952,113952,ASD WINNER BOYS PRESILA,Calcio (a 7),Calcio
coni:113952,113952,ASD WINNER BOYS PRESILA,Pallavolo,Volley
coni:114,114,A.S.D. SAN GREGORIO,Calcio (a 11),Calcio
coni:11403,11403,A.C. LIBERTAS ARGILE VIGOR PIEVE ASSOCIAZIONE SPORTIVA DILETTANTISTICA,Calcio (a 11),Calcio
coni:114037,114037,A.S.D. ROSARIO CENTRAL,Futsal (calcio da sala - calcio a 5),Futsal
coni:114037,114037,A.S.D. ROSARIO CENTRAL,Calcio (a 7),Calcio
coni:114037,114037,A.S.D. ROSARIO CENTRAL,Calcio Balilla,Calcio
coni:114117,114117,CENTRO SPORTIVO ROMANO BANCO A.S.D.,Calcio (a 11),Calcio
coni:114117,114117,CENTRO SPORTIVO ROMANO BANCO A.S.D.,Calcio (a 7),Calcio
coni:114117,114117,CENTRO SPORTIVO ROMANO BANCO A.S.D.,Pallavolo,Volley
coni:11418,11418,A.S.D. POLISPORTIVA CAFFARESE,Calcio (a 11),Calcio
coni:114185,114185,ASS.SPORTIVA DILETTANTISTICA AGA MESSINA,Calcio (a 11),Calcio
coni:114185,114185,ASS.SPORTIVA DILETTANTISTICA AGA MESSINA,Futsal (calcio da sala - calcio a 5),Futsal
coni:114185,114185,ASS.SPORTIVA DILETTANTISTICA AGA MESSINA,Calcio (a 7),Calcio
coni:114276,114276,A.S.D. GIARRE CALCIO,Calcio (a 11),Calcio
coni:1143,1143,ASSOCIAZIONE SPORTIVA DIL.VESCOVADO,Calcio (a 11),Calcio
coni:114313,114313,ASSOCIAZIONE SPORTIVA DILETTANTISTICA F24 MESSINA,Calcio (a 11),Calcio
coni:114313,114313,ASSOCIAZIONE SPORTIVA DILETTANTISTICA F24 MESSINA,Futsal (calcio da sala - calcio a 5),Futsal
coni:114313,114313,ASSOCIAZIONE SPORTIVA DILETTANTISTICA F24 MESSINA,Calcio (a 7),Calcio
coni:114333,114333,ASSOCIAZIONE SPORTIVA DILETTANTISTICA VILLAFRANCA BEACH SOCCER,Futsal (calcio da sala - calcio a 5),Futsal
coni:114344,114344,A.S.D. DOMENICO SAVIO,Futsal (calcio da sala - calcio a 5),Futsal
coni:114344,114344,A.S.D. DOMENICO SAVIO,Pallacanestro,Basket
coni:11435,11435,A.S.D. CAPRIATESE,Calcio (a 11),Calcio
coni:114350,114350,ASSOCIAZIONE SPORTIVA DILETTANTISTICA CALCIO FURCI,Calcio (a 11),Calcio
coni:114356,114356,A.S.D. WISSER CLUB,Futsal (calcio da sala - calcio a 5),Futsal
coni:114356,114356,A.S.D. WISSER CLUB,Calcio (a 11),Calcio
coni:114356,114356,A.S.D. WISSER CLUB,Calcio (a 8),Calcio
coni:114356,114356,A.S.D. WISSER CLUB,Calcio (a 7),Calcio
coni:11437,11437,A.S.D. CAMPAGNOLA DON BOSCO,Calcio (a 11),Calcio
coni:11438,11438,ASS.SPORT.DILETT.PIANE MG,Calcio (a 11),Calcio
coni:114397,114397,A.S.D. SAN PAOLO,Calcio (a 11),Calcio
coni:114397,114397,A.S.D. SAN PAOLO,Futsal (calcio da sala - calcio a 5),Futsal
coni:114397,114397,A.S.D. SAN PAOLO,Calcio (a 7),Calcio
coni:114401,114401,A.S.D. VALDINISI CALCIO NIZZA,Calcio (a 11),Calcio
coni:114401,114401,A.S.D. VALDINISI CALCIO NIZZA,Futsal (calcio da sala - calcio a 5),Futsal
coni:114401,114401,A.S.D. VALDINISI CALCIO NIZZA,Calcio (a 7),Calcio
coni:114402,114402,A.S.D. REAL ITALA FRANCO ZAGAMI,Calcio (a 11),Calcio
coni:114402,114402,A.S.D. REAL ITALA FRANCO ZAGAMI,Beach Soccer,Calcio
coni:114402,114402,A.S.D. REAL ITALA FRANCO ZAGAMI,Futsal (calcio da sala - calcio a 5),Futsal
coni:114402,114402,A.S.D. REAL ITALA FRANCO ZAGAMI,Calcio (a 7),Calcio
coni:114449,114449,A.S.D. PARMONVAL,Calcio (a 11),Calcio
coni:114491,114491,A.P.D.VILLABATE,Calcio (a 11),Calcio
coni:114491,114491,A.P.D.VILLABATE,Futsal (calcio da sala - calcio a 5),Futsal
coni:114491,114491,A.P.D.VILLABATE,Calcio (a 8),Calcio
coni:114491,114491,A.P.D.VILLABATE,Calcio (a 7),Calcio
coni:114528,114528,A.S.D. G.S. BRESSO 4,Calcio (a 7),Calcio
coni:114528,114528,A.S.D. G.S. BRESSO 4,Calcio (a 11),Calcio
coni:114528,114528,A.S.D. G.S. BRESSO 4,Futsal (calcio da sala - calcio a 5),Futsal
coni:114528,114528,A.S.D. G.S. BRESSO 4,Pallacanestro,Basket
coni:114528,114528,A.S.D. G.S. BRESSO 4,Pallavolo,Volley
coni:114533,114533,POLISPORTIVA DILETTANTISTICA SPARTA PALERMO,Futsal (calcio da sala - calcio a 5),Futsal
coni:114533,114533,POLISPORTIVA DILETTANTISTICA SPARTA PALERMO,Calcio (a 11),Calcio
coni:114756,114756,A.S.D. CASARILE,Calcio (a 11),Calcio
coni:114779,114779,A.S.D. VALLE JATO CALCIO,Futsal (calcio da sala - calcio a 5),Futsal
coni:114779,114779,A.S.D. VALLE JATO CALCIO,Calcio (a 11),Calcio
coni:11478,11478,A.S.D. U.S. LIMITE E CAPRAIA,Calcio (a 11),Calcio
coni:11486,11486,A.S.D. VAL TENNA UNITED,Futsal (calcio da sala - calcio a 5),Futsal
coni:114864,114864,ASSOCIAZIONE SPORTIVA DILETTANTISTICA RAGGIO DI LUCE,Calcio (a 11),Calcio
coni:114865,114865,A.S.D. SAN CRISOSTOMO,Calcio (a 11),Calcio
coni:114865,114865,A.S.D. SAN CRISOSTOMO,Futsal (calcio da sala - calcio a 5),Futsal
coni:114865,114865,A.S.D. SAN CRISOSTOMO,Calcio (a 7),Calcio
coni:114878,114878,ASSOCIAZIONE SPORTIVA PUNTOROSA,Calcio (a 11),Calcio
coni:114878,114878,ASSOCIAZIONE SPORTIVA PUNTOROSA,Calcio (a 8),Calcio
coni:114878,114878,ASSOCIAZIONE SPORTIVA PUNTOROSA,Futsal (calcio da sala - calcio a 5),Futsal
coni:114878,114878,ASSOCIAZIONE SPORTIVA PUNTOROSA,Calcio (a 7),Calcio
coni:114916,114916,UNIONE SPORTIVA ORIONE ASD,Calcio (a 11),Calcio
coni:114916,114916,UNIONE SPORTIVA ORIONE ASD,Futsal (calcio da sala - calcio a 5),Futsal
coni:114916,114916,UNIONE SPORTIVA ORIONE ASD,Calcio (a 7),Calcio
coni:114945,114945,A.S.D. CIRCOLO CULTURALE RIC SPORT ORATORIO SS.CIRO E GIORGIO,Calcio (a 11),Calcio
coni:114945,114945,A.S.D. CIRCOLO CULTURALE RIC SPORT ORATORIO SS.CIRO E GIORGIO,Calcio (a 8),Calcio
coni:114945,114945,A.S.D. CIRCOLO CULTURALE RIC SPORT ORATORIO SS.CIRO E GIORGIO,Futsal (calcio da sala - calcio a 5),Futsal
coni:114945,114945,A.S.D. CIRCOLO CULTURALE RIC SPORT ORATORIO SS.CIRO E GIORGIO,Calcio (a 7),Calcio
coni:114945,114945,A.S.D. CIRCOLO CULTURALE RIC SPORT ORATORIO SS.CIRO E GIORGIO,Pallacanestro,Basket
coni:114945,114945,A.S.D. CIRCOLO CULTURALE RIC SPORT ORATORIO SS.CIRO E GIORGIO,Pallavolo,Volley
coni:1150,1150,A.S.D. CALCIO PONTE NELLE ALPI,Calcio (a 11),Calcio
coni:1150,1150,A.S.D. CALCIO PONTE NELLE ALPI,Pallamano,Pallamano
coni:1150,1150,A.S.D. CALCIO PONTE NELLE ALPI,Calcio (a 8),Calcio
coni:1150,1150,A.S.D. CALCIO PONTE NELLE ALPI,Futsal (calcio da sala - calcio a 5),Futsal
coni:1150,1150,A.S.D. CALCIO PONTE NELLE ALPI,Calcio (a 7),Calcio
coni:1150,1150,A.S.D. CALCIO PONTE NELLE ALPI,Pallavolo,Volley
coni:115056,115056,ASSOCIAZIONE SPORTIVA DILETTANTISTICA SPORTING PALLAVICINO,Calcio (a 11),Calcio
coni:115056,115056,ASSOCIAZIONE SPORTIVA DILETTANTISTICA SPORTING PALLAVICINO,Calcio (a 8),Calcio
coni:115056,115056,ASSOCIAZIONE SPORTIVA DILETTANTISTICA SPORTING PALLAVICINO,Futsal (calcio da sala - calcio a 5),Futsal
coni:115056,115056,ASSOCIAZIONE SPORTIVA DILETTANTISTICA SPORTING PALLAVICINO,Calcio (a 7),Calcio
coni:115082,115082,A.S.D.C. TERZO TEMPO,Calcio (a 11),Calcio
coni:115082,115082,A.S.D.C. TERZO TEMPO,Calcio (a 8),Calcio
coni:115082,115082,A.S.D.C. TERZO TEMPO,Futsal (calcio da sala - calcio a 5),Futsal
coni:115082,115082,A.S.D.C. TERZO TEMPO,Calcio (a 7),Calcio
coni:115090,115090,FOOTBALL CLUB DILETTANTISTICO VIRTUS OLIMPIA 2010,Calcio (a 11),Calcio
coni:115090,115090,FOOTBALL CLUB DILETTANTISTICO VIRTUS OLIMPIA 2010,Calcio (a 8),Calcio
coni:115090,115090,FOOTBALL CLUB DILETTANTISTICO VIRTUS OLIMPIA 2010,Futsal (calcio da sala - calcio a 5),Futsal
coni:115090,115090,FOOTBALL CLUB DILETTANTISTICO VIRTUS OLIMPIA 2010,Calcio (a 7),Calcio
coni:115094,115094,ASSOCIAZIONE SPORTIVA DILETTANTISTICA FLORIO,Calcio (a 11),Calcio
coni:115164,115164,ASD MULTISPORT SOCCER ATLETICO SCELSA,Calcio (a 11),Calcio
coni:115164,115164,ASD MULTISPORT SOCCER ATLETICO SCELSA,Futsal (calcio da sala - calcio a 5),Futsal
coni:115164,115164,ASD MULTISPORT SOCCER ATLETICO SCELSA,Pallavolo,Volley
coni:115164,115164,ASD MULTISPORT SOCCER ATLETICO SCELSA,Calcio (a 8),Calcio
coni:115164,115164,ASD MULTISPORT SOCCER ATLETICO SCELSA,Calcio (a 7),Calcio
coni:115164,115164,ASD MULTISPORT SOCCER ATLETICO SCELSA,Pallacanestro,Basket
coni:115180,115180,A.S.D. ANIMOSA CIVITAS CORLEONE,Calcio (a 11),Calcio
coni:115180,115180,A.S.D. ANIMOSA CIVITAS CORLEONE,Futsal (calcio da sala - calcio a 5),Futsal
coni:115180,115180,A.S.D. ANIMOSA CIVITAS CORLEONE,Pallavolo,Volley
coni:11525,11525,ASSOCIAZIONE SPORTIVA DILETTANTISTICA PIANACCIO,Futsal (calcio da sala - calcio a 5),Futsal
coni:115280,115280,ATHLETIC CLUB PALERMO SOCIETA' SPORTIVA DILETTANTISTICA A RESPONSABILITA' LIMITATA,Calcio (a 11),Calcio
coni:115280,115280,ATHLETIC CLUB PALERMO SOCIETA' SPORTIVA DILETTANTISTICA A RESPONSABILITA' LIMITATA,Futsal (calcio da sala - calcio a 5),Futsal
coni:115283,115283,"A.S.D. CALCIO "" CICCIO GALEOTO """,Calcio (a 11),Calcio
coni:115283,115283,"A.S.D. CALCIO "" CICCIO GALEOTO """,Calcio (a 8),Calcio
coni:115283,115283,"A.S.D. CALCIO "" CICCIO GALEOTO """,Futsal (calcio da sala - calcio a 5),Futsal
coni:115283,115283,"A.S.D. CALCIO "" CICCIO GALEOTO """,Calcio (a 7),Calcio
coni:11535,11535,CHICCO RAVAGLIA ASSOCIAZIONE SPORTIVA DILETTANTISTICA,Calcio (a 11),Calcio
coni:115359,115359,SEVEN STARS ASD,Futsal (calcio da sala - calcio a 5),Futsal
coni:115359,115359,SEVEN STARS ASD,Calcio (a 11),Calcio
coni:115359,115359,SEVEN STARS ASD,Calcio (a 8),Calcio
coni:115359,115359,SEVEN STARS ASD,Calcio (a 7),Calcio
coni:115401,115401,A.S.D. ATLETICO STELLA D'ORIENTE,Calcio (a 11),Calcio
coni:115411,115411,A.S.D. FC ALCAMO 1928,Calcio (a 11),Calcio
coni:115417,115417,G.S.D. CALCIO RANGERS 1986,Calcio (a 11),Calcio
coni:11543,11543,A.S.D. PONTIDA BRIANTEA,Calcio (a 11),Calcio
coni:11552,11552,A.S.D. SAN DANIELE CALCIO,Calcio (a 11),Calcio
coni:115528,115528,ASSOCIAZIONE SPORTIVA DILETTANTISTICA VIS PALERMO,Calcio (a 11),Calcio
coni:115603,115603,A.S.D.C. CON PAOLO NELL'ISOLA CHE NON C'E',Futsal (calcio da sala - calcio a 5),Futsal
coni:115603,115603,A.S.D.C. CON PAOLO NELL'ISOLA CHE NON C'E',Calcio (a 7),Calcio
coni:115603,115603,A.S.D.C. CON PAOLO NELL'ISOLA CHE NON C'E',Calcio (a 11),Calcio
coni:115629,115629,ASD MONREALE CALCIO A 5,Calcio (a 11),Calcio
coni:115659,115659,REAL PHOENIX ASSOCIAZIONE SPORTIVA DILETTANTISTICA,Futsal (calcio da sala - calcio a 5),Futsal
coni:115659,115659,REAL PHOENIX ASSOCIAZIONE SPORTIVA DILETTANTISTICA,Calcio (a 11),Calcio
coni:115659,115659,REAL PHOENIX ASSOCIAZIONE SPORTIVA DILETTANTISTICA,Calcio (a 8),Calcio
coni:115659,115659,REAL PHOENIX ASSOCIAZIONE SPORTIVA DILETTANTISTICA,Calcio (a 7),Calcio
coni:11568,11568,G.S.O. AURORA TRESCORE-ASSOCIAZIONE SPORTIVA DILETTANTISTICA,Calcio (a 11),Calcio
coni:11568,11568,G.S.O. AURORA TRESCORE-ASSOCIAZIONE SPORTIVA DILETTANTISTICA,Futsal (calcio da sala - calcio a 5),Futsal
coni:115769,115769,ASD LERCARA,Calcio (a 11),Calcio
coni:115769,115769,ASD LERCARA,Calcio (a 8),Calcio
coni:115769,115769,ASD LERCARA,Futsal (calcio da sala - calcio a 5),Futsal
coni:115769,115769,ASD LERCARA,Calcio (a 7),Calcio
coni:115769,115769,ASD LERCARA,Pallacanestro,Basket
coni:115769,115769,ASD LERCARA,Pallavolo,Volley
coni:115776,115776,A.S.D. EMIRI,Futsal (calcio da sala - calcio a 5),Futsal
coni:115776,115776,A.S.D. EMIRI,Calcio (a 11),Calcio
coni:115776,115776,A.S.D. EMIRI,Calcio (a 8),Calcio
coni:115776,115776,A.S.D. EMIRI,Calcio (a 7),Calcio
coni:115891,115891,A.S.D. CLUB P5 CRUILLAS,Calcio (a 11),Calcio
coni:115930,115930,DELFINI BLU,Calcio (a 7),Calcio
coni:11595,11595,ASD US FOSSOMBRONE CALCIO,Calcio (a 11),Calcio
coni:116071,116071,FOOTBALL CLUB CAVALLINO BIANCO A.S.D.,Calcio (a 11),Calcio
coni:116245,116245,A.C.D. PRO NOVATE,Calcio (a 11),Calcio
coni:116271,116271,POLISPORTIVA OR.PA.S. ASSOCIAZIONE SPORTIVA DILETTANTISTICA,Calcio (a 11),Calcio
coni:116271,116271,POLISPORTIVA OR.PA.S. ASSOCIAZIONE SPORTIVA DILETTANTISTICA,Calcio (a 7),Calcio
coni:116271,116271,POLISPORTIVA OR.PA.S. ASSOCIAZIONE SPORTIVA DILETTANTISTICA,Pallacanestro,Basket
coni:11631,11631,POLISPORTIVA DILETTANTISTICA CAVEZZO,Calcio (a 11),Calcio
coni:116438,116438,A.S.D. DON BOSCO NUOVO SALARIO,Calcio (a 11),Calcio
coni:116438,116438,A.S.D. DON BOSCO NUOVO SALARIO,Pallamano,Pallamano
coni:116438,116438,A.S.D. DON BOSCO NUOVO SALARIO,Calcio Balilla,Calcio
coni:116438,116438,A.S.D. DON BOSCO NUOVO SALARIO,Calcio (a 8),Calcio
coni:116438,116438,A.S.D. DON BOSCO NUOVO SALARIO,Futsal (calcio da sala - calcio a 5),Futsal
coni:116438,116438,A.S.D. DON BOSCO NUOVO SALARIO,Calcio (a 7),Calcio
coni:116438,116438,A.S.D. DON BOSCO NUOVO SALARIO,Pallacanestro 3 contro 3,Basket
coni:116438,116438,A.S.D. DON BOSCO NUOVO SALARIO,Pallacanestro,Basket
coni:116438,116438,A.S.D. DON BOSCO NUOVO SALARIO,Pallavolo,Volley
coni:116445,116445,A.S.D. CVN CASAL BERNOCCHI,Calcio (a 11),Calcio
coni:11650,11650,A.C.O.S. TREVIGLIO CALCIO,Calcio (a 11),Calcio
coni:11650,11650,A.C.O.S. TREVIGLIO CALCIO,Futsal (calcio da sala - calcio a 5),Futsal
coni:11650,11650,A.C.O.S. TREVIGLIO CALCIO,Calcio (a 7),Calcio
coni:11655,11655,U.S. GERARDIANA CALCIO,Calcio (a 11),Calcio
coni:116594,116594,ASSOCIAZIONE SPORTIVA DILETTANTISTICA BAGGESE CALCIO,Calcio (a 11),Calcio
coni:116594,116594,ASSOCIAZIONE SPORTIVA DILETTANTISTICA BAGGESE CALCIO,Calcio (a 7),Calcio
coni:11663,11663,A.S.D. PIOBBICO 90,Calcio (a 11),Calcio
coni:11665,11665,VIRTUS CASTELFRANCO CALCIO ASS. SPORTIVA DILETTANT,Calcio (a 11),Calcio
coni:11665,11665,VIRTUS CASTELFRANCO CALCIO ASS. SPORTIVA DILETTANT,Calcio (a 7),Calcio
coni:11677,11677,ASSOCIAZIONE SPORTIVA DILETTANTISTICA CA DE RISSI S.G.,Calcio (a 11),Calcio
coni:11677,11677,ASSOCIAZIONE SPORTIVA DILETTANTISTICA CA DE RISSI S.G.,Futsal (calcio da sala - calcio a 5),Futsal
coni:11677,11677,ASSOCIAZIONE SPORTIVA DILETTANTISTICA CA DE RISSI S.G.,Calcio (a 7),Calcio
coni:1168,1168,ASSOC. SPORT. DILETTANTISTICA PIERANICA 1970,Calcio (a 11),Calcio
coni:1168,1168,ASSOC. SPORT. DILETTANTISTICA PIERANICA 1970,Futsal (calcio da sala - calcio a 5),Futsal
coni:116836,116836,ASSOCIAZIONE SPORTIVA DILETTANTISTICA CESANO BOSCONE IDROSTAR,Calcio (a 11),Calcio
coni:116836,116836,ASSOCIAZIONE SPORTIVA DILETTANTISTICA CESANO BOSCONE IDROSTAR,Calcio (a 7),Calcio
coni:116901,116901,A.S.D.POLISPORTIVA MIRAFIORI,Calcio (a 11),Calcio
coni:116914,116914,ASSOCIAZIONE SPORTIVA DILETTANTISTICA FORNARI SPORT,Calcio (a 11),Calcio
coni:11692,11692,ASD CHIARAVALLE FUTSAL,Futsal (calcio da sala - calcio a 5),Futsal
coni:116923,116923,A.S.D. AUXILIUM MONTEROSA,Calcio (a 11),Calcio
coni:116923,116923,A.S.D. AUXILIUM MONTEROSA,Pallacanestro,Basket
coni:116923,116923,A.S.D. AUXILIUM MONTEROSA,Pallavolo,Volley
coni:116977,116977,A.S.D. SGCASALBERTONE CALCIO A 5,Futsal (calcio da sala - calcio a 5),Futsal
coni:11707,11707,A.S.D. ATLETICO MARECCHIA,Calcio (a 11),Calcio
coni:117146,117146,A.S.D USD SAN GIORGIO,Calcio (a 11),Calcio
coni:117146,117146,A.S.D USD SAN GIORGIO,Calcio (a 7),Calcio
coni:11716,11716,A.S.DILETTANTISTICA VISPORT,Calcio (a 11),Calcio
coni:11716,11716,A.S.DILETTANTISTICA VISPORT,Futsal (calcio da sala - calcio a 5),Futsal
coni:11716,11716,A.S.DILETTANTISTICA VISPORT,Calcio (a 7),Calcio
coni:11721,11721,ASD CITTA DI ORTE C.5,Futsal (calcio da sala - calcio a 5),Futsal
coni:117276,117276,A.S.D. AMBROSIANO DUGNANO,Calcio (a 11),Calcio
coni:11729,11729,ASD ORTIGARALEFRE,Calcio (a 11),Calcio
coni:11729,11729,ASD ORTIGARALEFRE,Futsal (calcio da sala - calcio a 5),Futsal
coni:11730,11730,ASD GRUPPO SPORTIVO DILETTANTISTICO FLORIAGAFIR BELLARIVA,Calcio (a 11),Calcio
coni:11730,11730,ASD GRUPPO SPORTIVO DILETTANTISTICO FLORIAGAFIR BELLARIVA,Futsal (calcio da sala - calcio a 5),Futsal
coni:117321,117321,ASD SPORTINZONA MELINA MIELE,Calcio (a 11),Calcio
coni:117321,117321,ASD SPORTINZONA MELINA MIELE,Calcio (a 7),Calcio
coni:117321,117321,ASD SPORTINZONA MELINA MIELE,Rugby a 7,Rugby
coni:117321,117321,ASD SPORTINZONA MELINA MIELE,Rugby a 15,Rugby
coni:117321,117321,ASD SPORTINZONA MELINA MIELE,Futsal (calcio da sala - calcio a 5),Futsal
coni:117321,117321,ASD SPORTINZONA MELINA MIELE,Pallacanestro,Basket
coni:117321,117321,ASD SPORTINZONA MELINA MIELE,Pallavolo,Volley
coni:117359,117359,A.S.D. ACQUACETOSA CENTRO CALCIO,Calcio (a 11),Calcio
coni:11736,11736,U.S.D. ALBERORO 1977,Calcio (a 11),Calcio
coni:11740,11740,VIRTUS CIBENO A.S.D.,Calcio (a 11),Calcio
coni:11740,11740,VIRTUS CIBENO A.S.D.,Calcio (a 7),Calcio
coni:117423,117423,A.S.D. LIBERO SPORT,Pallacanestro,Basket
coni:117423,117423,A.S.D. LIBERO SPORT,Futsal (calcio da sala - calcio a 5),Futsal
coni:117423,117423,A.S.D. LIBERO SPORT,Calcio (a 11),Calcio
coni:117423,117423,A.S.D. LIBERO SPORT,Pallavolo,Volley
coni:117423,117423,A.S.D. LIBERO SPORT,Beach volley,Volley
coni:117423,117423,A.S.D. LIBERO SPORT,Calcio (a 8),Calcio
coni:117423,117423,A.S.D. LIBERO SPORT,Beach Soccer,Calcio
coni:117423,117423,A.S.D. LIBERO SPORT,Calcio (a 7),Calcio
coni:117423,117423,A.S.D. LIBERO SPORT,Pallacanestro 3 contro 3,Basket
coni:117423,117423,A.S.D. LIBERO SPORT,Beach Basket,Basket
coni:11755,11755,A.S.D. VIRTUS CAPRAROLA,Calcio (a 11),Calcio
coni:11760,11760,CORCHIANO-UNIONE SPORTIVA DILETTANTISTIC,Calcio (a 11),Calcio
coni:11776,11776,A.C. ASOLA SD,Calcio (a 11),Calcio
coni:11790,11790,ASSOCIAZIONE SPORTIVA DILETTANTISTICA CALCIO QUISTELLO - A.S.D. CALCIO QUISTELLO,Calcio (a 11),Calcio
coni:11790,11790,ASSOCIAZIONE SPORTIVA DILETTANTISTICA CALCIO QUISTELLO - A.S.D. CALCIO QUISTELLO,Calcio (a 7),Calcio
coni:118080,118080,A.S.D. DUEPIGRECOROMA,Calcio (a 11),Calcio
coni:11812,11812,A.S.D. CALCIO A 5 CORINALDO,Futsal (calcio da sala - calcio a 5),Futsal
coni:11815,11815,A.S. DILETTANTISTICA POLISPORTIVA CAUDIUM ROTONDI,Calcio (a 11),Calcio
coni:11829,11829,GRUPPO SPORTIVO DILETTANTISTICO RONCEGNO,Calcio (a 11),Calcio
coni:11829,11829,GRUPPO SPORTIVO DILETTANTISTICO RONCEGNO,Futsal (calcio da sala - calcio a 5),Futsal
coni:118307,118307,MINERVA MILANO ASD APS,Calcio (a 11),Calcio
coni:118307,118307,MINERVA MILANO ASD APS,Calcio (a 7),Calcio
coni:118321,118321,ODI TURRO - ASSOCIAZIONE SPORTIVA DILETTANTISTICA,Calcio (a 11),Calcio
coni:118321,118321,ODI TURRO - ASSOCIAZIONE SPORTIVA DILETTANTISTICA,Calcio (a 7),Calcio
coni:11833,11833,ASSOCIAZIONE SPORTIVA S.S.D. MEZZOLOMBARDO,Futsal (calcio da sala - calcio a 5),Futsal
coni:11840,11840,POLISPORTIVA COLLINE MEDICEE ASSOCIAZIONE SPORTIVA DILETTANTISTICA,Calcio (a 11),Calcio
coni:11840,11840,POLISPORTIVA COLLINE MEDICEE ASSOCIAZIONE SPORTIVA DILETTANTISTICA,Futsal (calcio da sala - calcio a 5),Futsal
coni:11845,11845,SOCIETA' SPORTIVA DILETTANTISTICA GODIGESE A RESPONSABILITA' LIMI TATA,Calcio (a 11),Calcio
coni:118596,118596,A.S.D. LA LEPRE E LA TARTARUGA,Calcio (a 7),Calcio
coni:118596,118596,A.S.D. LA LEPRE E LA TARTARUGA,Futsal (calcio da sala - calcio a 5),Futsal
coni:118596,118596,A.S.D. LA LEPRE E LA TARTARUGA,Pallacanestro,Basket
coni:118596,118596,A.S.D. LA LEPRE E LA TARTARUGA,Pallavolo,Volley
coni:11868,11868,SOCIETA' POLISPORTIVA DILETTANTISTICA PAESANA VALLE PO,Calcio (a 11),Calcio
coni:11868,11868,SOCIETA' POLISPORTIVA DILETTANTISTICA PAESANA VALLE PO,Pallavolo,Volley
coni:11868,11868,SOCIETA' POLISPORTIVA DILETTANTISTICA PAESANA VALLE PO,Calcio (a 8),Calcio
coni:11868,11868,SOCIETA' POLISPORTIVA DILETTANTISTICA PAESANA VALLE PO,Futsal (calcio da sala - calcio a 5),Futsal
coni:11868,11868,SOCIETA' POLISPORTIVA DILETTANTISTICA PAESANA VALLE PO,Calcio (a 7),Calcio
coni:11868,11868,SOCIETA' POLISPORTIVA DILETTANTISTICA PAESANA VALLE PO,Beach volley,Volley
coni:11871,11871,A.S.D.CURI PESCARA,Calcio (a 11),Calcio
coni:11878,11878,SSDRL REAL LENO CALCIO,Calcio (a 11),Calcio
coni:11893,11893,A.S.D. DIEGARO,Calcio (a 11),Calcio
coni:11894,11894,ASSOCIAZIONE SPORTIVA DILETTANTISTICA F.C. PIANCAMUNO,Calcio (a 11),Calcio
coni:11895,11895,A.S.D. ROSCIANO CALCIO,Calcio (a 11),Calcio
coni:11895,11895,A.S.D. ROSCIANO CALCIO,Calcio (a 8),Calcio
coni:11895,11895,A.S.D. ROSCIANO CALCIO,Calcio (a 7),Calcio
coni:11898,11898,ASD SPORTING GROTTAMMARE,Futsal (calcio da sala - calcio a 5),Futsal
coni:11898,11898,ASD SPORTING GROTTAMMARE,Calcio (a 7),Calcio
coni:119184,119184,A.S.D. REAL MELEGNANO 1928,Calcio (a 11),Calcio
coni:119195,119195,ASSOCIAZIONE SPORTIVA DILETTANTISTICA VELASCA,Calcio (a 11),Calcio
coni:119201,119201,A.S.D. NUOVA CORMANO CALCIO,Calcio (a 11),Calcio
coni:11928,11928,P.F. VERROCCHIO ASSOCIAZIONE SPORTIVA DILETTANTISTICA,Calcio (a 11),Calcio
coni:11928,11928,P.F. VERROCCHIO ASSOCIAZIONE SPORTIVA DILETTANTISTICA,Futsal (calcio da sala - calcio a 5),Futsal
coni:11928,11928,P.F. VERROCCHIO ASSOCIAZIONE SPORTIVA DILETTANTISTICA,Calcio (a 7),Calcio
coni:1193,1193,A.S.D. CAMERANO CALCIO,Calcio (a 11),Calcio
coni:119503,119503,A.S.D. FRANCESCHINA,Calcio (a 11),Calcio
coni:11952,11952,FUTBALL CAVA RONCO SOCIETA' SPORTIVA DILETTANTISTICA A RESPONSABILITA' LIMITATA,Calcio (a 11),Calcio
coni:119536,119536,A.S.D. SERMIG,Futsal (calcio da sala - calcio a 5),Futsal
coni:119536,119536,A.S.D. SERMIG,Pallacanestro,Basket
coni:119536,119536,A.S.D. SERMIG,Pallavolo,Volley
coni:1196,1196,UNIONE SPORTIVA DILETTANTISTICA ARCO 1895,Calcio (a 11),Calcio
coni:11964,11964,SOLOMEO CASTEL RIGONE ORATORIO INTERRELIGIOSO SOCIETA' SPORTIVA DILETTANTISTICA A RESPONSABILITA' LIMITATA,Calcio (a 11),Calcio
coni:119714,119714,A.S.D. SAN PAOLO TORINO,Calcio (a 11),Calcio
coni:119714,119714,A.S.D. SAN PAOLO TORINO,Futsal (calcio da sala - calcio a 5),Futsal
coni:119714,119714,A.S.D. SAN PAOLO TORINO,Calcio (a 7),Calcio
coni:119714,119714,A.S.D. SAN PAOLO TORINO,Calcio (a 8),Calcio
coni:119773,119773,A.S.D. FIAMME AZZURRE S. VITTORE,Futsal (calcio da sala - calcio a 5),Futsal
coni:11992,11992,LA LIBERTA' 1945 VIACCIA ASSOCIAZIONE SPORTIVA DILETTANTISTICA,Calcio (a 11),Calcio
coni:12003,12003,A.S.DILETT.CASALMORO 2006,Calcio (a 11),Calcio
coni:12022,12022,ASSOCIAZIONE SPORTIVA DILETTANTISTICA PROGETTO GIOVANILE FRATRES,Calcio (a 11),Calcio
coni:12022,12022,ASSOCIAZIONE SPORTIVA DILETTANTISTICA PROGETTO GIOVANILE FRATRES,Futsal (calcio da sala - calcio a 5),Futsal
coni:120227,120227,ASSOCIAZIONE SPORTIVA DILETTANTISTICA NEVADA CALCIO,Calcio (a 11),Calcio
coni:12023,12023,POLISPORTIVA GAGLIARDA SOCIETA' COOPERATIVA SOCIALE SPORTIVA DILETTANTISTICA,Calcio (a 11),Calcio
coni:12023,12023,POLISPORTIVA GAGLIARDA SOCIETA' COOPERATIVA SOCIALE SPORTIVA DILETTANTISTICA,Futsal (calcio da sala - calcio a 5),Futsal
coni:12023,12023,POLISPORTIVA GAGLIARDA SOCIETA' COOPERATIVA SOCIALE SPORTIVA DILETTANTISTICA,Calcio (a 7),Calcio
coni:12023,12023,POLISPORTIVA GAGLIARDA SOCIETA' COOPERATIVA SOCIALE SPORTIVA DILETTANTISTICA,Pallavolo,Volley
coni:120233,120233,ASSOCIAZIONE SPORTIVA DILETTANTISTICA NUOVA TREZZANO A.S.D.,Calcio (a 11),Calcio
coni:120634,120634,A.S.D. BARCANOVA CALCIO,Calcio (a 11),Calcio
coni:12071,12071,A.S.D. NUOVA JUVENTINA F.F.C. ASSOCIAZIONE SPORTIVA DILETTANTISTICA,Futsal (calcio da sala - calcio a 5),Futsal
coni:1210,1210,ASSOCIAZIONE SPORTIVA DILETTANTISTICA BIBBIANO SAN POLO,Calcio (a 11),Calcio
coni:1210,1210,ASSOCIAZIONE SPORTIVA DILETTANTISTICA BIBBIANO SAN POLO,Calcio (a 7),Calcio
coni:1210,1210,ASSOCIAZIONE SPORTIVA DILETTANTISTICA BIBBIANO SAN POLO,Futsal (calcio da sala - calcio a 5),Futsal
coni:121102,121102,A.S.D. MONTEROTONDO 1935,Calcio (a 11),Calcio
coni:121107,121107,CITTA' DI ARDEA - SOCIETA' SPORTIVA DILETTANTISTICA A RESPONSABIL ITA' LIMITATA,Calcio (a 11),Calcio
coni:121138,121138,A.S.D. CESANO,Calcio (a 11),Calcio
coni:12115,12115,A.C.D. CADIDAVID,Calcio (a 11),Calcio
coni:121517,121517,A.S.D. ATLETICO TORRENOVA 1986,Calcio (a 11),Calcio
coni:121517,121517,A.S.D. ATLETICO TORRENOVA 1986,Futsal (calcio da sala - calcio a 5),Futsal
coni:12161,12161,SSD VIVI ALTOTEVERE SANSEPOLCRO S.R.L.,Calcio (a 11),Calcio
coni:12161,12161,SSD VIVI ALTOTEVERE SANSEPOLCRO S.R.L.,Futsal (calcio da sala - calcio a 5),Futsal
coni:12161,12161,SSD VIVI ALTOTEVERE SANSEPOLCRO S.R.L.,Pallacanestro,Basket
coni:12172,12172,ASD NATIONAL SOCCER SCHOOL,Calcio (a 11),Calcio
coni:12178,12178,ASSOCIAZIONE SPORTIVA DILETTANTISTICA RIVIERA D'ORTA,Calcio (a 11),Calcio
coni:12194,12194,ASD VINCENZO PATTI,Calcio (a 11),Calcio
coni:12196,12196,S.S. AUDAX 1970 S. ANGELO A.S.D.,Futsal (calcio da sala - calcio a 5),Futsal
coni:12203,12203,ASSOCIAZIONE SPORTIVA DILETTANTISTICA CHIARAVALLE,Calcio (a 11),Calcio
coni:122057,122057,A.S.C. CASTENEDOLESE ASSOCIAZIONE SPORTI,Calcio (a 11),Calcio
coni:122092,122092,A.S.D. PASSIRANO CAMIGNONE,Calcio (a 11),Calcio
coni:122092,122092,A.S.D. PASSIRANO CAMIGNONE,Calcio (a 7),Calcio
coni:12232,12232,A.S.D. ORATORIO ALBINO CALCIO,Calcio (a 11),Calcio
coni:12243,12243,UNIONE SPORTIVA SAN MARCO STIGLIANO ASD,Calcio (a 11),Calcio
coni:12243,12243,UNIONE SPORTIVA SAN MARCO STIGLIANO ASD,Futsal (calcio da sala - calcio a 5),Futsal
coni:12243,12243,UNIONE SPORTIVA SAN MARCO STIGLIANO ASD,Calcio (a 7),Calcio
coni:12243,12243,UNIONE SPORTIVA SAN MARCO STIGLIANO ASD,Pallavolo,Volley
coni:12253,12253,ASS. SP. CALCETTO NUMANA,Futsal (calcio da sala - calcio a 5),Futsal
coni:12258,12258,ASSOCIAZIONE SPORTIVA DILETTANTISTICA F.C. VIRTUS PESCARA,Calcio (a 11),Calcio
coni:12279,12279,A.S.D. LAURETUM 1952,Calcio (a 11),Calcio
coni:1228,1228,A.S.D. 1919 CADORE,Calcio (a 11),Calcio
coni:122823,122823,U.S.O. SAN BARTOLOMEO,Calcio (a 11),Calcio
coni:12292,12292,A.S.D. SAN POLO CALCIO,Calcio (a 11),Calcio
coni:12292,12292,A.S.D. SAN POLO CALCIO,Futsal (calcio da sala - calcio a 5),Futsal
coni:12292,12292,A.S.D. SAN POLO CALCIO,Calcio (a 7),Calcio
coni:12295,12295,A.S.D. REAL MONTESILVANO,Calcio (a 11),Calcio
coni:123057,123057,ASD ROVATO ACADEMY,Calcio (a 11),Calcio
coni:12309,12309,ASSOCIAZIONE CALCIO DILETTANTI STICA SAN PANCRAZIO,Calcio (a 11),Calcio
coni:12334,12334,ASSOCIAZIONE CALCISTICA SOLANDRA - VAL DI SOLE ASSOCIAZIONE SPORTIVA DILETTANTISTICA,Calcio (a 11),Calcio
coni:12340,12340,ASD LORETO APRUTINO CALCIO A 5 1985,Futsal (calcio da sala - calcio a 5),Futsal
coni:12354,12354,A.S.D. BARGECCHIA,Calcio (a 11),Calcio
coni:12355,12355,A.S.D. BELLUSCO 1947,Calcio (a 11),Calcio
coni:12355,12355,A.S.D. BELLUSCO 1947,Futsal (calcio da sala - calcio a 5),Futsal
coni:12358,12358,ASSOCIAZIONE SPORTIVA DILETTANTISTICA DX GENERATION,Futsal (calcio da sala - calcio a 5),Futsal
coni:12366,12366,A.S.D. MAGLIANO CALCIO 2013,Calcio (a 11),Calcio
coni:12377,12377,ZENITH PRATO SOCIETA' SPORTIVA DILETTANTISTICA A R.L.,Calcio (a 11),Calcio
coni:12378,12378,UNIONE SPORTIVA CITTA' DI CAPANNORI A.S.D.,Calcio (a 11),Calcio
coni:12378,12378,UNIONE SPORTIVA CITTA' DI CAPANNORI A.S.D.,Pallacanestro,Basket
coni:12378,12378,UNIONE SPORTIVA CITTA' DI CAPANNORI A.S.D.,Futsal (calcio da sala - calcio a 5),Futsal
coni:12378,12378,UNIONE SPORTIVA CITTA' DI CAPANNORI A.S.D.,Calcio (a 7),Calcio
coni:12378,12378,UNIONE SPORTIVA CITTA' DI CAPANNORI A.S.D.,Pallavolo,Volley
coni:12379,12379,ASSOCIAZIONE SPORTIVA DILETTANTISTICA ATLETICO M.U.84,Calcio (a 11),Calcio
coni:123839,123839,ASSOCIAZIONE SPORTIVA DILETTANTISTICA POLISPORTIVA TRIEI,Calcio (a 11),Calcio
coni:12398,12398,ASD ATLETICO ACQUI F.B.C.2003,Calcio (a 11),Calcio
coni:10046,10046,POLISPORTIVASENNA DILETTANTISTICA,Calcio (a 11),Calcio
coni:10046,10046,POLISPORTIVASENNA DILETTANTISTICA,Pallacanestro,Basket
coni:10046,10046,POLISPORTIVASENNA DILETTANTISTICA,Pallavolo,Volley
coni:10046,10046,POLISPORTIVASENNA DILETTANTISTICA,Futsal (calcio da sala - calcio a 5),Futsal
coni:10046,10046,POLISPORTIVASENNA DILETTANTISTICA,Calcio (a 7),Calcio
coni:10536,10536,ASSOCIAZIONE SPORTIVA DILETTANTISTICA BOIARDO MAER CALCIO E PALLACANESTRO,Calcio (a 11),Calcio
coni:10536,10536,ASSOCIAZIONE SPORTIVA DILETTANTISTICA BOIARDO MAER CALCIO E PALLACANESTRO,Calcio (a 7),Calcio
coni:109224,109224,ASSOCIAZIONE SPORTIVA DILETTANTISTICA SPORTING AMINEI FOOTBALL CLUB,Calcio (a 11),Calcio
coni:110604,110604,A.S.D. NIKE AURORA ROSSA,Futsal (calcio da sala - calcio a 5),Futsal
coni:11091,11091,POLISPORTIVA SAN ROCCO 2001 FAENZA-ASS.SPORT.DIL.,Calcio (a 11),Calcio
coni:111041,111041,ASSOCIAZIONE SPORTIVA DILETTANTISTICA POLISPORTIVA 2RG ROATA ROSSI,Calcio (a 11),Calcio
coni:111041,111041,ASSOCIAZIONE SPORTIVA DILETTANTISTICA POLISPORTIVA 2RG ROATA ROSSI,Futsal (calcio da sala - calcio a 5),Futsal
coni:111041,111041,ASSOCIAZIONE SPORTIVA DILETTANTISTICA POLISPORTIVA 2RG ROATA ROSSI,Calcio (a 7),Calcio
coni:111041,111041,ASSOCIAZIONE SPORTIVA DILETTANTISTICA POLISPORTIVA 2RG ROATA ROSSI,Pallavolo,Volley
coni:113585,113585,A.S.D.PROMOSPORT TAVERNA,Calcio (a 11),Calcio
coni:1155,1155,UNIONE SPORTIVA OLIMPIA -ASS.NE SPORTIVA DILETTANTISTICA,Calcio (a 11),Calcio
coni:11924,11924,A.S.D. CASTELVECCHIO,Calcio (a 11),Calcio
coni:11927,11927,ASSOCIAZIONE SPORTIVA DILETTANTISTICA ASCOLI CALCIO A 5,Futsal (calcio da sala - calcio a 5),Futsal
coni:119665,119665,ASD FUTSEI MILANO,Calcio (a 11),Calcio
coni:119665,119665,ASD FUTSEI MILANO,Futsal (calcio da sala - calcio a 5),Futsal
coni:11980,11980,A.S. MONTEVECCHIA ASSOCIAZIONE SPORTIVA DILETTANTISTICA,Calcio (a 11),Calcio
coni:11980,11980,A.S. MONTEVECCHIA ASSOCIAZIONE SPORTIVA DILETTANTISTICA,Calcio (a 7),Calcio
coni:11980,11980,A.S. MONTEVECCHIA ASSOCIAZIONE SPORTIVA DILETTANTISTICA,Pallavolo,Volley
coni:12191,12191,A.S.D. MADDALENE PEDEZZI,Calcio (a 11),Calcio
coni:122090,122090,GRUPPO SPORTIVO EPAS SAN FRANCESCO DI PAOLA ASSOCIAZIONE SPORTIV DILETTANTISTICA CALCIO,Calcio (a 11),Calcio
coni:124026,124026,SOCIETA' SPORTIVA STIVO ASD,Calcio (a 11),Calcio
coni:124042,124042,FCD PASSIGNANO CALCIO,Calcio (a 11),Calcio
coni:12406,12406,A.S.D. VEREGRENSE CALCIO,Calcio (a 11),Calcio
coni:12414,12414,ASD MONTE SAN PIETRANGELI,Calcio (a 11),Calcio
coni:124151,124151,UNIONE SPORTIVA TRINITA',Calcio (a 11),Calcio
coni:124197,124197,CEIS GENOVA SPORT - SOCIETA' SPORTIVA DILETTANTISTICA A R.L. UNIPERSONALE,Calcio (a 11),Calcio
coni:12424,12424,A.S.D. AZZURRA MARINER,Calcio (a 11),Calcio
coni:124272,124272,POLISPORTIVA GALATEA ASSOCIAZIONE SPORTIVA DILETTANTISTICA,Calcio (a 11),Calcio
coni:12430,12430,ASD BOYS & GIRLS CALCIO,Calcio (a 11),Calcio
coni:124303,124303,UNIONE SPORTIVA ANNONESE,Calcio (a 11),Calcio
coni:12431,12431,A.S.D. BADIA A ROTI CALCIO,Calcio (a 11),Calcio
coni:12433,12433,"A.S.D. S.S. ""GIUSEPPE SICONOLFI""",Calcio (a 11),Calcio
coni:124597,124597,A.S.D. FUTURA SEGRATE,Calcio (a 11),Calcio
coni:124597,124597,A.S.D. FUTURA SEGRATE,Calcio (a 7),Calcio
coni:124608,124608,A.S.D. GAR REBAUDENGO,Calcio (a 11),Calcio
coni:124609,124609,VIGOR MILANO A.S.D.,Calcio (a 11),Calcio
coni:124614,124614,A.S.D. CITTA' DI BISACQUINO,Futsal (calcio da sala - calcio a 5),Futsal
coni:124619,124619,U.S. PETRONA' 1980,Calcio (a 11),Calcio
coni:124622,124622,A.S.D. NAUSICAA CALCIO A 5,Futsal (calcio da sala - calcio a 5),Futsal
coni:124624,124624,A.S.D. SERSALESE,Calcio (a 11),Calcio
coni:124625,124625,ASD ESPERANZA CATANZARO,Calcio (a 11),Calcio
coni:124626,124626,A.S.D. SERSALE CALCIO 1975,Calcio (a 11),Calcio
coni:124627,124627,A.S.D. CATANZARO LIDO 2004,Calcio (a 11),Calcio
coni:124627,124627,A.S.D. CATANZARO LIDO 2004,Futsal (calcio da sala - calcio a 5),Futsal
coni:124627,124627,A.S.D. CATANZARO LIDO 2004,Calcio (a 7),Calcio
coni:124633,124633,A.S.D. FRANCESCO VERDOLIVA,Calcio (a 11),Calcio
coni:124634,124634,A.S.D. AMARONI 08,Calcio (a 11),Calcio
coni:124642,124642,ASSOCIAZIONE SPORTIVA DILETTANTISTICA ZIBIDO SAN GIACOMO,Calcio (a 11),Calcio
coni:124643,124643,A.S. VILLAPIZZONE C.D.A.,Calcio (a 11),Calcio
coni:124643,124643,A.S. VILLAPIZZONE C.D.A.,Calcio (a 7),Calcio
coni:12465,12465,GRUPPO SPORTIVO CALCIO POLISPORTIVA MADONNINA ASSOCIAZIONE SPORTIVA DILETTANTISTICA,Calcio (a 11),Calcio
coni:12465,12465,GRUPPO SPORTIVO CALCIO POLISPORTIVA MADONNINA ASSOCIAZIONE SPORTIVA DILETTANTISTICA,Calcio (a 7),Calcio
coni:124654,124654,A.S.D.S. NICOLA CHIARAVALLE SOVERATO,Calcio (a 11),Calcio
coni:124654,124654,A.S.D.S. NICOLA CHIARAVALLE SOVERATO,Calcio (a 8),Calcio
coni:124654,124654,A.S.D.S. NICOLA CHIARAVALLE SOVERATO,Beach Soccer,Calcio
coni:124654,124654,A.S.D.S. NICOLA CHIARAVALLE SOVERATO,Futsal (calcio da sala - calcio a 5),Futsal
coni:124654,124654,A.S.D.S. NICOLA CHIARAVALLE SOVERATO,Calcio (a 7),Calcio
coni:124686,124686,A.S.D. THE WOLF SOCCER 2016,Calcio (a 11),Calcio
coni:124692,124692,A.S.D. REAL BACOLI SIBILLA,Calcio (a 11),Calcio
coni:124700,124700,A.S.D. SIANO CALCIO 2017,Calcio (a 11),Calcio
coni:124705,124705,A.S.D. UNITED FC WEMBLEY,Calcio (a 11),Calcio
coni:124705,124705,A.S.D. UNITED FC WEMBLEY,Calcio (a 8),Calcio
coni:124705,124705,A.S.D. UNITED FC WEMBLEY,Futsal (calcio da sala - calcio a 5),Futsal
coni:124705,124705,A.S.D. UNITED FC WEMBLEY,Calcio (a 7),Calcio
coni:124708,124708,A.S.D.ARENZANO FOOTBALL CLUB,Calcio (a 11),Calcio
coni:124708,124708,A.S.D.ARENZANO FOOTBALL CLUB,Futsal (calcio da sala - calcio a 5),Futsal
coni:124708,124708,A.S.D.ARENZANO FOOTBALL CLUB,Calcio (a 7),Calcio
coni:124713,124713,A.S.D. ATLETICO SAN MARCO,Calcio (a 11),Calcio
coni:124725,124725,"ASSOCIAZIONE POL. DIL. ""CITTA' DI MISTRETTA""",Calcio (a 11),Calcio
coni:124727,124727,ASS. POLISPORTIVA A.C.R. CASTELLUCCESE,Calcio (a 11),Calcio
coni:124739,124739,A.S.D.DEPORITVO JUNIOR,Calcio (a 11),Calcio
coni:124741,124741,A.S.D. ATLETICO TORREMAGGIORE 2020,Calcio (a 11),Calcio
coni:124743,124743,ASSOCIAZIONE POLISPORTIVA DILETTANTISTICA ATLETICO SAN VALENTINO TORIO,Calcio (a 11),Calcio
coni:12475,12475,POLISPORTIVA DILETTANTISTICA O.S.G.B. MERATE,Calcio (a 11),Calcio
coni:12475,12475,POLISPORTIVA DILETTANTISTICA O.S.G.B. MERATE,Calcio (a 7),Calcio
coni:12475,12475,POLISPORTIVA DILETTANTISTICA O.S.G.B. MERATE,Pallavolo,Volley
coni:124758,124758,ASD VILLAROMAGNANO CALCIO,Calcio (a 11),Calcio
coni:124763,124763,G.S. JUVENTUS CLUB NOVARA A.S.D.,Calcio (a 11),Calcio
coni:124764,124764,A.S.D. TARCENTINA CALCIO,Calcio (a 11),Calcio
coni:124765,124765,A.S.D.AZZURRA PREMARIACCO,Calcio (a 11),Calcio
coni:124766,124766,A.S.D. BUTTRIO,Calcio (a 11),Calcio
coni:124767,124767,UNIONE POLISPORTIVA DILETTANTISTICA TUORO,Calcio (a 11),Calcio
coni:124767,124767,UNIONE POLISPORTIVA DILETTANTISTICA TUORO,Futsal (calcio da sala - calcio a 5),Futsal
coni:124773,124773,POLISPORTIVA AMATORI BONFERRARO A.S.D.,Calcio (a 11),Calcio
coni:124777,124777,A.C.D. AURORA MARCHESINO,Calcio (a 11),Calcio
coni:124786,124786,A.S.D. CAMPANARAZZU,Calcio (a 11),Calcio
coni:124801,124801,ASD HOLIMPIA C5,Futsal (calcio da sala - calcio a 5),Futsal
coni:124801,124801,ASD HOLIMPIA C5,Calcio (a 7),Calcio
coni:124804,124804,ASD AUDAX SAN SEVERO,Calcio (a 11),Calcio
coni:124805,124805,ASD F.C. FENIX,Calcio (a 11),Calcio
coni:124805,124805,ASD F.C. FENIX,Calcio (a 8),Calcio
coni:124805,124805,ASD F.C. FENIX,Futsal (calcio da sala - calcio a 5),Futsal
coni:124805,124805,ASD F.C. FENIX,Calcio (a 7),Calcio
coni:124810,124810,A.S.D. BOLOTANESE,Calcio (a 11),Calcio
coni:124817,124817,A.S.D.CAPITIGNANO 1986,Calcio (a 11),Calcio
coni:124822,124822,SV ATLETICO AGROPOLI,Calcio (a 11),Calcio
coni:124831,124831,SUPERSANTOS ASD,Calcio (a 11),Calcio
coni:124832,124832,ASSOCIAZIONE POLISPORTIVA GIOVINE ASCEA ASD,Futsal (calcio da sala - calcio a 5),Futsal
coni:124832,124832,ASSOCIAZIONE POLISPORTIVA GIOVINE ASCEA ASD,Calcio (a 11),Calcio
coni:124832,124832,ASSOCIAZIONE POLISPORTIVA GIOVINE ASCEA ASD,Calcio (a 8),Calcio
coni:124832,124832,ASSOCIAZIONE POLISPORTIVA GIOVINE ASCEA ASD,Calcio (a 7),Calcio
coni:124834,124834,A.S.D. GRAVELLONA SAN PIETRO,Calcio (a 11),Calcio
coni:124835,124835,MINERVA C/5,Futsal (calcio da sala - calcio a 5),Futsal
coni:124845,124845,A.S.D. UNIONE SPORTIVA OLLOLAI,Calcio (a 11),Calcio
coni:124847,124847,A.S.D. S.ROCCO 80,Calcio (a 11),Calcio
coni:124847,124847,A.S.D. S.ROCCO 80,Pallacanestro,Basket
coni:124850,124850,"A.S.D. ""S.S.D. CALCIO DECIMOPUTZU""",Calcio (a 11),Calcio
coni:124851,124851,A.S.D. F.C.D. PULA,Calcio (a 11),Calcio
coni:124867,124867,A.C.D. BAIANO,Calcio (a 11),Calcio
coni:124871,124871,ASD REAL SERINO 2016,Calcio (a 11),Calcio
coni:124887,124887,ASSOC. SPORT. DILETT. A.C.D. FEMMINILE TABIAGO,Calcio (a 11),Calcio
coni:124889,124889,APD SOMMATINESE CALCIO,Calcio (a 11),Calcio
coni:124890,124890,A.S.D. GIOVANI CALCIATORI GROSSE,Calcio (a 11),Calcio
coni:124890,124890,A.S.D. GIOVANI CALCIATORI GROSSE,Calcio (a 8),Calcio
coni:124890,124890,A.S.D. GIOVANI CALCIATORI GROSSE,Futsal (calcio da sala - calcio a 5),Futsal
coni:124890,124890,A.S.D. GIOVANI CALCIATORI GROSSE,Calcio (a 7),Calcio
coni:124891,124891,A.S.D. TORINGHESE CALCIO A5,Futsal (calcio da sala - calcio a 5),Futsal
coni:124893,124893,BENEVENTO 5 SOCIETA SPORTIVA DILETTANTISTICA A R.L.,Futsal (calcio da sala - calcio a 5),Futsal
coni:124893,124893,BENEVENTO 5 SOCIETA SPORTIVA DILETTANTISTICA A R.L.,Calcio (a 11),Calcio
coni:124893,124893,BENEVENTO 5 SOCIETA SPORTIVA DILETTANTISTICA A R.L.,Calcio (a 8),Calcio
coni:124893,124893,BENEVENTO 5 SOCIETA SPORTIVA DILETTANTISTICA A R.L.,Calcio (a 7),Calcio
coni:124898,124898,ASD VIRTUS SAN GENNARELLO,Calcio (a 11),Calcio
coni:124898,124898,ASD VIRTUS SAN GENNARELLO,Futsal (calcio da sala - calcio a 5),Futsal
coni:124898,124898,ASD VIRTUS SAN GENNARELLO,Calcio (a 8),Calcio
coni:124898,124898,ASD VIRTUS SAN GENNARELLO,Calcio (a 7),Calcio
coni:124901,124901,A.S.D. CICCIANO,Calcio (a 11),Calcio
coni:124906,124906,ASSOCIAZIONE SPORTIVA DILETTANTISTICA POLISPORTIVA JUVENTINA CIRCELLO,Calcio (a 11),Calcio
coni:124911,124911,ASSOCIAZIONE SPORTIVA DILETTANTISTICA SANDRO ABATE FIVE SOCCER,Futsal (calcio da sala - calcio a 5),Futsal
coni:124918,124918,ASSOCIAZIONE SPORTIVA DILETTANTISTICA RAFFAELE NICASTRO,Calcio (a 11),Calcio
coni:124919,124919,"ASSOCIAZIONE SPORTIVA DILETTANTISTICA ""POL D.AUDACE DECOLLATURA""",Calcio (a 11),Calcio
coni:124925,124925,A.S.D. TIGER NOVI,Calcio (a 11),Calcio
coni:124927,124927,ASSOCIAZIONE SPORTIVA DILETTANTISTICA NEW RANDAZZO,Calcio (a 11),Calcio
coni:124927,124927,ASSOCIAZIONE SPORTIVA DILETTANTISTICA NEW RANDAZZO,Calcio (a 7),Calcio
coni:124927,124927,ASSOCIAZIONE SPORTIVA DILETTANTISTICA NEW RANDAZZO,Pallavolo,Volley
coni:124927,124927,ASSOCIAZIONE SPORTIVA DILETTANTISTICA NEW RANDAZZO,Calcio (a 8),Calcio
coni:124927,124927,ASSOCIAZIONE SPORTIVA DILETTANTISTICA NEW RANDAZZO,Futsal (calcio da sala - calcio a 5),Futsal
coni:124930,124930,SCANNO CALCIO A 5,Futsal (calcio da sala - calcio a 5),Futsal
coni:124933,124933,"ASSOCIAZIONE SPORTIVA DILETTANTISTICA CURINGA""A.S.D. CURIGA""",Calcio (a 11),Calcio
coni:124933,124933,"ASSOCIAZIONE SPORTIVA DILETTANTISTICA CURINGA""A.S.D. CURIGA""",Futsal (calcio da sala - calcio a 5),Futsal
coni:124934,124934,ASD CALCIO A 5 JANO TROMBATORE,Futsal (calcio da sala - calcio a 5),Futsal
coni:124934,124934,ASD CALCIO A 5 JANO TROMBATORE,Pallavolo,Volley
coni:124935,124935,ASD CITTA' DI ROSOLINI C5,Futsal (calcio da sala - calcio a 5),Futsal
coni:124935,124935,ASD CITTA' DI ROSOLINI C5,Calcio (a 11),Calcio
coni:124953,124953,U.S.D. ROCCHETTESE,Calcio (a 11),Calcio
coni:124954,124954,UNIONE SPORTIVA DILETTANTISTICA SAN ZACCARIA,Calcio (a 11),Calcio
coni:124954,124954,UNIONE SPORTIVA DILETTANTISTICA SAN ZACCARIA,Futsal (calcio da sala - calcio a 5),Futsal
coni:124954,124954,UNIONE SPORTIVA DILETTANTISTICA SAN ZACCARIA,Pallavolo,Volley
coni:124956,124956,P.G.S. VIGOR DON BOSCO ASD CALCIO,Calcio (a 11),Calcio
coni:124956,124956,P.G.S. VIGOR DON BOSCO ASD CALCIO,Calcio (a 8),Calcio
coni:124956,124956,P.G.S. VIGOR DON BOSCO ASD CALCIO,Calcio (a 7),Calcio
coni:124958,124958,ASSOCIAZIONE SPORTIVA LA CERVO,Calcio (a 11),Calcio
coni:124962,124962,ASD TRIGNO CELENZA,Calcio (a 11),Calcio
coni:124969,124969,ASSOCIAZIONE SPORTIVA DILETTANTISTICA LOKOMOTIV,Calcio (a 11),Calcio
coni:124975,124975,A.S.D. LITTORIANA FUTSAL C.5,Futsal (calcio da sala - calcio a 5),Futsal
coni:124984,124984,PENNE 1920 SOCIETA' SPORTIVA DILETTANTISTICA A R.L.,Calcio (a 11),Calcio
coni:124987,124987,POL. DIL. PIANELLA 2012,Calcio (a 11),Calcio
coni:124988,124988,RAPID ASSOCIAZIONE SPORTIVA DILETTANTISTICA,Calcio (a 11),Calcio
coni:124990,124990,A.S.D. NORMA,Calcio (a 11),Calcio
coni:124991,124991,A.S.D. PRO MONTESILVANO,Calcio (a 11),Calcio
coni:124994,124994,A.S.D. CALCIO BANNIA,Calcio (a 11),Calcio
coni:124997,124997,A.S.D LEONESSE WHITE,Calcio (a 11),Calcio
coni:124997,124997,A.S.D LEONESSE WHITE,Futsal (calcio da sala - calcio a 5),Futsal
coni:125007,125007,A.S.D. SPORTING PETACCIATO,Calcio (a 11),Calcio
coni:125009,125009,ZB IRON BRIDGE,Futsal (calcio da sala - calcio a 5),Futsal
coni:125010,125010,ASSOCIAZIONE SPORTIVA DILETTANTISTIVA FUNTANALIRAS MONTI,Calcio (a 11),Calcio
coni:125012,125012,A.S.D. AUDAX PADRU,Calcio (a 11),Calcio
coni:125021,125021,ASD GIOVANILI SALSO CALCIO,Calcio (a 11),Calcio
coni:125024,125024,DINAMIS F.C. ASD,Calcio (a 11),Calcio
coni:125025,125025,A.S.D. MONTEPRANDONE,Calcio (a 11),Calcio
coni:125026,125026,BADESI '09 - ASSOCIAZIONE SPORTIVA DILETTANTISTICA,Calcio (a 11),Calcio
coni:125026,125026,BADESI '09 - ASSOCIAZIONE SPORTIVA DILETTANTISTICA,Futsal (calcio da sala - calcio a 5),Futsal
coni:125026,125026,BADESI '09 - ASSOCIAZIONE SPORTIVA DILETTANTISTICA,Calcio (a 7),Calcio
coni:125028,125028,SS ADRIATICA CAMPOMARINO,Calcio (a 11),Calcio
coni:125028,125028,SS ADRIATICA CAMPOMARINO,Calcio (a 8),Calcio
coni:125028,125028,SS ADRIATICA CAMPOMARINO,Futsal (calcio da sala - calcio a 5),Futsal
coni:125028,125028,SS ADRIATICA CAMPOMARINO,Calcio (a 7),Calcio
coni:125038,125038,ASD BELMONTE CALCIO,Calcio (a 11),Calcio
coni:125043,125043,A.S.D. LIBERTAS SAN CORRADO,Calcio (a 11),Calcio
coni:125044,125044,ASSOCIAZIONE SPORTIVA DILETTANTISTICA GESTURI FOOTBALL CLUB,Calcio (a 11),Calcio
coni:125045,125045,ASSOCIAZIONE POLISPORTIVA DILETTANTISTICA ARGYRIUM,Futsal (calcio da sala - calcio a 5),Futsal
coni:125047,125047,ASSOCIAZIONE SPORTIVA DILETTANTISTICA USSANA CALCIO,Calcio (a 11),Calcio
coni:12505,12505,SAN FREDIANO CALCIO ASD,Calcio (a 11),Calcio
coni:12505,12505,SAN FREDIANO CALCIO ASD,Futsal (calcio da sala - calcio a 5),Futsal
coni:125050,125050,A.D.S. CAPALBIO CALCIO,Calcio (a 11),Calcio
coni:125052,125052,A.S.D. FUTSAL VILLASOR,Futsal (calcio da sala - calcio a 5),Futsal
coni:125053,125053,A.S.D. ACADEMY SORA CALCIO,Calcio (a 11),Calcio
coni:125056,125056,ASD ARTEN,Calcio (a 11),Calcio
coni:125056,125056,ASD ARTEN,Calcio (a 8),Calcio
coni:125056,125056,ASD ARTEN,Beach Soccer,Calcio
coni:125056,125056,ASD ARTEN,Futsal (calcio da sala - calcio a 5),Futsal
coni:125056,125056,ASD ARTEN,Calcio (a 7),Calcio
coni:12506,12506,"ASSOCIAZIONE SPORTIVA DILETTANTISTICA "" GNANO 04""",Futsal (calcio da sala - calcio a 5),Futsal
coni:125061,125061,A.S.D. ACADEMY PROCIDA,Calcio (a 11),Calcio
coni:125064,125064,A.S.D. CASTOR 1977,Calcio (a 11),Calcio
coni:125077,125077,A.C. ARDOR LAZZATE ASSOCIAZIONE SPORTIVA DILETTANTISTICA,Calcio (a 11),Calcio
coni:125092,125092,POLISPORTIVA POGGIO SAN MARCELLO ASSOCIAZIONE SPORTIVA DILETTANTISTICA,Calcio (a 11),Calcio
coni:125095,125095,FOOTBALL CLUB DILETTANTISTICO PALAGIANELLO,Calcio (a 11),Calcio
coni:125100,125100,UNIONE SPORTIVA DILETTANTISTICA FOSSO',Calcio (a 11),Calcio
coni:125111,125111,A.S.D. SCAFATI SANTA MARIA C5,Futsal (calcio da sala - calcio a 5),Futsal
coni:125111,125111,A.S.D. SCAFATI SANTA MARIA C5,Calcio (a 7),Calcio
coni:125114,125114,A.S.D. ATLETICO CANTALICE,Calcio (a 11),Calcio
coni:125119,125119,A.S.D. OSPEDALETTI CALCIO,Calcio (a 11),Calcio
coni:125126,125126,A.S.D. ACD ZAFFERANA,Calcio (a 11),Calcio
coni:125126,125126,A.S.D. ACD ZAFFERANA,Calcio (a 8),Calcio
coni:125126,125126,A.S.D. ACD ZAFFERANA,Futsal (calcio da sala - calcio a 5),Futsal
coni:125126,125126,A.S.D. ACD ZAFFERANA,Calcio (a 7),Calcio
coni:12513,12513,A.S.D. VOLTESI,Calcio (a 11),Calcio
coni:125140,125140,A.S.D. SANTA GIUSTA CALCIO,Calcio (a 11),Calcio
coni:125151,125151,A.S.D. GIOVENTU' CALCIO RUFFANO,Calcio (a 11),Calcio
coni:125153,125153,ASSOCIAZIONE SPORTIVA DILETTANTISTICA SANT'ANNA,Calcio (a 11),Calcio
coni:125159,125159,A.S.D. SOCCER ACCADEMY CERIGNOLA,Calcio (a 11),Calcio
coni:125159,125159,A.S.D. SOCCER ACCADEMY CERIGNOLA,Calcio (a 8),Calcio
coni:125159,125159,A.S.D. SOCCER ACCADEMY CERIGNOLA,Futsal (calcio da sala - calcio a 5),Futsal
coni:125159,125159,A.S.D. SOCCER ACCADEMY CERIGNOLA,Calcio (a 7),Calcio
coni:125167,125167,U.S. FAELLESE A.S.D.,Calcio (a 11),Calcio
coni:125167,125167,U.S. FAELLESE A.S.D.,Calcio (a 8),Calcio
coni:125167,125167,U.S. FAELLESE A.S.D.,Futsal (calcio da sala - calcio a 5),Futsal
coni:125167,125167,U.S. FAELLESE A.S.D.,Calcio (a 7),Calcio
coni:125168,125168,A.S.D. BUTERESE,Calcio (a 11),Calcio
coni:125171,125171,F.C. BORGHETTO 1968 A.S.D.,Calcio (a 11),Calcio
coni:125171,125171,F.C. BORGHETTO 1968 A.S.D.,Calcio (a 7),Calcio
coni:125176,125176,A.S.D. CETONA 1928,Calcio (a 11),Calcio
coni:125181,125181,A.S.D. MELAS,Calcio (a 11),Calcio
coni:125188,125188,GSD SAN LAZZARO LUNENSE,Calcio (a 11),Calcio
coni:125192,125192,A.S.D. CASTEL BARONIA 2017,Futsal (calcio da sala - calcio a 5),Futsal
coni:125195,125195,A.S.D. LIONS GROTTA,Calcio (a 11),Calcio
coni:125201,125201,A.S.D VILLASMUNDO,Futsal (calcio da sala - calcio a 5),Futsal
coni:125202,125202,UNIONE SPORTIVA DILETTANTISTICA ROCCA SAN FELICE,Calcio (a 11),Calcio
coni:125205,125205,A.S.D. CITTA' DI CAMPAGNA 1919,Calcio (a 11),Calcio
coni:125206,125206,A.S.D.BONDANELLO C5,Futsal (calcio da sala - calcio a 5),Futsal
coni:125208,125208,A.S.D. CITTA DI MELILLI CALCIO A 5,Futsal (calcio da sala - calcio a 5),Futsal
coni:125214,125214,POLISPORTIVA ISCHIA DI CASTRO,Calcio (a 11),Calcio
coni:125215,125215,ASSOCIAZIONE SOCIALE SPORTIVA DILETTANTISTICA ARCOBALENO ISPICA,Futsal (calcio da sala - calcio a 5),Futsal
coni:125216,125216,ASD FICARAZZI C/5,Futsal (calcio da sala - calcio a 5),Futsal
coni:125221,125221,ASSOCIAZIONE SPORTIVA DILETTANTISTICA G.S. CADEO CALCIO,Calcio (a 11),Calcio
coni:125223,125223,ASSOCIAZIONE SPORTIVA DILETTANTISTICA MALCESINE CALCIO,Calcio (a 11),Calcio
coni:125225,125225,U.S. MARCALLESE A.S.D.,Calcio (a 11),Calcio
coni:125226,125226,A.S.D. OMEGNA CALCIO 1906,Calcio (a 11),Calcio
coni:125226,125226,A.S.D. OMEGNA CALCIO 1906,Calcio (a 7),Calcio
coni:125227,125227,BAVENO STRESA SOCIETA' SPORTIVA DILETTANTISTICA A RESPONSABILITA' LIMITATA,Calcio (a 11),Calcio
coni:125227,125227,BAVENO STRESA SOCIETA' SPORTIVA DILETTANTISTICA A RESPONSABILITA' LIMITATA,Calcio (a 7),Calcio
coni:125232,125232,A.S.D. ALUNTINA,Calcio (a 11),Calcio
coni:125236,125236,U.S.VIGNOLESE A.Q. CALCIO ASSOCIAZIONE SPORTIVA DILETTANTISTICA,Calcio (a 11),Calcio
coni:125237,125237,CORINALDO CALCIO F.C. A.S.D.,Calcio (a 11),Calcio
coni:125237,125237,CORINALDO CALCIO F.C. A.S.D.,Calcio (a 8),Calcio
coni:125237,125237,CORINALDO CALCIO F.C. A.S.D.,Futsal (calcio da sala - calcio a 5),Futsal
coni:12524,12524,ASD FORTIS AREZZO,Calcio (a 11),Calcio
coni:125240,125240,C.S.AURONZO,Calcio (a 11),Calcio
coni:125241,125241,A.S.D. TOLFA CALCIO,Calcio (a 11),Calcio
coni:125245,125245,U.S. SESTRI LEVANTE 1919 S.R.L. SPORTIVA DILETTANTISTICA,Calcio (a 11),Calcio
coni:125248,125248,A.S.D. ARTENIESE,Calcio (a 11),Calcio
coni:125250,125250,UNIONE SPORTIVA SPILIMBERGO,Calcio (a 11),Calcio
coni:125251,125251,A.S.D.PONTELUNGO 1949,Calcio (a 11),Calcio
coni:125253,125253,A.S.D. NUOVA SOC. POLISPORTIVA CHIUSI,Calcio (a 11),Calcio
coni:125253,125253,A.S.D. NUOVA SOC. POLISPORTIVA CHIUSI,Futsal (calcio da sala - calcio a 5),Futsal
coni:125254,125254,A.S.D. MONTEREALE VALCELLINA,Calcio (a 11),Calcio
coni:125257,125257,UNIONE SPORTIVA TRIVIGNANO ASSOCIAZIONE SPORTIVA DILETTANTISTICA,Calcio (a 11),Calcio
coni:125261,125261,A.S.D. MARANESE,Calcio (a 11),Calcio
coni:125263,125263,A.S.D. TERZO ASSOCIAZIONE SPORTIVA,Calcio (a 11),Calcio
coni:125265,125265,GSD MASCAGNI,Calcio (a 11),Calcio
coni:125269,125269,SOCIETA' POLISPORTIVA BUSACHESE,Calcio (a 11),Calcio
coni:125270,125270,A.S.D. GRUPPO SPORTIVO ABBASANTA,Calcio (a 11),Calcio
coni:125274,125274,ASSOCIAZIONE SPORTIVA DILETTANTISTICA CANTALICE,Calcio (a 11),Calcio
coni:125275,125275,ASSOCIAZIONE SPORTIVA DILETTANTISTICA BLESSANESE,Calcio (a 11),Calcio
coni:125278,125278,A.S.D. BERTIOLO,Calcio (a 11),Calcio
coni:125281,125281,A.S.D. GATTINARA C.F.,Calcio (a 11),Calcio
coni:125286,125286,A.S.D. POLISPORTIVA JUPITER,Calcio (a 11),Calcio
coni:125292,125292,A.S.D. VIRTUS ACLI TRECELLA,Calcio (a 11),Calcio
coni:125292,125292,A.S.D. VIRTUS ACLI TRECELLA,Calcio (a 7),Calcio
coni:125294,125294,ASSOCIAZIONE SPORTIVA DILETTANTISTICA BMS TRITIUM NEXT GEN,Calcio (a 11),Calcio
coni:125298,125298,A.S.D. ATLETICO ROBASSOMERO,Calcio (a 11),Calcio
coni:125300,125300,A.S.D. REAL CASTEL FONTANA,Futsal (calcio da sala - calcio a 5),Futsal
coni:125305,125305,A.S.D. PANCALIERICASTAGNOLE,Calcio (a 11),Calcio
coni:125307,125307,G.S.O. GRUPPO SPORTIVO ORATORIO VILLA CORTESE A.S.D.,Calcio (a 11),Calcio
coni:125314,125314,CIMIANO CALCIO SOCIETA' SPORTIVA DILETTANTISTICA A RESPONSABILITA' LIMITATA,Calcio (a 11),Calcio
coni:125315,125315,ASSOCIAZIONE ITALIANA CULTURA E SPORT OLMI-MUGGIANO - SOCIETA' COOPERATIVA SPORTIVA DILETTANTI STICA,Calcio (a 11),Calcio
coni:12532,12532,A.S.D. INTER CLUB PARMA,Calcio (a 11),Calcio
coni:12532,12532,A.S.D. INTER CLUB PARMA,Futsal (calcio da sala - calcio a 5),Futsal
coni:12532,12532,A.S.D. INTER CLUB PARMA,Calcio (a 7),Calcio
coni:125324,125324,A.S.D. CAMPANIA PUTEOLANA,Calcio (a 11),Calcio
coni:125324,125324,A.S.D. CAMPANIA PUTEOLANA,Calcio (a 8),Calcio
coni:125324,125324,A.S.D. CAMPANIA PUTEOLANA,Beach Soccer,Calcio
coni:125324,125324,A.S.D. CAMPANIA PUTEOLANA,Futsal (calcio da sala - calcio a 5),Futsal
coni:125324,125324,A.S.D. CAMPANIA PUTEOLANA,Calcio (a 7),Calcio
coni:125343,125343,Associazione Sportiva Dilettantistica Calcio Mottese,Calcio (a 11),Calcio
coni:125345,125345,A.S.D. ACCADEMIA CALCIO MONOPOLI,Calcio (a 11),Calcio
coni:125345,125345,A.S.D. ACCADEMIA CALCIO MONOPOLI,Calcio (a 8),Calcio
coni:125345,125345,A.S.D. ACCADEMIA CALCIO MONOPOLI,Futsal (calcio da sala - calcio a 5),Futsal
coni:125345,125345,A.S.D. ACCADEMIA CALCIO MONOPOLI,Calcio (a 7),Calcio
coni:125347,125347,MARIANO KELLER - S.S.D. A R.L.,Calcio (a 11),Calcio
coni:125357,125357,ASD FUTSAL BARLETTA ASS.SPORT.DILETT.,Futsal (calcio da sala - calcio a 5),Futsal
coni:125357,125357,ASD FUTSAL BARLETTA ASS.SPORT.DILETT.,Calcio (a 11),Calcio
coni:125361,125361,ASSOCIAZIONE SPORTIVA GREZZAGO,Calcio (a 11),Calcio
coni:125361,125361,ASSOCIAZIONE SPORTIVA GREZZAGO,Calcio (a 7),Calcio
coni:125363,125363,ASSOCIAZIONE SPORTIVA DILETTANTISTICA ASD CERTALDESE GIOVANI,Calcio (a 11),Calcio
coni:125366,125366,ASD LA VISCHESE ASSOCIAZIONE SPORTIVA DILETTANTISTICA,Calcio (a 11),Calcio
coni:125367,125367,ASD SANTERAMO CALCIO,Calcio (a 11),Calcio
coni:125367,125367,ASD SANTERAMO CALCIO,Calcio (a 8),Calcio
coni:125367,125367,ASD SANTERAMO CALCIO,Futsal (calcio da sala - calcio a 5),Futsal
coni:125367,125367,ASD SANTERAMO CALCIO,Calcio (a 7),Calcio
coni:125368,125368,A.S.D. SPORTING TERMINI,Calcio (a 11),Calcio
coni:125371,125371,A.S.D. LANUVIO CAMPOLEONE,Calcio (a 11),Calcio
coni:125375,125375,ASSOCIAZIONE SPORTIVA DILETTANTISTICA NEXT GEN VICO SOCCER 2023,Calcio (a 11),Calcio
coni:125379,125379,A.S.D. POLISPORTIVA B.CHIANOCCO,Calcio (a 11),Calcio
coni:125382,125382,U.S.C. MONTELUPO ASD,Calcio (a 11),Calcio
coni:125386,125386,A.S.D. ALBULA,Calcio (a 11),Calcio
coni:125388,125388,A.S.D. U.S. AGROPOLI 1921,Calcio (a 11),Calcio
coni:125408,125408,A.C. BRACIGLIANO,Calcio (a 11),Calcio
coni:125415,125415,LA DOZZA CASALECCHIO 1921 ASSOCIAZIONE SPORTIVA DI,Calcio (a 11),Calcio
coni:125416,125416,ASSOCIAZIONE SPORTIVA DILETTANTISTICA ENERGY SAVING FUTSAL,Futsal (calcio da sala - calcio a 5),Futsal
coni:125417,125417,A.S.D. COMUN NUOVO,Calcio (a 11),Calcio
coni:125417,125417,A.S.D. COMUN NUOVO,Futsal (calcio da sala - calcio a 5),Futsal
coni:125417,125417,A.S.D. COMUN NUOVO,Calcio (a 7),Calcio
coni:125421,125421,ASSOCIAZIONE CALCIO CASIER DOSSON ASSOCIAZIONE SPORTIVA DILETTANTISTICA,Calcio (a 11),Calcio
coni:125422,125422,LIBERTAS GHEPARD CALCIO 1974 ASSOCIA.SPORTIVA DILETTANTISTICA,Calcio (a 11),Calcio
coni:125422,125422,LIBERTAS GHEPARD CALCIO 1974 ASSOCIA.SPORTIVA DILETTANTISTICA,Futsal (calcio da sala - calcio a 5),Futsal
coni:125428,125428,A.S.D. FORESTO SP. SEN ACADEMY,Calcio (a 11),Calcio
coni:125432,125432,F.C.D. VIS NOVAFELTRIA CALCIO,Calcio (a 11),Calcio
coni:125433,125433,F.C.D. BURECORRUBIO ASSOCIAZIONE DILETTANTISTICA,Calcio (a 11),Calcio
coni:125434,125434,A.S.D. JUVENILIA IMOLA,Calcio (a 11),Calcio
coni:125434,125434,A.S.D. JUVENILIA IMOLA,Calcio (a 7),Calcio
coni:125436,125436,A.S.D. NAPOLEONICA,Calcio (a 11),Calcio
coni:125447,125447,CENTRO GIOVANILE A.S.D. PROMOSPORT,Calcio (a 11),Calcio
coni:125447,125447,CENTRO GIOVANILE A.S.D. PROMOSPORT,Calcio (a 8),Calcio
coni:125447,125447,CENTRO GIOVANILE A.S.D. PROMOSPORT,Calcio (a 7),Calcio
coni:12545,12545,ASSOCIAZIONE SPORTIVA DILETTANTISTICA POLISPORTIVA ORATORIO S.TOMASO,Calcio (a 11),Calcio
coni:12545,12545,ASSOCIAZIONE SPORTIVA DILETTANTISTICA POLISPORTIVA ORATORIO S.TOMASO,Pallavolo,Volley
coni:125453,125453,A.S.D. NOCERA UMBRA 2017,Calcio (a 11),Calcio
coni:125453,125453,A.S.D. NOCERA UMBRA 2017,Futsal (calcio da sala - calcio a 5),Futsal
coni:125455,125455,TORGIANO CALCIO SSD A R.L.,Calcio (a 11),Calcio
coni:125455,125455,TORGIANO CALCIO SSD A R.L.,Futsal (calcio da sala - calcio a 5),Futsal
coni:125458,125458,ASSOCIAZIONE CALCISTICA DILETTANTISTICA SAN COSTANTINO CALABRO,Calcio (a 11),Calcio
coni:125459,125459,A.S.D. GIOVENTU' SARROCH,Calcio (a 11),Calcio
coni:125461,125461,A.S.D VALLESTURA CALCIO,Calcio (a 11),Calcio
coni:125464,125464,A.S.D. ACCADEMIA RUDIANESE,Calcio (a 11),Calcio
coni:125464,125464,A.S.D. ACCADEMIA RUDIANESE,Calcio (a 7),Calcio
coni:125479,125479,ASS. CALC.DIL.BELVEDERE,Calcio (a 11),Calcio
coni:125483,125483,A.C.D.ALTOBELLO BARCHE,Calcio (a 11),Calcio
coni:125498,125498,A.S.D. IDEAL CLUB INCISA,Calcio (a 11),Calcio
coni:125500,125500,MONIEGO CALCIO DILETTANTISTICO,Futsal (calcio da sala - calcio a 5),Futsal
coni:125508,125508,SOCIETA' SPORTIVA DILETT. U.S. TERRE DI CASTELLI 1907 S.R.L.,Calcio (a 11),Calcio
coni:125510,125510,A.C.D. MONEGLIA,Calcio (a 11),Calcio
coni:125515,125515,ASD LEONARDO,Futsal (calcio da sala - calcio a 5),Futsal
coni:125518,125518,ASSOCIAZIONE SPORTIVA DILETTANTISTICA UNIONE SPORTIVA LUNAMATRONA,Calcio (a 11),Calcio
coni:125522,125522,A.S.D. SAN CIPRIANO,Calcio (a 11),Calcio
coni:125524,125524,ASSOCIAZIONE CALCIO DILETTANTISTICA 'ASD CITTA DI MAENZA',Calcio (a 11),Calcio
coni:125524,125524,ASSOCIAZIONE CALCIO DILETTANTISTICA 'ASD CITTA DI MAENZA',Futsal (calcio da sala - calcio a 5),Futsal
coni:125524,125524,ASSOCIAZIONE CALCIO DILETTANTISTICA 'ASD CITTA DI MAENZA',Calcio (a 7),Calcio
coni:125535,125535,A.S.D. F.C. SAN SEBASTIANO,Calcio (a 11),Calcio
coni:125540,125540,ASD CASSINO CALCIO 1924,Calcio (a 11),Calcio
coni:125544,125544,ASSOCIAZIONE SPORTIVA DILETTANTISTICA US SERRASTRETTA,Calcio (a 11),Calcio
coni:125547,125547,A.S.D. FABRIANO CERRETO,Calcio (a 11),Calcio
coni:125549,125549,A.S.D. CALCETTO CLARK UDINE,Futsal (calcio da sala - calcio a 5),Futsal
coni:125566,125566,AC ZEVIO 1925 ASD,Calcio (a 11),Calcio
coni:125569,125569,ASSOCIAZIONE SPORTIVA DILETTANTI REAL JUNIOR,Calcio (a 11),Calcio
coni:125583,125583,ACADEMY C.F.C. S.R.L.- SOCIETA' SPORTIVA DILETTANTISTICA,Calcio (a 11),Calcio
coni:125584,125584,ASD POLE CALCIO,Calcio (a 11),Calcio
coni:125586,125586,UNIONE POLISPORTIVA VAL DI PIERLE,Calcio (a 11),Calcio
coni:125586,125586,UNIONE POLISPORTIVA VAL DI PIERLE,Calcio (a 7),Calcio
coni:125588,125588,ASSOCIAZIONE POLISPORTIVA DILETTANTISTICA SERENZA-CARROCCIO,Calcio (a 7),Calcio
coni:125588,125588,ASSOCIAZIONE POLISPORTIVA DILETTANTISTICA SERENZA-CARROCCIO,Calcio (a 11),Calcio
coni:125592,125592,A.P.D. COLLE 2006,Calcio (a 11),Calcio
coni:125595,125595,ASSOCIAZIONE CALCIO DILETTANTISTICA CASNIGO,Calcio (a 11),Calcio
coni:125599,125599,A.S.D. TIGROTTI MORRA,Calcio (a 11),Calcio
coni:1256,1256,ENJOY VALTELLINA ASSOCIAZIONE SPORTIVA DILETTANTISTICA,Futsal (calcio da sala - calcio a 5),Futsal
coni:1256,1256,ENJOY VALTELLINA ASSOCIAZIONE SPORTIVA DILETTANTISTICA,Calcio (a 11),Calcio
coni:1256,1256,ENJOY VALTELLINA ASSOCIAZIONE SPORTIVA DILETTANTISTICA,Pallavolo,Volley
coni:125600,125600,A.S.D. SAN TEODORO KETZMAJA,Calcio (a 11),Calcio
coni:125603,125603,ASSOCIAZIONE POLISPORTIVA DILETTANTISTICA ANCONA WOMEN RESPECT 2001,Calcio (a 11),Calcio
coni:125604,125604,G.S.D. ISSESE,Calcio (a 11),Calcio
coni:125605,125605,ASSOCIAZIONE SPORTIVA DILETTANTISTICA CALCIO MARENE,Calcio (a 11),Calcio
coni:125610,125610,ASSOCIAZIONE SPORTIVA DILETTANTISTICA VALDUGGIA CALC,Calcio (a 11),Calcio
coni:125618,125618,A.C.SARAGOZZA ASSOCIAZIONE SPORTIVA DILETTANTISTICA,Calcio (a 11),Calcio
coni:125620,125620,A.S.D.ATLETICO MADDALENA 2009,Calcio (a 11),Calcio
coni:125621,125621,A.S.D. FIUMICELLO 2004,Calcio (a 11),Calcio
coni:125623,125623,A.S.D. CASENUOVE,Futsal (calcio da sala - calcio a 5),Futsal
coni:125637,125637,F.C.D. BULGARO-FOOTBALL CLUB DILETTANTISTICO,Calcio (a 11),Calcio
coni:125639,125639,A.C. GIAVENALE ASD,Calcio (a 11),Calcio
coni:125645,125645,ASSOCIAZIONE SPORTIVA DILETTANTISTICA GARESSIO,Calcio (a 11),Calcio
coni:125648,125648,ATLETICO CASCINA ASSOCIAZIONE SPORTIVA DILETTANTISTICA,Calcio (a 11),Calcio
coni:125649,125649,ASSOCIAZIONE SPORTIVA DILETTANTISTICA FLAMINIA CIVITA CASTELLANA,Calcio (a 11),Calcio
coni:125653,125653,ASD CITTA' DI CAORLE - LA SALUTE,Calcio (a 11),Calcio
coni:125658,125658,ASSOCIAZIONE SPORTIVA DILETTANTISTICA LUPI MARINI,Calcio (a 11),Calcio
coni:125659,125659,A.S.D. RIPA TEATINA,Calcio (a 11),Calcio
coni:125660,125660,ASD ACD PRO MOLARE,Calcio (a 11),Calcio
coni:125664,125664,SAN NICCOLO' SPEDALINO CALCIO ASD,Calcio (a 11),Calcio
coni:125668,125668,U.S.D. RMANTIN,Calcio (a 11),Calcio
coni:12567,12567,ASD SPORTING TAU FUTSAL,Futsal (calcio da sala - calcio a 5),Futsal
coni:12567,12567,ASD SPORTING TAU FUTSAL,Calcio (a 7),Calcio
coni:12567,12567,ASD SPORTING TAU FUTSAL,Calcio (a 11),Calcio
coni:12567,12567,ASD SPORTING TAU FUTSAL,Calcio (a 8),Calcio
coni:125674,125674,A.S.D. FORTITUDO,Calcio (a 11),Calcio
coni:125678,125678,F.C. ZOCCA ASD,Calcio (a 11),Calcio
coni:125678,125678,F.C. ZOCCA ASD,Calcio (a 7),Calcio
coni:125682,125682,ASD CALCIO LAMA,Calcio (a 11),Calcio
coni:125682,125682,ASD CALCIO LAMA,Calcio (a 8),Calcio
coni:125682,125682,ASD CALCIO LAMA,Calcio (a 7),Calcio
coni:125682,125682,ASD CALCIO LAMA,Pallavolo,Volley
coni:125685,125685,ASSOCIAZIONE SPORTIVA DILETTANTISTICA PENNESE CALCIO,Calcio (a 11),Calcio
coni:125693,125693,ASD TRECATE CALCIO,Calcio (a 11),Calcio
coni:125695,125695,ASSOCIAZIONE SPORTIVA DILETTANTISTICA ATLETICO PORCHIA,Calcio (a 11),Calcio
coni:125697,125697,A.S. VIRTUS CISTERNA A.S.D.,Calcio (a 11),Calcio
coni:125707,125707,A.C.D. ANITRELLA,Calcio (a 11),Calcio
coni:125709,125709,ASSOCIAZIONE SPORTIVA DILETTANTISTICA TASSAROLO,Calcio (a 11),Calcio
coni:125712,125712,A.S.D. BORGO TULIERO,Calcio (a 11),Calcio
coni:125716,125716,AMICI DI STEFANO A.C. 2017 A.S.D.,Calcio (a 11),Calcio
coni:125719,125719,ASD ATLETICO LATINA,Calcio (a 11),Calcio
coni:125732,125732,ASD SAN SEVERO CALCIO 1922,Calcio (a 11),Calcio
coni:125738,125738,DELFINI BIANCAZZURRI SOCIETA' SPORTIVA DILETTANTISTICA A RESPONSA BILITA' LIMITATA,Calcio (a 11),Calcio
coni:125739,125739,SOCIETA' SPORTIVA DILETTANT. FIRENZUOLA,Calcio (a 11),Calcio
coni:125746,125746,G.S. BADALASCO A.S.D.,Calcio (a 11),Calcio
coni:125750,125750,A.S.D. CASTELLAMARE PESCARA NORD,Calcio (a 11),Calcio
coni:125751,125751,U.S. VOBARNO ASSOCIAZIONE SPORTIVA DILETTANTISTICA,Calcio (a 11),Calcio
coni:125759,125759,SOCIETA' SPORTIVA DILETTANTISTICA ATLETICO FILETTOLE,Calcio (a 11),Calcio
coni:125760,125760,ASD ATLETICO CASTIGLIONE,Calcio (a 11),Calcio
coni:125767,125767,ASD VALLE DEL FINO,Calcio (a 11),Calcio
coni:125768,125768,A.S.D.1966 CASOLI-FONTANELLE,Calcio (a 11),Calcio
coni:125769,125769,U.S. SAN FELICE A.S.D.,Calcio (a 11),Calcio
coni:125769,125769,U.S. SAN FELICE A.S.D.,Futsal (calcio da sala - calcio a 5),Futsal
coni:125772,125772,ASSOCIAZIONE SPORTIVA DILETTANTISTICA CALCIO COMUNALE BASILIANO,Calcio (a 11),Calcio
coni:125781,125781,A.S.D. CVB D'APPOLONIA,Calcio (a 11),Calcio
coni:125782,125782,A.C.D. MORDANO-BUBANO,Calcio (a 11),Calcio
coni:125786,125786,ASD ATLETICO GUBBIO,Calcio (a 11),Calcio
coni:125790,125790,ASSOCIAZIONE SPORTIVA DILETTANTISTICA CALCIO BRUSAPORTO,Calcio (a 11),Calcio
coni:125791,125791,ASSOCIAZIONE DILETTANTISTICA LIBERTAS CERRETO,Futsal (calcio da sala - calcio a 5),Futsal
coni:125791,125791,ASSOCIAZIONE DILETTANTISTICA LIBERTAS CERRETO,Calcio (a 11),Calcio
coni:125791,125791,ASSOCIAZIONE DILETTANTISTICA LIBERTAS CERRETO,Calcio (a 8),Calcio
coni:125791,125791,ASSOCIAZIONE DILETTANTISTICA LIBERTAS CERRETO,Calcio (a 7),Calcio
coni:125792,125792,USD REAL FORTE DEI MARMI - QUERCETA 1964 S.R.L. IN BREVE USD REAL FORTE - QUERCETA S.R.L.,Calcio (a 11),Calcio
coni:125796,125796,MEZZOLARA SOCIETA' SPORTIVA DILETTANTISTICA A RESPONSABILITA' LIMITATA,Calcio (a 11),Calcio
coni:125799,125799,A.S.D. MONTEREALE CALCIO 1970,Calcio (a 11),Calcio
coni:125799,125799,A.S.D. MONTEREALE CALCIO 1970,Pallavolo,Volley
coni:12580,12580,ASD CORTONA CAMUCIA CALCIO,Calcio (a 11),Calcio
coni:125802,125802,TRESIGALLO CALCIO ASSOCIAZIONE SPORTIVA DILETTANTISTICA,Calcio (a 11),Calcio
coni:125803,125803,ASSOCIAZIONE SPORTIVA DILETTANTISTICA CALCIO CUPRENSE 1933,Calcio (a 11),Calcio
coni:125808,125808,A.S.D. SPORT CENTER CELANO,Futsal (calcio da sala - calcio a 5),Futsal
coni:125815,125815,ASSOCIAZIONE SPORTIVA DILETTANTISTICA ROCCASPINALVETI,Calcio (a 11),Calcio
coni:125815,125815,ASSOCIAZIONE SPORTIVA DILETTANTISTICA ROCCASPINALVETI,Futsal (calcio da sala - calcio a 5),Futsal
coni:125820,125820,ASSOCIAZIONE SPORTIVA DILETTANTISTICA DEGO CALCIO,Calcio (a 11),Calcio
coni:125821,125821,ALSENO CALCIO A.S.D.,Calcio (a 11),Calcio
coni:125821,125821,ALSENO CALCIO A.S.D.,Futsal (calcio da sala - calcio a 5),Futsal
coni:125821,125821,ALSENO CALCIO A.S.D.,Calcio (a 7),Calcio
coni:125823,125823,ASD PROCALCIO ASOLI,Calcio (a 11),Calcio
coni:125824,125824,A.S.D. ATLETICO LEMPA,Calcio (a 11),Calcio
coni:125827,125827,GSD CANADA',Calcio (a 11),Calcio
coni:125828,125828,REAL ACADEMY SAN PROSPERO SCINTILLA,Calcio (a 11),Calcio
coni:125833,125833,POLISPORTIVA PISTRINO,Calcio (a 11),Calcio
coni:125848,125848,ASSOCIAZIONE SPORTIVA DILETTANTISTICA MASSA LOMBARDA CALCIO,Calcio (a 11),Calcio
coni:125849,125849,ASSOCIAZIONE SPORTIVA DILETTANTISTICA ATLETICO SPEDALINO,Calcio (a 11),Calcio
coni:125852,125852,A.S.D. C.S.R. TIRASSEGNO 95,Calcio (a 11),Calcio
coni:125855,125855,A.S.D. POLISPORTIVA AVIS SASSOCORVARO,Calcio (a 11),Calcio
coni:125859,125859,U.S.D. MARIANO CALCIO,Calcio (a 11),Calcio
coni:125862,125862,POLISPORTIVA AGORA LATINA SOCIETA' SPORTIVA DILETTANTISTICA A RESPONSABILITA' LIMITATA,Calcio (a 11),Calcio
coni:125862,125862,POLISPORTIVA AGORA LATINA SOCIETA' SPORTIVA DILETTANTISTICA A RESPONSABILITA' LIMITATA,Futsal (calcio da sala - calcio a 5),Futsal
coni:125864,125864,A.S.D. CALLIANO CALCIO,Calcio (a 11),Calcio
coni:125865,125865,LIBARNA UNIONE SPORTIVA DILETTANTISTICA,Calcio (a 11),Calcio
coni:125866,125866,A.S.D. UNIONE SMT CALCIO,Calcio (a 11),Calcio
coni:125868,125868,A.S.D. POLISPORTIVA SPES VALDASO 1993,Calcio (a 11),Calcio
coni:125869,125869,SOCIETA' SPORTIVA DILETTANTISTICA GROTTAMMARE CALCIO 1899 A R. L.,Calcio (a 11),Calcio
coni:125872,125872,SOCIETA' POLISPORTIVA ACQUAVIVA A.S.D,Calcio (a 11),Calcio
coni:125881,125881,ASSOCIAZIONE SPORTIVA DILETTANTISTICA PORTO FUORI CALCIO,Calcio (a 11),Calcio
coni:125885,125885,A.S.D. GSD RICCO' LE RONDINI,Calcio (a 11),Calcio
coni:125885,125885,A.S.D. GSD RICCO' LE RONDINI,Calcio (a 7),Calcio
coni:125885,125885,A.S.D. GSD RICCO' LE RONDINI,Pallavolo,Volley
coni:125894,125894,MAGRA AZZURRI A.S.D.,Calcio (a 11),Calcio
coni:125899,125899,A.S.D. VEZZANO 2005,Calcio (a 11),Calcio
coni:125904,125904,GRUPPO SPORTIVO TERONTOLA A.S.D.,Calcio (a 11),Calcio
coni:125905,125905,A.S.D. TREPPO GRANDE,Calcio (a 11),Calcio
coni:125913,125913,ASSOCIAZIONE DILETTANTISTICA CALCIO BABBUCCE,Calcio (a 11),Calcio
coni:125916,125916,UNIONE SPORTIVA VERNASCA,Calcio (a 11),Calcio
coni:125921,125921,ASSOCIAZIONE SPORTIVA DILETT. INTERCOMUNALE SANTA FIORA,Calcio (a 11),Calcio
coni:125925,125925,ASD PROGORIZIA,Calcio (a 11),Calcio
coni:125931,125931,ASD NUOVA UNIONE SPORTIVA POMARANCE,Calcio (a 11),Calcio
coni:125931,125931,ASD NUOVA UNIONE SPORTIVA POMARANCE,Futsal (calcio da sala - calcio a 5),Futsal
coni:125935,125935,A.S.D. PONTENURESE 1922,Calcio (a 11),Calcio
coni:125937,125937,POLISPORTIVA DILETTANTISTICA TORRESE,Calcio (a 11),Calcio
coni:125939,125939,UNIONE SPORTIVA CAMERATESE A.S.D.,Calcio (a 11),Calcio
coni:125941,125941,A.S.D. VOLUNTAS NOVARA,Calcio (a 11),Calcio
coni:125942,125942,A.S.D. VELINIA,Calcio (a 11),Calcio
coni:125943,125943,A.S.D. ALA FIDELIS,Calcio (a 11),Calcio
coni:125945,125945,A.C. SOLAROLO ASSOCIAZIONE SPORTIVA DILETTANTISTIC,Calcio (a 11),Calcio
coni:12595,12595,A.S.D. ANZOLAVINO CALCIO,Calcio (a 11),Calcio
coni:125953,125953,U.S.D. CASTELNUOVESE,Calcio (a 11),Calcio
coni:125957,125957,UNIONE SPORTIVA CAORSO ASSOCIAZIONE SPORTIVA DILETTANTISTICA,Calcio (a 11),Calcio
coni:125960,125960,ASSOCIAZIONE CALCIO MAROLACQUASANTA,Calcio (a 11),Calcio
coni:125962,125962,U.S.D. OLIMPIA CALCIO MARZOCCA,Calcio (a 11),Calcio
coni:125967,125967,UNIONE SPORTIVA DILETTANTISCA POGGIBONSI S.R.L.,Calcio (a 11),Calcio
coni:125972,125972,U.S. MONZONE 1926,Calcio (a 11),Calcio
coni:125975,125975,ASD COLLARMELE,Calcio (a 11),Calcio
coni:12625,12625,S.G. FORTITUDO A.S.D.,Calcio (a 11),Calcio
coni:12625,12625,S.G. FORTITUDO A.S.D.,Pallacanestro,Basket
coni:126345,126345,CANTARANA C5 A.S.D.,Futsal (calcio da sala - calcio a 5),Futsal
coni:12657,12657,ASSOCIAZIONE SPORTIVA DILETTANTISTICA GENOVA CALCIO,Calcio (a 11),Calcio
coni:12665,12665,G.S. AURORA S. FRANCESCO ASSOCIAZIONE SPORTIVA DILETTINTISTICA,Calcio (a 11),Calcio
coni:12665,12665,G.S. AURORA S. FRANCESCO ASSOCIAZIONE SPORTIVA DILETTINTISTICA,Calcio (a 7),Calcio
coni:12665,12665,G.S. AURORA S. FRANCESCO ASSOCIAZIONE SPORTIVA DILETTINTISTICA,Pallacanestro,Basket
coni:12665,12665,G.S. AURORA S. FRANCESCO ASSOCIAZIONE SPORTIVA DILETTINTISTICA,Pallavolo,Volley
coni:1271,1271,A.S.D. POGGESE,Calcio (a 11),Calcio
coni:12710,12710,ASSOCIAZIONE POLISPORTIVA DILETTANTISTICA - POLISPORTIVA SERRAGLIO PLURICULTURALE,Calcio (a 11),Calcio
coni:12710,12710,ASSOCIAZIONE POLISPORTIVA DILETTANTISTICA - POLISPORTIVA SERRAGLIO PLURICULTURALE,Futsal (calcio da sala - calcio a 5),Futsal
coni:12710,12710,ASSOCIAZIONE POLISPORTIVA DILETTANTISTICA - POLISPORTIVA SERRAGLIO PLURICULTURALE,Calcio (a 7),Calcio
coni:12728,12728,UNIONE SPORT.DILETTANT.CORPOLO',Calcio (a 7),Calcio
coni:12728,12728,UNIONE SPORT.DILETTANT.CORPOLO',Calcio (a 11),Calcio
coni:12730,12730,"A.S.D. ""APPENNINO 2000"" POLISPORTIVA INTERCOMUNALE",Calcio (a 11),Calcio
coni:12730,12730,"A.S.D. ""APPENNINO 2000"" POLISPORTIVA INTERCOMUNALE",Futsal (calcio da sala - calcio a 5),Futsal
coni:12730,12730,"A.S.D. ""APPENNINO 2000"" POLISPORTIVA INTERCOMUNALE",Calcio (a 7),Calcio
coni:12730,12730,"A.S.D. ""APPENNINO 2000"" POLISPORTIVA INTERCOMUNALE",Pallavolo,Volley
coni:12731,12731,MODIGLIANA CALCIO SOCIETA' SPORTIVA DILETTANTISTICA A RESPONSABIL ITA' LIMITATA IN BREVE MODIGLIANA CALCIO S.S.D. A R.L.,Calcio (a 11),Calcio
coni:12731,12731,MODIGLIANA CALCIO SOCIETA' SPORTIVA DILETTANTISTICA A RESPONSABIL ITA' LIMITATA IN BREVE MODIGLIANA CALCIO S.S.D. A R.L.,Calcio (a 7),Calcio
coni:127511,127511,QUARTOTEMPO FIRENZE APS-ASD,Futsal (calcio da sala - calcio a 5),Futsal
coni:127511,127511,QUARTOTEMPO FIRENZE APS-ASD,Calcio (a 7),Calcio
coni:127511,127511,QUARTOTEMPO FIRENZE APS-ASD,Pallacanestro,Basket
coni:12757,12757,A.S.D. MISSAGLIA MARESSO,Calcio (a 11),Calcio
coni:12764,12764,"ASSOCIAZIONE SPORTIVA DILETTANTISTICA FELINA ""A.S.D. FELINA""",Calcio (a 11),Calcio
coni:12764,12764,"ASSOCIAZIONE SPORTIVA DILETTANTISTICA FELINA ""A.S.D. FELINA""",Futsal (calcio da sala - calcio a 5),Futsal
coni:1277,1277,U.S.D. CORNACCI CALCIO,Calcio (a 11),Calcio
coni:12771,12771,COMPAGNIA DELL'ALBERO SOCIETA' POLISPORTIVA DILETTANTISTICA ARL,Calcio (a 11),Calcio
coni:12771,12771,COMPAGNIA DELL'ALBERO SOCIETA' POLISPORTIVA DILETTANTISTICA ARL,Pallacanestro,Basket
coni:12786,12786,ASSOCIAZIONE POLISPORTIVA DILETTANTISTICA PSM RAPALLO,Calcio (a 11),Calcio
coni:12786,12786,ASSOCIAZIONE POLISPORTIVA DILETTANTISTICA PSM RAPALLO,Futsal (calcio da sala - calcio a 5),Futsal
coni:12786,12786,ASSOCIAZIONE POLISPORTIVA DILETTANTISTICA PSM RAPALLO,Calcio (a 7),Calcio
coni:12786,12786,ASSOCIAZIONE POLISPORTIVA DILETTANTISTICA PSM RAPALLO,Beach volley,Volley
coni:12786,12786,ASSOCIAZIONE POLISPORTIVA DILETTANTISTICA PSM RAPALLO,Pallavolo,Volley
coni:12794,12794,A.C.D.F. VIRTUS ROMAGNA,Futsal (calcio da sala - calcio a 5),Futsal
coni:12795,12795,C.D.G. VENIANO,Calcio (a 11),Calcio
coni:12795,12795,C.D.G. VENIANO,Calcio (a 7),Calcio
coni:128085,128085,A.S.D. SPORTING SAN GIACOMO,Calcio (a 11),Calcio
coni:1281,1281,ASSOCIAZIONE SPORTIVA DILETTANTISTICA MARSILIANA - CALCIO AICS,Calcio (a 11),Calcio
coni:1281,1281,ASSOCIAZIONE SPORTIVA DILETTANTISTICA MARSILIANA - CALCIO AICS,Futsal (calcio da sala - calcio a 5),Futsal
coni:1281,1281,ASSOCIAZIONE SPORTIVA DILETTANTISTICA MARSILIANA - CALCIO AICS,Calcio Balilla,Calcio
coni:128147,128147,CIRCOLO IL FOSSOLO A.S.D.,Calcio (a 11),Calcio
coni:128147,128147,CIRCOLO IL FOSSOLO A.S.D.,Futsal (calcio da sala - calcio a 5),Futsal
coni:1283,1283,ASSOCIAZIONE POLISPORTIVA DILETTANTISTICA VIS CASTELPETROSO,Calcio (a 11),Calcio
coni:128322,128322,AICS-CAMPO DI MARTE ASD,Calcio (a 11),Calcio
coni:12844,12844,ASD VIGOR FOLIGNANO,Calcio (a 11),Calcio
coni:128456,128456,"ASSOCIAZIONE SPORTIVA DILETTANTISTICA ""ASD FENICE ACADEMY""",Calcio (a 11),Calcio
coni:1285,1285,A.S.D. U.S. VENAFRO,Calcio (a 11),Calcio
coni:128589,128589,ASSOCIAZIONE SPORTIVA DILETTANTISTICA VOMERO FOOTBALL ACADEMY,Calcio (a 11),Calcio
coni:128589,128589,ASSOCIAZIONE SPORTIVA DILETTANTISTICA VOMERO FOOTBALL ACADEMY,Calcio (a 8),Calcio
coni:128589,128589,ASSOCIAZIONE SPORTIVA DILETTANTISTICA VOMERO FOOTBALL ACADEMY,Calcio (a 7),Calcio
coni:12875,12875,ASD MAIELLA,Calcio (a 11),Calcio
coni:12883,12883,A.S.D. ATLETICO BARACCA LUGO,Calcio (a 11),Calcio
coni:12915,12915,ASS. SPORTIVA DILETTANTISTICA FELIZZANO 1920,Calcio (a 11),Calcio
coni:12920,12920,ASSOCIAZIONE SPORTIVA DILETTANTISTICA BISTAGNO VALLE BORMIDA,Calcio (a 11),Calcio
coni:12923,12923,ASD S.G.S. TURRITANA,Calcio (a 11),Calcio
coni:129269,129269,A.S.D. NORBA CONVERSANO,Calcio (a 11),Calcio
coni:129282,129282,ASSOCIAZIONE SPORTIVA DILETTANTISTICA GUERCINO 2003,Calcio (a 11),Calcio
coni:129282,129282,ASSOCIAZIONE SPORTIVA DILETTANTISTICA GUERCINO 2003,Futsal (calcio da sala - calcio a 5),Futsal
coni:129282,129282,ASSOCIAZIONE SPORTIVA DILETTANTISTICA GUERCINO 2003,Calcio (a 7),Calcio
coni:1293,1293,ASSOCIAZIONE SPORTIVA DILETTANTISTICA FOOTBALL VENAFRO,Calcio (a 11),Calcio
coni:129309,129309,ASSOCIAZIONE SPORTIVA DILETTANTISTICA G.S. FOSDONDO,Calcio (a 11),Calcio
coni:129309,129309,ASSOCIAZIONE SPORTIVA DILETTANTISTICA G.S. FOSDONDO,Futsal (calcio da sala - calcio a 5),Futsal
coni:129309,129309,ASSOCIAZIONE SPORTIVA DILETTANTISTICA G.S. FOSDONDO,Calcio (a 7),Calcio
coni:129309,129309,ASSOCIAZIONE SPORTIVA DILETTANTISTICA G.S. FOSDONDO,Pallavolo,Volley
coni:12936,12936,ASSOCIAZIONE SPORTIVA DILETTANTISTICA FUTSAL RONCIGLIONE,Futsal (calcio da sala - calcio a 5),Futsal
coni:1295,1295,A.S.D. VENAFRO F.C.,Futsal (calcio da sala - calcio a 5),Futsal
coni:12951,12951,A.S.D. REAL STATTE APS ETS,Calcio (a 11),Calcio
coni:129685,129685,ACCADEMIA DEL TALENTO ASSOCIAZIONE SPORTIVA DILETTANTISTICA,Calcio (a 11),Calcio
coni:12975,12975,COSOV - CENTRO ORGANIZAZIONE SPORTIVA ORATORIO VILLASANTA,Calcio (a 11),Calcio
coni:12975,12975,COSOV - CENTRO ORGANIZAZIONE SPORTIVA ORATORIO VILLASANTA,Calcio (a 7),Calcio
coni:1298,1298,POLISPORTIVA PALAZZACCIO,Calcio (a 11),Calcio
coni:129953,129953,A.S.D. SAN GIORGIO PIANA,Calcio (a 11),Calcio
coni:129953,129953,A.S.D. SAN GIORGIO PIANA,Futsal (calcio da sala - calcio a 5),Futsal
coni:129961,129961,AMALFI COAST - SAMBUCO C5 ASD,Futsal (calcio da sala - calcio a 5),Futsal
coni:129963,129963,U.S.D.PIEVESE,Calcio (a 11),Calcio
coni:129969,129969,A.S.D. SANPOLESE 1961,Calcio (a 11),Calcio
coni:129969,129969,A.S.D. SANPOLESE 1961,Futsal (calcio da sala - calcio a 5),Futsal
coni:129994,129994,F.C. SPORTING SAN DONATO A.S.D.,Calcio (a 11),Calcio
coni:129997,129997,SENIGALLIA CALCIO A.S.D.,Calcio (a 11),Calcio
coni:129997,129997,SENIGALLIA CALCIO A.S.D.,Calcio (a 8),Calcio
coni:129997,129997,SENIGALLIA CALCIO A.S.D.,Futsal (calcio da sala - calcio a 5),Futsal
coni:129997,129997,SENIGALLIA CALCIO A.S.D.,Calcio (a 7),Calcio
coni:129999,129999,ASD POLISPORTIVA CARSO,Calcio (a 11),Calcio
coni:130000,130000,A.S.D. UMBRASABINA,Futsal (calcio da sala - calcio a 5),Futsal
coni:130000,130000,A.S.D. UMBRASABINA,Calcio (a 8),Calcio
coni:130000,130000,A.S.D. UMBRASABINA,Calcio (a 7),Calcio
coni:130001,130001,A.S.D. - S.C.R. SCUOLA CALCIO ROCCADASPIDE,Calcio (a 11),Calcio
coni:130002,130002,A.S.D. GIOVANISSIMI VIONE CALCIO,Calcio (a 11),Calcio
coni:130008,130008,A.S.D. CUREGGIO CALCIO,Calcio (a 11),Calcio
coni:130010,130010,POLISPORTIVA DILETTANTISTICA FICAROLESE,Calcio (a 11),Calcio
coni:130019,130019,ASSOCIAZIONE DILETTANTISTICA SCUOLA CALCIO SERVIGLIANO,Calcio (a 11),Calcio
coni:130027,130027,ASSOCIAZIONE SPORTIVA DILETTANTISTICA REAL GELA,Calcio (a 11),Calcio
coni:130027,130027,ASSOCIAZIONE SPORTIVA DILETTANTISTICA REAL GELA,Futsal (calcio da sala - calcio a 5),Futsal
coni:130034,130034,U.S.D. CIVITELLA,Calcio (a 11),Calcio
coni:130037,130037,U.S.D. AGORDINA ASSOCIAZIONE SPORTIVA DILETTANTISTICA,Calcio (a 11),Calcio
coni:130038,130038,P.G.S. DON BOSCO,Calcio (a 11),Calcio
coni:130038,130038,P.G.S. DON BOSCO,Pallacanestro,Basket
coni:130038,130038,P.G.S. DON BOSCO,Pallavolo,Volley
coni:130060,130060,A.S.D. REAL ZAPPONETA,Calcio (a 11),Calcio
coni:130064,130064,A.S.D. AVVERA GUBBIO,Futsal (calcio da sala - calcio a 5),Futsal
coni:130067,130067,ASSOCIAZIONE SPORTIVA DILETTANTISTICA A.C. ANGIARI,Calcio (a 11),Calcio
coni:130075,130075,ASSOCIAZIONE SPORTIVA DILETTANTISTICA BASTIA CALCIO 1924,Calcio (a 11),Calcio
coni:130075,130075,ASSOCIAZIONE SPORTIVA DILETTANTISTICA BASTIA CALCIO 1924,Calcio (a 7),Calcio
coni:130076,130076,A.S.D. JUNIOR CARPINE MAGIONE,Calcio (a 11),Calcio
coni:130078,130078,ACD GRIFO CANNARA,Calcio (a 11),Calcio
coni:130084,130084,NUOVO COS LATINA ASSOCIAZIONE SPORTIVA DILETTANTISTICA,Calcio (a 11),Calcio
coni:130089,130089,UNIONE SPORTIVA OSPEDALETTO,Calcio (a 11),Calcio
coni:130095,130095,A.S.D. REAL FABRIANO,Futsal (calcio da sala - calcio a 5),Futsal
coni:130098,130098,A.S.D. R11 SIMONETTA,Calcio (a 11),Calcio
coni:130098,130098,A.S.D. R11 SIMONETTA,Calcio (a 8),Calcio
coni:130098,130098,A.S.D. R11 SIMONETTA,Beach Soccer,Calcio
coni:130098,130098,A.S.D. R11 SIMONETTA,Calcio (a 7),Calcio
coni:130102,130102,A.S.D. TARQUINIA CALCIO,Calcio (a 11),Calcio
coni:130102,130102,A.S.D. TARQUINIA CALCIO,Calcio (a 8),Calcio
coni:130102,130102,A.S.D. TARQUINIA CALCIO,Beach Soccer,Calcio
coni:130102,130102,A.S.D. TARQUINIA CALCIO,Futsal (calcio da sala - calcio a 5),Futsal
coni:130102,130102,A.S.D. TARQUINIA CALCIO,ATTIVITA' SUBACQUEE E NUOTO PINNATO Basket con le pinne (Finswimming Basket),Basket
coni:130102,130102,A.S.D. TARQUINIA CALCIO,Pallanuoto con le pinne (Finswimming Ball),Pallanuoto
coni:130102,130102,A.S.D. TARQUINIA CALCIO,Rugby subacqueo,Rugby
coni:130102,130102,A.S.D. TARQUINIA CALCIO,Calcio (a 7),Calcio
coni:130104,130104,A.S.D. POLISPORTIVA SAMMARCO,Calcio (a 11),Calcio
coni:130107,130107,GRUPPO SPORTIVO CASA DEL DIAVOLO ASSOCIAZIONE DILETTANTISTIC,Calcio (a 11),Calcio
coni:130108,130108,ASSOCIAZIONE SPORTIVA DILETTANTISTICA FERENTILLO VALNERINA,Calcio (a 11),Calcio
coni:130111,130111,S.S.D. SPORTING TERNI S.R.L.,Calcio (a 11),Calcio
coni:130112,130112,POLISPORTIVA CIRCOLO AZIENDALE HITACHI RAIL ITALY-PISTOIA,Calcio (a 11),Calcio
coni:130126,130126,A.S.D. TOP FIVE ACIREALE,Calcio (a 11),Calcio
coni:130126,130126,A.S.D. TOP FIVE ACIREALE,Pallamano,Pallamano
coni:130126,130126,A.S.D. TOP FIVE ACIREALE,Beach Handball,Pallamano
coni:130126,130126,A.S.D. TOP FIVE ACIREALE,Pallacanestro,Basket
coni:130126,130126,A.S.D. TOP FIVE ACIREALE,Beach Soccer,Calcio
coni:130126,130126,A.S.D. TOP FIVE ACIREALE,Futsal (calcio da sala - calcio a 5),Futsal
coni:130126,130126,A.S.D. TOP FIVE ACIREALE,Calcio (a 7),Calcio
coni:130126,130126,A.S.D. TOP FIVE ACIREALE,Beach volley,Volley
coni:130126,130126,A.S.D. TOP FIVE ACIREALE,Pallacanestro 3 contro 3,Basket
coni:130126,130126,A.S.D. TOP FIVE ACIREALE,Beach Basket,Basket
coni:130126,130126,A.S.D. TOP FIVE ACIREALE,Pallavolo,Volley
coni:130126,130126,A.S.D. TOP FIVE ACIREALE,Calcio (a 8),Calcio
coni:13019,13019,POLISPORTIVA DI.PO. SEZIONE CALCIO,Calcio (a 11),Calcio
coni:13030,13030,A.S.D. GABICCE-GRADARA,Calcio (a 11),Calcio
coni:13031,13031,A.S.D. PIANSANO F. C.,Calcio (a 11),Calcio
coni:13036,13036,ORATORIO GAMBARA,Calcio (a 11),Calcio
coni:13043,13043,A.S.D. SOLIGNANO ASS.NE SPORTIVA DILETTANTISTICA,Calcio (a 11),Calcio
coni:13043,13043,A.S.D. SOLIGNANO ASS.NE SPORTIVA DILETTANTISTICA,Futsal (calcio da sala - calcio a 5),Futsal
coni:13043,13043,A.S.D. SOLIGNANO ASS.NE SPORTIVA DILETTANTISTICA,Calcio (a 7),Calcio
coni:13043,13043,A.S.D. SOLIGNANO ASS.NE SPORTIVA DILETTANTISTICA,Pallavolo,Volley
coni:130492,130492,ASD FOOTBALL ACADEMY ANDRIA,Calcio (a 11),Calcio
coni:130492,130492,ASD FOOTBALL ACADEMY ANDRIA,Calcio (a 8),Calcio
coni:130492,130492,ASD FOOTBALL ACADEMY ANDRIA,Futsal (calcio da sala - calcio a 5),Futsal
coni:130492,130492,ASD FOOTBALL ACADEMY ANDRIA,Calcio (a 7),Calcio
coni:13050,13050,A.S.D. POLISPORTIVA AURORA,Calcio (a 7),Calcio
coni:13050,13050,A.S.D. POLISPORTIVA AURORA,Calcio (a 11),Calcio
coni:13050,13050,A.S.D. POLISPORTIVA AURORA,Pallavolo,Volley
coni:130530,130530,POLISPORTIVA LA FILANDA SOCIETA' SPORTIVA DILETTANTISTICA A RESPONSABILITA' LIMITATA,Calcio (a 11),Calcio
coni:130530,130530,POLISPORTIVA LA FILANDA SOCIETA' SPORTIVA DILETTANTISTICA A RESPONSABILITA' LIMITATA,Calcio (a 7),Calcio
coni:130530,130530,POLISPORTIVA LA FILANDA SOCIETA' SPORTIVA DILETTANTISTICA A RESPONSABILITA' LIMITATA,Pallacanestro,Basket
coni:130530,130530,POLISPORTIVA LA FILANDA SOCIETA' SPORTIVA DILETTANTISTICA A RESPONSABILITA' LIMITATA,Futsal (calcio da sala - calcio a 5),Futsal
coni:130530,130530,POLISPORTIVA LA FILANDA SOCIETA' SPORTIVA DILETTANTISTICA A RESPONSABILITA' LIMITATA,Pallavolo,Volley
coni:130532,130532,A.S.D. GRAN FOOTBALL CORATO,Calcio (a 11),Calcio
coni:130532,130532,A.S.D. GRAN FOOTBALL CORATO,Calcio (a 8),Calcio
coni:130532,130532,A.S.D. GRAN FOOTBALL CORATO,Futsal (calcio da sala - calcio a 5),Futsal
coni:130532,130532,A.S.D. GRAN FOOTBALL CORATO,Calcio (a 7),Calcio
coni:130594,130594,PERCORSI ODV,Calcio (a 7),Calcio
coni:130594,130594,PERCORSI ODV,Calcio (a 11),Calcio
coni:130594,130594,PERCORSI ODV,Futsal (calcio da sala - calcio a 5),Futsal
coni:130594,130594,PERCORSI ODV,Pallavolo,Volley
coni:130613,130613,ASV PLAUS,Calcio (a 11),Calcio
coni:130616,130616,AMATEURSPORTVEREIN SCHLUDERNS,Calcio (a 11),Calcio
coni:130621,130621,AMATEURFUSSBALLCLUB GAIS,Calcio (a 11),Calcio
coni:130624,130624,ASS. SPORTIVA AURELIANA,Calcio (a 11),Calcio
coni:130625,130625,ASSOCIAZIONE SPORTIVA DILETTANTISTICA ALTO LARIO CALCIO,Calcio (a 11),Calcio
coni:130626,130626,A.S.D. RIVER FOOTBALL CLUB,Calcio (a 11),Calcio
coni:130626,130626,A.S.D. RIVER FOOTBALL CLUB,Calcio (a 7),Calcio
coni:130628,130628,AUSWAHL RIDNAUNTAL ASV,Calcio (a 11),Calcio
coni:13087,13087,ASSOCIAZIONE SPORTIVA DILETTANTISTICA TAVULLIA VALFOGLIA,Calcio (a 11),Calcio
coni:130917,130917,SPORTING ACADEMY ASSOCIAZIONE SPORTIVA DILETTANTISTICA,Calcio (a 11),Calcio
coni:13092,13092,"A,S,D, SCINTILLA 1945",Calcio (a 11),Calcio
coni:13092,13092,"A,S,D, SCINTILLA 1945",Futsal (calcio da sala - calcio a 5),Futsal
coni:13092,13092,"A,S,D, SCINTILLA 1945",Rugby a 7,Rugby
coni:13092,13092,"A,S,D, SCINTILLA 1945",Touch Rugby,Rugby
coni:13096,13096,ASD PENITRO CALCIO,Calcio (a 11),Calcio
coni:13096,13096,ASD PENITRO CALCIO,Futsal (calcio da sala - calcio a 5),Futsal
coni:131096,131096,LADYSOCCER A.S.D.,Calcio (a 11),Calcio
coni:131096,131096,LADYSOCCER A.S.D.,Calcio (a 7),Calcio
coni:131116,131116,A.S.D. MONTEURPINU ARSENAL,Calcio (a 11),Calcio
coni:131305,131305,S.C. FUORIGROTTA ASSOCIAZIONE SPORTIVA DILETTANTISTICA,Calcio (a 11),Calcio
coni:131305,131305,S.C. FUORIGROTTA ASSOCIAZIONE SPORTIVA DILETTANTISTICA,Calcio (a 8),Calcio
coni:131305,131305,S.C. FUORIGROTTA ASSOCIAZIONE SPORTIVA DILETTANTISTICA,Calcio (a 7),Calcio
coni:131510,131510,A.S.D. BOVES M.D.G. CUNEO,Calcio (a 11),Calcio
coni:131514,131514,ASSOCIAZIONE DILETTANTISTICA POLISPORTIVA LA CALETTA,Calcio (a 11),Calcio
coni:131516,131516,ASSOCIAZIONE SPORTIVA DILETTANTISTICA POLISPORTIVA FURATO,Calcio (a 11),Calcio
coni:131517,131517,"A.S.D. ""SAN BARTOLOMEO MONTA""",Calcio (a 11),Calcio
coni:131520,131520,A.S.D. CITTA' DI SANTA CROCE,Calcio (a 11),Calcio
coni:131520,131520,A.S.D. CITTA' DI SANTA CROCE,Calcio (a 8),Calcio
coni:131520,131520,A.S.D. CITTA' DI SANTA CROCE,Beach Soccer,Calcio
coni:131520,131520,A.S.D. CITTA' DI SANTA CROCE,Futsal (calcio da sala - calcio a 5),Futsal
coni:131520,131520,A.S.D. CITTA' DI SANTA CROCE,Calcio (a 7),Calcio
coni:131521,131521,A.S.D. GESSATE,Calcio (a 11),Calcio
coni:131521,131521,A.S.D. GESSATE,Calcio (a 7),Calcio
coni:131528,131528,POLISPORTIVA VILLA SAN SEBASTIANO,Calcio (a 11),Calcio
coni:131529,131529,A.S.D. COMANO TERME E FIAVE',Calcio (a 11),Calcio
coni:131531,131531,UNIONE POLISPORTIVA BALDACCIO BRUNI-ANGHIARI,Calcio (a 11),Calcio
coni:10963,10963,ASSOCIAZIONE SPORTIVA DILETTANTISTICA DUE PONTI CALCIO,Calcio (a 11),Calcio
coni:10963,10963,ASSOCIAZIONE SPORTIVA DILETTANTISTICA DUE PONTI CALCIO,Futsal (calcio da sala - calcio a 5),Futsal
coni:10963,10963,ASSOCIAZIONE SPORTIVA DILETTANTISTICA DUE PONTI CALCIO,Calcio (a 7),Calcio
coni:124115,124115,ASD POLISPORTIVA PARALIMPICA ELOS,Calcio (a 7),Calcio
coni:124709,124709,"ASSOCIAZIONE SPORTIVA DILETTANTISTICA ""U.S. F. OZANAM 1910""",Calcio (a 11),Calcio
coni:125062,125062,ASD LACCO AMENO 2013,Calcio (a 11),Calcio
coni:125105,125105,A.S.D. VIRTUS SANFERDINANDO,Calcio (a 11),Calcio
coni:125107,125107,ASSOC. SPORT. DILETT. ATLETICO CAPRANICA,Calcio (a 11),Calcio
coni:125128,125128,A.S.D. BOSCHESE CALCIO,Calcio (a 11),Calcio
coni:125262,125262,ASSOCIAZIONE DILETTANTISTICA U.S. BURGOS,Calcio (a 11),Calcio
coni:125403,125403,A.S.D. FRASSATI CASTIGLIONESE CALCIO,Calcio (a 11),Calcio
coni:125482,125482,ASSOCIAZIONE SPORTIVA DILLETANTISTICA PIOBESI CALCIO,Calcio (a 11),Calcio
coni:125488,125488,ASD RESCO REGGELLO 1909,Calcio (a 11),Calcio
coni:125496,125496,A.S.D. REAL MONTENETTO,Calcio (a 11),Calcio
coni:125616,125616,POLISPORTIVA VILLAMARINA III ASD,Calcio (a 11),Calcio
coni:125632,125632,BORGOSESIA CALCIO - ASS. SPORTIVA DILETTANTISTICA,Calcio (a 11),Calcio
coni:125646,125646,REAL VASANELLO ASD,Calcio (a 11),Calcio
coni:125774,125774,ASS. SPORTIVA DILETTANTISTICA REAL SANGIORGIO,Futsal (calcio da sala - calcio a 5),Futsal
coni:125780,125780,ASSOCIAZIONE CALCIO BORGOSATOLLO,Calcio (a 11),Calcio
coni:125783,125783,ASSOCIAZIONE SPORTIVA DILETTANTISTICA COMUNALE FONTANAFREDDA,Calcio (a 11),Calcio
coni:125801,125801,A.S.D. ANTONIO TEDINO,Calcio (a 11),Calcio
coni:125839,125839,ASD BOBBIO 2012 PERINO,Calcio (a 11),Calcio
coni:127513,127513,A.S.D. NUOVA ARLECCHINO SPORT LIVORNO ONLUS,Calcio (a 7),Calcio
coni:12963,12963,A.C. LONGA '90 ASS.SPORT. DIL.,Calcio (a 11),Calcio
coni:130063,130063,A.S.D. FOGGIA INCEDIT,Calcio (a 11),Calcio
coni:130617,130617,AMATEUR FUSSBALL CLUB OBERMAIS,Calcio (a 11),Calcio
coni:131387,131387,ARES TEAM SOCIETA' SPORTIVA DILETTANTISTICA A R. L.,Calcio (a 11),Calcio
coni:131406,131406,A.S.D. CALCIO CARCERI,Calcio (a 11),Calcio
coni:131511,131511,OSSERVANZA SOCCER ASSOCIAZIONE SPORTIVA DILETTANTISTICA APS,Calcio (a 11),Calcio
coni:131511,131511,OSSERVANZA SOCCER ASSOCIAZIONE SPORTIVA DILETTANTISTICA APS,Calcio (a 8),Calcio
coni:131511,131511,OSSERVANZA SOCCER ASSOCIAZIONE SPORTIVA DILETTANTISTICA APS,Calcio (a 7),Calcio
coni:131532,131532,A.S.D. TERRANUOVA TRAIANA,Calcio (a 11),Calcio
coni:131532,131532,A.S.D. TERRANUOVA TRAIANA,Futsal (calcio da sala - calcio a 5),Futsal
coni:13163,13163,POLISPORTIVA GIUSSAGHESE,Calcio (a 11),Calcio
coni:13177,13177,ASD JUNIORS CERLONGO,Calcio (a 11),Calcio
coni:1318,1318,U.S.D. CARAVAGGIO SOCIETA' SPORTIVA DILETTANTISTICA A RESPONSABILITA' LIMITATA,Calcio (a 11),Calcio
coni:13193,13193,POLISPORTIVA COMUNALE TAVERNOLA A.S.D.,Calcio (a 11),Calcio
coni:13193,13193,POLISPORTIVA COMUNALE TAVERNOLA A.S.D.,Pallavolo,Volley
coni:131946,131946,A.S.D. SAMPIERDARENESE,Calcio (a 11),Calcio
coni:131946,131946,A.S.D. SAMPIERDARENESE,Calcio (a 8),Calcio
coni:131946,131946,A.S.D. SAMPIERDARENESE,Futsal (calcio da sala - calcio a 5),Futsal
coni:131946,131946,A.S.D. SAMPIERDARENESE,Calcio (a 7),Calcio
coni:1325,1325,POLISPORTIVA D. LIBERTAS CASIRATESE,Calcio (a 11),Calcio
coni:13252,13252,ASSOCIAZIONE SPORTIVA DILETTANTISTICA LOCARA CALCIO,Calcio (a 11),Calcio
coni:132625,132625,SOCIETA' SPORTIVA DILETTANTANTISTICA MONSERRA 1996 SRL,Calcio (a 11),Calcio
coni:132633,132633,UNIONE SPORTIVA DILETTANTISTICA APICE CALCIO 1964,Calcio (a 11),Calcio
coni:13265,13265,ASSOCIAZIONE SPORTIVA DILETTANTISTICA ACQUAVIVA CALCIO,Calcio (a 11),Calcio
coni:13265,13265,ASSOCIAZIONE SPORTIVA DILETTANTISTICA ACQUAVIVA CALCIO,Futsal (calcio da sala - calcio a 5),Futsal
coni:132656,132656,ASS.SPORT.DILETT.SAN MARCO,Calcio (a 11),Calcio
coni:1327,1327,UNIONE SPORTIVA DILETTANTISTICA PAGAZZANESE,Calcio (a 11),Calcio
coni:132727,132727,A.S.D. SOCCER MASSAFRA 1963,Calcio (a 11),Calcio
coni:13274,13274,FOOTBALL CLUB CINISELLO,Calcio (a 11),Calcio
coni:132743,132743,A.S. DILETTANTISTICA POGGIO,Calcio (a 11),Calcio
coni:132744,132744,A.S.D. VIRTUS BOTTEGONE,Calcio (a 11),Calcio
coni:132749,132749,SOCIETA' SPORTIVA DILETTANTISTICA CAMPAGNATICO,Calcio (a 11),Calcio
coni:132749,132749,SOCIETA' SPORTIVA DILETTANTISTICA CAMPAGNATICO,Calcio (a 7),Calcio
coni:132754,132754,A.C.D. MARINO MERCATO SUBBIANO,Calcio (a 11),Calcio
coni:132757,132757,ASSOCIAZIONE SPORTIVA DILETTANTISTICA A.C.D. CASTELLETTESE,Calcio (a 11),Calcio
coni:132760,132760,FOOTBALL CLUB MERCATALE ASD,Calcio (a 11),Calcio
coni:132772,132772,ASS. SPORT. DIL. CE.VER.SA.MA. BIELLA,Calcio (a 11),Calcio
coni:132774,132774,A.S.D. MESOLA FOOTBALL CLUB 1925,Calcio (a 11),Calcio
coni:132775,132775,AMATEURSPORTVEREIN KASTELBELL TSCHARS RAIFFEISEN,Calcio (a 11),Calcio
coni:132778,132778,ASSOCIAZIONE SPORTIVA DILETTANTISTICA SALINE,Calcio (a 11),Calcio
coni:13283,13283,ASPIO 2005 ASSOCIAZIONE SPORTIVA DILETTANTISTICA,Futsal (calcio da sala - calcio a 5),Futsal
coni:132833,132833,SSD RONCIGLIONE UNITED A R.L.,Calcio (a 11),Calcio
coni:132840,132840,A.S.D. GIRASOLE CALCIO,Calcio (a 11),Calcio
coni:132844,132844,ASSOCIAZ. SPORT. DILETT. GRACCIANO,Calcio (a 11),Calcio
coni:132847,132847,ASSOCIAZIONE SPORTIVA DILETTANTISTICA POLISPORTIVA VIRTUS FOLIGNO,Calcio (a 11),Calcio
coni:132847,132847,ASSOCIAZIONE SPORTIVA DILETTANTISTICA POLISPORTIVA VIRTUS FOLIGNO,Futsal (calcio da sala - calcio a 5),Futsal
coni:132851,132851,ASSOCIAZIONE SPORTIVA DILETTANTISTICA VIS SORA 07,Calcio (a 11),Calcio
coni:132859,132859,A.S.D. GRS TERNI PAPIGNO,Calcio (a 11),Calcio
coni:132860,132860,A.S.D.FOOTBALL CLUB ENNA,Calcio (a 11),Calcio
coni:132933,132933,A.S.D. CASTELLAMMARE CALCIO 94,Calcio (a 11),Calcio
coni:132936,132936,POLISPORTIVA DILETTANTISTICA CITTA' DI CANICATTINI,Calcio (a 11),Calcio
coni:132936,132936,POLISPORTIVA DILETTANTISTICA CITTA' DI CANICATTINI,Futsal (calcio da sala - calcio a 5),Futsal
coni:132950,132950,A.S.D. RINASCITA RUTIGLIANESE,Calcio (a 11),Calcio
coni:132953,132953,GRUPPO SPORTIVO DILETTANTISTICO GARBAGNA A.S.D.,Calcio (a 11),Calcio
coni:132962,132962,A.S.D. MOIMACCO,Calcio (a 11),Calcio
coni:132969,132969,C5 MANZANO BRN 1988 A.S.D.,Futsal (calcio da sala - calcio a 5),Futsal
coni:132999,132999,A.S.D. CANOTTIERI QUATTORDIO,Calcio (a 11),Calcio
coni:133016,133016,A.S.D. SALARIA FOOTBALL CLUB,Calcio (a 11),Calcio
coni:13304,13304,U.S. JUNIOR JESINA L. ASD,Calcio (a 11),Calcio
coni:13304,13304,U.S. JUNIOR JESINA L. ASD,Futsal (calcio da sala - calcio a 5),Futsal
coni:133072,133072,FORTITUDO ASD,Calcio (a 11),Calcio
coni:133072,133072,FORTITUDO ASD,Futsal (calcio da sala - calcio a 5),Futsal
coni:133087,133087,POLISPORTIVA DILETTANTISTICA NEW GARDEN CENTER,Calcio (a 11),Calcio
coni:133090,133090,A.S.D. SPORTING PAGANI,Calcio (a 11),Calcio
coni:133098,133098,ASS. SPORT.DIL. NUOVA RADICOFANI,Calcio (a 11),Calcio
coni:1331,1331,GRUPPO SPORTIVO VERTOVESE SOCIETA' SPORTIVA DILETTANTISTICA A RESPONSABILITA' LIMITATA,Calcio (a 11),Calcio
coni:133104,133104,UNIONE SPORTIVA SERLE,Calcio (a 11),Calcio
coni:133123,133123,A.S.D. REAL ANGRI 2019,Calcio (a 11),Calcio
coni:13316,13316,A.S.D. VIS STELLA MSP,Calcio (a 11),Calcio
coni:1332,1332,ASD POL. VILLAGRANDE,Calcio (a 11),Calcio
coni:13320,13320,A.S.D. U.S. PEDASO CAMPOFILONE,Calcio (a 11),Calcio
coni:133361,133361,ERACLE SPORT FOOTBALL CLUB - SOCIETA' SPORTIVA DILETTANTISTICA A RESPONSABILITA' LIMITATA,Calcio (a 11),Calcio
coni:133361,133361,ERACLE SPORT FOOTBALL CLUB - SOCIETA' SPORTIVA DILETTANTISTICA A RESPONSABILITA' LIMITATA,Calcio (a 8),Calcio
coni:133361,133361,ERACLE SPORT FOOTBALL CLUB - SOCIETA' SPORTIVA DILETTANTISTICA A RESPONSABILITA' LIMITATA,Calcio (a 7),Calcio
coni:13343,13343,ASSOCIAZIONE POLISPORTIVA DILETTANTISTICA CALCIANDO INSIEME,Calcio (a 7),Calcio
coni:133432,133432,ASSOCIAZIONE SPORTIVA DILETTANTISTICA MARCO MEROLLA SOCCER,Calcio (a 11),Calcio
coni:133432,133432,ASSOCIAZIONE SPORTIVA DILETTANTISTICA MARCO MEROLLA SOCCER,Calcio (a 8),Calcio
coni:133432,133432,ASSOCIAZIONE SPORTIVA DILETTANTISTICA MARCO MEROLLA SOCCER,Futsal (calcio da sala - calcio a 5),Futsal
coni:133432,133432,ASSOCIAZIONE SPORTIVA DILETTANTISTICA MARCO MEROLLA SOCCER,Calcio (a 7),Calcio
coni:133437,133437,A.S.D DRAGON ACADEMY,Calcio (a 11),Calcio
coni:133437,133437,A.S.D DRAGON ACADEMY,Futsal (calcio da sala - calcio a 5),Futsal
coni:133437,133437,A.S.D DRAGON ACADEMY,Calcio (a 7),Calcio
coni:133569,133569,A.C. DILETTANTISTICA SAN GIUSEPPE,Calcio (a 11),Calcio
coni:133609,133609,BIMBI SPERDUTI A.S.D.,Calcio (a 11),Calcio
coni:133609,133609,BIMBI SPERDUTI A.S.D.,Calcio (a 7),Calcio
coni:13367,13367,ASSOCIAZIONE SPORTIVA DILETTANTISTICA POLISPORTIVA FULGUR TUSCANIA,Calcio (a 11),Calcio
coni:13380,13380,A.S.D. SAN GIOVANNI TEATINO,Calcio (a 11),Calcio
coni:133819,133819,R.D.G. ANTAL '59,Calcio (a 11),Calcio
coni:133819,133819,R.D.G. ANTAL '59,Pallacanestro,Basket
coni:133819,133819,R.D.G. ANTAL '59,Pallavolo,Volley
coni:1340,1340,ASP ASSOCIAZIONE SPORTIVA DILETTANTISTICA PIAZZA,Calcio (a 11),Calcio
coni:1340,1340,ASP ASSOCIAZIONE SPORTIVA DILETTANTISTICA PIAZZA,Futsal (calcio da sala - calcio a 5),Futsal
coni:1340,1340,ASP ASSOCIAZIONE SPORTIVA DILETTANTISTICA PIAZZA,Calcio (a 7),Calcio
coni:134013,134013,A.S.D. CLUB LEVANTE 2017,Calcio (a 11),Calcio
coni:134018,134018,A.S.D. DRAGHI SAN LUCA,Calcio (a 11),Calcio
coni:134021,134021,ASD OZIERESE 1926,Calcio (a 11),Calcio
coni:134021,134021,ASD OZIERESE 1926,Futsal (calcio da sala - calcio a 5),Futsal
coni:134021,134021,ASD OZIERESE 1926,Calcio (a 7),Calcio
coni:134024,134024,ASD PROMANO,Calcio (a 11),Calcio
coni:134025,134025,ASSOCIAZIONE SPORTIVA DILETTANTISTICA CALCISTICA ENVIESE,Calcio (a 11),Calcio
coni:134026,134026,U.S.D. CARPINETO GUILMI,Calcio (a 11),Calcio
coni:134029,134029,A.S.D. CERCHIARA 1990,Calcio (a 11),Calcio
coni:13404,13404,ASSOCIAZIONE SPORTIVA DILETTANTISTICA GRUPPO SPORTIVO SPEZZANESE,Calcio (a 11),Calcio
coni:13404,13404,ASSOCIAZIONE SPORTIVA DILETTANTISTICA GRUPPO SPORTIVO SPEZZANESE,Futsal (calcio da sala - calcio a 5),Futsal
coni:13404,13404,ASSOCIAZIONE SPORTIVA DILETTANTISTICA GRUPPO SPORTIVO SPEZZANESE,Calcio (a 7),Calcio
coni:13404,13404,ASSOCIAZIONE SPORTIVA DILETTANTISTICA GRUPPO SPORTIVO SPEZZANESE,Pallavolo,Volley
coni:13406,13406,FOOTBALL CLUB NEPI ASSOCIAZIONE SPORTIVA DILETTANTISTICA,Calcio (a 11),Calcio
coni:13415,13415,A.S.D. DINAMIS 1990,Futsal (calcio da sala - calcio a 5),Futsal
coni:1342,1342,U.S.D. FORNOVO SAN GIOVANNI,Calcio (a 11),Calcio
coni:13464,13464,ASSOCIAZIONE DILETT. SPORTIVA POZZETTO,Calcio (a 11),Calcio
coni:134731,134731,A.S.D. ACCADEMIA ISOLA BERGAMASCA,Calcio (a 11),Calcio
coni:134741,134741,ASD TOP PLAYER SOCCER ACADEMY,Calcio (a 11),Calcio
coni:134741,134741,ASD TOP PLAYER SOCCER ACADEMY,Calcio (a 8),Calcio
coni:134741,134741,ASD TOP PLAYER SOCCER ACADEMY,Calcio (a 7),Calcio
coni:134777,134777,A.S.D. RIVER DELFINI 2018,Calcio (a 11),Calcio
coni:13485,13485,ASD RUPINARO SPORT,Calcio (a 11),Calcio
coni:134865,134865,POLISPORTIVA MARIO DE NEGRI ASSOCIAZIONE SPORTIVA DILETTANTISTICA,Calcio (a 11),Calcio
coni:135007,135007,SOCIETA' SPORTIVA SEDILO - ASSOCIAZIONE SPORTIVA DILETTANTISTICA,Calcio (a 11),Calcio
coni:135007,135007,SOCIETA' SPORTIVA SEDILO - ASSOCIAZIONE SPORTIVA DILETTANTISTICA,Calcio (a 8),Calcio
coni:135007,135007,SOCIETA' SPORTIVA SEDILO - ASSOCIAZIONE SPORTIVA DILETTANTISTICA,Futsal (calcio da sala - calcio a 5),Futsal
coni:135007,135007,SOCIETA' SPORTIVA SEDILO - ASSOCIAZIONE SPORTIVA DILETTANTISTICA,Calcio (a 7),Calcio
coni:13504,13504,A.S.D. DON BOSCO ALESSANDRIA,Calcio (a 11),Calcio
coni:135197,135197,A.S.D. TOR LUPARA 1968,Calcio (a 11),Calcio
coni:135209,135209,AGSD SORIANO 2010,Calcio (a 11),Calcio
coni:135209,135209,AGSD SORIANO 2010,Futsal (calcio da sala - calcio a 5),Futsal
coni:135209,135209,AGSD SORIANO 2010,Calcio (a 7),Calcio
coni:135218,135218,ASD BORGORATTI,Calcio (a 11),Calcio
coni:135221,135221,ASSOCIAZIONE SPORTIVA DILETTANTISTICA VALLESCRIVIA 2018,Calcio (a 11),Calcio
coni:135227,135227,ASD BELLIZZI CALCIO,Calcio (a 11),Calcio
coni:135233,135233,CASTELLO DELLE FORME ASD,Calcio (a 11),Calcio
coni:135239,135239,A.S.D. FIDELIS AGRO,Calcio (a 11),Calcio
coni:135240,135240,A.S.D. AURORA NICHELINO,Futsal (calcio da sala - calcio a 5),Futsal
coni:135245,135245,UNIONE SPORTIVA DILETTANTISTICA INTERCAMPANIA,Calcio (a 11),Calcio
coni:135246,135246,A.S.D. PRO VERCELLI C5,Futsal (calcio da sala - calcio a 5),Futsal
coni:135247,135247,ASSOCIAZIONE SPORTIVA DILETTANTISTICA REVELLO CALCIO,Calcio (a 11),Calcio
coni:135248,135248,A.C. POLONGHERA A.S.D.,Calcio (a 11),Calcio
coni:135249,135249,SSD FC VALDAGNO ASSOCIAZIONE SPORTIVA DILETTANTISTICA,Calcio (a 11),Calcio
coni:135253,135253,A.C.D. CAVENAGO ASSOCIAZIONE SPORTIVA DILETTANTISTICA,Calcio (a 11),Calcio
coni:135253,135253,A.C.D. CAVENAGO ASSOCIAZIONE SPORTIVA DILETTANTISTICA,Calcio (a 7),Calcio
coni:135273,135273,A.S.D. PRO SALA FOOTBALL CLUB,Calcio (a 11),Calcio
coni:135273,135273,A.S.D. PRO SALA FOOTBALL CLUB,Futsal (calcio da sala - calcio a 5),Futsal
coni:135278,135278,ASD CENTRO SPORTIVO LENTISCOSA,Calcio (a 11),Calcio
coni:135282,135282,A.S.D. SETTORE GIOVANILE E SCOLASTICO GRUPPO SPORTIVO APOCALISSE,Calcio (a 11),Calcio
coni:135283,135283,UNIONE SPORTIVA CUGGIONO,Calcio (a 11),Calcio
coni:135295,135295,ASD AGOSTINO LETTIERI,Futsal (calcio da sala - calcio a 5),Futsal
coni:135296,135296,ASSOCIAZIONE SPORTIVA SERRA 2007,Calcio (a 11),Calcio
coni:135299,135299,A.S.D. CITTA' DI ANAGNI CALCIO,Calcio (a 11),Calcio
coni:135308,135308,A.S.D. TORRICELLA 2025,Calcio (a 11),Calcio
coni:135315,135315,ASSOCIAZIONE SPORTIVA DILETTANTISTICA CASALBUONO,Futsal (calcio da sala - calcio a 5),Futsal
coni:135317,135317,ASD BUONABITACOLO SOCCER,Calcio (a 11),Calcio
coni:13532,13532,GIOVENTU' CALCIO FOGGIA A.S.D.,Calcio (a 11),Calcio
coni:135322,135322,A.S.D. TEKNO CALCIO A 5,Futsal (calcio da sala - calcio a 5),Futsal
coni:135322,135322,A.S.D. TEKNO CALCIO A 5,Calcio (a 7),Calcio
coni:135322,135322,A.S.D. TEKNO CALCIO A 5,Calcio Balilla,Calcio
coni:135322,135322,A.S.D. TEKNO CALCIO A 5,Calcio (a 11),Calcio
coni:135324,135324,A.S.D. FUTSAL TUBO ROSSO,Futsal (calcio da sala - calcio a 5),Futsal
coni:135329,135329,A.S.D ARCOLA GARIBALDINA,Calcio (a 11),Calcio
coni:135331,135331,BELVEDERE 1998 A.S.D.,Futsal (calcio da sala - calcio a 5),Futsal
coni:135336,135336,A.S.D. FESTINA LENTE USCONIUM,Calcio (a 11),Calcio
coni:135336,135336,A.S.D. FESTINA LENTE USCONIUM,Futsal (calcio da sala - calcio a 5),Futsal
coni:135346,135346,A.S.D. BETTOLE-GRIGNASCO,Calcio (a 11),Calcio
coni:135349,135349,ASD REAL FORIO 2014,Calcio (a 11),Calcio
coni:135350,135350,ASSOCIAZIONE SPORTIVA DILETTANTISTICA ROSETO,Calcio (a 11),Calcio
coni:135352,135352,ASD ATLETICO CASTELFRANCI 1983,Calcio (a 11),Calcio
coni:135353,135353,A.S.D. FOLGORE LACEDONIA,Calcio (a 11),Calcio
coni:135354,135354,ASD DINAMO MONTEVERDE,Calcio (a 11),Calcio
coni:135356,135356,ASSOCIAZIONE CALCIO NUSCO,Calcio (a 11),Calcio
coni:135363,135363,ASSOCIAZIONE SPORTIVA DILETTANTISTICA TORRI STIMIGLIANO 2024,Calcio (a 11),Calcio
coni:135365,135365,A.S.D. SOCIETA' SPORTIVA PANCHINA CHIAVARI,Calcio (a 11),Calcio
coni:135371,135371,A.S.D. DE FINIBUS TERRAE,Calcio (a 11),Calcio
coni:135372,135372,A.S.D. TIBERIS,Calcio (a 11),Calcio
coni:135373,135373,POLISPORTIVA OR.SA. A.S.D.,Calcio (a 11),Calcio
coni:135373,135373,POLISPORTIVA OR.SA. A.S.D.,Futsal (calcio da sala - calcio a 5),Futsal
coni:135379,135379,ASSOCIAZIONE SPORTIVA DILETTANTISTICA A.C. BONITO,Futsal (calcio da sala - calcio a 5),Futsal
coni:135380,135380,FUTSAL PALAZZISI ASSOCIAZIONE SPORTIVA DILETTANTISTICA,Futsal (calcio da sala - calcio a 5),Futsal
coni:135383,135383,ASSOCIAZIONE CALCIO PRATO S.S.D. A R.L,Calcio (a 11),Calcio
coni:135388,135388,A.S.D. ITALPOL CALCIO A 5,Futsal (calcio da sala - calcio a 5),Futsal
coni:135390,135390,A.S.D. SPORTING SAN CESAREO,Calcio (a 11),Calcio
coni:135397,135397,ASCOB 1991 ASSOCIAZIONE,Calcio (a 11),Calcio
coni:135399,135399,ASSOCIAZIONE SPORTIVA DILETTANTISTICA SETTIMO CALC,Calcio (a 11),Calcio
coni:135410,135410,A.S.D. ATLETICO ESPERIA,Calcio (a 11),Calcio
coni:135412,135412,POLISPORTIVA F.LLI LODI S.R.L.,Calcio (a 11),Calcio
coni:135413,135413,A.S.D. MATTAGNANESE BSL,Futsal (calcio da sala - calcio a 5),Futsal
coni:135418,135418,CITTA' DI ACIREALE SOC.SPORTIVA DILETT. A R.L.,Calcio (a 11),Calcio
coni:135427,135427,ASSOCIAZIONE SPORTIVA DILETTANTISTICA ASD U.S.C. CODOGNE',Calcio (a 11),Calcio
coni:135428,135428,F.C.D. FUCINA DI MUGGIO' ASSOC. SPORT. DILETTANT.,Calcio (a 11),Calcio
coni:135430,135430,ASSOCIAZIONE SPORTIVA DILETTANTISTICA BOVOLONE 1918,Calcio (a 11),Calcio
coni:135434,135434,A.S.D. ATLETICO VILLONGO,Calcio (a 11),Calcio
coni:135440,135440,F.C.D. SPORTING TORREMAGGIORE,Calcio (a 11),Calcio
coni:135441,135441,ASSOCIAZIONE SPORTIVA DILETTANTISTICA NUOVA BOLGIANO,Calcio (a 11),Calcio
coni:135441,135441,ASSOCIAZIONE SPORTIVA DILETTANTISTICA NUOVA BOLGIANO,Calcio (a 7),Calcio
coni:135442,135442,FC CARPENEDOLO SSDSRL,Calcio (a 11),Calcio
coni:135443,135443,A.S.D. CONCESIO CALCIO,Calcio (a 11),Calcio
coni:135445,135445,A.S.D. SAN PAOLO FC,Calcio (a 11),Calcio
coni:135448,135448,LA BENVENUTA ASD,Calcio (a 11),Calcio
coni:135448,135448,LA BENVENUTA ASD,Calcio (a 7),Calcio
coni:135468,135468,A.S.D. MONTEFUSCO,Calcio (a 11),Calcio
coni:135472,135472,UNIONE SPORTIVA SAINTS MILANO ASSOCIAZIONE SPORTIVA DILETTANTISTICA,Futsal (calcio da sala - calcio a 5),Futsal
coni:135475,135475,A.S.D. BACIGALUPOVASTOMARINA,Calcio (a 11),Calcio
coni:135476,135476,A.S.D. GIOVENTU' PALAGIANELLO,Calcio (a 11),Calcio
coni:135477,135477,U.S. AURORA DESIO 1922,Calcio (a 11),Calcio
coni:135477,135477,U.S. AURORA DESIO 1922,Futsal (calcio da sala - calcio a 5),Futsal
coni:135479,135479,ASSOCIAZIONE SPORTIVA DILETTANTISTICA AZZURRA ROMAGNA IN SIGLA: ASD AZZURRA ROMAGNA,Calcio (a 11),Calcio
coni:135482,135482,A.S.D. PAPIANO S.ORSOLA,Calcio (a 11),Calcio
coni:135483,135483,ASD VIGUZZOLESE,Calcio (a 11),Calcio
coni:135485,135485,ASD PONTE RONCA,Calcio (a 11),Calcio
coni:135485,135485,ASD PONTE RONCA,Calcio (a 7),Calcio
coni:135487,135487,A.S.D. GHIARE,Calcio (a 11),Calcio
coni:135489,135489,A.S.D. BUCCHIANICO CALCIO,Calcio (a 11),Calcio
coni:135495,135495,F.C.D. PRETORO CALCIO,Calcio (a 11),Calcio
coni:135510,135510,CENTESE CALCIO ASD,Calcio (a 11),Calcio
coni:135510,135510,CENTESE CALCIO ASD,Futsal (calcio da sala - calcio a 5),Futsal
coni:135512,135512,US PESCIA 1912 AASSOCIAZIONE SPORTIVA DILETTANTISTICA,Calcio (a 11),Calcio
coni:135513,135513,ASSOCIAZIONE CALCIO DILETTANTISTICA UNIONE TEMPIO CHIAZZANO,Calcio (a 11),Calcio
coni:135515,135515,BONDENO CALCIO ASSOCIAZIONE SPORTIVA DILETTANTISTICA A.S.D.,Calcio (a 11),Calcio
coni:135521,135521,ASSOCIAZIONE SPORTIVA DILETTANTISTICA SPORTING CLUB JUDICARIA,Futsal (calcio da sala - calcio a 5),Futsal
coni:135524,135524,UNIONE SPORTIVA DILETTANTISTICA GOSSOLENGO PITTOLO,Calcio (a 11),Calcio
coni:135525,135525,A.S.D. CASTELLANA FONTANA,Calcio (a 11),Calcio
coni:135545,135545,ASSOCIAZIONE CALCIO DILETTANTI ALLERONA,Futsal (calcio da sala - calcio a 5),Futsal
coni:135548,135548,GRUPPO SPORTIVO SASSO PISANO A.S.D.,Calcio (a 11),Calcio
coni:135549,135549,UNIONE SPORTIVA FRAMURA-MONTARETTO,Calcio (a 11),Calcio
coni:13555,13555,ASSOCIAZIONE SPORTIVA DILETTANTISTICA FOOTBALL 3000 PIANOPOLI,Calcio (a 11),Calcio
coni:135552,135552,A.S.D. G.M.T. 2005,Calcio (a 11),Calcio
coni:135554,135554,ASD NUOVA POLISPORTIVA SERRE,Calcio (a 11),Calcio
coni:135557,135557,A.S.D. CASTELNOVESE ASSOCIAZIONE SPORTIVA DILETTANTISTICA CALCIO,Calcio (a 11),Calcio
coni:135559,135559,U.S.D. OSPITALESE S.N.,Calcio (a 11),Calcio
coni:135561,135561,ASSOCIAZIONE SPORTIVA VACCOLINO,Calcio (a 11),Calcio
coni:135563,135563,A.P.D. ( ASSOCIAZIONE POLISPORTIVA DILETTANTISTICA) REAL VOLTURNO,Calcio (a 11),Calcio
coni:13559,13559,A.S.D. PIANTA,Calcio (a 11),Calcio
coni:13559,13559,A.S.D. PIANTA,Futsal (calcio da sala - calcio a 5),Futsal
coni:13559,13559,A.S.D. PIANTA,Calcio (a 7),Calcio
coni:13593,13593,ASSOCIAZIONE CALCIO FLORINAS A.S.D.,Calcio (a 11),Calcio
coni:1360,1360,G.S. DANILO MARTELLI ASD,Calcio (a 11),Calcio
coni:1360,1360,G.S. DANILO MARTELLI ASD,Calcio (a 7),Calcio
coni:13606,13606,TORRI BIELLESI ASSOCIAZIONE SPORTIVA DILETTANTISTICA,Calcio (a 11),Calcio
coni:136095,136095,ASSOCIAZIONE SPORTIVA DILETTANTISTICA AUSONIA ACADEMY,Calcio (a 11),Calcio
coni:136099,136099,ASD AUXILIUM SAN LUIGI,Calcio (a 11),Calcio
coni:136099,136099,ASD AUXILIUM SAN LUIGI,Futsal (calcio da sala - calcio a 5),Futsal
coni:136099,136099,ASD AUXILIUM SAN LUIGI,Calcio (a 7),Calcio
coni:136099,136099,ASD AUXILIUM SAN LUIGI,Pallacanestro,Basket
coni:136100,136100,A.S.D. BRUNETTA CALCIO,Calcio (a 11),Calcio
coni:136105,136105,ASSOCIAZIONE SPORTIVA DILETTANTISTICA LEGION OF DOOM,Futsal (calcio da sala - calcio a 5),Futsal
coni:136107,136107,A.S.D. CALCIO ASTRONAUTI 2015,Calcio (a 11),Calcio
coni:136112,136112,A.S.D. COLOMBELLA PERUGIA NORD,Calcio (a 11),Calcio
coni:136113,136113,A.S.D. CALCIO LA RONCA,Calcio (a 11),Calcio
coni:136114,136114,ASSOCIAZIONE SPORTIVA DILETTANTISTICA ATLETICO S. ANGELO,Calcio (a 11),Calcio
coni:136115,136115,ASSOCIAZIONE SPORTIVA DILETTANTISTICA UDINE KEEPFIT GH,Calcio (a 11),Calcio
coni:136122,136122,ASSOCIAZIONE SPORTIVA DILETTANTISTICA CALCIO TORRE,Calcio (a 11),Calcio
coni:136131,136131,ASD S.S. PRETURO,Calcio (a 11),Calcio
coni:136134,136134,"A.S.D. ""CAVENAGO D'ADDA 1972""",Calcio (a 11),Calcio
coni:136137,136137,GSD ROSIGNANO SOLVAY 1922,Calcio (a 11),Calcio
coni:136139,136139,ASSOCIAZIONE SPORTIVA DILETTANTISTICA FORTORE,Calcio (a 11),Calcio
coni:136139,136139,ASSOCIAZIONE SPORTIVA DILETTANTISTICA FORTORE,Calcio (a 8),Calcio
coni:136139,136139,ASSOCIAZIONE SPORTIVA DILETTANTISTICA FORTORE,Futsal (calcio da sala - calcio a 5),Futsal
coni:136139,136139,ASSOCIAZIONE SPORTIVA DILETTANTISTICA FORTORE,Calcio (a 7),Calcio
coni:136142,136142,A.S.D. REAL CASTELLALTO,Calcio (a 11),Calcio
coni:136150,136150,ASD SUPERAEQUUM C5 2018,Futsal (calcio da sala - calcio a 5),Futsal
coni:136153,136153,AMATEURSPORTVEREIN PRETTAU,Calcio (a 11),Calcio
coni:136155,136155,ASSOCIAZIONE SPORTIVA DILETTANTISTICA MASATE,Calcio (a 11),Calcio
coni:136160,136160,A.S.D. DON BOSCO 2000,Calcio (a 11),Calcio
coni:136160,136160,A.S.D. DON BOSCO 2000,Futsal (calcio da sala - calcio a 5),Futsal
coni:136162,136162,A.S.D. VIRTUS FUTSAL CAMPAGNA,Futsal (calcio da sala - calcio a 5),Futsal
coni:136173,136173,A.S.D. ATLETICO SAN SALVATORE,Calcio (a 11),Calcio
coni:136176,136176,U.S. CARPINE 1954 ASSOCIAZIONE SPORTIVA DILETTANTISTICA,Calcio (a 11),Calcio
coni:136191,136191,A.C.D. CITTA' DI CASTELDACCIA,Calcio (a 11),Calcio
coni:136198,136198,CUS BICOCCA SOCIETA' SPORTIVA DILETTANTISTICA A R L.,Calcio (a 11),Calcio
coni:136199,136199,ASD ABANELLA MILANO,Calcio (a 11),Calcio
coni:136200,136200,ASSOCIAZIONE SPORTIVA DILETTANTISTICA LEO TEAM,Calcio (a 11),Calcio
coni:136200,136200,ASSOCIAZIONE SPORTIVA DILETTANTISTICA LEO TEAM,Calcio (a 7),Calcio
coni:136202,136202,ASD REAL TREZZANO,Calcio (a 11),Calcio
coni:136204,136204,A.S.D. SANT'AGNELLO PROMOTION,Calcio (a 11),Calcio
coni:136208,136208,ASSOCIAZIONE SPORTIVA DILETTANTISTICA PASQUALE FOGGIA,Calcio (a 11),Calcio
coni:136208,136208,ASSOCIAZIONE SPORTIVA DILETTANTISTICA PASQUALE FOGGIA,Calcio (a 8),Calcio
coni:136208,136208,ASSOCIAZIONE SPORTIVA DILETTANTISTICA PASQUALE FOGGIA,Futsal (calcio da sala - calcio a 5),Futsal
coni:136208,136208,ASSOCIAZIONE SPORTIVA DILETTANTISTICA PASQUALE FOGGIA,Calcio (a 7),Calcio
coni:136211,136211,POLISPORTIVA VIRTUS RIFREDI A.D.,Calcio (a 11),Calcio
coni:136215,136215,A.S.D. WOMAN NAPOLI C/5,Futsal (calcio da sala - calcio a 5),Futsal
coni:136216,136216,ASD ANTENORE SPORT PADOVA,Futsal (calcio da sala - calcio a 5),Futsal
coni:136216,136216,ASD ANTENORE SPORT PADOVA,Calcio (a 11),Calcio
coni:136217,136217,A.S.D. QUINTO DI TREVISO FC,Calcio (a 11),Calcio
coni:136219,136219,BARDOLINO CHAMPIONS CUP - ASSOCIAZIONE SPORTIVA DILETTANTISTICA,Calcio (a 11),Calcio
coni:136221,136221,A.S.D. FARESE 1921,Calcio (a 11),Calcio
coni:136224,136224,A.S.D. NOVENTA JUNIOR,Calcio (a 11),Calcio
coni:136225,136225,ASD ASIAGO CALCIO 7 COMUNI,Calcio (a 11),Calcio
coni:136225,136225,ASD ASIAGO CALCIO 7 COMUNI,Futsal (calcio da sala - calcio a 5),Futsal
coni:136232,136232,ASD CASTEL DE BRITTI,Calcio (a 11),Calcio
coni:136233,136233,SSDARL IDEA CALCIO PETRONIANO,Calcio (a 11),Calcio
coni:136238,136238,A.S.D. COSTANO,Calcio (a 11),Calcio
coni:136238,136238,A.S.D. COSTANO,Futsal (calcio da sala - calcio a 5),Futsal
coni:136239,136239,ASSOCIAZIONE CALCIO DILETTANTISTICA CORNAREDESE 1960,Calcio (a 11),Calcio
coni:136241,136241,CIRCOLO SPORTIVO A.A.PUPI - SOCIETA' SPORTIVA DILETTANTISTICA A RESPONSABILITA' LIMITATA,Futsal (calcio da sala - calcio a 5),Futsal
coni:136242,136242,A.S.D.PONTE D'ASSI,Calcio (a 11),Calcio
coni:136243,136243,ASSSOCIAZIONE SPORTIVA DILETTANTISTICA C. 5 PALMANOVA,Futsal (calcio da sala - calcio a 5),Futsal
coni:136251,136251,ASD REAL METAURO 2018,Calcio (a 11),Calcio
coni:136254,136254,A.S.D. TOLLO CALCIO,Calcio (a 11),Calcio
coni:136254,136254,A.S.D. TOLLO CALCIO,Futsal (calcio da sala - calcio a 5),Futsal
coni:136254,136254,A.S.D. TOLLO CALCIO,Calcio (a 8),Calcio
coni:136254,136254,A.S.D. TOLLO CALCIO,Calcio (a 7),Calcio
coni:136258,136258,A.S.D. POLISPORTIVA VOLTESE,Calcio (a 11),Calcio
coni:136264,136264,ASD POLISPORTIVA SPINETTESE 2013,Calcio (a 11),Calcio
coni:136270,136270,ASD MALTIGNANO,Calcio (a 11),Calcio
coni:136273,136273,A.S.D. REAL ANCARIA,Futsal (calcio da sala - calcio a 5),Futsal
coni:136285,136285,ASSOCIAZIONE SPORTIVA DILETTANTISTICA ORTYGIA,Calcio (a 11),Calcio
coni:136292,136292,A.S.D. FOOTBALL CLUB DILETTANTISTICO ATLETICO COSIO,Calcio (a 11),Calcio
coni:13641,13641,MALISETI SEANO A.S.D.,Calcio (a 11),Calcio
coni:13658,13658,A.S.D. ATHLETIC CALCIO A 5,Futsal (calcio da sala - calcio a 5),Futsal
coni:136628,136628,ASSOCIAZIONE SPORTIVA DILETTAN TISTICA FONTIGNANO,Calcio (a 11),Calcio
coni:136812,136812,ASD LONGOBARDA 2010,Calcio (a 11),Calcio
coni:13685,13685,GRUPPO SPORTIVO DILETTANTISTICO MODENA CAVEZZO FUTSAL,Futsal (calcio da sala - calcio a 5),Futsal
coni:13687,13687,ASS. SPORTIVA DILETTANTISTICA ARANCIONI- GIOVANI FALCHETTI,Calcio (a 11),Calcio
coni:136882,136882,ASSOCIAZIONE SPORTIVA DILETTANTISTICA ORATORIO CHIEVE,Calcio (a 11),Calcio
coni:136882,136882,ASSOCIAZIONE SPORTIVA DILETTANTISTICA ORATORIO CHIEVE,Calcio (a 7),Calcio
coni:13699,13699,POLISPORTIVA FC COYOTES ASD,Calcio (a 11),Calcio
coni:137240,137240,A.S.D. CASERTA CALCIO FEMMINILE,Calcio (a 11),Calcio
coni:13726,13726,ASD GSO BADIA,Calcio (a 11),Calcio
coni:13726,13726,ASD GSO BADIA,Calcio (a 7),Calcio
coni:13726,13726,ASD GSO BADIA,Pallacanestro,Basket
coni:13726,13726,ASD GSO BADIA,Pallavolo,Volley
coni:137301,137301,TEAM SPORT ASSOCIAZIONE SPORTIVA DILETTANTISTICA,Calcio (a 11),Calcio
coni:137301,137301,TEAM SPORT ASSOCIAZIONE SPORTIVA DILETTANTISTICA,Futsal (calcio da sala - calcio a 5),Futsal
coni:137308,137308,A.S.D. VENAUS,Calcio (a 11),Calcio
coni:137357,137357,ASSOCIAZIONE CULTURALE SPORTIVA DILETTANTISTICA RUDALZA 2014,Calcio (a 11),Calcio
coni:137357,137357,ASSOCIAZIONE CULTURALE SPORTIVA DILETTANTISTICA RUDALZA 2014,Calcio (a 8),Calcio
coni:137357,137357,ASSOCIAZIONE CULTURALE SPORTIVA DILETTANTISTICA RUDALZA 2014,Futsal (calcio da sala - calcio a 5),Futsal
coni:137357,137357,ASSOCIAZIONE CULTURALE SPORTIVA DILETTANTISTICA RUDALZA 2014,Calcio (a 7),Calcio
coni:137386,137386,A.S. LETTERE,Calcio (a 11),Calcio
coni:137386,137386,A.S. LETTERE,Calcio (a 8),Calcio
coni:137386,137386,A.S. LETTERE,Calcio (a 7),Calcio
coni:137496,137496,POLISPORTIVA ROCCA GRIMALDA ASSOCIAZIONE SPORTIVA DILETTANTISTICA,Calcio (a 11),Calcio
coni:137673,137673,A.S.D. MONTEDORO,Calcio (a 11),Calcio
coni:137673,137673,A.S.D. MONTEDORO,Futsal (calcio da sala - calcio a 5),Futsal
coni:137677,137677,"""FUTBOL TALENTI ASSOCIAZIONE SPORTIVA DILETTANTISTICA""",Calcio (a 11),Calcio
coni:137677,137677,"""FUTBOL TALENTI ASSOCIAZIONE SPORTIVA DILETTANTISTICA""",Calcio (a 8),Calcio
coni:137677,137677,"""FUTBOL TALENTI ASSOCIAZIONE SPORTIVA DILETTANTISTICA""",Beach Soccer,Calcio
coni:137677,137677,"""FUTBOL TALENTI ASSOCIAZIONE SPORTIVA DILETTANTISTICA""",Futsal (calcio da sala - calcio a 5),Futsal
coni:137677,137677,"""FUTBOL TALENTI ASSOCIAZIONE SPORTIVA DILETTANTISTICA""",Calcio (a 7),Calcio
coni:137678,137678,A.S.D. FOOTBALL CLUB MIRAFIORI,Calcio (a 11),Calcio
coni:137682,137682,ASSOCIAZIONE SPORTIVA DILETTANTISTICA PIANA SPORT,Calcio (a 11),Calcio
coni:137685,137685,A.S.D. POLISPORTIVA RODOLFO MORANDI,Calcio (a 11),Calcio
coni:137686,137686,A.S.D. ATLETICO MONREALE,Futsal (calcio da sala - calcio a 5),Futsal
coni:137686,137686,A.S.D. ATLETICO MONREALE,Calcio (a 11),Calcio
coni:137686,137686,A.S.D. ATLETICO MONREALE,Calcio (a 8),Calcio
coni:137686,137686,A.S.D. ATLETICO MONREALE,Calcio (a 7),Calcio
coni:137689,137689,FAIR PLAY MESSINA SOCIETA' SPORTIVA DILETTANTISTICA A RESPONSABILITA' LIMITATA,Calcio (a 11),Calcio
coni:137689,137689,FAIR PLAY MESSINA SOCIETA' SPORTIVA DILETTANTISTICA A RESPONSABILITA' LIMITATA,Futsal (calcio da sala - calcio a 5),Futsal
coni:137689,137689,FAIR PLAY MESSINA SOCIETA' SPORTIVA DILETTANTISTICA A RESPONSABILITA' LIMITATA,Calcio (a 7),Calcio
coni:137689,137689,FAIR PLAY MESSINA SOCIETA' SPORTIVA DILETTANTISTICA A RESPONSABILITA' LIMITATA,Beach Soccer,Calcio
coni:137689,137689,FAIR PLAY MESSINA SOCIETA' SPORTIVA DILETTANTISTICA A RESPONSABILITA' LIMITATA,Calcio (a 8),Calcio
coni:137690,137690,A.S.D. ROCCALUMERA CALCIO,Calcio (a 11),Calcio
coni:137699,137699,ASSOCIAZIONE CALCISTICA SAN DAMIANESE,Calcio (a 11),Calcio
coni:137701,137701,UNIONE SPORTIVA DILETTANTISTICA BERGAMASCO,Calcio (a 11),Calcio
coni:137708,137708,ASSOCIAZIONE GRUPPO SPORTIVO DILETTANTISTICO SAN GIORGIO,Calcio (a 11),Calcio
coni:13771,13771,G.S.D. GHIVIBORGO VDS A.S.D.,Calcio (a 11),Calcio
coni:137712,137712,ASSOCIAZIONE SPORTIVA DILETTANTISTICA CORNIGLIANESE 1919,Calcio (a 11),Calcio
coni:137715,137715,A.S.D. PEGLIESE,Calcio (a 11),Calcio
coni:137718,137718,A.S.D. REAL BELLIZZI,Calcio (a 11),Calcio
coni:137721,137721,SSD FC VICENZA,Calcio (a 11),Calcio
coni:137731,137731,ASD UDINE CITY FUTBOL SALA,Futsal (calcio da sala - calcio a 5),Futsal
coni:137731,137731,ASD UDINE CITY FUTBOL SALA,Calcio (a 8),Calcio
coni:137731,137731,ASD UDINE CITY FUTBOL SALA,Beach Soccer,Calcio
coni:137731,137731,ASD UDINE CITY FUTBOL SALA,Calcio (a 7),Calcio
coni:137731,137731,ASD UDINE CITY FUTBOL SALA,Beach volley,Volley
coni:137734,137734,ASSOCIAZIONE SPORTIVA DILETTANTISTICA MURANESE 1929,Calcio (a 11),Calcio
coni:137740,137740,A.S.D. GREGORIANA,Calcio (a 11),Calcio
coni:137751,137751,ASD REAL MOLFETTA,Calcio (a 11),Calcio
coni:137751,137751,ASD REAL MOLFETTA,Futsal (calcio da sala - calcio a 5),Futsal
coni:137755,137755,A.S.D.REAL TRINACRIA CT,Calcio (a 11),Calcio
coni:137755,137755,A.S.D.REAL TRINACRIA CT,Futsal (calcio da sala - calcio a 5),Futsal
coni:137755,137755,A.S.D.REAL TRINACRIA CT,Calcio (a 7),Calcio
coni:137756,137756,ASD MOTTA CALCIO,Calcio (a 11),Calcio
coni:137756,137756,ASD MOTTA CALCIO,Futsal (calcio da sala - calcio a 5),Futsal
coni:137756,137756,ASD MOTTA CALCIO,Calcio (a 7),Calcio
coni:137767,137767,POL.D.GROTTE DI STIFFE SAN DEMETRIO,Calcio (a 11),Calcio
coni:137771,137771,A.S.D. ALESSANDRIA DELLA ROCCA 2016,Calcio (a 11),Calcio
coni:137774,137774,ASD ZANNI CALCIO,Calcio (a 11),Calcio
coni:137796,137796,ASSOCIAZIONE SPORTIVA DILETTANTISTICA VADESE CALCIO 2018,Calcio (a 11),Calcio
coni:137809,137809,A.S.D. ACCADEMIA CALCIO MONTE,Calcio (a 11),Calcio
coni:137809,137809,A.S.D. ACCADEMIA CALCIO MONTE,Futsal (calcio da sala - calcio a 5),Futsal
coni:137817,137817,ASD CONFLENTI,Calcio (a 11),Calcio
coni:137818,137818,VIRTUS ETNA FOOTBALL CLUB ASD,Calcio (a 11),Calcio
coni:137818,137818,VIRTUS ETNA FOOTBALL CLUB ASD,Calcio (a 8),Calcio
coni:137818,137818,VIRTUS ETNA FOOTBALL CLUB ASD,Futsal (calcio da sala - calcio a 5),Futsal
coni:137818,137818,VIRTUS ETNA FOOTBALL CLUB ASD,Calcio (a 7),Calcio
coni:137819,137819,ASSOCIAZIONE SPORTIVA DILETTANTISTICA VASTO UNITED,Calcio (a 11),Calcio
coni:137822,137822,ASD MAJELLA UNITED,Calcio (a 11),Calcio
coni:137834,137834,ASD MORELLO FOOTBALL SCHOOL,Calcio (a 11),Calcio
coni:137834,137834,ASD MORELLO FOOTBALL SCHOOL,Calcio (a 7),Calcio
coni:137835,137835,ASD MONTEBELLO DI BERTONA,Calcio (a 11),Calcio
coni:137844,137844,A.S.D. SPORTING MARINA,Calcio (a 11),Calcio
coni:137845,137845,"ASSOCIAZIONE SPORTIVA DILETTANTISTICA ""A.S.D. GAGLIANO""",Calcio (a 11),Calcio
coni:137845,137845,"ASSOCIAZIONE SPORTIVA DILETTANTISTICA ""A.S.D. GAGLIANO""",Futsal (calcio da sala - calcio a 5),Futsal
coni:137854,137854,ASD BRANDIZZO,Calcio (a 11),Calcio
coni:137861,137861,ORATORIO SAN FIORANO A.S.D.,Calcio (a 11),Calcio
coni:137862,137862,ASSOCIAZIONE SPORTIVA DILETTANTISTICA FORTITUDO GROTTAGLIE,Calcio (a 11),Calcio
coni:137863,137863,ASSOCIAZIONE SPORTIVA DILETTANTISTICA CURA CALCIO,Calcio (a 11),Calcio
coni:137869,137869,ASD AIROLE FC,Futsal (calcio da sala - calcio a 5),Futsal
coni:137871,137871,ASSOCIAZIONE SPORTIVA DILETTANTISTICA - FCD - LUMARZO 2016,Calcio (a 11),Calcio
coni:137873,137873,ASSOCIAZIONE SPORTIVA DILETTANTISTICA I BRIGANTI,Calcio (a 11),Calcio
coni:137879,137879,ASD SAN FELICE,Calcio (a 11),Calcio
coni:137880,137880,ASD CAPANNOLI SAN BARTOLOMEO,Calcio (a 11),Calcio
coni:137881,137881,ASD CASTELFORTE - SAN LORENZO,Calcio (a 11),Calcio
coni:137882,137882,ASSOCIAZIONE SPORTIVA DILETTANTISTICA ASD POLISPORTIVA VIRTUS,Calcio (a 11),Calcio
coni:137884,137884,A.S.D. G.S. RI CALCIO,Calcio (a 11),Calcio
coni:137885,137885,A.S.D. ITRIA FOOTBALL CLUB,Futsal (calcio da sala - calcio a 5),Futsal
coni:137885,137885,A.S.D. ITRIA FOOTBALL CLUB,Calcio (a 11),Calcio
coni:137885,137885,A.S.D. ITRIA FOOTBALL CLUB,Calcio (a 8),Calcio
coni:137885,137885,A.S.D. ITRIA FOOTBALL CLUB,Calcio (a 7),Calcio
coni:137889,137889,A.S.D. AIELLI 2015,Calcio (a 11),Calcio
coni:137893,137893,A.S.D. OLIMPIA CAROVIGNO,Calcio (a 11),Calcio
coni:137893,137893,A.S.D. OLIMPIA CAROVIGNO,Futsal (calcio da sala - calcio a 5),Futsal
coni:137893,137893,A.S.D. OLIMPIA CAROVIGNO,Calcio (a 7),Calcio
coni:137894,137894,ASSOCIAZIONE SPORTIVA DILETTANTISTICA POLISPORTIVA REAL SANVITTORESE,Calcio (a 11),Calcio
coni:137904,137904,A.S.D. LIPARI I.C.,Calcio (a 11),Calcio
coni:137908,137908,ASSOCIAZIONE POLISPORTIVA DILETTANTISTICA CIVITELLESE,Calcio (a 11),Calcio
coni:137910,137910,A.S.D. MONTERUBBIAGLESE CALCIO A 5,Futsal (calcio da sala - calcio a 5),Futsal
coni:137912,137912,ASSOCIAZIONE GRUPPO SPORTIVO DILETTANTISTICO VALLI ZERI,Calcio (a 11),Calcio
coni:137913,137913,A.S.D.MERIENSE,Futsal (calcio da sala - calcio a 5),Futsal
coni:137915,137915,AZZURRA CALCIO GROTTA SOCIETA' SPORTIVA DILETTANTISTICA A RESPONSABILITA' LIMITATA,Calcio (a 11),Calcio
coni:137918,137918,A.S.D PIAZZA 55,Calcio (a 11),Calcio
coni:137920,137920,ASSOCIAZIONE SPORTIVA DILETTANTISTICA NEW TEAM S.G.,Calcio (a 11),Calcio
coni:137921,137921,UNIONE SPORTIVA AMIATINA A S D,Calcio (a 11),Calcio
coni:137924,137924,ASD S.C. LETTESE,Calcio (a 11),Calcio
coni:137924,137924,ASD S.C. LETTESE,Futsal (calcio da sala - calcio a 5),Futsal
coni:13793,13793,A.S.D. VIS SEZZE,Calcio (a 11),Calcio
coni:137933,137933,A.S.D. VALLE MARTELLA CALCIO,Calcio (a 11),Calcio
coni:137939,137939,A.S.D. GOLDEN BOYS MARGHERITA,Calcio (a 11),Calcio
coni:137939,137939,A.S.D. GOLDEN BOYS MARGHERITA,Calcio (a 8),Calcio
coni:137939,137939,A.S.D. GOLDEN BOYS MARGHERITA,Futsal (calcio da sala - calcio a 5),Futsal
coni:137939,137939,A.S.D. GOLDEN BOYS MARGHERITA,Calcio (a 7),Calcio
coni:137943,137943,A.S.D. CASAMARCIANO,Calcio (a 11),Calcio
coni:137945,137945,"ASSOCIAZIONE SPORTIVA ""REAL VESUVIO""",Calcio (a 11),Calcio
coni:137948,137948,A.S.D. NOVA VIGOR MISERICORDIA,Calcio (a 11),Calcio
coni:137951,137951,ASSOCIAZIONE SPORTIVA DILETTANTISTICA ATLETICO PISCIOTTA,Calcio (a 11),Calcio
coni:137955,137955,A.S.D. CALCIO BARDOLINO,Calcio (a 11),Calcio
coni:137957,137957,SSD LESSINIA MARZANA A R.L.,Calcio (a 11),Calcio
coni:137968,137968,ASD POLISPORTIVA CARRAIA,Calcio (a 11),Calcio
coni:137972,137972,FOOTBALL CLUB DILETTANTISTICO ACCADEMIA FERALPI,Calcio (a 11),Calcio
coni:137974,137974,ASD REAL SAMMAURESE GIOVANILE,Calcio (a 11),Calcio
coni:137978,137978,ASSOCIAZIONE SPORTIVA DILETTANTISTICA CASALVECCHIO SICULO,Calcio (a 11),Calcio
coni:137978,137978,ASSOCIAZIONE SPORTIVA DILETTANTISTICA CASALVECCHIO SICULO,Futsal (calcio da sala - calcio a 5),Futsal
coni:137979,137979,F.C.SAN BIAGIO PROMANO A.S.D.,Calcio (a 11),Calcio
coni:13798,13798,A.S.D. SAN BENIGNO,Calcio (a 11),Calcio
coni:13798,13798,A.S.D. SAN BENIGNO,Futsal (calcio da sala - calcio a 5),Futsal
coni:13798,13798,A.S.D. SAN BENIGNO,Calcio (a 7),Calcio
coni:13798,13798,A.S.D. SAN BENIGNO,Pallavolo,Volley
coni:137984,137984,A.S.D. GIOVANILE CATANZARO 2008,Calcio (a 11),Calcio
coni:137987,137987,ASSOCIAZIONE SPORTIVA DILETTANTISTICA CUORE E AVANZI,Calcio (a 11),Calcio
coni:137992,137992,A.S.D. L. EUROPA LUCIANO BOCCHINI,Calcio (a 11),Calcio
coni:138000,138000,ASD FCD SAN MARTINO S.M.,Calcio (a 11),Calcio
coni:138010,138010,A.S.D. CHINZE ZENA,Calcio (a 11),Calcio
coni:138015,138015,A.S.D. CEMBRA FUTSAL,Futsal (calcio da sala - calcio a 5),Futsal
coni:138020,138020,A.S.D. SANT'EUSANIO,Futsal (calcio da sala - calcio a 5),Futsal
coni:138021,138021,A.S.D. CITTA' GIARDINO MARASSI,Futsal (calcio da sala - calcio a 5),Futsal
coni:138022,138022,A.S.D. ROSORA ANGELI,Calcio (a 11),Calcio
coni:138027,138027,A.S.D. MICIO UNITED,Calcio (a 11),Calcio
coni:138029,138029,A.S.D. FUTSAL L.C.,Futsal (calcio da sala - calcio a 5),Futsal
coni:138031,138031,CALCISTICA DILETTANTISTICA FOOTBALL CLUB F.C. POPPI A.S.D,Calcio (a 11),Calcio
coni:138037,138037,A.C.PROCENO-ASSOCIAZIONE SPORTIVA DILETTANTISTICA,Calcio (a 11),Calcio
coni:138039,138039,ASD VIRTUS ROCCA SAN GIOVANNI,Calcio (a 11),Calcio
coni:138046,138046,GLS DORICA AN.UR - ASSOCIAZIONE SPORTIVA DILETTANTISTICA,Calcio (a 11),Calcio
coni:138046,138046,GLS DORICA AN.UR - ASSOCIAZIONE SPORTIVA DILETTANTISTICA,Calcio (a 8),Calcio
coni:138046,138046,GLS DORICA AN.UR - ASSOCIAZIONE SPORTIVA DILETTANTISTICA,Beach Soccer,Calcio
coni:138046,138046,GLS DORICA AN.UR - ASSOCIAZIONE SPORTIVA DILETTANTISTICA,Futsal (calcio da sala - calcio a 5),Futsal
coni:138046,138046,GLS DORICA AN.UR - ASSOCIAZIONE SPORTIVA DILETTANTISTICA,Calcio (a 7),Calcio
coni:138047,138047,FOOTBALL CLUB DILETTANTISTICO REAL ALANNO,Calcio (a 11),Calcio
coni:138049,138049,A.S.D. SAN BUONO CALCIO,Calcio (a 11),Calcio
coni:138054,138054,FUTSAL CELANO ASSOCIAZIONE SPORTIVA DILETTANTISTICA,Futsal (calcio da sala - calcio a 5),Futsal
coni:138055,138055,A.S.D. I MOSCIANESI,Calcio (a 11),Calcio
coni:138055,138055,A.S.D. I MOSCIANESI,Calcio (a 7),Calcio
coni:138059,138059,A.S.D. NUOVA TORANESE CALCIO,Calcio (a 11),Calcio
coni:138062,138062,AS CORSAGNA,Calcio (a 11),Calcio
coni:138066,138066,A.S.D. TREGLIO,Calcio (a 11),Calcio
coni:138074,138074,A.S.D. POLISPORTIVA PUGLIANELLO,Calcio (a 11),Calcio
coni:138077,138077,CALCIO GALLENO U.S.DILETTANTISTICA,Calcio (a 11),Calcio
coni:138079,138079,A.S.D. REAL RAGUSA,Calcio (a 11),Calcio
coni:138084,138084,"ASSOCIAZIONE SPORTIVA DILETTANTISTICA ""VIRTUS SCERNE 2004""",Calcio (a 11),Calcio
coni:138085,138085,ASSOCIAZIONE SPORTIVA DILETTANTISTICA MONTEPIANO,Calcio (a 11),Calcio
coni:138086,138086,"ASS.""RIVIERA DELLE PALME""",Futsal (calcio da sala - calcio a 5),Futsal
coni:138087,138087,UNIONE SPORTIVA TIRRENIA ASSOC. SPORTIVA DILETTANTISTICA,Calcio (a 11),Calcio
coni:138091,138091,A.S.D. GENSCANTALUPO 2.0 F.C.,Calcio (a 11),Calcio
coni:138092,138092,A.S.D. SFERALPINA,Futsal (calcio da sala - calcio a 5),Futsal
coni:138094,138094,ASD SPORTING VENAFRO,Futsal (calcio da sala - calcio a 5),Futsal
coni:138096,138096,POLISPORTIVA ROCCASTRADA,Calcio (a 11),Calcio
coni:138097,138097,RADICONDOLI ASSOCIAZIONE SPORTIVA DILETTANTISTICA,Calcio (a 11),Calcio
coni:13817,13817,A.S.D. CALCIO PESTELLO,Calcio (a 11),Calcio
coni:138196,138196,ASD AMATORI CALCIO BASSANO ROMANO 1989,Calcio (a 11),Calcio
coni:13825,13825,CENTRO GIOVANI CALCIATORI CAPEZZANO PIANORE 1959,Calcio (a 11),Calcio
coni:138374,138374,ASSOCIAZIONE SPORTIVA DILETTANTISTICA GENNARO ASTARITA SOCCER,Calcio (a 11),Calcio
coni:138377,138377,"ASSOCIAZIONE SPORTIVA DILETTANTISTICA ""A.S.D. LI PUNTI CALCIO""",Calcio (a 11),Calcio
coni:138378,138378,U.S. MEDOACUS A.S.D.,Calcio (a 11),Calcio
coni:13843,13843,ASSOCIAZIONE CALCIO DILETT. DUE MONTI,Calcio (a 11),Calcio
coni:138437,138437,A.S.D. MARINO,Calcio (a 11),Calcio
coni:13846,13846,ASSOCIAZIONE SPORTIVA DILETTANTISTICA STELLA DEL MARE,Calcio (a 11),Calcio
coni:13846,13846,ASSOCIAZIONE SPORTIVA DILETTANTISTICA STELLA DEL MARE,Calcio (a 7),Calcio
coni:13846,13846,ASSOCIAZIONE SPORTIVA DILETTANTISTICA STELLA DEL MARE,Futsal (calcio da sala - calcio a 5),Futsal
coni:13846,13846,ASSOCIAZIONE SPORTIVA DILETTANTISTICA STELLA DEL MARE,Beach Soccer,Calcio
coni:13847,13847,GRUPPO SPORTIVO PASSATORE ASS.SPORT.DIL.,Calcio (a 11),Calcio
coni:13847,13847,GRUPPO SPORTIVO PASSATORE ASS.SPORT.DIL.,Futsal (calcio da sala - calcio a 5),Futsal
coni:13848,13848,A.C.D. BASCA 2002,Calcio (a 11),Calcio
coni:13848,13848,A.C.D. BASCA 2002,Calcio (a 8),Calcio
coni:138485,138485,WEST LIONS UNITED ASSOCIAZIONE SPORTIVA DILETTANTISTICA,Calcio (a 11),Calcio
coni:13849,13849,POLISPORTIVA VIRTUS BORGO VENEZIA SOCIETA' SPORTIVA DILETTANTISTICA A RESPONSABILITA' LIMITATA SIGLA DENOMINAZIONE: POLISPORTIVA VIRTUS BORGO VENEZIA,Calcio (a 11),Calcio
coni:138495,138495,ASSOCIAZIONE SPORTIVA DILETTANTISTICA FUTSAL VEDELAGO GINNASTICA,Futsal (calcio da sala - calcio a 5),Futsal
coni:1385,1385,ALBESE 1917 SOCIETA' SPORTIVA DILETTANTISTICA A RESPONSABILITA' LIMITATA,Calcio (a 11),Calcio
coni:1385,1385,ALBESE 1917 SOCIETA' SPORTIVA DILETTANTISTICA A RESPONSABILITA' LIMITATA,Calcio (a 7),Calcio
coni:13858,13858,U.S. DRAGO ASSOCIAZIONE SPORTIVA DILETTANTISTICA,Calcio (a 11),Calcio
coni:13859,13859,CIRCOLO SPORTIVO LORETO A.S.D.,Calcio (a 11),Calcio
coni:138797,138797,MAGISTER SOCIETA' SPORTIVA DILETTANTISTICA A RESPONSABILITA' LIMITATA,Calcio (a 11),Calcio
coni:138815,138815,A.S.D. CALES SPORTING CLUB,Futsal (calcio da sala - calcio a 5),Futsal
coni:138815,138815,A.S.D. CALES SPORTING CLUB,Calcio (a 11),Calcio
coni:138820,138820,AIROLA CALCIO ASD,Calcio (a 11),Calcio
coni:13906,13906,A. P. D. VERBENA C5 ANCONA,Futsal (calcio da sala - calcio a 5),Futsal
coni:13906,13906,A. P. D. VERBENA C5 ANCONA,Calcio (a 11),Calcio
coni:13906,13906,A. P. D. VERBENA C5 ANCONA,Calcio (a 8),Calcio
coni:13906,13906,A. P. D. VERBENA C5 ANCONA,Calcio (a 7),Calcio
coni:13908,13908,ASSOCIAZIONE SPORTIVA DILETTANTISTICA ANKON NOVA MARMI,Futsal (calcio da sala - calcio a 5),Futsal
coni:13912,13912,A.F.C. ANGELI,Futsal (calcio da sala - calcio a 5),Futsal
coni:139178,139178,ASSOCIAZIONE SPORTIVA DILETTANTISTICA UNTERMAIS MERAN,Calcio (a 11),Calcio
coni:13933,13933,S.S.D. ORTONA CALCIO,Calcio (a 11),Calcio
coni:13933,13933,S.S.D. ORTONA CALCIO,Calcio (a 7),Calcio
coni:139335,139335,A.S.D. ATLETICO MILENA,Calcio (a 11),Calcio
coni:139335,139335,A.S.D. ATLETICO MILENA,Calcio (a 8),Calcio
coni:139335,139335,A.S.D. ATLETICO MILENA,Futsal (calcio da sala - calcio a 5),Futsal
coni:139335,139335,A.S.D. ATLETICO MILENA,Calcio (a 7),Calcio
coni:13937,13937,TRE PONTI S.R.L. SOCIETA' SPORTIVA DILETTANTISTICA,Calcio (a 11),Calcio
coni:13937,13937,TRE PONTI S.R.L. SOCIETA' SPORTIVA DILETTANTISTICA,Futsal (calcio da sala - calcio a 5),Futsal
coni:13937,13937,TRE PONTI S.R.L. SOCIETA' SPORTIVA DILETTANTISTICA,Calcio (a 7),Calcio
coni:139406,139406,ASSOCIAZIONE SPORTIVA DILETTANTISTICA CAMPOBELLO 1970,Calcio (a 11),Calcio
coni:139558,139558,ASD VINCENZO MARGIOTTA,Calcio (a 11),Calcio
coni:139572,139572,SPORT VILLAGE FONDI NUOTO SOCIETA' SPORTIVA DILETTANTISTICA A R.L.,Calcio (a 11),Calcio
coni:13958,13958,CASTELBELLINO CALCIO A 5,Futsal (calcio da sala - calcio a 5),Futsal
coni:139598,139598,A.P.D. SPORTING SCISCIANO,Calcio (a 11),Calcio
coni:139598,139598,A.P.D. SPORTING SCISCIANO,Calcio (a 8),Calcio
coni:139598,139598,A.P.D. SPORTING SCISCIANO,Futsal (calcio da sala - calcio a 5),Futsal
coni:139598,139598,A.P.D. SPORTING SCISCIANO,Calcio (a 7),Calcio
coni:139686,139686,ASSOCIAZIONE SPORTIVA DILETTANTISTICA ROSSONERI C5,Futsal (calcio da sala - calcio a 5),Futsal
coni:13974,13974,POLISPORTIVA SAVIO CALCIO ASD,Calcio (a 11),Calcio
coni:139752,139752,A.S.D. CITTA' DI FISCIANO,Calcio (a 11),Calcio
coni:139754,139754,VIRTUS RUSSOCALCIO A.S.D.,Calcio (a 11),Calcio
coni:139754,139754,VIRTUS RUSSOCALCIO A.S.D.,Pallamano,Pallamano
coni:139754,139754,VIRTUS RUSSOCALCIO A.S.D.,Calcio (a 8),Calcio
coni:139754,139754,VIRTUS RUSSOCALCIO A.S.D.,Futsal (calcio da sala - calcio a 5),Futsal
coni:139754,139754,VIRTUS RUSSOCALCIO A.S.D.,Calcio (a 7),Calcio
coni:139754,139754,VIRTUS RUSSOCALCIO A.S.D.,Pallacanestro,Basket
coni:139754,139754,VIRTUS RUSSOCALCIO A.S.D.,Pallavolo,Volley
coni:13976,13976,ASSOCIAZIONE SPORTIVA DILETTANTISTICA GALLO FOOTBALL,Calcio (a 11),Calcio
coni:139807,139807,ASD CITTA' DI CINISI,Calcio (a 11),Calcio
coni:139810,139810,A.S.D. PALERMITI GIRIFALCO,Calcio (a 11),Calcio
coni:139812,139812,ASSOCIAZIONE SPORTIVA DILETTANTISTICA JONICA ACADEMY,Calcio (a 11),Calcio
coni:139812,139812,ASSOCIAZIONE SPORTIVA DILETTANTISTICA JONICA ACADEMY,Calcio (a 7),Calcio
coni:139813,139813,A.S.D. S. LEONARDO ACADEMY CALCIO,Calcio (a 11),Calcio
coni:139816,139816,ASSOCIAZIONE SPORTIVA DILETTANTISTICA VELA PIEDICASTELLO,Calcio (a 11),Calcio
coni:139833,139833,A.S.D CITTA' DI FRANCAVILLA,Calcio (a 11),Calcio
coni:139833,139833,A.S.D CITTA' DI FRANCAVILLA,Calcio (a 8),Calcio
coni:139833,139833,A.S.D CITTA' DI FRANCAVILLA,Futsal (calcio da sala - calcio a 5),Futsal
coni:139833,139833,A.S.D CITTA' DI FRANCAVILLA,Calcio (a 7),Calcio
coni:139835,139835,A.S.D. LIONS SOCCER,Calcio (a 11),Calcio
coni:139840,139840,A.S.D. ATLETICO BATTIPAGLIA 2018,Calcio (a 11),Calcio
coni:139843,139843,ASSOCIAZIONE SPORTIVA DILETTANTISTICA SAN VINCENZO PALLOTTI,Calcio (a 11),Calcio
coni:139844,139844,ASD ACCADEMIA DE FUTEBOL CARIOCA,Calcio (a 11),Calcio
coni:139844,139844,ASD ACCADEMIA DE FUTEBOL CARIOCA,Calcio (a 8),Calcio
coni:139844,139844,ASD ACCADEMIA DE FUTEBOL CARIOCA,Futsal (calcio da sala - calcio a 5),Futsal
coni:139844,139844,ASD ACCADEMIA DE FUTEBOL CARIOCA,Calcio (a 7),Calcio
coni:139848,139848,ASSOCIAZIONE SPORTIVA DILETTANTISTICA NEBRODI C.S.T.,Calcio (a 11),Calcio
coni:139848,139848,ASSOCIAZIONE SPORTIVA DILETTANTISTICA NEBRODI C.S.T.,Futsal (calcio da sala - calcio a 5),Futsal
coni:139848,139848,ASSOCIAZIONE SPORTIVA DILETTANTISTICA NEBRODI C.S.T.,Calcio (a 7),Calcio
coni:139855,139855,A.S.D. BOVINO CALCIO,Calcio (a 11),Calcio
coni:13986,13986,U.S.D. FALCO ACQUALAGNA,Calcio (a 11),Calcio
coni:139862,139862,A.S.D. PALOMBARA,Calcio (a 11),Calcio
coni:139862,139862,A.S.D. PALOMBARA,Futsal (calcio da sala - calcio a 5),Futsal
coni:139877,139877,A.S.D. MORACE FOOTBALL CATANIA,Calcio (a 11),Calcio
coni:139877,139877,A.S.D. MORACE FOOTBALL CATANIA,Futsal (calcio da sala - calcio a 5),Futsal
coni:139877,139877,A.S.D. MORACE FOOTBALL CATANIA,Calcio (a 7),Calcio
coni:139883,139883,A.S.D. MITHRAEUM 2018 ASS. SPORTIVA DILETT.,Calcio (a 11),Calcio
coni:139885,139885,PIANETA CALCIO ASSOCIAZIONE SPORTIVA DILETTANTISTICA,Calcio (a 11),Calcio
coni:139886,139886,ASSOCIAZIONE SPORTIVA DILETTANTISTICA JUNIOR TEAM CALATAFIMI,Calcio (a 11),Calcio
coni:139891,139891,ASD CITTA' DI BRUSCIANO,Calcio (a 11),Calcio
coni:139893,139893,ASSOCIAZIONE SPORTIVA DILETTANTISTICA GIOVE ACADEMY,Calcio (a 11),Calcio
coni:139893,139893,ASSOCIAZIONE SPORTIVA DILETTANTISTICA GIOVE ACADEMY,Calcio (a 8),Calcio
coni:139893,139893,ASSOCIAZIONE SPORTIVA DILETTANTISTICA GIOVE ACADEMY,Futsal (calcio da sala - calcio a 5),Futsal
coni:139893,139893,ASSOCIAZIONE SPORTIVA DILETTANTISTICA GIOVE ACADEMY,Calcio (a 7),Calcio
coni:139895,139895,A.S.D. GARGANO ACADEMY,Calcio (a 11),Calcio
coni:139896,139896,A.S.D. ATLETICO GARGANO,Calcio (a 11),Calcio
coni:1399,1399,A.S.D. SERENISSIMA PRADAMANO,Calcio (a 11),Calcio
coni:139903,139903,ASD ATHENA SASSARI FC5,Futsal (calcio da sala - calcio a 5),Futsal
coni:139905,139905,ASSOCIAZIONE CALCIO DILETTANTISTICA COLONNATA 1965,Calcio (a 11),Calcio
coni:125635,125635,A.S.D. ATLETICO MONDOLFO 1952,Calcio (a 11),Calcio
coni:125819,125819,ASD CASSIO CLUB,Calcio (a 11),Calcio
coni:131534,131534,S.S. SIGNA 1914 A.S.D.,Calcio (a 11),Calcio
coni:131536,131536,U.S.D.FOLGORE SEGROMIGNO PIANO,Calcio (a 11),Calcio
coni:131584,131584,CONSORZIO TERZO SETTORE SOC. DI SERVIZI SOCIALI SOC. COOPERATIVA SOCIALE SOC. SPORTIVA DILETTANTISTICA,Calcio (a 7),Calcio
coni:131584,131584,CONSORZIO TERZO SETTORE SOC. DI SERVIZI SOCIALI SOC. COOPERATIVA SOCIALE SOC. SPORTIVA DILETTANTISTICA,Calcio (a 11),Calcio
coni:13159,13159,ASSOCIAZIONE SPORTIVA DILETTANTISTICA CITTA' DI MARSALA,Futsal (calcio da sala - calcio a 5),Futsal
coni:132109,132109,ASSOCIAZIONE CALCIO GONZAGA,Calcio (a 11),Calcio
coni:132109,132109,ASSOCIAZIONE CALCIO GONZAGA,Calcio (a 7),Calcio
coni:132670,132670,A.S.D. DERTHONA FBC 1908,Calcio (a 11),Calcio
coni:133097,133097,U.S. DUBINO,Calcio (a 11),Calcio
coni:1334,1334,SOCIETA' SPORTIVA DILETTANTISTICA TARROS SARZANA SRL,Calcio (a 11),Calcio
coni:1334,1334,SOCIETA' SPORTIVA DILETTANTISTICA TARROS SARZANA SRL,Futsal (calcio da sala - calcio a 5),Futsal
coni:1334,1334,SOCIETA' SPORTIVA DILETTANTISTICA TARROS SARZANA SRL,Calcio (a 7),Calcio
coni:13341,13341,POLISPORTIVA PARATICO ASSOCIAZIONE SPORTIVA DILETTANTISTICA,Calcio (a 11),Calcio
coni:13341,13341,POLISPORTIVA PARATICO ASSOCIAZIONE SPORTIVA DILETTANTISTICA,Calcio (a 7),Calcio
coni:13341,13341,POLISPORTIVA PARATICO ASSOCIAZIONE SPORTIVA DILETTANTISTICA,Beach volley,Volley
coni:13341,13341,POLISPORTIVA PARATICO ASSOCIAZIONE SPORTIVA DILETTANTISTICA,Pallavolo,Volley
coni:13376,13376,ASD TURRIS CALCIO VAL PESCARA,Calcio (a 11),Calcio
coni:13376,13376,ASD TURRIS CALCIO VAL PESCARA,Futsal (calcio da sala - calcio a 5),Futsal
coni:135291,135291,ASD BORUSSIA ARAGONES,Calcio (a 11),Calcio
coni:135361,135361,A.S.D. CIOLI ARICCIA VALMONTONE,Futsal (calcio da sala - calcio a 5),Futsal
coni:135491,135491,ASS.SPO.DIL. CENTOBUCHI 1972 MP,Calcio (a 11),Calcio
coni:135501,135501,A.C. MARZOLARA,Calcio (a 11),Calcio
coni:135502,135502,"ASSOCIAZIONE SPORTIVA DILETTANTISTICA ""F.C.D. RAPID OLIMPIA""",Calcio (a 11),Calcio
coni:135507,135507,MASI TORELLO-VOGHIERA SOCIETA'SPORTIVA DILETTANTISTICA A RESPONSABILITA'LIMITATA,Calcio (a 11),Calcio
coni:13605,13605,ASD POLISPORTIVA CARAFFA,Calcio (a 11),Calcio
coni:13605,13605,ASD POLISPORTIVA CARAFFA,Futsal (calcio da sala - calcio a 5),Futsal
coni:136098,136098,A.S.D. BORGATA CIT TURIN,Calcio (a 11),Calcio
coni:136132,136132,U.S.D. ATLETICO CATANIA,Calcio (a 11),Calcio
coni:136148,136148,POL. D. SAN GIORGIO,Calcio (a 11),Calcio
coni:136179,136179,A.F.C. SEGESTA 1988,Calcio (a 11),Calcio
coni:136182,136182,ASD NUOVA CASOLA VALSENIO,Calcio (a 11),Calcio
coni:136229,136229,ASSOCIAZIONE SPORTIVA DILETTANTISTISCA PAVONESE CIGOLESE,Calcio (a 11),Calcio
coni:136244,136244,A.S.D. SCUOLA CALCIO MARIGLIANO,Calcio (a 11),Calcio
coni:136274,136274,VIVARINA ASSOCIAZIONE SPORTIVA,Calcio (a 11),Calcio
coni:136288,136288,A.S.D. MIRIANO CALCIO A 5,Futsal (calcio da sala - calcio a 5),Futsal
coni:13643,13643,ASSOCIAZIONE DILETTANTISTICA UNIONE SPORTIVA CERESOLE D'ALBA,Calcio (a 11),Calcio
coni:136602,136602,ASS.SPORTIVA DILETT.GATTOPARDO PALMA,Calcio (a 11),Calcio
coni:1368,1368,UNIONE SPORTIVA VIGOLANA ASSOCIAZIONE SPORTIVA DILETTANTISTICA,Calcio (a 11),Calcio
coni:13698,13698,F.C. LOVERS 1997,Calcio (a 11),Calcio
coni:13698,13698,F.C. LOVERS 1997,Calcio (a 7),Calcio
coni:136983,136983,A.S.D. RONCELLO F.C. 2018,Calcio (a 11),Calcio
coni:137223,137223,OLIMPIA SPORT VILLAGE SOCIETA' SPORTIVA DILETTANTISTICA A R.L.,Calcio (a 11),Calcio
coni:137223,137223,OLIMPIA SPORT VILLAGE SOCIETA' SPORTIVA DILETTANTISTICA A R.L.,Calcio (a 7),Calcio
coni:13758,13758,ASD GRUPPO SPORTIVO ITALIANO,Calcio (a 11),Calcio
coni:137671,137671,A.S.D. CASALOTTI CALCIO,Futsal (calcio da sala - calcio a 5),Futsal
coni:137725,137725,A.S.D. VALMONTONE CALCIO,Calcio (a 11),Calcio
coni:137736,137736,ASD SPORTIVA CALTIGNAGA,Calcio (a 11),Calcio
coni:137783,137783,"ASD ""ALL STARS""",Calcio (a 11),Calcio
coni:137789,137789,A.S.D. ATLETICO SORDIO,Calcio (a 11),Calcio
coni:137789,137789,A.S.D. ATLETICO SORDIO,Pallavolo,Volley
coni:137792,137792,ASSOCIAZIONE SPORTIVA DILETTANTISTICA CALCIO SILIQUA,Calcio (a 11),Calcio
coni:137935,137935,A.S.D. VIRTUS CAP SAN MICHELE,Futsal (calcio da sala - calcio a 5),Futsal
coni:137940,137940,A.S.D. CITTA DI MELITO DI NAPOLI,Calcio (a 11),Calcio
coni:137941,137941,A.S.D. VERISPORT,Calcio (a 11),Calcio
coni:137995,137995,A.S.D. BADOLATO,Calcio (a 11),Calcio
coni:137995,137995,A.S.D. BADOLATO,Futsal (calcio da sala - calcio a 5),Futsal
coni:138064,138064,ASSOCIAZIONE SPORTIVA DILETTANTISTICA TORREBRUNA,Calcio (a 11),Calcio
coni:138069,138069,A.S.D. U.S. FRENTER LARINO,Calcio (a 11),Calcio
coni:138072,138072,A.S.D. MILLESIMO CALCIO,Calcio (a 11),Calcio
coni:138089,138089,ASSOCIAZIONE SPORTIVA AMOROSI,Calcio (a 11),Calcio
coni:138459,138459,ASSOCIAZIONE SPORTIVA DILETTANTISTICA SPORTING MUSILE,Futsal (calcio da sala - calcio a 5),Futsal
coni:138724,138724,ASSOCIAZIONE SPORTIVA DILETTANTISTICA ALBA SANNIO,Calcio (a 11),Calcio
coni:138724,138724,ASSOCIAZIONE SPORTIVA DILETTANTISTICA ALBA SANNIO,Calcio (a 7),Calcio
coni:1389,1389,A.C.TREGNAGO 1931 ASSOCIAZIONE SPORTIVA DILETTANTISTICA,Calcio (a 11),Calcio
coni:139139,139139,FUTSAL QUARTO A.S.D.,Futsal (calcio da sala - calcio a 5),Futsal
coni:139808,139808,ASSOCIAZIONE SPORTIVA DILETTANTISTICA - RIVIERA NORD -,Calcio (a 11),Calcio
coni:139858,139858,ASD SANT'EGIDIO CALCIO,Calcio (a 11),Calcio
coni:139909,139909,HERMES GIULIANO DI ROMA,Calcio (a 11),Calcio
coni:139909,139909,HERMES GIULIANO DI ROMA,Calcio (a 8),Calcio
coni:139909,139909,HERMES GIULIANO DI ROMA,Futsal (calcio da sala - calcio a 5),Futsal
coni:139909,139909,HERMES GIULIANO DI ROMA,Calcio (a 7),Calcio
coni:139910,139910,A.S.D. POFI CALCIO,Calcio (a 11),Calcio
coni:139914,139914,A.S.D. REAL CITTA' DEI PAPI CALCIO A 5,Futsal (calcio da sala - calcio a 5),Futsal
coni:139918,139918,A.S.D. MONTEGROSSO ACADEMY F.C.,Calcio (a 11),Calcio
coni:139918,139918,A.S.D. MONTEGROSSO ACADEMY F.C.,Futsal (calcio da sala - calcio a 5),Futsal
coni:139925,139925,ASD FORTITUDO VESUVIANI C5,Futsal (calcio da sala - calcio a 5),Futsal
coni:139928,139928,ASD NUOVA GIOVENTU VIESTE,Calcio (a 11),Calcio
coni:139928,139928,ASD NUOVA GIOVENTU VIESTE,Beach Soccer,Calcio
coni:139928,139928,ASD NUOVA GIOVENTU VIESTE,Futsal (calcio da sala - calcio a 5),Futsal
coni:139928,139928,ASD NUOVA GIOVENTU VIESTE,Calcio (a 7),Calcio
coni:139929,139929,A.S.D. VALFINO CALCIO,Calcio (a 11),Calcio
coni:139929,139929,A.S.D. VALFINO CALCIO,Calcio (a 8),Calcio
coni:139929,139929,A.S.D. VALFINO CALCIO,Pallacanestro,Basket
coni:139929,139929,A.S.D. VALFINO CALCIO,Pallavolo,Volley
coni:139932,139932,CLUB AMICI LUZZANO-ASSOCIAZIONE SPORTIVA DILETTANTISTICA,Calcio (a 11),Calcio
coni:139938,139938,A.S.D. BURGIO,Calcio (a 11),Calcio
coni:139944,139944,A.C. SETTIMELLO ASD,Calcio (a 11),Calcio
coni:139944,139944,A.C. SETTIMELLO ASD,Calcio (a 8),Calcio
coni:139944,139944,A.C. SETTIMELLO ASD,Futsal (calcio da sala - calcio a 5),Futsal
coni:139944,139944,A.C. SETTIMELLO ASD,Calcio (a 7),Calcio
coni:139954,139954,A.D.S. LEONCINI GREGORIANI,Calcio (a 11),Calcio
coni:139954,139954,A.D.S. LEONCINI GREGORIANI,Calcio (a 8),Calcio
coni:139954,139954,A.D.S. LEONCINI GREGORIANI,Futsal (calcio da sala - calcio a 5),Futsal
coni:139954,139954,A.D.S. LEONCINI GREGORIANI,Calcio (a 7),Calcio
coni:139956,139956,ASD ATLETICO SAN GREGORIO,Calcio (a 11),Calcio
coni:139959,139959,ASSOCIAZIONE POLISPORTIVA DILETTANTISTICA LAGOREAL 1981,Calcio (a 11),Calcio
coni:139959,139959,ASSOCIAZIONE POLISPORTIVA DILETTANTISTICA LAGOREAL 1981,Calcio (a 7),Calcio
coni:139984,139984,REAL ACADEMY ISCHIA - ASD,Calcio (a 11),Calcio
coni:139988,139988,ASSOCIAZIONE SPORTIVA TORRE,Calcio (a 11),Calcio
coni:139995,139995,NUOVA A.D. FELGAS FABRICA,Calcio (a 11),Calcio
coni:140001,140001,A.S.D. BARBATO FOOTBALL ACADEMY,Calcio (a 11),Calcio
coni:140002,140002,A.S.D. BORDIGHERA SANT'AMPELIO,Calcio (a 11),Calcio
coni:140003,140003,ASD F.D.18,Calcio (a 11),Calcio
coni:140006,140006,SPORTING CORVARO,Calcio (a 11),Calcio
coni:140011,140011,"ASSOCIAZIONE SPORTIVA DILETTANTISTICA "" FOLGORE MAIANO """,Calcio (a 11),Calcio
coni:140013,140013,ASSOCIAZIONE SPORTIVA DILETTANTISTICA G.S.S.D. PIANO PIZZERIA LUCIA,Calcio (a 11),Calcio
coni:140016,140016,ASD S.S. COSMA DAMIANO GRUNUOVO,Calcio (a 11),Calcio
coni:140017,140017,ASSOCIAZIONE SPORTIVA DILETTANTISTICA SANTA SUSANNA,Calcio (a 11),Calcio
coni:140022,140022,A.S.D. G.S. OLYMPUS CASERTA C5,Futsal (calcio da sala - calcio a 5),Futsal
coni:140027,140027,A.S.D. TIQUITACA F.C.,Calcio (a 11),Calcio
coni:140029,140029,A.S.D. VERDE ISOLA,Calcio (a 11),Calcio
coni:140030,140030,A.S.D. NUOVA REAL PIEDIMONTE S.G.,Calcio (a 11),Calcio
coni:140031,140031,A.S.D. POLISPORTIVA F.G.M. PONTECORVO,Calcio (a 11),Calcio
coni:140031,140031,A.S.D. POLISPORTIVA F.G.M. PONTECORVO,Futsal (calcio da sala - calcio a 5),Futsal
coni:140031,140031,A.S.D. POLISPORTIVA F.G.M. PONTECORVO,Calcio (a 7),Calcio
coni:140040,140040,"ASSOCIAZIONE SPORTIVA DILETTANTISTICA ""POLISPORTIVA LA RIESINA""",Futsal (calcio da sala - calcio a 5),Futsal
coni:140040,140040,"ASSOCIAZIONE SPORTIVA DILETTANTISTICA ""POLISPORTIVA LA RIESINA""",Calcio (a 11),Calcio
coni:140043,140043,ASSOCIAZIONE SPORTIVA DILETTANTISTICA VIRTUS ROMETTA,Calcio (a 11),Calcio
coni:140045,140045,ASSOCIAZIONE SPORTIVA DILETTANTISTICA SALEMI POLISPORTIVA,Calcio (a 11),Calcio
coni:140045,140045,ASSOCIAZIONE SPORTIVA DILETTANTISTICA SALEMI POLISPORTIVA,Futsal (calcio da sala - calcio a 5),Futsal
coni:140052,140052,A.S.D NIKEYON 1962,Calcio (a 11),Calcio
coni:140054,140054,A.S.D. ATLETICO LE PALME,Calcio (a 11),Calcio
coni:140057,140057,A.S.D. ATLETICO MONTERANO,Calcio (a 11),Calcio
coni:140066,140066,A.S.D. LADISLAO CALCIO A 5,Calcio (a 11),Calcio
coni:140070,140070,SCUOLA CALCIO MASSIMO PERNA A.S.D.,Calcio (a 11),Calcio
coni:140070,140070,SCUOLA CALCIO MASSIMO PERNA A.S.D.,Calcio (a 8),Calcio
coni:140070,140070,SCUOLA CALCIO MASSIMO PERNA A.S.D.,Futsal (calcio da sala - calcio a 5),Futsal
coni:140070,140070,SCUOLA CALCIO MASSIMO PERNA A.S.D.,Calcio (a 7),Calcio
coni:140072,140072,FC UNITED ACADEMY,Calcio (a 11),Calcio
coni:140075,140075,FOOTBALL CLUB DILETTANTISTICO VIRTUS BISCEGLIE,Calcio (a 11),Calcio
coni:140080,140080,A.S.D. ACADEMY ALTAMURA,Calcio (a 11),Calcio
coni:140080,140080,A.S.D. ACADEMY ALTAMURA,Calcio (a 8),Calcio
coni:140080,140080,A.S.D. ACADEMY ALTAMURA,Futsal (calcio da sala - calcio a 5),Futsal
coni:140080,140080,A.S.D. ACADEMY ALTAMURA,Calcio (a 7),Calcio
coni:140082,140082,SSD SPACCANAPOLI SPORTING S.R.L.,Calcio (a 11),Calcio
coni:140082,140082,SSD SPACCANAPOLI SPORTING S.R.L.,Futsal (calcio da sala - calcio a 5),Futsal
coni:140082,140082,SSD SPACCANAPOLI SPORTING S.R.L.,Calcio (a 7),Calcio
coni:140082,140082,SSD SPACCANAPOLI SPORTING S.R.L.,Calcio (a 8),Calcio
coni:140082,140082,SSD SPACCANAPOLI SPORTING S.R.L.,Beach Soccer,Calcio
coni:140082,140082,SSD SPACCANAPOLI SPORTING S.R.L.,Pallacanestro,Basket
coni:140082,140082,SSD SPACCANAPOLI SPORTING S.R.L.,Pallavolo,Volley
coni:140088,140088,A.S.D. CARBONILE,Calcio (a 11),Calcio
coni:140090,140090,ASD ACADEMYPANORMUS S. ALFONSO,Calcio (a 11),Calcio
coni:140090,140090,ASD ACADEMYPANORMUS S. ALFONSO,Calcio (a 8),Calcio
coni:140090,140090,ASD ACADEMYPANORMUS S. ALFONSO,Futsal (calcio da sala - calcio a 5),Futsal
coni:140090,140090,ASD ACADEMYPANORMUS S. ALFONSO,Calcio (a 7),Calcio
coni:140091,140091,FADA FOOTBALL CLUB SOCIETA' SPORTIVA DILETTANTISTICA A R.L.,Calcio (a 11),Calcio
coni:140091,140091,FADA FOOTBALL CLUB SOCIETA' SPORTIVA DILETTANTISTICA A R.L.,Calcio (a 8),Calcio
coni:140091,140091,FADA FOOTBALL CLUB SOCIETA' SPORTIVA DILETTANTISTICA A R.L.,Futsal (calcio da sala - calcio a 5),Futsal
coni:140091,140091,FADA FOOTBALL CLUB SOCIETA' SPORTIVA DILETTANTISTICA A R.L.,Calcio (a 7),Calcio
coni:140099,140099,ASD A.P. REAL FILETTA PEZZANO,Calcio (a 11),Calcio
coni:140099,140099,ASD A.P. REAL FILETTA PEZZANO,Calcio (a 8),Calcio
coni:140099,140099,ASD A.P. REAL FILETTA PEZZANO,Futsal (calcio da sala - calcio a 5),Futsal
coni:140099,140099,ASD A.P. REAL FILETTA PEZZANO,Calcio (a 7),Calcio
coni:140103,140103,F.C. UNION PRO 1928 SSDRL,Calcio (a 11),Calcio
coni:140104,140104,G.S.PIAN DI SAN BARTOLO,Calcio (a 11),Calcio
coni:140107,140107,A.S.D. ORSARA DI PUGLIA,Calcio (a 11),Calcio
coni:140117,140117,ASS. SPORTIVA GENOVA CALCIO A CINQUE,Futsal (calcio da sala - calcio a 5),Futsal
coni:140118,140118,ASD SATELLITE CAIVANO,Calcio (a 11),Calcio
coni:140120,140120,"ASSOCIAZIONE SPORTIVO CULTURALE DILETTANTISTICA "" VIGOR ITALA """,Calcio (a 11),Calcio
coni:140120,140120,"ASSOCIAZIONE SPORTIVO CULTURALE DILETTANTISTICA "" VIGOR ITALA """,Futsal (calcio da sala - calcio a 5),Futsal
coni:140125,140125,ASSOCIAZIONE SPORTIVA DILETTANTISTICA ARNA,Calcio (a 11),Calcio
coni:140131,140131,POLISPORTIVA FORTITUDO ASS.DILET,Calcio (a 11),Calcio
coni:140131,140131,POLISPORTIVA FORTITUDO ASS.DILET,Futsal (calcio da sala - calcio a 5),Futsal
coni:140132,140132,ASD ATLETICO POFI,Calcio (a 11),Calcio
coni:140139,140139,A.S.D. CANIGA SASSARI,Calcio (a 11),Calcio
coni:140152,140152,"ASSOCIAZIONE SPORTIVA DILETTANTISTICA ""L. IN.G. MONDO NAZIONE""",Calcio (a 11),Calcio
coni:140152,140152,"ASSOCIAZIONE SPORTIVA DILETTANTISTICA ""L. IN.G. MONDO NAZIONE""",Calcio (a 7),Calcio
coni:140152,140152,"ASSOCIAZIONE SPORTIVA DILETTANTISTICA ""L. IN.G. MONDO NAZIONE""",Calcio (a 8),Calcio
coni:140152,140152,"ASSOCIAZIONE SPORTIVA DILETTANTISTICA ""L. IN.G. MONDO NAZIONE""",Futsal (calcio da sala - calcio a 5),Futsal
coni:140157,140157,ASD FUTURA MONTEODORISIO ASSOCIAZIONE SPORTIVA DILETTANTISTICA,Calcio (a 11),Calcio
coni:140164,140164,"ASSOC, SPORTIVA DILETTANTISTICA POLISPORTIVA HERMES TORO",Calcio (a 11),Calcio
coni:140166,140166,ASTA 2016 S.S.D. A R.L.,Calcio (a 11),Calcio
coni:140278,140278,AL2 SPORT S.S.D. A R.L.,Calcio (a 11),Calcio
coni:140278,140278,AL2 SPORT S.S.D. A R.L.,Calcio (a 8),Calcio
coni:140278,140278,AL2 SPORT S.S.D. A R.L.,Futsal (calcio da sala - calcio a 5),Futsal
coni:140278,140278,AL2 SPORT S.S.D. A R.L.,Calcio (a 7),Calcio
coni:140278,140278,AL2 SPORT S.S.D. A R.L.,Beach volley,Volley
coni:140278,140278,AL2 SPORT S.S.D. A R.L.,Pallacanestro 3 contro 3,Basket
coni:140278,140278,AL2 SPORT S.S.D. A R.L.,Pallacanestro,Basket
coni:140278,140278,AL2 SPORT S.S.D. A R.L.,Pallavolo,Volley
coni:1403,1403,A.S.D. I. LORENZINI BARBARA - MONSERRA,Calcio (a 11),Calcio
coni:140304,140304,SMEDILE FUTEBOL CLUBE A.S.D.,Calcio (a 11),Calcio
coni:14034,14034,A.S.D. MEDOLESE,Calcio (a 11),Calcio
coni:14034,14034,A.S.D. MEDOLESE,Futsal (calcio da sala - calcio a 5),Futsal
coni:14034,14034,A.S.D. MEDOLESE,Calcio (a 7),Calcio
coni:14040,14040,A.S.D. PRO REDA,Calcio (a 11),Calcio
coni:14041,14041,A.S.D. CALCIIO SUSTINENTE,Calcio (a 11),Calcio
coni:14041,14041,A.S.D. CALCIIO SUSTINENTE,Calcio (a 7),Calcio
coni:1405,1405,ASSOCIAZIONE SPORTIVA DILETTANTISTICA PIETRALACROCE '73,Calcio (a 11),Calcio
coni:1405,1405,ASSOCIAZIONE SPORTIVA DILETTANTISTICA PIETRALACROCE '73,Futsal (calcio da sala - calcio a 5),Futsal
coni:1405,1405,ASSOCIAZIONE SPORTIVA DILETTANTISTICA PIETRALACROCE '73,Pallacanestro,Basket
coni:1405,1405,ASSOCIAZIONE SPORTIVA DILETTANTISTICA PIETRALACROCE '73,Calcio (a 7),Calcio
coni:1405,1405,ASSOCIAZIONE SPORTIVA DILETTANTISTICA PIETRALACROCE '73,Pallavolo,Volley
coni:140502,140502,LA FONDURA ASSOCIAZIONE SPORTIVA DILETTANTISTICA,Futsal (calcio da sala - calcio a 5),Futsal
coni:140502,140502,LA FONDURA ASSOCIAZIONE SPORTIVA DILETTANTISTICA,Calcio (a 11),Calcio
coni:140502,140502,LA FONDURA ASSOCIAZIONE SPORTIVA DILETTANTISTICA,Calcio (a 8),Calcio
coni:140502,140502,LA FONDURA ASSOCIAZIONE SPORTIVA DILETTANTISTICA,Calcio (a 7),Calcio
coni:140526,140526,A.S.D. NUOVA MEDIMO ORATORI,Calcio (a 11),Calcio
coni:140526,140526,A.S.D. NUOVA MEDIMO ORATORI,Futsal (calcio da sala - calcio a 5),Futsal
coni:140526,140526,A.S.D. NUOVA MEDIMO ORATORI,Calcio (a 7),Calcio
coni:14079,14079,SPORTFLY SSD,Calcio (a 11),Calcio
coni:14083,14083,POLISPORTIVA DILETTANTISTICA SAN VITTORE,Calcio (a 11),Calcio
coni:140980,140980,ASD PICCOLI PIRATI GOVERNOLO,Calcio (a 11),Calcio
coni:140980,140980,ASD PICCOLI PIRATI GOVERNOLO,Calcio (a 7),Calcio
coni:14102,14102,CENTOGRIGIO SOCIETA' SPORTIVA DILETTANTISTICA S.R.L.,Calcio (a 11),Calcio
coni:14102,14102,CENTOGRIGIO SOCIETA' SPORTIVA DILETTANTISTICA S.R.L.,Calcio (a 8),Calcio
coni:14102,14102,CENTOGRIGIO SOCIETA' SPORTIVA DILETTANTISTICA S.R.L.,Calcio (a 7),Calcio
coni:14102,14102,CENTOGRIGIO SOCIETA' SPORTIVA DILETTANTISTICA S.R.L.,Beach volley,Volley
coni:14102,14102,CENTOGRIGIO SOCIETA' SPORTIVA DILETTANTISTICA S.R.L.,Pallacanestro 3 contro 3,Basket
coni:14102,14102,CENTOGRIGIO SOCIETA' SPORTIVA DILETTANTISTICA S.R.L.,Pallacanestro,Basket
coni:141051,141051,A.S.D. DON BOSCO NEAPOLIS,Calcio (a 11),Calcio
coni:141051,141051,A.S.D. DON BOSCO NEAPOLIS,Calcio (a 7),Calcio
coni:141152,141152,A.S.D. POLISPORTIVA COMUNALE CIVITELLESE 2015,Calcio (a 11),Calcio
coni:141156,141156,A.S.D. TEAM GARDEN 2001,Futsal (calcio da sala - calcio a 5),Futsal
coni:141164,141164,A.S.D. VIRTUS SCALA,Calcio (a 11),Calcio
coni:141170,141170,ASD MERIDIANA ETNA SOCCER,Calcio (a 11),Calcio
coni:141170,141170,ASD MERIDIANA ETNA SOCCER,Futsal (calcio da sala - calcio a 5),Futsal
coni:141170,141170,ASD MERIDIANA ETNA SOCCER,Calcio (a 7),Calcio
coni:141170,141170,ASD MERIDIANA ETNA SOCCER,Calcio (a 8),Calcio
coni:141178,141178,SSD SPORTING AVELLA,Calcio (a 11),Calcio
coni:141182,141182,ASSO AVELLINO CALCIO ASD,Calcio (a 11),Calcio
coni:141182,141182,ASSO AVELLINO CALCIO ASD,Futsal (calcio da sala - calcio a 5),Futsal
coni:141182,141182,ASSO AVELLINO CALCIO ASD,Calcio (a 7),Calcio
coni:141183,141183,A.S.D. A.C. BASELICE,Calcio (a 11),Calcio
coni:141192,141192,ASSOCIAZIONE SPORTIVA DILETTANTISTICA A.S.D. ATLETICO PONTINIA,Calcio (a 11),Calcio
coni:141197,141197,A.S.D. VIOLA FUTSAL CERAMI,Calcio (a 11),Calcio
coni:141197,141197,A.S.D. VIOLA FUTSAL CERAMI,Futsal (calcio da sala - calcio a 5),Futsal
coni:141197,141197,A.S.D. VIOLA FUTSAL CERAMI,Calcio (a 8),Calcio
coni:141197,141197,A.S.D. VIOLA FUTSAL CERAMI,Calcio (a 7),Calcio
coni:141202,141202,ASSOCIAZIONE SPORTIVA DILETTANTISTICA POLISPORTIVA VIRTUS FURTEI,Calcio (a 11),Calcio
coni:141205,141205,"A.S.D.""VITTORIA FOOTBALL CLUB""",Calcio (a 11),Calcio
coni:141205,141205,"A.S.D.""VITTORIA FOOTBALL CLUB""",Futsal (calcio da sala - calcio a 5),Futsal
coni:141205,141205,"A.S.D.""VITTORIA FOOTBALL CLUB""",Calcio (a 8),Calcio
coni:141205,141205,"A.S.D.""VITTORIA FOOTBALL CLUB""",Calcio (a 7),Calcio
coni:141206,141206,A.S.D. ATHLETIC PANZA,Calcio (a 11),Calcio
coni:141207,141207,A.S.D. WOMAN FUTSAL CLUB,Futsal (calcio da sala - calcio a 5),Futsal
coni:141210,141210,ASSOCIAZIONE SPORTIVA DILETTANTISTICA PIAZZA TEVERE,Calcio (a 11),Calcio
coni:141212,141212,ASSOCIAZIONE SPORTIVA DILETTANTISTICA POGGIO MIRTETO CALCIO,Calcio (a 11),Calcio
coni:141212,141212,ASSOCIAZIONE SPORTIVA DILETTANTISTICA POGGIO MIRTETO CALCIO,Futsal (calcio da sala - calcio a 5),Futsal
coni:14123,14123,A.S.D. INVICTUS - RAPAGNANO CALCIO GROTTAZZOLINA,Calcio (a 11),Calcio
coni:141233,141233,POLISPORTIVA SAN MARTINO ASD,Calcio (a 11),Calcio
coni:141233,141233,POLISPORTIVA SAN MARTINO ASD,Futsal (calcio da sala - calcio a 5),Futsal
coni:141235,141235,ASD POLISPORTIVA CITTA' DI PALIANO,Calcio (a 11),Calcio
coni:141241,141241,ASSOCIAZIONE SPORTIVA DILETTANTISTICA CALCIO TORTORETO,Calcio (a 11),Calcio
coni:14135,14135,G.S.D. CALCIO ORATORIO COLOGNO,Calcio (a 11),Calcio
coni:14135,14135,G.S.D. CALCIO ORATORIO COLOGNO,Futsal (calcio da sala - calcio a 5),Futsal
coni:141373,141373,A.S.D. FUTSAL S. LUCIA DEL MELA,Calcio (a 11),Calcio
coni:14138,14138,A.S.D. POLISPORTIVA FORCESE,Calcio (a 11),Calcio
coni:14147,14147,P.G.S. SMILE ASSOC.SPORTIVA DILETTANTISTICA,Calcio (a 11),Calcio
coni:14147,14147,P.G.S. SMILE ASSOC.SPORTIVA DILETTANTISTICA,Futsal (calcio da sala - calcio a 5),Futsal
coni:14147,14147,P.G.S. SMILE ASSOC.SPORTIVA DILETTANTISTICA,Calcio (a 7),Calcio
coni:14147,14147,P.G.S. SMILE ASSOC.SPORTIVA DILETTANTISTICA,Pallacanestro,Basket
coni:14147,14147,P.G.S. SMILE ASSOC.SPORTIVA DILETTANTISTICA,Pallavolo,Volley
coni:141494,141494,A.S.D. INSIEME PER CRESCERE,Calcio (a 11),Calcio
coni:141494,141494,A.S.D. INSIEME PER CRESCERE,Calcio (a 8),Calcio
coni:141494,141494,A.S.D. INSIEME PER CRESCERE,Futsal (calcio da sala - calcio a 5),Futsal
coni:141494,141494,A.S.D. INSIEME PER CRESCERE,Calcio (a 7),Calcio
coni:14160,14160,U.S.D. VILLANOVA - ASSOCIAZIONE SPORTIVA DILETTANTISTICA,Calcio (a 11),Calcio
coni:14179,14179,A.S.D. ACADEMY ROSSONERI,Calcio (a 11),Calcio
coni:141827,141827,F.C.D. CITTA'DI GUARDAVALLE 1975,Calcio (a 11),Calcio
coni:141832,141832,ASD FRANCAVILLA ANGITOLA,Calcio (a 11),Calcio
coni:141836,141836,A.S.D. REAL FABRIZIESE,Calcio (a 11),Calcio
coni:141838,141838,A.S.D. INDEPENDENT,Calcio (a 11),Calcio
coni:141848,141848,AC RAVARINO ASD,Calcio (a 11),Calcio
coni:14185,14185,POLISPOSPORTIVA DILETTANTISTICA AZZURRA NOGAROLE A.S.D.,Calcio (a 11),Calcio
coni:14185,14185,POLISPOSPORTIVA DILETTANTISTICA AZZURRA NOGAROLE A.S.D.,Calcio (a 7),Calcio
coni:141862,141862,U.S. POSEIDON 1958,Calcio (a 11),Calcio
coni:141862,141862,U.S. POSEIDON 1958,Futsal (calcio da sala - calcio a 5),Futsal
coni:141865,141865,POLISPORTIVA MARINA 1977,Calcio (a 11),Calcio
coni:141866,141866,A.S.D. ALBISSOLE 1909,Calcio (a 11),Calcio
coni:141872,141872,F.C.D. LA CANTERA GISSI CALCIO,Calcio (a 11),Calcio
coni:141876,141876,A.S.D. ANXUR-TERRACINA,Calcio (a 11),Calcio
coni:141876,141876,A.S.D. ANXUR-TERRACINA,Calcio (a 8),Calcio
coni:141876,141876,A.S.D. ANXUR-TERRACINA,Futsal (calcio da sala - calcio a 5),Futsal
coni:141876,141876,A.S.D. ANXUR-TERRACINA,Calcio (a 7),Calcio
coni:141878,141878,ASSOCIAZIONE SPORTIVA MONTESCUDO,Calcio (a 11),Calcio
coni:141880,141880,ASD SPORTING CLUB PALOMONTE,Calcio (a 11),Calcio
coni:141889,141889,A.S.D.C. ENNESE,Futsal (calcio da sala - calcio a 5),Futsal
coni:141902,141902,A.S.D. CLAUDIO OLIVA PASSO ECLANO,Calcio (a 11),Calcio
coni:141918,141918,G.S.D. AFFORESE,Calcio (a 11),Calcio
coni:141919,141919,ASD SPORTING CELLE,Calcio (a 11),Calcio
coni:141926,141926,ASD A.C. PAITONE 2011,Calcio (a 11),Calcio
coni:14218,14218,FORTE DEI MARMI 2015 A.S.D.,Calcio (a 11),Calcio
coni:14218,14218,FORTE DEI MARMI 2015 A.S.D.,Futsal (calcio da sala - calcio a 5),Futsal
coni:14277,14277,G.S. CARPENA ASD,Calcio (a 11),Calcio
coni:142776,142776,ASSOCIAZIONE SPORTIVA DILETTANTISTICA SOCCER ACADEMY BELSITO,Calcio (a 11),Calcio
coni:142776,142776,ASSOCIAZIONE SPORTIVA DILETTANTISTICA SOCCER ACADEMY BELSITO,Calcio (a 8),Calcio
coni:142776,142776,ASSOCIAZIONE SPORTIVA DILETTANTISTICA SOCCER ACADEMY BELSITO,Calcio (a 7),Calcio
coni:14284,14284,A.S.D. LARIO,Calcio (a 11),Calcio
coni:14284,14284,A.S.D. LARIO,Calcio (a 7),Calcio
coni:143054,143054,ASSOCIAZIONE POLISPORTIVA DILETTANTISTICA DRIBBLING,Futsal (calcio da sala - calcio a 5),Futsal
coni:143054,143054,ASSOCIAZIONE POLISPORTIVA DILETTANTISTICA DRIBBLING,Calcio (a 7),Calcio
coni:143054,143054,ASSOCIAZIONE POLISPORTIVA DILETTANTISTICA DRIBBLING,Pallacanestro,Basket
coni:143054,143054,ASSOCIAZIONE POLISPORTIVA DILETTANTISTICA DRIBBLING,Pallavolo,Volley
coni:143054,143054,ASSOCIAZIONE POLISPORTIVA DILETTANTISTICA DRIBBLING,Calcio (a 11),Calcio
coni:143054,143054,ASSOCIAZIONE POLISPORTIVA DILETTANTISTICA DRIBBLING,Calcio (a 8),Calcio
coni:14323,14323,A.S.D. GARGALLO,Calcio (a 11),Calcio
coni:14341,14341,ASSOCIAZIONE SPORTIVA DILETTANTISTICA FIUMANESE,Calcio (a 11),Calcio
coni:14341,14341,ASSOCIAZIONE SPORTIVA DILETTANTISTICA FIUMANESE,Calcio (a 8),Calcio
coni:14341,14341,ASSOCIAZIONE SPORTIVA DILETTANTISTICA FIUMANESE,Beach Soccer,Calcio
coni:14341,14341,ASSOCIAZIONE SPORTIVA DILETTANTISTICA FIUMANESE,Futsal (calcio da sala - calcio a 5),Futsal
coni:14341,14341,ASSOCIAZIONE SPORTIVA DILETTANTISTICA FIUMANESE,Calcio (a 7),Calcio
coni:14341,14341,ASSOCIAZIONE SPORTIVA DILETTANTISTICA FIUMANESE,Calcio Balilla,Calcio
coni:14356,14356,A.S.D. FORTITUDO F.O.,Calcio (a 11),Calcio
coni:143660,143660,ASD OLIMPUS,Futsal (calcio da sala - calcio a 5),Futsal
coni:143775,143775,CITTADELLA WOMEN SOCIETA' SPORTIVA DILETTANTISTICA A RESPONSABILI TA' LIMITATA,Calcio (a 11),Calcio
coni:143776,143776,GIOVENTU'BIANCOROSSA A.S.D.,Futsal (calcio da sala - calcio a 5),Futsal
coni:14389,14389,CS2010 SOCIETA' SPORTIVA DILETTANTISTICA A R.L.,Futsal (calcio da sala - calcio a 5),Futsal
coni:14395,14395,SSD FUTSAL PRATO A RESPONSABILITA' LIMITATA,Futsal (calcio da sala - calcio a 5),Futsal
coni:144065,144065,A.S.D. PROGETTO ACADEMY CAMPIDANO,Calcio (a 11),Calcio
coni:144065,144065,A.S.D. PROGETTO ACADEMY CAMPIDANO,Calcio (a 8),Calcio
coni:144065,144065,A.S.D. PROGETTO ACADEMY CAMPIDANO,Futsal (calcio da sala - calcio a 5),Futsal
coni:144065,144065,A.S.D. PROGETTO ACADEMY CAMPIDANO,Calcio (a 7),Calcio
coni:14419,14419,ASSOCIAZIONE SPORTIVA DILETTANTISTICA POLISPORTIVA CHIGNOLESE,Futsal (calcio da sala - calcio a 5),Futsal
coni:14419,14419,ASSOCIAZIONE SPORTIVA DILETTANTISTICA POLISPORTIVA CHIGNOLESE,Calcio (a 11),Calcio
coni:1442,1442,ASSOCIAZIONE SPORTIVA DILETTANTISTICA CALCIO ARSIE',Calcio (a 11),Calcio
coni:1443,1443,A.S.D. PENTA PIATEDA,Calcio (a 11),Calcio
coni:144382,144382,A.S.D. ATLETICO VIRGILIO,Calcio (a 11),Calcio
coni:14451,14451,G. S. LA PIEVE NONANTOLA - ASSOCIAZIONE SPORTIVA DILETTANTISTICA,Calcio (a 11),Calcio
coni:14451,14451,G. S. LA PIEVE NONANTOLA - ASSOCIAZIONE SPORTIVA DILETTANTISTICA,Futsal (calcio da sala - calcio a 5),Futsal
coni:14451,14451,G. S. LA PIEVE NONANTOLA - ASSOCIAZIONE SPORTIVA DILETTANTISTICA,Calcio (a 7),Calcio
coni:14477,14477,A.S.D. REAL FUSIGNANO 2009,Calcio (a 11),Calcio
coni:14477,14477,A.S.D. REAL FUSIGNANO 2009,Futsal (calcio da sala - calcio a 5),Futsal
coni:14477,14477,A.S.D. REAL FUSIGNANO 2009,Calcio (a 7),Calcio
coni:144809,144809,A.S.D. CREPALDO FUTSAL,Futsal (calcio da sala - calcio a 5),Futsal
coni:14484,14484,POLISPORTIVA DILETTANTISTICA VISMARA 2008,Calcio (a 11),Calcio
coni:14486,14486,A.S.D. VIRTUS CASTELVECCHIO 1984,Calcio (a 11),Calcio
coni:144882,144882,M.D.UNITED A.S.D.,Futsal (calcio da sala - calcio a 5),Futsal
coni:144922,144922,BORBONIA FELIX ASSOCIAZIONE SPORTIVA DILETTANTISTICA,Calcio (a 11),Calcio
coni:145068,145068,POLISPORTIVA ROSOLINI 2000 A.S.D.,Futsal (calcio da sala - calcio a 5),Futsal
coni:145068,145068,POLISPORTIVA ROSOLINI 2000 A.S.D.,Calcio (a 11),Calcio
coni:145068,145068,POLISPORTIVA ROSOLINI 2000 A.S.D.,Calcio (a 8),Calcio
coni:145068,145068,POLISPORTIVA ROSOLINI 2000 A.S.D.,Calcio (a 7),Calcio
coni:14509,14509,ASSOCIAZIONE SPORTIVA BRUNO SELLERI CITTA' DI OLBIA,Calcio (a 11),Calcio
coni:14509,14509,ASSOCIAZIONE SPORTIVA BRUNO SELLERI CITTA' DI OLBIA,Calcio (a 7),Calcio
coni:14511,14511,ASSOCIAZIONE SPORTIVA DILETTANTISTICA RUBIERA CALCIO,Calcio (a 11),Calcio
coni:14511,14511,ASSOCIAZIONE SPORTIVA DILETTANTISTICA RUBIERA CALCIO,Calcio (a 7),Calcio
coni:145207,145207,A.S.D. DE LUCIA,Calcio (a 11),Calcio
coni:145207,145207,A.S.D. DE LUCIA,Calcio (a 7),Calcio
coni:14526,14526,YURIVET GIOVECCA ASSOCIAZIONE SPORTIVA DILETTANTISTICA,Calcio (a 11),Calcio
coni:145344,145344,A.S.D. SPORT'S,Calcio (a 11),Calcio
coni:145344,145344,A.S.D. SPORT'S,Calcio (a 7),Calcio
coni:145460,145460,ASD GOLDEN DRAGON,Calcio (a 11),Calcio
coni:145460,145460,ASD GOLDEN DRAGON,Calcio (a 8),Calcio
coni:145460,145460,ASD GOLDEN DRAGON,Beach Soccer,Calcio
coni:145460,145460,ASD GOLDEN DRAGON,Futsal (calcio da sala - calcio a 5),Futsal
coni:145460,145460,ASD GOLDEN DRAGON,Calcio (a 7),Calcio
coni:145623,145623,""" A.S.D.ANDREOLANA SPORT """,Calcio (a 11),Calcio
coni:145635,145635,LA FENICE SOCIETA' COOPERATIVA SOCIALE A R.L.,Calcio (a 7),Calcio
coni:145803,145803,ASSOCIAZIONE DILETTANTISTICA POLISPORTIVA PLENA BONIS,Calcio (a 11),Calcio
coni:145883,145883,CENTRO DI ATTIVITA' MOTORIA INTEGRATA CAMI A.S.D.,Calcio (a 11),Calcio
coni:145883,145883,CENTRO DI ATTIVITA' MOTORIA INTEGRATA CAMI A.S.D.,Futsal (calcio da sala - calcio a 5),Futsal
coni:145883,145883,CENTRO DI ATTIVITA' MOTORIA INTEGRATA CAMI A.S.D.,Calcio (a 8),Calcio
coni:145883,145883,CENTRO DI ATTIVITA' MOTORIA INTEGRATA CAMI A.S.D.,Beach Soccer,Calcio
coni:145883,145883,CENTRO DI ATTIVITA' MOTORIA INTEGRATA CAMI A.S.D.,Calcio (a 7),Calcio
coni:14603,14603,USD S.ALESSIO,Calcio (a 11),Calcio
coni:14621,14621,SSD VIRTUS CISERANOBERGAMO 1909 SRL,Calcio (a 11),Calcio
coni:146223,146223,USD FONDAZIONE VIRTUS 2013,Calcio (a 11),Calcio
coni:146283,146283,ACCADEMIA CALCIO CESENA - SSD,Calcio (a 11),Calcio
coni:146283,146283,ACCADEMIA CALCIO CESENA - SSD,Futsal (calcio da sala - calcio a 5),Futsal
coni:146283,146283,ACCADEMIA CALCIO CESENA - SSD,Calcio (a 7),Calcio
coni:146544,146544,A.S.D. PLAY SOCCER SCHOOL,Calcio (a 11),Calcio
coni:146544,146544,A.S.D. PLAY SOCCER SCHOOL,Calcio (a 8),Calcio
coni:146544,146544,A.S.D. PLAY SOCCER SCHOOL,Futsal (calcio da sala - calcio a 5),Futsal
coni:146544,146544,A.S.D. PLAY SOCCER SCHOOL,Calcio (a 7),Calcio
coni:146588,146588,U.S.D. JUVENTUS DOMO,Calcio (a 11),Calcio
coni:14663,14663,A.S.D. VALFREDDANA,Calcio (a 11),Calcio
coni:147072,147072,ASD REAL TARAS,Calcio (a 11),Calcio
coni:14709,14709,A.C.D. FOLGORE - FUTURA ASD,Calcio (a 11),Calcio
coni:14725,14725,SOCIETA' SPORTIVA DILETTANTISTICA VIRTUS ROMANO A RESPONSABILITA' LIMITATA,Calcio (a 11),Calcio
coni:147373,147373,C7VICENZA,Calcio (a 11),Calcio
coni:147477,147477,UNIONE SPORTIVA DILETTANTISTICA SPORTING PONTECORVO,Calcio (a 11),Calcio
coni:147541,147541,EUROPA SOCCER ASSOCIAZIONE SPORTIVA DILETTANTISTICA,Calcio (a 11),Calcio
coni:147541,147541,EUROPA SOCCER ASSOCIAZIONE SPORTIVA DILETTANTISTICA,Calcio (a 8),Calcio
coni:147541,147541,EUROPA SOCCER ASSOCIAZIONE SPORTIVA DILETTANTISTICA,Futsal (calcio da sala - calcio a 5),Futsal
coni:147541,147541,EUROPA SOCCER ASSOCIAZIONE SPORTIVA DILETTANTISTICA,Calcio (a 7),Calcio
coni:14755,14755,G.S. MARCELLINARA ASSOCIAZIONE SPORTIVA DILETTANTISTICA,Calcio (a 11),Calcio
coni:14755,14755,G.S. MARCELLINARA ASSOCIAZIONE SPORTIVA DILETTANTISTICA,Pallacanestro,Basket
coni:14755,14755,G.S. MARCELLINARA ASSOCIAZIONE SPORTIVA DILETTANTISTICA,Pallavolo,Volley
coni:14761,14761,GRUPPO POLISPORTIVO VIGNE A.S.D.,Calcio (a 11),Calcio
coni:147696,147696,A.S.D. CITTA' DI BRUGHERIO,Calcio (a 11),Calcio
coni:147696,147696,A.S.D. CITTA' DI BRUGHERIO,Calcio (a 7),Calcio
coni:14774,14774,A.S.D. FUTSAL ORTONA,Futsal (calcio da sala - calcio a 5),Futsal
coni:147747,147747,ASD FOLGORE AMASENO,Calcio (a 11),Calcio
coni:14776,14776,A.S.D. LORENZO GIANGIACOMO VILLA 2015,Calcio (a 11),Calcio
coni:14794,14794,A.S.D. CITTA' DI CASALE,Calcio (a 11),Calcio
coni:147965,147965,A.S.D. LIBRIZZI,Futsal (calcio da sala - calcio a 5),Futsal
coni:147982,147982,"ASSOCIAZIONE SPORTIVA DILETTANTISTICA ""FOOTBALL ACADEMY S.MARZANO""",Calcio (a 11),Calcio
coni:147994,147994,ASSOCIAZIONE SPORTIVA DILETTANTISTICA TARANTASCA 2018,Calcio (a 11),Calcio
coni:148040,148040,LEMINE ALMENNO CALCIO A.S.D.,Calcio (a 11),Calcio
coni:148053,148053,ASD POLISPORTIVA BAGNOLI FREE SPORT,Calcio (a 11),Calcio
coni:148074,148074,A. C. CHIUSI 2018 A.S.D.,Calcio (a 11),Calcio
coni:14813,14813,ASSOCIAZIONE CALCIO OSTERIA GRANDE - SOCIETA' SPORTIVA DILETTANTI STICA A R.L.,Calcio (a 11),Calcio
coni:14813,14813,ASSOCIAZIONE CALCIO OSTERIA GRANDE - SOCIETA' SPORTIVA DILETTANTI STICA A R.L.,Futsal (calcio da sala - calcio a 5),Futsal
coni:148348,148348,ASSOCIAZIONE SPORTIVA DILETTANTISTICA VDP5 ACADEMY SALERNO,Calcio (a 11),Calcio
coni:148348,148348,ASSOCIAZIONE SPORTIVA DILETTANTISTICA VDP5 ACADEMY SALERNO,Calcio (a 8),Calcio
coni:148348,148348,ASSOCIAZIONE SPORTIVA DILETTANTISTICA VDP5 ACADEMY SALERNO,Futsal (calcio da sala - calcio a 5),Futsal
coni:148348,148348,ASSOCIAZIONE SPORTIVA DILETTANTISTICA VDP5 ACADEMY SALERNO,Calcio (a 7),Calcio
coni:148391,148391,A.S.D. BONNANARO 2019,Calcio (a 11),Calcio
coni:148392,148392,ASSOCIAZIONE SPORTIVA DILETTANTISTICA BLUE SOCCER ACADEMY,Calcio (a 11),Calcio
coni:148392,148392,ASSOCIAZIONE SPORTIVA DILETTANTISTICA BLUE SOCCER ACADEMY,Futsal (calcio da sala - calcio a 5),Futsal
coni:148475,148475,A.S.D SAN GIORGIO,Calcio (a 11),Calcio
coni:148475,148475,A.S.D SAN GIORGIO,Calcio (a 8),Calcio
coni:148475,148475,A.S.D SAN GIORGIO,Futsal (calcio da sala - calcio a 5),Futsal
coni:148475,148475,A.S.D SAN GIORGIO,Calcio (a 7),Calcio
coni:148585,148585,CENTRO SPORTIVO FULL HD ASSOCIAZIONE SPORTIVA DILETTANTISTICA,Calcio (a 7),Calcio
coni:148607,148607,NUGHEDU ASSOCIAZIONE SPORTIVA DILETTANTISTICA,Calcio (a 11),Calcio
coni:148632,148632,ASSOCIAZIONE SPORTIVA DILETTANTISTICA SERENO CALCIO,Calcio (a 7),Calcio
coni:148632,148632,ASSOCIAZIONE SPORTIVA DILETTANTISTICA SERENO CALCIO,Calcio (a 11),Calcio
coni:148632,148632,ASSOCIAZIONE SPORTIVA DILETTANTISTICA SERENO CALCIO,Futsal (calcio da sala - calcio a 5),Futsal
coni:14867,14867,ALMA FANO CALCIO - SOCIETA' SPORTIVA DILETTANTISTICA A RESPONSABILITA' LIMITATA,Calcio (a 11),Calcio
coni:148682,148682,UNIONE SPORTIVA DILETTANTISTICA MONTOPOLI,Calcio (a 11),Calcio
coni:1488,1488,OLYMPIC MORBEGNO S.S.D. A R.L.,Calcio (a 11),Calcio
coni:1488,1488,OLYMPIC MORBEGNO S.S.D. A R.L.,Pallavolo,Volley
coni:148822,148822,FUTSAL SASSUOLO ASSOCIAZIONE SPORTIVA DILETTANTISTICA,Futsal (calcio da sala - calcio a 5),Futsal
coni:148826,148826,ASSOCIAZIONE SPORTIVA DILETTANTISTICA PIETRAFITTA,Calcio (a 11),Calcio
coni:148870,148870,ASD BLINGINK SOVERATO CALCIO A 5,Futsal (calcio da sala - calcio a 5),Futsal
coni:148873,148873,A.S.D. POLISPORTIVA NICOSIA,Calcio (a 11),Calcio
coni:148873,148873,A.S.D. POLISPORTIVA NICOSIA,Futsal (calcio da sala - calcio a 5),Futsal
coni:148882,148882,A.S.D CALCIO . BARCA CASTELDEBOLE,Calcio (a 11),Calcio
coni:148884,148884,A.S.D. DEPORTIVO-BAGNOLO,Calcio (a 11),Calcio
coni:148885,148885,REAL MONTEFELTRO A.S.D.,Calcio (a 11),Calcio
coni:148887,148887,MERNAP FAENZA S.S.D. A R.L.,Futsal (calcio da sala - calcio a 5),Futsal
coni:148893,148893,A.S.D. GUARDAMIGLIO S.M.V.,Calcio (a 11),Calcio
coni:148897,148897,MERLO CALCIO A 5 ASD,Futsal (calcio da sala - calcio a 5),Futsal
coni:148898,148898,ASSOCIAZIONE SPORTIVA DILETTANTISTICA REAL ROCCHENERE,Calcio (a 11),Calcio
coni:148898,148898,ASSOCIAZIONE SPORTIVA DILETTANTISTICA REAL ROCCHENERE,Futsal (calcio da sala - calcio a 5),Futsal
coni:148898,148898,ASSOCIAZIONE SPORTIVA DILETTANTISTICA REAL ROCCHENERE,Calcio (a 7),Calcio
coni:148899,148899,USD CORBOLA SOCIETA' SPORTIVA DILETTANTISTICA A RESPONSABILITA' LIMITATA,Calcio (a 11),Calcio
coni:1489,1489,ASSOCIAZIONE SPORTIVA DILETTANTISTICA ROSETO CALCIO,Calcio (a 11),Calcio
coni:148901,148901,ASSOCIAZIONE SPORTIVA DILETTANTISTICA DINAMO KAVE 2013,Calcio (a 11),Calcio
coni:148902,148902,ASSOCIAZIONE SPORTIVA DILETTANTISTICA CORTELLAZZO,Calcio (a 11),Calcio
coni:148905,148905,UNIONE SPORTIVA SEMPRONIANO,Calcio (a 11),Calcio
coni:148906,148906,ASSOCIAZIONE SPORTIVA DILETTANTISTICA ROSIA,Calcio (a 11),Calcio
coni:148907,148907,A.S.D. REAL PERETOLA,Calcio (a 11),Calcio
coni:148911,148911,FUTSAL MOLINELLA 2018 SRL SPORTIVA DILETTANTISTICA,Futsal (calcio da sala - calcio a 5),Futsal
coni:148911,148911,FUTSAL MOLINELLA 2018 SRL SPORTIVA DILETTANTISTICA,Calcio (a 11),Calcio
coni:148917,148917,A.S.D. PALLARE CALCIO,Calcio (a 11),Calcio
coni:148918,148918,A.S.D. ATLETICO MANFRO,Calcio (a 11),Calcio
coni:148924,148924,ENJOY FOOTBALL CLUB 2019 ASD,Calcio (a 11),Calcio
coni:148924,148924,ENJOY FOOTBALL CLUB 2019 ASD,Calcio (a 8),Calcio
coni:148924,148924,ENJOY FOOTBALL CLUB 2019 ASD,Futsal (calcio da sala - calcio a 5),Futsal
coni:148926,148926,C.S.D. CALCIO PEDRENGO,Calcio (a 11),Calcio
coni:148926,148926,C.S.D. CALCIO PEDRENGO,Calcio (a 7),Calcio
coni:148986,148986,A.S.D. TROFARELLO 1927,Calcio (a 11),Calcio
coni:148987,148987,ASSOCIAZIONE SPORTIVA DILETTANTISTICA BORORE 1967,Calcio (a 11),Calcio
coni:149007,149007,A.P.D. SAMMICHELE 1992,Futsal (calcio da sala - calcio a 5),Futsal
coni:149031,149031,ASSOCIAZIONE SPORTIVA DILETTANTISTICA RECCO 2019,Calcio (a 11),Calcio
coni:149033,149033,ASSOCIAZIONE SPORTIVA DILETTANTISTICA POLIRONE 2019 A.S.D.,Calcio (a 11),Calcio
coni:149033,149033,ASSOCIAZIONE SPORTIVA DILETTANTISTICA POLIRONE 2019 A.S.D.,Calcio (a 7),Calcio
coni:149034,149034,A.S.D. ATLETICO ATELLANA,Calcio (a 11),Calcio
coni:149036,149036,AGNA ACADEMY ASSOCIAZIONE SPORTIVA DILETTANTISTICA,Calcio (a 11),Calcio
coni:14905,14905,EAGLES VIRTUS ANCORA ASD,Calcio (a 11),Calcio
coni:14905,14905,EAGLES VIRTUS ANCORA ASD,Futsal (calcio da sala - calcio a 5),Futsal
coni:14905,14905,EAGLES VIRTUS ANCORA ASD,Calcio (a 7),Calcio
coni:149063,149063,A.S.D. VOLARE POLIGNANO,Futsal (calcio da sala - calcio a 5),Futsal
coni:149097,149097,SPG CAERANO CROCETTA ASSOCIAZIONE SPORTIVA DILETTANTISTICA,Futsal (calcio da sala - calcio a 5),Futsal
coni:149100,149100,ASSOCIAZIONE SPORTIVA DILETTANTISTICA VILLA SAN VINCENZO,Calcio (a 11),Calcio
coni:149122,149122,SAREGO-LIONA ACADEMY SSD A RL,Calcio (a 11),Calcio
coni:149123,149123,A.S.D. UNION RIVER,Calcio (a 11),Calcio
coni:149129,149129,LA RESISTENTE A.S.D.,Calcio (a 11),Calcio
coni:149129,149129,LA RESISTENTE A.S.D.,Futsal (calcio da sala - calcio a 5),Futsal
coni:149129,149129,LA RESISTENTE A.S.D.,Calcio (a 7),Calcio
coni:149129,149129,LA RESISTENTE A.S.D.,Pallavolo,Volley
coni:149131,149131,ATHLETIC VILLAGGIO A.S.D.,Calcio (a 11),Calcio
coni:149132,149132,ASSOCIAZIONE SPORTIVA DILETTANTISTICA REAL RAMPAZZO,Calcio (a 11),Calcio
coni:149134,149134,ASSOCIAZIONE SPORTIVA DILETTANTISTICA ROXIUS,Calcio (a 11),Calcio
coni:149135,149135,ASD SELVATELLE,Calcio (a 11),Calcio
coni:149137,149137,ASD FUTSAL THIENE,Futsal (calcio da sala - calcio a 5),Futsal
coni:149138,149138,S.S.D. A R.L. CITTA' DI BASSANO 1903 S.C.,Calcio (a 11),Calcio
coni:149145,149145,A.S.D. FOOTBALL CLUB BEDIZZOLE,Calcio (a 11),Calcio
coni:149146,149146,ASD REAL FOLIGNO C5,Futsal (calcio da sala - calcio a 5),Futsal
coni:149146,149146,ASD REAL FOLIGNO C5,Calcio (a 11),Calcio
coni:149150,149150,CAVALLINA CALCIO A.S.D.,Calcio (a 11),Calcio
coni:149154,149154,ASSOCIAZIONE SPORTIVA DILETTANTISTICA ASCA,Calcio (a 11),Calcio
coni:149155,149155,AS CAVRIGLIA ASD,Calcio (a 11),Calcio
coni:149156,149156,ASD LA CASTELLANA 1969,Calcio (a 11),Calcio
coni:149159,149159,ASD FUTSAL HURRICANE,Futsal (calcio da sala - calcio a 5),Futsal
coni:149166,149166,LORIA - ASSOCIAZIONE SPORTIVA DILETTANTISTICA,Calcio (a 11),Calcio
coni:149167,149167,ATLAS ASSOCIAZIONE SPORTIVA DILETTANTISTICA,Calcio (a 11),Calcio
coni:149167,149167,ATLAS ASSOCIAZIONE SPORTIVA DILETTANTISTICA,Rugby a 7,Rugby
coni:149167,149167,ATLAS ASSOCIAZIONE SPORTIVA DILETTANTISTICA,Rugby a 15,Rugby
coni:149167,149167,ATLAS ASSOCIAZIONE SPORTIVA DILETTANTISTICA,Calcio (a 8),Calcio
coni:149167,149167,ATLAS ASSOCIAZIONE SPORTIVA DILETTANTISTICA,Beach Soccer,Calcio
coni:149167,149167,ATLAS ASSOCIAZIONE SPORTIVA DILETTANTISTICA,Futsal (calcio da sala - calcio a 5),Futsal
coni:149167,149167,ATLAS ASSOCIAZIONE SPORTIVA DILETTANTISTICA,Calcio (a 7),Calcio
coni:149171,149171,VORNO 1972 ASD,Calcio (a 11),Calcio
coni:149177,149177,ASD FC DUCCIO DINI,Calcio (a 11),Calcio
coni:149182,149182,A.S.D. SUPERGA MUZZA,Calcio (a 11),Calcio
coni:149183,149183,ASD PRAVIS 1971,Calcio (a 11),Calcio
coni:149194,149194,ASSOCIAZIONE SPORTIVA DILETTANTISTICA CASCINA MAMETE,Calcio (a 11),Calcio
coni:149194,149194,ASSOCIAZIONE SPORTIVA DILETTANTISTICA CASCINA MAMETE,Calcio (a 7),Calcio
coni:149200,149200,A.S.D. ACADEMY SAN NICOLA,Calcio (a 11),Calcio
coni:149202,149202,A.S.D. REAL CALVIZZANO 2019,Calcio (a 11),Calcio
coni:149202,149202,A.S.D. REAL CALVIZZANO 2019,Calcio (a 8),Calcio
coni:149202,149202,A.S.D. REAL CALVIZZANO 2019,Futsal (calcio da sala - calcio a 5),Futsal
coni:149202,149202,A.S.D. REAL CALVIZZANO 2019,Calcio (a 7),Calcio
coni:149204,149204,ASSOCIAZIONE SPORTIVA DILETTANTISTICA FANELLO CALCIO ORVIETO,Calcio (a 11),Calcio
coni:149211,149211,ASD PIAGGIONE VILLANOVA CALCIO,Calcio (a 11),Calcio
coni:149211,149211,ASD PIAGGIONE VILLANOVA CALCIO,Futsal (calcio da sala - calcio a 5),Futsal
coni:149211,149211,ASD PIAGGIONE VILLANOVA CALCIO,Calcio (a 7),Calcio
coni:14923,14923,A.S.D. FUTSAL FIEMME - ASSOCIAZIONE SPORTIVA DILETTANTISTICA,Futsal (calcio da sala - calcio a 5),Futsal
coni:149290,149290,A.S.D. LEONI POZZO,Calcio (a 11),Calcio
coni:149323,149323,POLISPORTIVA VALSAMOGGIA ASSOCIAZIONE SPORTIVA DILETTANTISTICA,Calcio (a 11),Calcio
coni:149323,149323,POLISPORTIVA VALSAMOGGIA ASSOCIAZIONE SPORTIVA DILETTANTISTICA,Pallamano,Pallamano
coni:149323,149323,POLISPORTIVA VALSAMOGGIA ASSOCIAZIONE SPORTIVA DILETTANTISTICA,Calcio (a 8),Calcio
coni:149323,149323,POLISPORTIVA VALSAMOGGIA ASSOCIAZIONE SPORTIVA DILETTANTISTICA,Pallacanestro,Basket
coni:149323,149323,POLISPORTIVA VALSAMOGGIA ASSOCIAZIONE SPORTIVA DILETTANTISTICA,Pallavolo,Volley
coni:149323,149323,POLISPORTIVA VALSAMOGGIA ASSOCIAZIONE SPORTIVA DILETTANTISTICA,Rugby a 7,Rugby
coni:149323,149323,POLISPORTIVA VALSAMOGGIA ASSOCIAZIONE SPORTIVA DILETTANTISTICA,Rugby a 15,Rugby
coni:149323,149323,POLISPORTIVA VALSAMOGGIA ASSOCIAZIONE SPORTIVA DILETTANTISTICA,Futsal (calcio da sala - calcio a 5),Futsal
coni:149323,149323,POLISPORTIVA VALSAMOGGIA ASSOCIAZIONE SPORTIVA DILETTANTISTICA,ATTIVITA' SUBACQUEE E NUOTO PINNATO Basket con le pinne (Finswimming Basket),Basket
coni:149323,149323,POLISPORTIVA VALSAMOGGIA ASSOCIAZIONE SPORTIVA DILETTANTISTICA,Pallanuoto con le pinne (Finswimming Ball),Pallanuoto
coni:149323,149323,POLISPORTIVA VALSAMOGGIA ASSOCIAZIONE SPORTIVA DILETTANTISTICA,Rugby subacqueo,Rugby
coni:1494,1494,A.S.D. SOLARITY,Futsal (calcio da sala - calcio a 5),Futsal
coni:149454,149454,SSDRL PSN LEGNARO POLVERARA,Calcio (a 11),Calcio
coni:149454,149454,SSDRL PSN LEGNARO POLVERARA,Futsal (calcio da sala - calcio a 5),Futsal
coni:149466,149466,ASSOCIAZIONE SPORTIVA DILETTANTISTICA ATLETICO BIBBIANO CANOSSA,Calcio (a 11),Calcio
coni:149474,149474,A.S.D. FOOTBALL CALTANISSETTA,Calcio (a 11),Calcio
coni:149474,149474,A.S.D. FOOTBALL CALTANISSETTA,Futsal (calcio da sala - calcio a 5),Futsal
coni:149475,149475,ASSOCIAZIONE SPORTIVA DILETTANTISTICA SAMASSI CALCIO 2019,Calcio (a 11),Calcio
coni:14951,14951,A.S.D. CITTA' DI APRILIA,Calcio (a 11),Calcio
coni:149523,149523,C.G.D.S. CALCIO MISINTO,Calcio (a 11),Calcio
coni:149523,149523,C.G.D.S. CALCIO MISINTO,Calcio (a 7),Calcio
coni:149538,149538,F.C. SPORTING ANGRI ASSOCIAZIONE SPORTIVA DILETTANTISTICA,Calcio (a 11),Calcio
coni:14955,14955,A.S.D. CESANE,Calcio (a 11),Calcio
coni:149553,149553,ASD ACCADEMIA BMV,Calcio (a 11),Calcio
coni:149553,149553,ASD ACCADEMIA BMV,Calcio (a 7),Calcio
coni:149654,149654,ASSOCIAZIONE SPORTIVA DILETTANTISTICA C.S. RIOMAIOR 1965,Calcio (a 11),Calcio
coni:149654,149654,ASSOCIAZIONE SPORTIVA DILETTANTISTICA C.S. RIOMAIOR 1965,Calcio (a 7),Calcio
coni:149662,149662,ASSOC. SPPORTIVA DILETTANTISTICA CALCIO CESANO MADERNO,Calcio (a 11),Calcio
coni:149719,149719,VILLACIDRESE A.S.D.,Calcio (a 11),Calcio
coni:149719,149719,VILLACIDRESE A.S.D.,Futsal (calcio da sala - calcio a 5),Futsal
coni:14975,14975,ASD MONTELLO CALCIO,Calcio (a 11),Calcio
coni:14979,14979,F.C.D. NOGAREDO A.S.D.,Calcio (a 11),Calcio
coni:149798,149798,ASS.SPORTIVA DILETTANTISTICA CALCIO TRINACRIA MESSINA,Calcio (a 11),Calcio
coni:149798,149798,ASS.SPORTIVA DILETTANTISTICA CALCIO TRINACRIA MESSINA,Futsal (calcio da sala - calcio a 5),Futsal
coni:149798,149798,ASS.SPORTIVA DILETTANTISTICA CALCIO TRINACRIA MESSINA,Calcio (a 7),Calcio
coni:149894,149894,CONTEA NORMANNA ASSOCIAZIONE SPORTIVA DILETTANTISTICA,Calcio (a 11),Calcio
coni:149900,149900,A.S.D. DEPORTIVO,Calcio (a 11),Calcio
coni:149913,149913,ASSOCIAZIONE SPORTIVA DILETTANTISTICA MADONNA DELLA SALUTE,Calcio (a 11),Calcio
coni:149922,149922,ATLETICO CAGLIARI - SOCIETA' SPORTIVA DILETTANTISTICA A RESPONSABILITA' LIMITATA,Calcio (a 11),Calcio
coni:149943,149943,A.S.D. IL PONTE,Calcio (a 11),Calcio
coni:149943,149943,A.S.D. IL PONTE,Calcio (a 7),Calcio
coni:149962,149962,ASSOCIAZIONE SPORTIVA DILETTANTISTICA MONCALVOCALCIO,Calcio (a 11),Calcio
coni:149962,149962,ASSOCIAZIONE SPORTIVA DILETTANTISTICA MONCALVOCALCIO,Futsal (calcio da sala - calcio a 5),Futsal
coni:149996,149996,DE AGOSTINI ACADEMY ASD,Calcio (a 11),Calcio
coni:149996,149996,DE AGOSTINI ACADEMY ASD,Futsal (calcio da sala - calcio a 5),Futsal
coni:150015,150015,ASSOCIAZIONE SPORTIVA DILETTANTISTICA STRUMENTO,Futsal (calcio da sala - calcio a 5),Futsal
coni:150015,150015,ASSOCIAZIONE SPORTIVA DILETTANTISTICA STRUMENTO,Calcio (a 11),Calcio
coni:150015,150015,ASSOCIAZIONE SPORTIVA DILETTANTISTICA STRUMENTO,Calcio (a 7),Calcio
coni:150015,150015,ASSOCIAZIONE SPORTIVA DILETTANTISTICA STRUMENTO,Calcio (a 8),Calcio
coni:150077,150077,A.S.D. ACCADEMIA MARIGNANESE,Calcio (a 11),Calcio
coni:150078,150078,CENTRO SPORTIVO SUASA ASSOCIAZIONE SPORTIVA DILETTANTISTICA,Futsal (calcio da sala - calcio a 5),Futsal
coni:150084,150084,ASD VIRTUS MONTEFALCIONE,Calcio (a 11),Calcio
coni:150187,150187,A.P.D. TERRE DEL LACRIMA,Calcio (a 11),Calcio
coni:150188,150188,ASD ORSAROSA,Futsal (calcio da sala - calcio a 5),Futsal
coni:150188,150188,ASD ORSAROSA,Pallavolo,Volley
coni:150247,150247,PIEVE DI CAGNA A.S.D.,Calcio (a 11),Calcio
coni:150269,150269,NOVELLO CALCIO ASSOCIAZIONE SPORTIVA DILETTANTISTICA,Calcio (a 11),Calcio
coni:150269,150269,NOVELLO CALCIO ASSOCIAZIONE SPORTIVA DILETTANTISTICA,Futsal (calcio da sala - calcio a 5),Futsal
coni:150269,150269,NOVELLO CALCIO ASSOCIAZIONE SPORTIVA DILETTANTISTICA,Calcio (a 7),Calcio
coni:150274,150274,DINAMO SANTIAGO ASD,Calcio (a 11),Calcio
coni:15030,15030,ASSOCIAZIONE SPORTIVA DILETTANTISTICA CALCIO MERLARA,Calcio (a 11),Calcio
coni:150357,150357,ASSOCIAZIONE SPORTIVA DILETTANTISTICA CLUB FINALE,Calcio (a 11),Calcio
coni:150436,150436,ASD SINI MASULLAS 2011,Calcio (a 11),Calcio
coni:150436,150436,ASD SINI MASULLAS 2011,Futsal (calcio da sala - calcio a 5),Futsal
coni:15045,15045,ASSOCIAZIONE SPORTIVA DILETTANTISTICA F.C.D. REAL VIRTUS,Calcio (a 11),Calcio
coni:15045,15045,ASSOCIAZIONE SPORTIVA DILETTANTISTICA F.C.D. REAL VIRTUS,Futsal (calcio da sala - calcio a 5),Futsal
coni:15045,15045,ASSOCIAZIONE SPORTIVA DILETTANTISTICA F.C.D. REAL VIRTUS,Calcio (a 7),Calcio
coni:15045,15045,ASSOCIAZIONE SPORTIVA DILETTANTISTICA F.C.D. REAL VIRTUS,Pallavolo,Volley
coni:150542,150542,ASSOCIAZIONE SPORTIVA DILETTANTISTICA S.G. DI FLUMINI DI QUARTU SANT'ELENA,Calcio (a 11),Calcio
coni:150545,150545,OPLONTINA ASD,Calcio (a 11),Calcio
coni:150545,150545,OPLONTINA ASD,Calcio (a 8),Calcio
coni:150545,150545,OPLONTINA ASD,Calcio (a 7),Calcio
coni:150545,150545,OPLONTINA ASD,Futsal (calcio da sala - calcio a 5),Futsal
coni:15057,15057,ASD ACADEMY QM MASSAROSA,Calcio (a 11),Calcio
coni:150667,150667,ACADEMY BRIGNOLA ASD,Calcio (a 11),Calcio
coni:150690,150690,A.S.D. CALIONS,Calcio (a 11),Calcio
coni:15076,15076,U.S. BO.CA. JUNIOR A.S.D,Calcio (a 11),Calcio
coni:15076,15076,U.S. BO.CA. JUNIOR A.S.D,Futsal (calcio da sala - calcio a 5),Futsal
coni:15078,15078,A.S.D. SPIANATE CALCIO,Calcio (a 11),Calcio
coni:150791,150791,ASD ORGOGLIO CAMPANO BARRA,Futsal (calcio da sala - calcio a 5),Futsal
coni:150956,150956,ASSOCIAZIONE SPORTIVA DILETTANTISTICA TROTTA OLIMPIA 2019,Calcio (a 11),Calcio
coni:15102,15102,TORRELAGHESE 2015 ASD,Calcio (a 11),Calcio
coni:15112,15112,ASD VENEZIA CALCIO 1985,Calcio (a 11),Calcio
coni:151203,151203,A.S.D. REUNION SANGUINETTO,Calcio (a 11),Calcio
coni:151207,151207,REAL CASAMALE ASD,Calcio (a 11),Calcio
coni:15121,15121,A.S.D. PRO CALCIO TERACINA,Calcio (a 11),Calcio
coni:15122,15122,A.S.D. Santangiolese Calcio,Calcio (a 11),Calcio
coni:15125,15125,ASSOCIAZIONE SPORTIVA DILETTANTISTICA CALCIO CAVINESE AIRONE,Calcio (a 11),Calcio
coni:151251,151251,TREVISO FOOTBALL CLUB SOCIETA' SPORTIVA DILETTANTISTICA A RESPONSABILITA' LIMITATA,Calcio (a 11),Calcio
coni:151262,151262,A.S.D. SCICLI SPORTING CLUB,Futsal (calcio da sala - calcio a 5),Futsal
coni:151397,151397,ASSOCIAZIONE SPORTIVA DILETTANTISTICA TORREGROTTA 1973,Calcio (a 11),Calcio
coni:151397,151397,ASSOCIAZIONE SPORTIVA DILETTANTISTICA TORREGROTTA 1973,Calcio (a 8),Calcio
coni:151397,151397,ASSOCIAZIONE SPORTIVA DILETTANTISTICA TORREGROTTA 1973,Futsal (calcio da sala - calcio a 5),Futsal
coni:151397,151397,ASSOCIAZIONE SPORTIVA DILETTANTISTICA TORREGROTTA 1973,Calcio (a 7),Calcio
coni:151407,151407,A.S.D. AESERNIA FRATERNA,Calcio (a 11),Calcio
coni:151407,151407,A.S.D. AESERNIA FRATERNA,Futsal (calcio da sala - calcio a 5),Futsal
coni:151410,151410,SOCIETA'POLISPORTIVA SALARA A.S.D.,Calcio (a 11),Calcio
coni:151410,151410,SOCIETA'POLISPORTIVA SALARA A.S.D.,Futsal (calcio da sala - calcio a 5),Futsal
coni:151410,151410,SOCIETA'POLISPORTIVA SALARA A.S.D.,Calcio (a 7),Calcio
coni:15142,15142,ASD GSO CASTELLO - CITTA' DI CANTU',Calcio (a 11),Calcio
coni:151431,151431,ASD VENTURINA ART,Calcio (a 11),Calcio
coni:151432,151432,A.S.D. SAN LORENZO MONTICELLI,Calcio (a 11),Calcio
coni:151453,151453,A.S.D. UNION SAMMARTINESE,Calcio (a 11),Calcio
coni:151463,151463,UNIONE CALCISTICA DILETTANTISTICA LUGAGNANO,Calcio (a 11),Calcio
coni:15147,15147,POLISPORTIVA JUNIOR CORIANO ASSOCIAZIONE SPORTIVA DILETTANTISTICA,Calcio (a 11),Calcio
coni:15147,15147,POLISPORTIVA JUNIOR CORIANO ASSOCIAZIONE SPORTIVA DILETTANTISTICA,Pallavolo,Volley
coni:15147,15147,POLISPORTIVA JUNIOR CORIANO ASSOCIAZIONE SPORTIVA DILETTANTISTICA,Calcio (a 7),Calcio
coni:151529,151529,A.S.D. DIAVOLI BIANCOROSSI,Calcio (a 11),Calcio
coni:151557,151557,A.S.D. AZZURRA AVETRANA,Calcio (a 11),Calcio
coni:151558,151558,A.S.D. BATIGNANO CALCIO 1946 ASSOCIAZIONE SPORTIVA DILETTANTISTICA,Calcio (a 11),Calcio
coni:151615,151615,ASSOCIAZIONE SPORTIVA DILETTANTISTICA FUTSAL FERLA,Futsal (calcio da sala - calcio a 5),Futsal
coni:151623,151623,A.S.D. RIPALIMOSANI 1963,Calcio (a 11),Calcio
coni:151623,151623,A.S.D. RIPALIMOSANI 1963,Futsal (calcio da sala - calcio a 5),Futsal
coni:151628,151628,S.P.D THARROS ORISTANO,Calcio (a 11),Calcio
coni:15164,15164,A.S.DIL. AURORA MAZARA,Calcio (a 11),Calcio
coni:15164,15164,A.S.DIL. AURORA MAZARA,Futsal (calcio da sala - calcio a 5),Futsal
coni:151677,151677,ASSOCIAZIONE SPORTIVA DILETTANTISTICA CALAGONONE - ASD,Calcio (a 11),Calcio
coni:151699,151699,A.S.D. SAN GIOVANNI EVANGELISTA,Futsal (calcio da sala - calcio a 5),Futsal
coni:151708,151708,A.S.D. CITTA' DI SAN NICANDRO,Calcio (a 11),Calcio
coni:151708,151708,A.S.D. CITTA' DI SAN NICANDRO,Calcio (a 8),Calcio
coni:151708,151708,A.S.D. CITTA' DI SAN NICANDRO,Futsal (calcio da sala - calcio a 5),Futsal
coni:151708,151708,A.S.D. CITTA' DI SAN NICANDRO,Calcio (a 7),Calcio
coni:1519,1519,POLISPORTIVA BORSEA ASD,Calcio (a 11),Calcio
coni:151957,151957,A.S.D. ACCADEMIA SULCITANA,Calcio (a 11),Calcio
coni:151957,151957,A.S.D. ACCADEMIA SULCITANA,Calcio (a 7),Calcio
coni:15196,15196,VENEZIA NETTUNO LIDO A.S.D.,Calcio (a 11),Calcio
coni:15198,15198,A.S.D. CDM FUTSAL,Futsal (calcio da sala - calcio a 5),Futsal
coni:15200,15200,A.S.D. ULISSE E PENELOPE,Calcio (a 11),Calcio
coni:15206,15206,AMICI DELLO SPORT VISCO - ASSOCIAZIONE SPORTIVA DILETTANTISTICA,Calcio (a 11),Calcio
coni:152078,152078,A.S.D. D.B PARTINICO,Calcio (a 11),Calcio
coni:152078,152078,A.S.D. D.B PARTINICO,Futsal (calcio da sala - calcio a 5),Futsal
coni:152078,152078,A.S.D. D.B PARTINICO,Calcio (a 8),Calcio
coni:152078,152078,A.S.D. D.B PARTINICO,Calcio (a 7),Calcio
coni:152084,152084,HAMMERS FC ASD,Futsal (calcio da sala - calcio a 5),Futsal
coni:152084,152084,HAMMERS FC ASD,Calcio (a 11),Calcio
coni:152084,152084,HAMMERS FC ASD,Calcio (a 8),Calcio
coni:152084,152084,HAMMERS FC ASD,Calcio (a 7),Calcio
coni:152127,152127,SPORTING LATINA 2019 A.S.D.,Calcio (a 11),Calcio
coni:152130,152130,ASD MONTE GRIMANO,Calcio (a 11),Calcio
coni:152134,152134,GAVINANA FIRENZE A.S.D.,Calcio (a 11),Calcio
coni:152137,152137,A.S.D. F.RIETI 1936 FD18,Calcio (a 11),Calcio
coni:152142,152142,ASSOCIAZIONE CALCIO DILETTANTISTICA ATZARA,Calcio (a 11),Calcio
coni:152145,152145,ASD PESCINA MNT,Calcio (a 11),Calcio
coni:152147,152147,CIAKULLI CALCIO S.S.D. S.R.L.,Calcio (a 11),Calcio
coni:152149,152149,ASSOCIAZIONE SPORTIVA DILETTANTISTICA UNITED PORCIA,Calcio (a 11),Calcio
coni:152149,152149,ASSOCIAZIONE SPORTIVA DILETTANTISTICA UNITED PORCIA,Calcio (a 8),Calcio
coni:152149,152149,ASSOCIAZIONE SPORTIVA DILETTANTISTICA UNITED PORCIA,Beach Soccer,Calcio
coni:152149,152149,ASSOCIAZIONE SPORTIVA DILETTANTISTICA UNITED PORCIA,Futsal (calcio da sala - calcio a 5),Futsal
coni:152149,152149,ASSOCIAZIONE SPORTIVA DILETTANTISTICA UNITED PORCIA,Calcio (a 7),Calcio
coni:152153,152153,A.C. AZZURRA CALVINA 1946 ASSOCIAZIONE SPORTIVA DILETTANTISTICA,Calcio (a 11),Calcio
coni:152154,152154,ASD SOCCER DREAM PALMA C.,Calcio (a 11),Calcio
coni:152155,152155,A.S.D. AZ. OSP. S.CAMILLO DI ROMA,Futsal (calcio da sala - calcio a 5),Futsal
coni:152159,152159,A.S.D. FOOTBALL CAMPITELLO,Calcio (a 11),Calcio
coni:15216,15216,ASSOCIAZIONE SPORTIVA DILETTANTISTICA CTS GRAFICA CALCIO A 5,Futsal (calcio da sala - calcio a 5),Futsal
coni:152160,152160,A.S.D. FUTSAL TEVERE,Futsal (calcio da sala - calcio a 5),Futsal
coni:152160,152160,A.S.D. FUTSAL TEVERE,Calcio (a 11),Calcio
coni:152160,152160,A.S.D. FUTSAL TEVERE,Calcio (a 8),Calcio
coni:152160,152160,A.S.D. FUTSAL TEVERE,Calcio (a 7),Calcio
coni:152162,152162,G.S.D. ACADEMY LAMPEDUSA CALCIO,Calcio (a 11),Calcio
coni:152162,152162,G.S.D. ACADEMY LAMPEDUSA CALCIO,Futsal (calcio da sala - calcio a 5),Futsal
coni:152162,152162,G.S.D. ACADEMY LAMPEDUSA CALCIO,Calcio (a 7),Calcio
coni:152173,152173,ASSOCIAZIONE SPORTIVA DILETTANTISTICA SAN FRANCESC,Calcio (a 11),Calcio
coni:152174,152174,A.S.D. U.S. POLLESE 1923,Calcio (a 11),Calcio
coni:152174,152174,A.S.D. U.S. POLLESE 1923,Calcio (a 8),Calcio
coni:152174,152174,A.S.D. U.S. POLLESE 1923,Futsal (calcio da sala - calcio a 5),Futsal
coni:152174,152174,A.S.D. U.S. POLLESE 1923,Calcio (a 7),Calcio
coni:152176,152176,GIOVANILI ORSA SSD A R.L.,Calcio (a 11),Calcio
coni:152177,152177,ACD PISCOPIO 2019,Calcio (a 11),Calcio
coni:152190,152190,A.S.D VILLAFRANCHESE,Calcio (a 11),Calcio
coni:152194,152194,ASSOCIAZIONE SPORTIVA DILETTANTISTICA 2019 MONTESILVANO C5,Futsal (calcio da sala - calcio a 5),Futsal
coni:152198,152198,ASD STIAVA 2019,Calcio (a 11),Calcio
coni:152200,152200,ASSOCIAZIONE SPORTIVA DILETTANTISTICA US SETTIMO 1967,Calcio (a 11),Calcio
coni:152201,152201,A.S.D. SAN NICANDRO CALCIO 2019,Calcio (a 11),Calcio
coni:152202,152202,A.S.D. SAN MARCO DEI CAVOTI,Calcio (a 11),Calcio
coni:152207,152207,A.S.D. K TEAM CASALNUOVO,Calcio (a 11),Calcio
coni:152212,152212,ASD LIVORNO CALCIO FEMMINILE,Calcio (a 11),Calcio
coni:152220,152220,ASSOCIAZIONE SPORTIVA DILETTANTISTICA LE AQUILE,Calcio (a 11),Calcio
coni:152224,152224,MINTURNO CALCIO 1936 ASSOCIAZIONE SPORTIVA DILETTANTISTICA,Calcio (a 11),Calcio
coni:152224,152224,MINTURNO CALCIO 1936 ASSOCIAZIONE SPORTIVA DILETTANTISTICA,Futsal (calcio da sala - calcio a 5),Futsal
coni:152226,152226,A.S.D. L'AQUILA CITY FUTSAL CLUB,Futsal (calcio da sala - calcio a 5),Futsal
coni:152228,152228,U.S.D. MONACILIONI,Futsal (calcio da sala - calcio a 5),Futsal
coni:152231,152231,ASD CIVITAQUANA,Calcio (a 11),Calcio
coni:15224,15224,ASSOCIAZIONE SPORTIVA DILETTANTISTICA SAN MARCO CALCIO,Calcio (a 11),Calcio
coni:152246,152246,ASD VILLANOVA 2018 J,Calcio (a 11),Calcio
coni:152260,152260,ASSOCIAZIONE SPORTIVA DILETTANTISTICA ASD ROCCAFRANCA- LUDRIANO IN BREVE A.S.D. ROCCAFRANCA - LUDRIANO,Calcio (a 11),Calcio
coni:152260,152260,ASSOCIAZIONE SPORTIVA DILETTANTISTICA ASD ROCCAFRANCA- LUDRIANO IN BREVE A.S.D. ROCCAFRANCA - LUDRIANO,Calcio (a 7),Calcio
coni:152264,152264,ASD PREGLIESE,Calcio (a 11),Calcio
coni:152265,152265,ACCADEMIA PELIGNA ASD,Calcio (a 11),Calcio
coni:152271,152271,LUCREZIA CALCIO A 5 A.S.D.,Futsal (calcio da sala - calcio a 5),Futsal
coni:152272,152272,A.S.D. GIOVANE CORIANO,Calcio (a 11),Calcio
coni:152278,152278,ASD REAL CAPRARA,Calcio (a 11),Calcio
coni:152293,152293,FC YOUNG SANTARCANGELO S.S.D.A.R.L,Calcio (a 11),Calcio
coni:152293,152293,FC YOUNG SANTARCANGELO S.S.D.A.R.L,Futsal (calcio da sala - calcio a 5),Futsal
coni:152294,152294,A.S.D. MUGNANO CALCIO,Calcio (a 11),Calcio
coni:152294,152294,A.S.D. MUGNANO CALCIO,Calcio (a 7),Calcio
coni:152305,152305,A.S.D. ACADEMY SELLIA MARINA,Calcio (a 11),Calcio
coni:152307,152307,TUSCIA UNITED A.S.D.,Calcio (a 11),Calcio
coni:152307,152307,TUSCIA UNITED A.S.D.,Futsal (calcio da sala - calcio a 5),Futsal
coni:152308,152308,A.S.D. NUOVA BEDOSTI,Calcio (a 11),Calcio
coni:152310,152310,A.S.D. SANVITESE CALCIO A 5,Futsal (calcio da sala - calcio a 5),Futsal
coni:152313,152313,ASD CITTA' DI LENOLA,Calcio (a 11),Calcio
coni:152314,152314,SCD CITTA DI TORRE DEL GRECO,Calcio (a 11),Calcio
coni:152317,152317,ASD UNITED CASTELFORTE,Calcio (a 11),Calcio
coni:152317,152317,ASD UNITED CASTELFORTE,Futsal (calcio da sala - calcio a 5),Futsal
coni:152325,152325,ASD ATLETICO SAN BEACH 2019,Calcio (a 11),Calcio
coni:152326,152326,ASSOCIAZIONE SPORTIVA DILETTANTISTICA AMPURIAS,Pallacanestro,Basket
coni:152326,152326,ASSOCIAZIONE SPORTIVA DILETTANTISTICA AMPURIAS,Calcio (a 11),Calcio
coni:152332,152332,A.S.D. SANTA TECLA CALCIO 2019,Calcio (a 11),Calcio
coni:152333,152333,ASD REAL TORRE DEL GRECO C5,Futsal (calcio da sala - calcio a 5),Futsal
coni:152336,152336,EPOMEO ASSOCIAZIONE SPORTIVA DILETTANTISTICA,Futsal (calcio da sala - calcio a 5),Futsal
coni:152336,152336,EPOMEO ASSOCIAZIONE SPORTIVA DILETTANTISTICA,Calcio (a 11),Calcio
coni:152339,152339,A.S.D. LUPI DEL GOCEANO,Calcio (a 11),Calcio
coni:152340,152340,A.S.D. QUINQUE DE ROCA,Calcio (a 11),Calcio
coni:152344,152344,UTA CALCIO A5 ASSOCIAZIONE SPORTIVA DILETTANTISTICA,Futsal (calcio da sala - calcio a 5),Futsal
coni:152356,152356,ASSOCIAZIONE SPORTIVA DILETTANTISTICA GIALLOCELESTE ARZIGNANO,Calcio (a 11),Calcio
coni:152356,152356,ASSOCIAZIONE SPORTIVA DILETTANTISTICA GIALLOCELESTE ARZIGNANO,Calcio (a 8),Calcio
coni:152356,152356,ASSOCIAZIONE SPORTIVA DILETTANTISTICA GIALLOCELESTE ARZIGNANO,Futsal (calcio da sala - calcio a 5),Futsal
coni:152356,152356,ASSOCIAZIONE SPORTIVA DILETTANTISTICA GIALLOCELESTE ARZIGNANO,Calcio (a 7),Calcio
coni:152357,152357,A.S.D.AUDAX RUTIGLIANO,Futsal (calcio da sala - calcio a 5),Futsal
coni:152361,152361,ASS.NE SPORTIVA DILETTANTISTICA (A.S.D.) CARRARESE GIOVANI,Calcio (a 11),Calcio
coni:152364,152364,ASD VIRTUS CALCIO MALETTO,Calcio (a 11),Calcio
coni:152364,152364,ASD VIRTUS CALCIO MALETTO,Calcio (a 8),Calcio
coni:152364,152364,ASD VIRTUS CALCIO MALETTO,Futsal (calcio da sala - calcio a 5),Futsal
coni:152364,152364,ASD VIRTUS CALCIO MALETTO,Calcio (a 7),Calcio
coni:152370,152370,A.S.D. F.C. SAMBENEDETTESE,Calcio (a 11),Calcio
coni:152370,152370,A.S.D. F.C. SAMBENEDETTESE,Futsal (calcio da sala - calcio a 5),Futsal
coni:152378,152378,ASSOCIAZIONE DILETTANTISTICA LA CILENTANA SPORT,Calcio (a 11),Calcio
coni:152380,152380,ASD DREAM TEAM BARLETTA,Calcio (a 11),Calcio
coni:152383,152383,FUTSAL PALAGONIA A.S.D.,Futsal (calcio da sala - calcio a 5),Futsal
coni:152386,152386,ASD SANTA LUCIA 1996 SENNORI,Calcio (a 11),Calcio
coni:152393,152393,ASSOCIAZIONE SPORTIVA DILETTANTISTICA A.S. MASSAFRA CALCIO,Calcio (a 11),Calcio
coni:152393,152393,ASSOCIAZIONE SPORTIVA DILETTANTISTICA A.S. MASSAFRA CALCIO,Calcio (a 8),Calcio
coni:152393,152393,ASSOCIAZIONE SPORTIVA DILETTANTISTICA A.S. MASSAFRA CALCIO,Futsal (calcio da sala - calcio a 5),Futsal
coni:152393,152393,ASSOCIAZIONE SPORTIVA DILETTANTISTICA A.S. MASSAFRA CALCIO,Calcio (a 7),Calcio
coni:152396,152396,ASD CALCIO TRIANUM 2024,Calcio (a 11),Calcio
coni:152398,152398,FOOTBALL CLUB ACADEMY DOMENICO LUONGO SOCIETA' SPORTIVA DILETTANT ISTICA A R.L. IN SIGLA FOOTBALL CLUB ACADEMY DOMENICO LUONGO S.S.D. A R.L.,Calcio (a 11),Calcio
coni:152398,152398,FOOTBALL CLUB ACADEMY DOMENICO LUONGO SOCIETA' SPORTIVA DILETTANT ISTICA A R.L. IN SIGLA FOOTBALL CLUB ACADEMY DOMENICO LUONGO S.S.D. A R.L.,Calcio (a 8),Calcio
coni:152398,152398,FOOTBALL CLUB ACADEMY DOMENICO LUONGO SOCIETA' SPORTIVA DILETTANT ISTICA A R.L. IN SIGLA FOOTBALL CLUB ACADEMY DOMENICO LUONGO S.S.D. A R.L.,Calcio (a 7),Calcio
coni:152400,152400,SALZANO TEAM CALCIO ASSOCIAZIONE SPORTIVA DILETTANTISTICA,Calcio (a 11),Calcio
coni:152401,152401,A.P.D. ACCADEMIA DON BOSCO,Calcio (a 11),Calcio
coni:152403,152403,ASSOCIAZIONE SPORTIVA DILETTANTISTICA MAMMA MIA SPORT,Futsal (calcio da sala - calcio a 5),Futsal
coni:152406,152406,ASSOCIAZIONE SPORTIVA DILETTANTISTICA SANTA MARIA DEGLI ANGELI,Calcio (a 11),Calcio
coni:152406,152406,ASSOCIAZIONE SPORTIVA DILETTANTISTICA SANTA MARIA DEGLI ANGELI,Pallavolo,Volley
coni:152408,152408,A.S.D. SPORTING PONTE 2019,Calcio (a 11),Calcio
coni:152415,152415,UNIONE SPORTIVA DILETTANTISTICA SAN GIORGIO,Calcio (a 11),Calcio
coni:152428,152428,ASD TAVOLARA CALCIO,Calcio (a 11),Calcio
coni:152435,152435,A.S.D. DORICA CALCIO,Calcio (a 11),Calcio
coni:152442,152442,A.S.D. WE'LL COME UNITED,Calcio (a 11),Calcio
coni:152461,152461,A.S.D. REAL MOTTOLA CALCIO 2019,Calcio (a 11),Calcio
coni:152465,152465,REAL BIANCAVILLA ASSOCIAZIONE SPORTIVA DILETTANTISTICA,Calcio (a 11),Calcio
coni:152466,152466,A.S.D. ACI E GALATEA,Calcio (a 11),Calcio
coni:152466,152466,A.S.D. ACI E GALATEA,Futsal (calcio da sala - calcio a 5),Futsal
coni:152473,152473,ASD CIANCIANA CALCIO,Calcio (a 11),Calcio
coni:152477,152477,ASD LIBERA FUTSAL,Futsal (calcio da sala - calcio a 5),Futsal
coni:152534,152534,A.S.D. TEAM CALCIO,Calcio (a 11),Calcio
coni:15255,15255,A.S.D. RORETESE 1975,Calcio (a 11),Calcio
coni:15255,15255,A.S.D. RORETESE 1975,Futsal (calcio da sala - calcio a 5),Futsal
coni:15255,15255,A.S.D. RORETESE 1975,Calcio (a 7),Calcio
coni:15259,15259,VILLAGE RENATO TRAINA FOOTBALL CLUB ASSOCIAZIONE SPORTIVA DILETTANTISTICA,Calcio (a 11),Calcio
coni:15267,15267,ASSOCIAZIONE SPORTIVA DILETTANTISTICA GIOVENTU' ASSEMINI CALCIO,Calcio (a 11),Calcio
coni:15267,15267,ASSOCIAZIONE SPORTIVA DILETTANTISTICA GIOVENTU' ASSEMINI CALCIO,Calcio (a 7),Calcio
coni:15267,15267,ASSOCIAZIONE SPORTIVA DILETTANTISTICA GIOVENTU' ASSEMINI CALCIO,Pallacanestro,Basket
coni:15267,15267,ASSOCIAZIONE SPORTIVA DILETTANTISTICA GIOVENTU' ASSEMINI CALCIO,Pallavolo,Volley
coni:15269,15269,A.S.D. ALGHERO,Calcio (a 11),Calcio
coni:136227,136227,ASD DEPORTIVO FORNACI CALCIO,Calcio (a 11),Calcio
coni:140167,140167,ASSOCIAZIONE SPORTIVA DILETTANTISTICA CANTERA MASSESE,Calcio (a 11),Calcio
coni:141920,141920,ASD ATLETICO BELLIZZI 1990,Calcio (a 11),Calcio
coni:141933,141933,ASD YOUNG RIETI,Calcio (a 11),Calcio
coni:142234,142234,A.S.D. BIC GENOVA,Calcio (a 7),Calcio
coni:142234,142234,A.S.D. BIC GENOVA,Pallacanestro,Basket
coni:14310,14310,ASD MONGUZZO 1997 ASSOCIAZIONE SPORTI,Calcio (a 11),Calcio
coni:14310,14310,ASD MONGUZZO 1997 ASSOCIAZIONE SPORTI,Calcio (a 7),Calcio
coni:14490,14490,A.S.D. VIS CANAVACCIO 2008 ASSOCIAZIONE SPORTIVA DILETTANTISTICA,Calcio (a 11),Calcio
coni:146450,146450,ASD YOUTH ACADEMY BISCEGLIE,Calcio (a 11),Calcio
coni:146450,146450,ASD YOUTH ACADEMY BISCEGLIE,Calcio (a 8),Calcio
coni:146450,146450,ASD YOUTH ACADEMY BISCEGLIE,Futsal (calcio da sala - calcio a 5),Futsal
coni:146450,146450,ASD YOUTH ACADEMY BISCEGLIE,Calcio (a 7),Calcio
coni:148877,148877,ASSOCIAZIONE SPORTIVA DILETTANTISTICA FUTSAL IRPINIA FEMMINILE,Futsal (calcio da sala - calcio a 5),Futsal
coni:149029,149029,U.S.D. CALATAFIMI DON BOSCO,Calcio (a 11),Calcio
coni:149029,149029,U.S.D. CALATAFIMI DON BOSCO,Futsal (calcio da sala - calcio a 5),Futsal
coni:14907,14907,ASD ATLETICO URBINELLI RIVER,Calcio (a 11),Calcio
coni:149168,149168,A.S.D. CALCIO FRATTA,Calcio (a 11),Calcio
coni:14995,14995,A.S.D. POLISPORTIVA DILETTANTISTICA BOMA FELLEGARA,Calcio (a 11),Calcio
coni:150139,150139,ASSOCIAZIONE POLISPORTIVA DILETTANTISTICA SPORT HOUSE ACADEMY,Calcio (a 11),Calcio
coni:151524,151524,ASSOCIAZIONE SPORTIVA DILETTANTISTICA VIRTUS FAVIGNANA,Calcio (a 11),Calcio
coni:151524,151524,ASSOCIAZIONE SPORTIVA DILETTANTISTICA VIRTUS FAVIGNANA,Futsal (calcio da sala - calcio a 5),Futsal
coni:151524,151524,ASSOCIAZIONE SPORTIVA DILETTANTISTICA VIRTUS FAVIGNANA,Pallacanestro,Basket
coni:151524,151524,ASSOCIAZIONE SPORTIVA DILETTANTISTICA VIRTUS FAVIGNANA,Pallavolo,Volley
coni:151566,151566,A.S.D SPORTING VOLTURARA,Calcio (a 11),Calcio
coni:151958,151958,ACADEMY VIS PESARO ASSOCIAZIONE SPORTIVA DILETTANTISTICA,Calcio (a 11),Calcio
coni:152282,152282,A.S.D. CORENO ROYAL,Calcio (a 11),Calcio
coni:152322,152322,ASD POLISPORTIVA TERRA DI CICERONE,Calcio (a 11),Calcio
coni:152346,152346,ASSOCIAZIONE SPORTIVA DILETTANTISTICA ASD REAL DIANO C5,Futsal (calcio da sala - calcio a 5),Futsal
coni:152346,152346,ASSOCIAZIONE SPORTIVA DILETTANTISTICA ASD REAL DIANO C5,Pallavolo,Volley
coni:152721,152721,A.S.D. S.MARCO JUVENTINA F.C.,Calcio (a 11),Calcio
coni:15274,15274,A.S.D. PONTERANICA CALCIO,Calcio (a 11),Calcio
coni:15274,15274,A.S.D. PONTERANICA CALCIO,Futsal (calcio da sala - calcio a 5),Futsal
coni:15276,15276,S.S. VILLA S. MARIA A.S.D.,Calcio (a 11),Calcio
coni:152776,152776,A.S.D INVICTASAURO,Calcio (a 11),Calcio
coni:15285,15285,ASSOCIAZIONE SPORTIVA DILETTANTISTICA 1924 SUNO F.C.D.,Calcio (a 11),Calcio
coni:152861,152861,ASSOCIAZIONE SPORTIVA DILETTANTISTICA ALTO GARDA,Calcio (a 11),Calcio
coni:152936,152936,A.S.D. CHIETI WOLVES FUTSAL CLUB,Futsal (calcio da sala - calcio a 5),Futsal
coni:153053,153053,ASD POLISPORTIVA SILIUS 85,Calcio (a 11),Calcio
coni:15307,15307,POL.RONDINELLA A.S.D. 1955,Calcio (a 11),Calcio
coni:15307,15307,POL.RONDINELLA A.S.D. 1955,Pallavolo,Volley
coni:15307,15307,POL.RONDINELLA A.S.D. 1955,Pallacanestro,Basket
coni:153080,153080,A.S.D. LUPI ROMA OUTSPORT A.P.S.,Futsal (calcio da sala - calcio a 5),Futsal
coni:153080,153080,A.S.D. LUPI ROMA OUTSPORT A.P.S.,Calcio (a 11),Calcio
coni:153080,153080,A.S.D. LUPI ROMA OUTSPORT A.P.S.,Calcio (a 8),Calcio
coni:153080,153080,A.S.D. LUPI ROMA OUTSPORT A.P.S.,Beach Soccer,Calcio
coni:153080,153080,A.S.D. LUPI ROMA OUTSPORT A.P.S.,Calcio (a 7),Calcio
coni:153151,153151,A.S.D. SPORTING LAMEZIA,Calcio (a 11),Calcio
coni:153151,153151,A.S.D. SPORTING LAMEZIA,Futsal (calcio da sala - calcio a 5),Futsal
coni:153151,153151,A.S.D. SPORTING LAMEZIA,Calcio (a 7),Calcio
coni:153151,153151,A.S.D. SPORTING LAMEZIA,Calcio (a 8),Calcio
coni:153327,153327,SCUOLA CALCIO S.BENEDETTO A.S.D.,Calcio (a 11),Calcio
coni:153382,153382,SOCIETA' POLISPORTIVA BETTOLLE S.D.,Calcio (a 11),Calcio
coni:153400,153400,A.S.D. SPORTING PALINURO,Calcio (a 11),Calcio
coni:153403,153403,A.S.D. F3 NUCERIA,Calcio (a 11),Calcio
coni:153403,153403,A.S.D. F3 NUCERIA,Calcio (a 7),Calcio
coni:153403,153403,A.S.D. F3 NUCERIA,Futsal (calcio da sala - calcio a 5),Futsal
coni:153409,153409,A.S.D. ALESSANO,Calcio (a 11),Calcio
coni:153418,153418,A.S.D. CITTA' DI SANT'ARPINO,Calcio (a 11),Calcio
coni:15342,15342,ASSOCIAZIONE SPORTIVA DILETTANTISTICA ATLETICO CANICATTI' 5,Futsal (calcio da sala - calcio a 5),Futsal
coni:153420,153420,A.S.D. REALPALERMO 2017,Calcio (a 11),Calcio
coni:153421,153421,ASSOCIAZIONE SPORTIVA DILETTANTISTICA G.B. CAPRESE,Calcio (a 11),Calcio
coni:153421,153421,ASSOCIAZIONE SPORTIVA DILETTANTISTICA G.B. CAPRESE,Calcio (a 7),Calcio
coni:153421,153421,ASSOCIAZIONE SPORTIVA DILETTANTISTICA G.B. CAPRESE,Calcio (a 8),Calcio
coni:153423,153423,A.S.D. GLI INVISIBILI BISACCIA,Calcio (a 11),Calcio
coni:153431,153431,A.S.D. CASAL BARRIERA,Calcio (a 11),Calcio
coni:153432,153432,ARDISCI E MASLIANICO 1902 A.S.D.,Calcio (a 11),Calcio
coni:153433,153433,A.S.D. SOVERE CALCIO,Calcio (a 11),Calcio
coni:153435,153435,A.S.D. MAIOLATI UNITED,Calcio (a 11),Calcio
coni:153440,153440,ASSOCIAZIONE SPORTIVA DILETTANTISTICA OLIMPIA SALESE,Calcio (a 11),Calcio
coni:153442,153442,ASSOCIAZIONE SPORTIVA DILETTANTISTICA PEGOLOTTE - SAN MICHELE,Calcio (a 11),Calcio
coni:153447,153447,PRIVERNO CALCIO SOCIETA' SPORTIVA DILETTANTISTICA A RESPONSABILITA' LIMITATA,Calcio (a 11),Calcio
coni:153449,153449,ASD COLOGNA CALCIO,Calcio (a 11),Calcio
coni:153451,153451,A.S.D. FOOTBALL CLUB BOGLIASCO,Calcio (a 11),Calcio
coni:153452,153452,A.S.D. APPARIZIONE,Calcio (a 11),Calcio
coni:153455,153455,S.S.D. ISCHIA CALCIO SRL,Calcio (a 11),Calcio
coni:153458,153458,A.S.D. BRIAN LIGNANO CALCIO,Calcio (a 11),Calcio
coni:153463,153463,A.S.D. ACCADEMY GIOVANNI CASTELLO,Calcio (a 11),Calcio
coni:15350,15350,REAL SAN GIOVANNI,Calcio (a 11),Calcio
coni:15353,15353,ASD ACCADEMIA CALCIO SAN VITO,Calcio (a 11),Calcio
coni:15353,15353,ASD ACCADEMIA CALCIO SAN VITO,Futsal (calcio da sala - calcio a 5),Futsal
coni:15353,15353,ASD ACCADEMIA CALCIO SAN VITO,Calcio (a 7),Calcio
coni:153600,153600,G.S.D. SAN GIORGIO 1980,Calcio (a 11),Calcio
coni:153618,153618,A.S.D. ACCADEMIA CALCIO AVOLA,Calcio (a 11),Calcio
coni:15363,15363,K-SPORT MONTECCHIO GALLO A.S.D.,Calcio (a 11),Calcio
coni:15369,15369,A.S.D. ONLY SPORT ALFONSINE F.C.,Calcio (a 11),Calcio
coni:153750,153750,IL VILLAGGIO DI ESTEBAN - COOPERATIVA SOCIALE,Calcio (a 7),Calcio
coni:153753,153753,ASSOCIAZIONE SPORTIVA SPORTING 4 E ONLUS,Calcio (a 7),Calcio
coni:153762,153762,ASSOCIAZIONE FUORIGIOCO,Calcio (a 7),Calcio
coni:153774,153774,LINKS ORGANIZZAZIONE DI VOLONTARIATO,Calcio (a 7),Calcio
coni:153777,153777,SOCIETA' SPORTIVA OSCHIRESE,Calcio (a 11),Calcio
coni:153852,153852,REAL CAPISTRELLO ASD,Calcio (a 11),Calcio
coni:153854,153854,SOCIETA' SPORTIVA DILETTANTISTICA JUVENTUS ROCCABIANCA,Calcio (a 11),Calcio
coni:153985,153985,ASD SCUOLE CRISTIANE CALCIO,Calcio (a 11),Calcio
coni:153992,153992,ASSOCIAZIONE CALCIO DILETTANTI STICA BIANDRATE,Calcio (a 11),Calcio
coni:154,154,ASSOCIAZIONE SPORTIVA DILETTANTISTICA VILLA SAN MARTINO,Calcio (a 11),Calcio
coni:15407,15407,ASSOCIAZIONE SPORTIVA DILETT. A.C.D. GHEDI 1978,Calcio (a 11),Calcio
coni:154176,154176,ASD CITTA' DI MANTOVA,Futsal (calcio da sala - calcio a 5),Futsal
coni:1542,1542,A.S.D. AVIS MONTECALVO,Calcio (a 11),Calcio
coni:154512,154512,ASSOCIAZIONE SPORTIVA DILETTANTISTICA FORTIS DAUNIA,Calcio (a 11),Calcio
coni:154680,154680,ASSOCIAZIONE SPORTIVA DILETTANTISTICA LOKOMOTIV RICCIA,Calcio (a 11),Calcio
coni:1547,1547,A.S.D. CIRCOLO RICREATIVO ARBOREA,Calcio (a 11),Calcio
coni:154892,154892,A.S.D. ATLETICO PAGANI,Calcio (a 11),Calcio
coni:1552,1552,ASSOCIAZIONE SPORTIVA DILETTANTISTICA UNIONE SPORTIVA ORATORIO ZANICA,Calcio (a 11),Calcio
coni:155254,155254,"ASSOCIAZIONE SPORTIVA DILETTANTISTICA ""NUMERO UNDICI""",Calcio (a 11),Calcio
coni:155324,155324,A.S.D AGRISPORT MILANO,Calcio (a 11),Calcio
coni:155387,155387,A.S.D FUTBALL CLUB FRATTESE 1928,Futsal (calcio da sala - calcio a 5),Futsal
coni:155387,155387,A.S.D FUTBALL CLUB FRATTESE 1928,Calcio (a 11),Calcio
coni:15548,15548,ASSOCIAZIONE SPORTIVA DILETTANTISTICA CALCIO ALME',Calcio (a 11),Calcio
coni:15548,15548,ASSOCIAZIONE SPORTIVA DILETTANTISTICA CALCIO ALME',Futsal (calcio da sala - calcio a 5),Futsal
coni:155495,155495,ASSOCIAZIONE SPORTIVA DILETTANTISTICA SELARGIUS,Calcio (a 11),Calcio
coni:155495,155495,ASSOCIAZIONE SPORTIVA DILETTANTISTICA SELARGIUS,Calcio (a 8),Calcio
coni:155495,155495,ASSOCIAZIONE SPORTIVA DILETTANTISTICA SELARGIUS,Futsal (calcio da sala - calcio a 5),Futsal
coni:155495,155495,ASSOCIAZIONE SPORTIVA DILETTANTISTICA SELARGIUS,Calcio (a 7),Calcio
coni:15551,15551,A.S.D. ACADEMY GHIVIBORGO VDS,Calcio (a 11),Calcio
coni:155637,155637,ASSOCIAZIONE SPORTIVA DILETTANTISTICA FIT4YOU,Calcio (a 11),Calcio
coni:155637,155637,ASSOCIAZIONE SPORTIVA DILETTANTISTICA FIT4YOU,Futsal (calcio da sala - calcio a 5),Futsal
coni:155807,155807,ASSOCIAZIONE SPORTIVA DILETTANTISTICA PORTO ERCOLE,Calcio (a 11),Calcio
coni:155887,155887,A.S.D. SCUOLA CALCIO ARIANO,Calcio (a 11),Calcio
coni:15593,15593,ASSOCIAZIONE SPORTIVA DILETTANTISTICA CASTELVETRANO SELINUNTE,Calcio (a 11),Calcio
coni:156034,156034,ASD FORTITUDO,Calcio (a 11),Calcio
coni:156034,156034,ASD FORTITUDO,Futsal (calcio da sala - calcio a 5),Futsal
coni:156084,156084,ASD BALARM JUVENES,Beach Soccer,Calcio
coni:156084,156084,ASD BALARM JUVENES,Calcio (a 7),Calcio
coni:156084,156084,ASD BALARM JUVENES,Futsal (calcio da sala - calcio a 5),Futsal
coni:156179,156179,ASSOCIAZIONE SPORTIVA DILETTANTISTICA OLIMPIA CAROSINO,Calcio (a 11),Calcio
coni:156179,156179,ASSOCIAZIONE SPORTIVA DILETTANTISTICA OLIMPIA CAROSINO,Calcio (a 8),Calcio
coni:156179,156179,ASSOCIAZIONE SPORTIVA DILETTANTISTICA OLIMPIA CAROSINO,Futsal (calcio da sala - calcio a 5),Futsal
coni:156179,156179,ASSOCIAZIONE SPORTIVA DILETTANTISTICA OLIMPIA CAROSINO,Calcio (a 7),Calcio
coni:156216,156216,ASSOCIAZIONE SPORTIVA DILETTANTISITCA PRETURO,Calcio (a 11),Calcio
coni:156248,156248,A.S.D.FRATTESE 2000 ASSOCIAZIONE SPORTIVA DELETTANTISTICA,Calcio (a 11),Calcio
coni:156248,156248,A.S.D.FRATTESE 2000 ASSOCIAZIONE SPORTIVA DELETTANTISTICA,Calcio (a 8),Calcio
coni:156248,156248,A.S.D.FRATTESE 2000 ASSOCIAZIONE SPORTIVA DELETTANTISTICA,Futsal (calcio da sala - calcio a 5),Futsal
coni:156248,156248,A.S.D.FRATTESE 2000 ASSOCIAZIONE SPORTIVA DELETTANTISTICA,Calcio (a 7),Calcio
coni:156270,156270,CANTERA NAPOLI ASD,Calcio (a 11),Calcio
coni:15628,15628,ASSOCIAZIONE SPORTIVA DILETTANTISTICA SPORTING ALTINO,Calcio (a 11),Calcio
coni:15637,15637,ASSOCIAZIONE SPORTIVA DILETTANTISTICA UNION MARTIGNACCO,Calcio (a 11),Calcio
coni:15637,15637,ASSOCIAZIONE SPORTIVA DILETTANTISTICA UNION MARTIGNACCO,Futsal (calcio da sala - calcio a 5),Futsal
coni:15645,15645,ASSOCIAZIONE SPORTIVIA DILETTANTISTICA FAVIGNANA,Futsal (calcio da sala - calcio a 5),Futsal
coni:156470,156470,A.S.D. CURI TERAMO,Calcio (a 11),Calcio
coni:156589,156589,ASD CANTERA AVELLINO,Calcio (a 11),Calcio
coni:156589,156589,ASD CANTERA AVELLINO,Calcio (a 8),Calcio
coni:156589,156589,ASD CANTERA AVELLINO,Beach Soccer,Calcio
coni:156589,156589,ASD CANTERA AVELLINO,Futsal (calcio da sala - calcio a 5),Futsal
coni:156589,156589,ASD CANTERA AVELLINO,Calcio (a 7),Calcio
coni:15661,15661,ASD POLISPORTIVA FRUGAROLESE,Calcio (a 11),Calcio
coni:156680,156680,A.S.D. NUOVA PELORO,Calcio (a 11),Calcio
coni:156724,156724,POLISPORTIVA DILETTANTISTICA CONCAGNESE,Calcio (a 11),Calcio
coni:156817,156817,A.S.D. F.C. NAPOLI NORD,Calcio (a 11),Calcio
coni:156817,156817,A.S.D. F.C. NAPOLI NORD,Calcio (a 8),Calcio
coni:156817,156817,A.S.D. F.C. NAPOLI NORD,Beach Soccer,Calcio
coni:156817,156817,A.S.D. F.C. NAPOLI NORD,Futsal (calcio da sala - calcio a 5),Futsal
coni:156817,156817,A.S.D. F.C. NAPOLI NORD,Calcio (a 7),Calcio
coni:156817,156817,A.S.D. F.C. NAPOLI NORD,Pallacanestro,Basket
coni:156817,156817,A.S.D. F.C. NAPOLI NORD,Pallavolo,Volley
coni:156904,156904,A.S.D. THIESI,Calcio (a 11),Calcio
coni:156940,156940,ASSOCIAZIONE SPORTIVA DILETTANTISTICA CUORE CELTIC VERONA FUTSAL CLUB,Futsal (calcio da sala - calcio a 5),Futsal
coni:15695,15695,A.S.D. ALESSANDRIA LIONS 2014,Calcio (a 11),Calcio
coni:156956,156956,ASD DELFINI SPORTING ARENELLA,Calcio (a 11),Calcio
coni:156956,156956,ASD DELFINI SPORTING ARENELLA,Calcio (a 8),Calcio
coni:156956,156956,ASD DELFINI SPORTING ARENELLA,Futsal (calcio da sala - calcio a 5),Futsal
coni:156956,156956,ASD DELFINI SPORTING ARENELLA,Calcio (a 7),Calcio
coni:156975,156975,A.S.D. POLISPORTIVA TERMINIO ACADEMY,Calcio (a 11),Calcio
coni:156975,156975,A.S.D. POLISPORTIVA TERMINIO ACADEMY,Calcio (a 8),Calcio
coni:156975,156975,A.S.D. POLISPORTIVA TERMINIO ACADEMY,Futsal (calcio da sala - calcio a 5),Futsal
coni:156975,156975,A.S.D. POLISPORTIVA TERMINIO ACADEMY,Calcio (a 7),Calcio
coni:157013,157013,STELAUDIA ASD - APS,Calcio (a 11),Calcio
coni:157013,157013,STELAUDIA ASD - APS,Calcio (a 8),Calcio
coni:157013,157013,STELAUDIA ASD - APS,Futsal (calcio da sala - calcio a 5),Futsal
coni:157067,157067,A.S.D. SESTO CAMPANO CALCIO,Calcio (a 11),Calcio
coni:1571,1571,ASSOCIAZIONE POLISPORTIVA DILETTANTISTICA FONTE BEL VERDE,Calcio (a 11),Calcio
coni:15717,15717,RIVER CHIETI '65 SOCIETA' SPORTIVA DILETTANTISTICA A R.L.,Calcio (a 11),Calcio
coni:15721,15721,ACLI MANTOVANI CALCIO ASD,Futsal (calcio da sala - calcio a 5),Futsal
coni:157223,157223,ERGA SPORT ASSOCIAZIONE SPORTIVA DILETTANTISTICA APS,Calcio (a 11),Calcio
coni:157223,157223,ERGA SPORT ASSOCIAZIONE SPORTIVA DILETTANTISTICA APS,Calcio (a 8),Calcio
coni:157223,157223,ERGA SPORT ASSOCIAZIONE SPORTIVA DILETTANTISTICA APS,Futsal (calcio da sala - calcio a 5),Futsal
coni:157223,157223,ERGA SPORT ASSOCIAZIONE SPORTIVA DILETTANTISTICA APS,Calcio (a 7),Calcio
coni:15723,15723,ASSOCIAZIONE DILETTANTISTICA SPORTIVA SAN DONATESE 'SPORT IS LIFE',Calcio (a 11),Calcio
coni:157266,157266,WOMEN LATINA CALCIO 1932 SOCIETA' SPORTIVA DILETTANTISTICA A RESPONSABILITA' LIMITATA,Calcio (a 11),Calcio
coni:157284,157284,A.S.D. VIS SGURGOLA CALCIO,Calcio (a 11),Calcio
coni:157291,157291,ASSOCIAZIONE SPORTIVA DILETTANTISTICA REAL DUCATO SPOLETO,Calcio (a 11),Calcio
coni:157292,157292,ASD GASPARE TADDEO CERVINARA,Calcio (a 11),Calcio
coni:157294,157294,A.S.D.SPORTING LIONI,Calcio (a 11),Calcio
coni:157295,157295,A.S.D. VISCIANO CALCIO,Calcio (a 11),Calcio
coni:157313,157313,ASSOCIAZIONE SPORTIVA DILETTANTISTICA POLISPORTIVA GIUGLIANO WOMEN,Calcio (a 11),Calcio
coni:157483,157483,A.S.D. ORATORIO SANT'ANTONIO,Calcio (a 11),Calcio
coni:157502,157502,BORGO SAN MARTINO A.S. DILETTANTISTICA,Calcio (a 11),Calcio
coni:157560,157560,ASSOCIAZIONE SPORTIVA DILETTANTISTICA GIOVANILE ROCCA,Calcio (a 11),Calcio
coni:157560,157560,ASSOCIAZIONE SPORTIVA DILETTANTISTICA GIOVANILE ROCCA,Futsal (calcio da sala - calcio a 5),Futsal
coni:157560,157560,ASSOCIAZIONE SPORTIVA DILETTANTISTICA GIOVANILE ROCCA,Calcio (a 7),Calcio
coni:15771,15771,ASSOCIAZIONE SPORTIVA DILETTANTISTICA BULE' BELLINZAGO IN FORMA ABBREVIATA A.S.D. BULE' BELLINZAGO,Calcio (a 11),Calcio
coni:15771,15771,ASSOCIAZIONE SPORTIVA DILETTANTISTICA BULE' BELLINZAGO IN FORMA ABBREVIATA A.S.D. BULE' BELLINZAGO,Calcio (a 7),Calcio
coni:1579,1579,ASSOCIAZIONE SPORTIVA DILETTANTISTICA 'AURORA CALCIO JESI',Calcio (a 11),Calcio
coni:15793,15793,A.S.D. ACQUALAGNA CALCIO A5,Futsal (calcio da sala - calcio a 5),Futsal
coni:157945,157945,ASD ACADEMY MADRIGAL VOLLA,Calcio (a 11),Calcio
coni:15796,15796,ASSOCIAZIONE SPORTIVA DILETTANTISTICA A.S.D. BARENGO SPORTIVA,Calcio (a 11),Calcio
coni:157970,157970,ASSOCIAZIONE SPORTIVA DILETTANTISTICA LIONS FOOTBALL PARTHENOPE,Calcio (a 11),Calcio
coni:157990,157990,ASD CALCIO MANIAGO VAJONT,Calcio (a 11),Calcio
coni:157990,157990,ASD CALCIO MANIAGO VAJONT,Futsal (calcio da sala - calcio a 5),Futsal
coni:158033,158033,ASD ALL STARS,Calcio (a 11),Calcio
coni:158033,158033,ASD ALL STARS,Calcio (a 8),Calcio
coni:158033,158033,ASD ALL STARS,Futsal (calcio da sala - calcio a 5),Futsal
coni:158033,158033,ASD ALL STARS,Calcio (a 7),Calcio
coni:158195,158195,ASD ISONTINO CALCIO,Calcio (a 11),Calcio
coni:158226,158226,A.S.D. MORCONE CALCIO,Calcio (a 11),Calcio
coni:15823,15823,A.S.D. OSTERIA NUOVA,Calcio (a 11),Calcio
coni:158234,158234,CAPRINO ASSOCIAZIONE SPORTIVA DILETTANTISTICA,Calcio (a 11),Calcio
coni:158235,158235,ASSOCIAZIONE SPORTIVA DILETTANTISTICA ARIANESE,Calcio (a 11),Calcio
coni:158236,158236,SAN MARTINO GIOVANI ASD,Calcio (a 11),Calcio
coni:158236,158236,SAN MARTINO GIOVANI ASD,Futsal (calcio da sala - calcio a 5),Futsal
coni:158239,158239,ASSOCIAZIONE SPORTIVA DILETTANTISTICA POSTIOMAPORCELLENGO,Calcio (a 11),Calcio
coni:158241,158241,ASSOCIAZIONE SPORTIVA DILETTANTISTICA ACADEMY CANALE,Calcio (a 11),Calcio
coni:158241,158241,ASSOCIAZIONE SPORTIVA DILETTANTISTICA ACADEMY CANALE,Futsal (calcio da sala - calcio a 5),Futsal
coni:158241,158241,ASSOCIAZIONE SPORTIVA DILETTANTISTICA ACADEMY CANALE,Calcio (a 7),Calcio
coni:158242,158242,VIRTUS PIACENZA ASSOCIAZIONE POLISPORTIVA DILETTANTISTICA,Calcio (a 11),Calcio
coni:158243,158243,ASD TIKITAKA PLANET,Futsal (calcio da sala - calcio a 5),Futsal
coni:158251,158251,A.S.D. REVOLUTIONAL CARVICO,Calcio (a 11),Calcio
coni:158252,158252,A.S.D. F.C.LAVAGNA 2.0,Calcio (a 11),Calcio
coni:158254,158254,A.S.D. ALBATE HF CALCIO,Calcio (a 11),Calcio
coni:158254,158254,A.S.D. ALBATE HF CALCIO,Calcio (a 7),Calcio
coni:158256,158256,A.S.D. JUVENILIA SPORT CLUB,Calcio (a 11),Calcio
coni:158257,158257,A.S.D. SAN SALVO CALCIO,Calcio (a 11),Calcio
coni:158257,158257,A.S.D. SAN SALVO CALCIO,Futsal (calcio da sala - calcio a 5),Futsal
coni:158258,158258,ASD ALBA ADRIATICA 1968,Calcio (a 11),Calcio
coni:158261,158261,A.S.D. LEVERANO FOOTBALL,Calcio (a 11),Calcio
coni:158266,158266,A.S.D. VIRTUS MOLA CALCIO,Calcio (a 11),Calcio
coni:158269,158269,ASD PECCIOLESE,Calcio (a 11),Calcio
coni:158270,158270,A.S.D.SAN NICOLO',Calcio (a 11),Calcio
coni:158272,158272,A.S.D. CASTEL DI LAMA,Calcio (a 11),Calcio
coni:158274,158274,A.S.D. 1983 ROMA 3Z HISTORY,Futsal (calcio da sala - calcio a 5),Futsal
coni:158278,158278,ASSOCIAZIONE SPORTIVA DILETTANTISTICA CALCIO CASALSERUGO MASERA',Calcio (a 11),Calcio
coni:158281,158281,ASSOCIAZIONE SPORTIVA DILETTANTISTICA ALBINGAUNIA SPORT ALBENGA,Calcio (a 11),Calcio
coni:158283,158283,A.S.D. JUVENTUS CLUB PARMA,Calcio (a 11),Calcio
coni:158283,158283,A.S.D. JUVENTUS CLUB PARMA,Futsal (calcio da sala - calcio a 5),Futsal
coni:158283,158283,A.S.D. JUVENTUS CLUB PARMA,Calcio (a 7),Calcio
coni:158286,158286,A.S.D. LAZIO C5 GLOBAL,Futsal (calcio da sala - calcio a 5),Futsal
coni:158288,158288,A.S.D. CASTELLANA CALCIO A 5,Futsal (calcio da sala - calcio a 5),Futsal
coni:158288,158288,A.S.D. CASTELLANA CALCIO A 5,Calcio (a 11),Calcio
coni:158288,158288,A.S.D. CASTELLANA CALCIO A 5,Calcio (a 8),Calcio
coni:158288,158288,A.S.D. CASTELLANA CALCIO A 5,Calcio (a 7),Calcio
coni:158289,158289,TEAM NONANTOLA CALCIO A.S.D.,Futsal (calcio da sala - calcio a 5),Futsal
coni:158293,158293,ASD DON BOSCO FORTITUDO,Calcio (a 11),Calcio
coni:158294,158294,A.S.D.FONDA PAVULLESE CALCIO,Calcio (a 11),Calcio
coni:158295,158295,ASSOCIAZIONE SPORTIVA DILETTANTISTICA RIVE D'ARCANO FLAIBANO,Calcio (a 11),Calcio
coni:158295,158295,ASSOCIAZIONE SPORTIVA DILETTANTISTICA RIVE D'ARCANO FLAIBANO,Calcio (a 8),Calcio
coni:158295,158295,ASSOCIAZIONE SPORTIVA DILETTANTISTICA RIVE D'ARCANO FLAIBANO,Futsal (calcio da sala - calcio a 5),Futsal
coni:158295,158295,ASSOCIAZIONE SPORTIVA DILETTANTISTICA RIVE D'ARCANO FLAIBANO,Calcio (a 7),Calcio
coni:158295,158295,ASSOCIAZIONE SPORTIVA DILETTANTISTICA RIVE D'ARCANO FLAIBANO,Beach Soccer,Calcio
coni:158298,158298,U.S.D. CALVARESE 1923,Calcio (a 11),Calcio
coni:158303,158303,ASSOCIAZIONE SPORTIVA DILETTANTISTICA ACADEMY FRENTANA 2020,Calcio (a 11),Calcio
coni:158304,158304,ASD DUE G FUTSAL PARMA,Futsal (calcio da sala - calcio a 5),Futsal
coni:158307,158307,ASD ISOLA RIZZA ROVERCHIARA,Calcio (a 11),Calcio
coni:158307,158307,ASD ISOLA RIZZA ROVERCHIARA,Calcio (a 7),Calcio
coni:158307,158307,ASD ISOLA RIZZA ROVERCHIARA,Futsal (calcio da sala - calcio a 5),Futsal
coni:158309,158309,A.S.D. ASPRA,Calcio (a 11),Calcio
coni:158309,158309,A.S.D. ASPRA,Calcio (a 8),Calcio
coni:158309,158309,A.S.D. ASPRA,Futsal (calcio da sala - calcio a 5),Futsal
coni:158309,158309,A.S.D. ASPRA,Calcio (a 7),Calcio
coni:158310,158310,ASD LEGNANESE CALCIO,Calcio (a 11),Calcio
coni:158310,158310,ASD LEGNANESE CALCIO,Futsal (calcio da sala - calcio a 5),Futsal
coni:158315,158315,AGGIUS A.S.D.,Calcio (a 11),Calcio
coni:158339,158339,ASSOCIAZIONE SPORTIVA DILETTANTISTICA (ASD) CUSSIGNACCO CALCIO,Calcio (a 11),Calcio
coni:158346,158346,A.S.D. AGNADELLESE,Calcio (a 11),Calcio
coni:158346,158346,A.S.D. AGNADELLESE,Futsal (calcio da sala - calcio a 5),Futsal
coni:158462,158462,A.S.D. REAL PUTEOLI,Calcio (a 11),Calcio
coni:158462,158462,A.S.D. REAL PUTEOLI,Calcio (a 7),Calcio
coni:158462,158462,A.S.D. REAL PUTEOLI,Calcio (a 8),Calcio
coni:158462,158462,A.S.D. REAL PUTEOLI,Pallacanestro,Basket
coni:158462,158462,A.S.D. REAL PUTEOLI,Pallavolo,Volley
coni:158478,158478,ASSOCIAZIONE SPORTIVA DILETTANTISTICA REAL SABINA,Calcio (a 11),Calcio
coni:158509,158509,RABONA VIA DELL'ACCIAIO SOCIETA' SPORTIVA DILETTANTISCA A RL,Calcio (a 11),Calcio
coni:158535,158535,F.C. VERBANIA ESIO,Calcio (a 11),Calcio
coni:158537,158537,ASSOCIAZIONE SPORTIVA DILETTANTISTICA SPORTING CLUB PIANURA,Calcio (a 11),Calcio
coni:158605,158605,A.S.D. REAL CIAMPINO ACADEMY,Futsal (calcio da sala - calcio a 5),Futsal
coni:158606,158606,SAN MACARIO OLTERSERCHIO A.S.D.,Calcio (a 11),Calcio
coni:158606,158606,SAN MACARIO OLTERSERCHIO A.S.D.,Futsal (calcio da sala - calcio a 5),Futsal
coni:158606,158606,SAN MACARIO OLTERSERCHIO A.S.D.,Calcio (a 7),Calcio
coni:158609,158609,ASD SCAURI MARINA,Calcio (a 11),Calcio
coni:158609,158609,ASD SCAURI MARINA,Calcio (a 8),Calcio
coni:158609,158609,ASD SCAURI MARINA,Beach Soccer,Calcio
coni:158609,158609,ASD SCAURI MARINA,Futsal (calcio da sala - calcio a 5),Futsal
coni:158609,158609,ASD SCAURI MARINA,Calcio (a 7),Calcio
coni:158610,158610,A.C.D. CELTICA,Calcio (a 11),Calcio
coni:158611,158611,A.S.D. FORTUNA MELIOR,Calcio (a 11),Calcio
coni:158614,158614,LA 10 SOCCES A.S.D.,Futsal (calcio da sala - calcio a 5),Futsal
coni:158616,158616,ASSOCIAZIONE SPORTIVA DILETTANTISTICA CAROBBIO 2020,Calcio (a 11),Calcio
coni:158616,158616,ASSOCIAZIONE SPORTIVA DILETTANTISTICA CAROBBIO 2020,Futsal (calcio da sala - calcio a 5),Futsal
coni:158619,158619,A.S.D. FUTSAL OSTUNI,Futsal (calcio da sala - calcio a 5),Futsal
coni:158621,158621,A.S.D. F.CLUB VIRIBUS UNITIS 100,Calcio (a 11),Calcio
coni:158625,158625,A.S.D. FOLGORE MILAZZO,Futsal (calcio da sala - calcio a 5),Futsal
coni:158625,158625,A.S.D. FOLGORE MILAZZO,Calcio (a 11),Calcio
coni:158625,158625,A.S.D. FOLGORE MILAZZO,Calcio (a 7),Calcio
coni:158629,158629,A.S.D. CIRIA CALCIO 2020,Calcio (a 11),Calcio
coni:158631,158631,A.S.D. CIGLIANO CALCIO,Calcio (a 11),Calcio
coni:158632,158632,F.C. CINTOLESE CALCIO A.S.D.,Calcio (a 11),Calcio
coni:158633,158633,ASSOCIAZ SPORT DILET REAL VOLTANESE FOOTBALL CLUB,Calcio (a 11),Calcio
coni:158643,158643,ASD GIOVANE SANTORSO,Calcio (a 11),Calcio
coni:158645,158645,ASD SPORTING SAVIGLIANO,Calcio (a 11),Calcio
coni:158647,158647,ASSOCIAZIONE SPORTIVA DILETTANTISTICA MEGLIADINO SAN VITALE,Calcio (a 11),Calcio
coni:158651,158651,A.S.D. PRESICCE ACQUARICA,Calcio (a 11),Calcio
coni:158651,158651,A.S.D. PRESICCE ACQUARICA,Futsal (calcio da sala - calcio a 5),Futsal
coni:158651,158651,A.S.D. PRESICCE ACQUARICA,Calcio (a 7),Calcio
coni:158652,158652,A.S.D. CASENTINO ACADEMY,Calcio (a 11),Calcio
coni:158654,158654,A.S.D. ATLETICO MAREMMA,Calcio (a 11),Calcio
coni:158656,158656,A.S.D. REAL ELPIDIENSE CALCIO,Calcio (a 11),Calcio
coni:158658,158658,ASSOCIAZIONE SPORTIVA DILETTANTISTICA LME,Calcio (a 11),Calcio
coni:158664,158664,FOOTBALL CLUB DILETTANTISTICO MEGARA 1908,Futsal (calcio da sala - calcio a 5),Futsal
coni:158665,158665,F.C.D. MADONE (FOOTBALL CLUB DILETTANTISTICO MADONE),Calcio (a 11),Calcio
coni:158667,158667,ASD NOGARE',Calcio (a 11),Calcio
coni:158668,158668,A.S.D. YOUNG BOYS 545,Calcio (a 11),Calcio
coni:158669,158669,A.S.D. LEVIZZANO,Calcio (a 11),Calcio
coni:158672,158672,FCD ARTOGNE,Calcio (a 11),Calcio
coni:158673,158673,ENTE SPORTIVO ORATORIANO SAMMA A.S.D.,Calcio (a 11),Calcio
coni:158673,158673,ENTE SPORTIVO ORATORIANO SAMMA A.S.D.,Calcio (a 8),Calcio
coni:158673,158673,ENTE SPORTIVO ORATORIANO SAMMA A.S.D.,Futsal (calcio da sala - calcio a 5),Futsal
coni:158673,158673,ENTE SPORTIVO ORATORIANO SAMMA A.S.D.,Calcio (a 7),Calcio
coni:158675,158675,ASD FUMANESE CALCIO,Calcio (a 11),Calcio
coni:158676,158676,A.S.D. NOICATTARO,Calcio (a 11),Calcio
coni:158676,158676,A.S.D. NOICATTARO,Calcio (a 8),Calcio
coni:158676,158676,A.S.D. NOICATTARO,Futsal (calcio da sala - calcio a 5),Futsal
coni:158676,158676,A.S.D. NOICATTARO,Calcio (a 7),Calcio
coni:158677,158677,SANPAKIDS ASSOCIAZIONE SPORTIVA DILETTANTISTICA,Calcio (a 11),Calcio
coni:158678,158678,ASSOCIAZIONE SPORTIVA DILETTANTISTICA BAGNOLO CALCIO,Calcio (a 11),Calcio
coni:158685,158685,FFC PUSTERTAL,Calcio (a 11),Calcio
coni:158688,158688,POLISPORTIVA SALINE ROMAGNA ASSOCIAZIONE DILETTANTISTICA,Calcio (a 11),Calcio
coni:158688,158688,POLISPORTIVA SALINE ROMAGNA ASSOCIAZIONE DILETTANTISTICA,Futsal (calcio da sala - calcio a 5),Futsal
coni:158688,158688,POLISPORTIVA SALINE ROMAGNA ASSOCIAZIONE DILETTANTISTICA,Calcio (a 7),Calcio
coni:158719,158719,A.S.D. SAPRI SOCCER SCHOOL CILENTO,Calcio (a 11),Calcio
coni:158719,158719,A.S.D. SAPRI SOCCER SCHOOL CILENTO,Futsal (calcio da sala - calcio a 5),Futsal
coni:158779,158779,A.S.D. FUTSAL. BASIC ACADEMY,Futsal (calcio da sala - calcio a 5),Futsal
coni:15882,15882,PORTUALI CALCIO ASS.SPORT.DILETT,Calcio (a 11),Calcio
coni:15882,15882,PORTUALI CALCIO ASS.SPORT.DILETT,Calcio (a 7),Calcio
coni:158871,158871,REAL MONTECATINI TERME A.C.D.,Calcio (a 11),Calcio
coni:158898,158898,ASD ATLETICO DREAM SOCCER,Calcio (a 11),Calcio
coni:158898,158898,ASD ATLETICO DREAM SOCCER,Futsal (calcio da sala - calcio a 5),Futsal
coni:158898,158898,ASD ATLETICO DREAM SOCCER,Calcio (a 7),Calcio
coni:15890,15890,UNIONE SPORTIVA SANT'ANNA D'ALFAEDO - ASD,Calcio (a 11),Calcio
coni:15890,15890,UNIONE SPORTIVA SANT'ANNA D'ALFAEDO - ASD,Calcio (a 7),Calcio
coni:15890,15890,UNIONE SPORTIVA SANT'ANNA D'ALFAEDO - ASD,Pallavolo,Volley
coni:158971,158971,YOUSPORT A.S.D. ETS,Calcio (a 11),Calcio
coni:158971,158971,YOUSPORT A.S.D. ETS,Calcio (a 7),Calcio
coni:158980,158980,A.S.D.VIRTUS PALESE CALCIO,Calcio (a 11),Calcio
coni:158980,158980,A.S.D.VIRTUS PALESE CALCIO,Futsal (calcio da sala - calcio a 5),Futsal
coni:158980,158980,A.S.D.VIRTUS PALESE CALCIO,Calcio (a 7),Calcio
coni:158986,158986,CITTA' DI MONTOPOLI ASSOCIAZIONE SPORTIVA DILETTANTISTICA,Calcio (a 11),Calcio
coni:158988,158988,ASSOCIAZIONE SPORTIVA DILETTANTISTICA PRIARUGGIA G.MORA,Calcio (a 11),Calcio
coni:158990,158990,ASD RHO FUTSAL,Futsal (calcio da sala - calcio a 5),Futsal
coni:158991,158991,A.S.D. CSF V-MAT C 5,Futsal (calcio da sala - calcio a 5),Futsal
coni:158994,158994,ASSOCIAZIONE SPORTIVA DILETTANTISTICA SPORTING CASORIA FUTSAL 2019,Futsal (calcio da sala - calcio a 5),Futsal
coni:158996,158996,A.S.D. CASTIGLIONE DEL LAGO,Calcio (a 11),Calcio
coni:158997,158997,UTA CALCIO 2020 ASSOCIAZIONE SPORTIVA DILETTANTISTICA,Calcio (a 11),Calcio
coni:158998,158998,ASD FRATTE RONDINELLE,Calcio (a 11),Calcio
coni:159001,159001,ASSOCIAZIONE SPORTIVA DILETTANTISTICA FARAONE,Calcio (a 11),Calcio
coni:159002,159002,A.S.D. GUASTICCE,Calcio (a 11),Calcio
coni:159003,159003,A.S.D. HF CITTA' DI COMO,Calcio (a 11),Calcio
coni:159008,159008,ASSOCIAZIONE SPORTIVA DILETTANTISTICA A.S.D. CITTA' DI MASCALI,Calcio (a 11),Calcio
coni:159008,159008,ASSOCIAZIONE SPORTIVA DILETTANTISTICA A.S.D. CITTA' DI MASCALI,Futsal (calcio da sala - calcio a 5),Futsal
coni:159009,159009,A.S.D. CA'GALLO,Calcio (a 11),Calcio
coni:159013,159013,UNIONE SPORTIVA NOVELLA CALCIO ASSOCIAZIONE SPORTIVA DILETTANTISTICA,Calcio (a 11),Calcio
coni:159014,159014,OLGIATE AURORA ASSOCIAZIONE SPORTIVA DILETTANTISTICA (IN BREVE A.S.D.),Calcio (a 11),Calcio
coni:159124,159124,A.S.D. SOCCER SCHOOL SAN GIOVANNI INCARICO,Calcio (a 11),Calcio
coni:159167,159167,ETOILE MONTORO,Calcio (a 11),Calcio
coni:15923,15923,ASSOCIAZIONE SPORTIVA DILETTANTISTICA PORLEZZESE,Calcio (a 11),Calcio
coni:159260,159260,A.S.D. BE BRAVE,Calcio (a 11),Calcio
coni:159260,159260,A.S.D. BE BRAVE,Calcio (a 8),Calcio
coni:159260,159260,A.S.D. BE BRAVE,Calcio (a 7),Calcio
coni:159305,159305,ASSOCIAZIONE SPORTIVA DILETTANTISTICA GNU TEAM ALA,Futsal (calcio da sala - calcio a 5),Futsal
coni:159310,159310,A.C.D. REAL BORGOGNA - A.S.D.,Calcio (a 11),Calcio
coni:159315,159315,A.S.D. TERNANA THYRUS C.5,Futsal (calcio da sala - calcio a 5),Futsal
coni:15932,15932,G.S. DILETTANTISTICO SERENISSI MA S. PIO X,Calcio (a 11),Calcio
coni:15932,15932,G.S. DILETTANTISTICO SERENISSI MA S. PIO X,Calcio (a 7),Calcio
coni:159333,159333,A.S.D. VALLERANO,Futsal (calcio da sala - calcio a 5),Futsal
coni:159333,159333,A.S.D. VALLERANO,Calcio (a 8),Calcio
coni:159342,159342,A.S.D. KALE POLIS GALLIPOLI,Calcio (a 11),Calcio
coni:159345,159345,ASSOCIAZIONE SPORTIVA DILETTANTISTICA NEW TEAM CATANIA,Calcio (a 11),Calcio
coni:159345,159345,ASSOCIAZIONE SPORTIVA DILETTANTISTICA NEW TEAM CATANIA,Calcio (a 8),Calcio
coni:159345,159345,ASSOCIAZIONE SPORTIVA DILETTANTISTICA NEW TEAM CATANIA,Futsal (calcio da sala - calcio a 5),Futsal
coni:159345,159345,ASSOCIAZIONE SPORTIVA DILETTANTISTICA NEW TEAM CATANIA,Calcio (a 7),Calcio
coni:159346,159346,BUCINE A.S.D.,Calcio (a 11),Calcio
coni:159347,159347,ASSOCIAZIONE SPORTIVA DILETTANTISTICA WOMEN GUALDO CALCIO,Calcio (a 11),Calcio
coni:159347,159347,ASSOCIAZIONE SPORTIVA DILETTANTISTICA WOMEN GUALDO CALCIO,Futsal (calcio da sala - calcio a 5),Futsal
coni:159348,159348,A.S.D. INFINITY FUTSAL ACADEMY,Futsal (calcio da sala - calcio a 5),Futsal
coni:159350,159350,A.S.D. ACCADEMIA INVERUNO,Calcio (a 11),Calcio
coni:159361,159361,A.S.D. PONENTE F.C,Calcio (a 11),Calcio
coni:159362,159362,A.S.D. FUTSAL S.M.C.V.,Futsal (calcio da sala - calcio a 5),Futsal
coni:159367,159367,ASD ALATRI,Calcio (a 11),Calcio
coni:159367,159367,ASD ALATRI,Futsal (calcio da sala - calcio a 5),Futsal
coni:159371,159371,ASSOCIAZIONE SPORTIVA DILETTANTISTICA FRASASSI C5,Futsal (calcio da sala - calcio a 5),Futsal
coni:159372,159372,ASD ACADEMY CATTOLICA 1923,Calcio (a 11),Calcio
coni:159372,159372,ASD ACADEMY CATTOLICA 1923,Futsal (calcio da sala - calcio a 5),Futsal
coni:159373,159373,POLISPORTIVA VALLECROSIA ACADEMY-ASSOCIAZIONE SPORTIVA DILETTANTISTICA,Calcio (a 11),Calcio
coni:159375,159375,ASD UNION VILLA,Calcio (a 11),Calcio
coni:159375,159375,ASD UNION VILLA,Calcio (a 7),Calcio
coni:159375,159375,ASD UNION VILLA,Pallavolo,Volley
coni:159440,159440,ASSOCIAZIONE SPORTIVA DILETTANTISTICA NHC ROSOLINI,Futsal (calcio da sala - calcio a 5),Futsal
coni:15945,15945,A.S.D. SAN MAURIZIO CALCIO,Calcio (a 11),Calcio
coni:15945,15945,A.S.D. SAN MAURIZIO CALCIO,Futsal (calcio da sala - calcio a 5),Futsal
coni:15945,15945,A.S.D. SAN MAURIZIO CALCIO,Calcio (a 7),Calcio
coni:159453,159453,A.S.D. VIRTUS PALO,Calcio (a 11),Calcio
coni:159453,159453,A.S.D. VIRTUS PALO,Calcio (a 8),Calcio
coni:159453,159453,A.S.D. VIRTUS PALO,Futsal (calcio da sala - calcio a 5),Futsal
coni:159453,159453,A.S.D. VIRTUS PALO,Calcio (a 7),Calcio
coni:15947,15947,A.S.D. G.S. BORGO A MOZZANO,Calcio (a 11),Calcio
coni:159529,159529,SP SANFATUCCHIO SG C.LAGO ASSOCIAZIONE SPORTIVA DILETTANTISTICA,Calcio (a 11),Calcio
coni:159531,159531,ASSOCIAZIONE SPORTIVA DILETTAN TISTICA SAN GIORGIO,Calcio (a 11),Calcio
coni:159534,159534,A.S.D. CARACENO,Futsal (calcio da sala - calcio a 5),Futsal
coni:159607,159607,A.S.D. SICILIA FUTSAL,Futsal (calcio da sala - calcio a 5),Futsal
coni:159608,159608,ATLETICO SQUARA' U.S.D.,Calcio (a 11),Calcio
coni:159609,159609,ASD FOOTBALL CLUB ALI' TERME,Calcio (a 11),Calcio
coni:159610,159610,ASD FUTSAL CLUB GENOVA,Futsal (calcio da sala - calcio a 5),Futsal
coni:159611,159611,A.S.D. SAN GIOVANNI ROTONDO,Calcio (a 11),Calcio
coni:159613,159613,OLBIA ACADEMY DI SPANU GIOVANNI SSD ARL,Calcio (a 11),Calcio
coni:159614,159614,ASD POLISPORTIVA REAL SPORTS CEFALU',Futsal (calcio da sala - calcio a 5),Futsal
coni:159614,159614,ASD POLISPORTIVA REAL SPORTS CEFALU',Calcio (a 11),Calcio
coni:159614,159614,ASD POLISPORTIVA REAL SPORTS CEFALU',Calcio (a 7),Calcio
coni:159619,159619,A.C.D. VIS ATHENA ASSOCIAZ SPORTIVA DILETTANTISTICA,Calcio (a 11),Calcio
coni:159620,159620,ASSOCIAZIONE SPORTIVA DILETTANTISTICA REAL TORRE 2020,Calcio (a 11),Calcio
coni:159643,159643,AQUILA REALE 2004 ASSOCIAZIONE SPORTIVA DILETTANTISTICA,Futsal (calcio da sala - calcio a 5),Futsal
coni:15965,15965,POLISPORTIVA DILETTANTISTICA LUGO 1982,Calcio (a 11),Calcio
coni:15965,15965,POLISPORTIVA DILETTANTISTICA LUGO 1982,Futsal (calcio da sala - calcio a 5),Futsal
coni:15965,15965,POLISPORTIVA DILETTANTISTICA LUGO 1982,Calcio (a 7),Calcio
coni:159729,159729,A.S.D. ACCADEMIA MOLE BISLETI FROSINONE C5,Futsal (calcio da sala - calcio a 5),Futsal
coni:15973,15973,S.S.D.CERQUETO CALCIO A.S.D.,Calcio (a 11),Calcio
coni:159760,159760,ASSOCIAZIONE SPORTIVA DILETTANTISTICA F.C. CABIATE,Calcio (a 11),Calcio
coni:159765,159765,A.S.D. Q.B.R. ACERRA,Futsal (calcio da sala - calcio a 5),Futsal
coni:159770,159770,A.S.D. VASANELLO CALCIO,Calcio (a 11),Calcio
coni:159774,159774,A.S.D. CITTA' DI SANTA TERESA,Calcio (a 11),Calcio
coni:1598,1598,ASSOCIAZIONE DILETTANTISTICA POLISPORTIVA MONTICCHIELLO,Calcio (a 11),Calcio
coni:15981,15981,A.C.D. PINZOLO VALRENDENA,Calcio (a 11),Calcio
coni:159862,159862,ASSOCIAZIONE SPORTIVA DILETTANTISTICA STADERA,Calcio (a 11),Calcio
coni:159901,159901,A.S.D. AGNO DIONISO,Calcio (a 11),Calcio
coni:159901,159901,A.S.D. AGNO DIONISO,Futsal (calcio da sala - calcio a 5),Futsal
coni:159904,159904,A.S.D. LIBERTAS SALA CONSILINA,Calcio (a 11),Calcio
coni:159905,159905,ASSOCIAZIONE SPORTIVA DILETTANTISTICA ACCADEMIA VIRTUS MANERBIO,Calcio (a 11),Calcio
coni:159906,159906,ACADEMY VALLE S. MARTINO ASD,Calcio (a 11),Calcio
coni:159909,159909,TRUENTIN LAMA ASD,Futsal (calcio da sala - calcio a 5),Futsal
coni:159910,159910,A.S.D.APPIGNANO 2020,Calcio (a 11),Calcio
coni:159911,159911,INEDIT ASSOCIAZIONE SPORTIVA DILETTANTISTICA,Futsal (calcio da sala - calcio a 5),Futsal
coni:159912,159912,A.S.D. BABYLON F.C.,Futsal (calcio da sala - calcio a 5),Futsal
coni:159916,159916,ASSOCIAZIONE SPORTIVA DILETTANTISTICA UNIONE SPORTIVA SIAMANNA 1971,Calcio (a 11),Calcio
coni:159920,159920,ASSOCIAZIONE SPORTIVA DILETTANTISTICA MONTEGABBIONE,Futsal (calcio da sala - calcio a 5),Futsal
coni:159921,159921,ASD ATLETICO APRICENA,Calcio (a 11),Calcio
coni:159922,159922,ASD AUDACE FRAGAGNANO 2020,Calcio (a 11),Calcio
coni:15993,15993,MOIE VALLESINA A.S.D.,Calcio (a 11),Calcio
coni:159947,159947,ASD BELLANTE 1958,Calcio (a 11),Calcio
coni:159947,159947,ASD BELLANTE 1958,Futsal (calcio da sala - calcio a 5),Futsal
coni:159949,159949,ASD TORREVECCHIA C5,Futsal (calcio da sala - calcio a 5),Futsal
coni:159951,159951,ASSOCIAZIONE SPORTIVA DILETTANTISTICA BALSORANO,Calcio (a 11),Calcio
coni:159952,159952,ASD ATHLETIC TORTORETO 1966,Calcio (a 11),Calcio
coni:159954,159954,ASSOCIAZIONE SPORTIVA DILETTANTISTICA ATLETITO CERCOLA,Calcio (a 11),Calcio
coni:159956,159956,USD MONTERCHIESE,Calcio (a 11),Calcio
coni:15998,15998,JUNIOR CALCIO CERVIA A.S.D.,Calcio (a 11),Calcio
coni:160049,160049,ASD CRAZYACADEMY,Calcio (a 11),Calcio
coni:16006,16006,JUNIOR CALCIO A.S.D.,Calcio (a 11),Calcio
coni:16011,16011,A.S.D. ERBA 14 CALCIO A 5,Futsal (calcio da sala - calcio a 5),Futsal
coni:160157,160157,S.S.D. PARLESCA,Calcio (a 11),Calcio
coni:160158,160158,A.S.D S.ANASTASIA CALCIO 1945,Calcio (a 11),Calcio
coni:160158,160158,A.S.D S.ANASTASIA CALCIO 1945,Calcio (a 7),Calcio
coni:16016,16016,GRANAMICA A.S.D.,Calcio (a 11),Calcio
coni:160164,160164,FANNI FUTSAL SASSARI,Futsal (calcio da sala - calcio a 5),Futsal
coni:160174,160174,ASD FUTSAL SAN SEVERO,Futsal (calcio da sala - calcio a 5),Futsal
coni:160186,160186,A.S.D. ACCADEMIA REAL AGRO AVERSA,Calcio (a 11),Calcio
coni:1603,1603,A.S.D. RIPABERARDA,Futsal (calcio da sala - calcio a 5),Futsal
coni:16030,16030,A.S.D. CASTELBELLINO CALCIO,Calcio (a 11),Calcio
coni:160329,160329,FOOTBALL CLUB DELLISANTI ASSOCIAZIONE SPORTIVA DILETTANTISTICA,Calcio (a 11),Calcio
coni:160329,160329,FOOTBALL CLUB DELLISANTI ASSOCIAZIONE SPORTIVA DILETTANTISTICA,Calcio (a 8),Calcio
coni:160329,160329,FOOTBALL CLUB DELLISANTI ASSOCIAZIONE SPORTIVA DILETTANTISTICA,Futsal (calcio da sala - calcio a 5),Futsal
coni:160329,160329,FOOTBALL CLUB DELLISANTI ASSOCIAZIONE SPORTIVA DILETTANTISTICA,Calcio (a 7),Calcio
coni:160362,160362,A.S.D. UNIONE SPORTIVA PEGLIO,Calcio (a 11),Calcio
coni:16037,16037,ASD MARSALA FUTSAL 2012,Futsal (calcio da sala - calcio a 5),Futsal
coni:160442,160442,ASD FOOTBALL ACADEMY,Calcio (a 11),Calcio
coni:160442,160442,ASD FOOTBALL ACADEMY,Calcio (a 8),Calcio
coni:160442,160442,ASD FOOTBALL ACADEMY,Calcio (a 7),Calcio
coni:160442,160442,ASD FOOTBALL ACADEMY,Futsal (calcio da sala - calcio a 5),Futsal
coni:160444,160444,BORGO NUOVO CALCIO SRL,Calcio (a 11),Calcio
coni:160450,160450,ASD VICENZA CALCIO A 5,Futsal (calcio da sala - calcio a 5),Futsal
coni:160455,160455,ASSOCIAZIONE SPORTIVA DILETTANTISTICA SPOTORNESE CALCIO,Calcio (a 11),Calcio
coni:160458,160458,A.S.D. REAL COLLEFERRO,Calcio (a 11),Calcio
coni:160461,160461,A.S.D. IRON FOX AMEGLIESE,Calcio (a 11),Calcio
coni:160462,160462,ASSOCIAZIONE SPORTIVA DILETTANTISTICA CALCIO POPOLARE SPEZIA,Calcio (a 11),Calcio
coni:160466,160466,NEW TOP JUNIOR,Calcio (a 11),Calcio
coni:160466,160466,NEW TOP JUNIOR,Futsal (calcio da sala - calcio a 5),Futsal
coni:160476,160476,A.S.D. NUOVA BROCCOSTELLA,Calcio (a 11),Calcio
coni:160476,160476,A.S.D. NUOVA BROCCOSTELLA,Calcio (a 8),Calcio
coni:160476,160476,A.S.D. NUOVA BROCCOSTELLA,Futsal (calcio da sala - calcio a 5),Futsal
coni:160478,160478,A.S.D. SANT'ISIDORO BAGHERIA,Futsal (calcio da sala - calcio a 5),Futsal
coni:160493,160493,ASSOCIAZIONE SPORTIVA DILETTANTISTICA FUTSAL CLUB MONREALE,Futsal (calcio da sala - calcio a 5),Futsal
coni:160493,160493,ASSOCIAZIONE SPORTIVA DILETTANTISTICA FUTSAL CLUB MONREALE,Calcio (a 11),Calcio
coni:160493,160493,ASSOCIAZIONE SPORTIVA DILETTANTISTICA FUTSAL CLUB MONREALE,Calcio (a 8),Calcio
coni:160493,160493,ASSOCIAZIONE SPORTIVA DILETTANTISTICA FUTSAL CLUB MONREALE,Calcio (a 7),Calcio
coni:160495,160495,FOOTBALL CLUB SABAUDIA A.S.D.,Calcio (a 11),Calcio
coni:160495,160495,FOOTBALL CLUB SABAUDIA A.S.D.,Calcio (a 8),Calcio
coni:160495,160495,FOOTBALL CLUB SABAUDIA A.S.D.,Futsal (calcio da sala - calcio a 5),Futsal
coni:160495,160495,FOOTBALL CLUB SABAUDIA A.S.D.,Calcio (a 7),Calcio
coni:16054,16054,F.C.D. NOVESE CALCIO FEMMINILE,Calcio (a 11),Calcio
coni:160609,160609,A.S.D. PSG SOCCER SAN GERARDO,Calcio (a 11),Calcio
coni:160609,160609,A.S.D. PSG SOCCER SAN GERARDO,Futsal (calcio da sala - calcio a 5),Futsal
coni:160609,160609,A.S.D. PSG SOCCER SAN GERARDO,Calcio (a 7),Calcio
coni:160609,160609,A.S.D. PSG SOCCER SAN GERARDO,Pallavolo,Volley
coni:160675,160675,ASD DIELLE SOCCER SCHOOL,Calcio (a 11),Calcio
coni:160675,160675,ASD DIELLE SOCCER SCHOOL,Futsal (calcio da sala - calcio a 5),Futsal
coni:160675,160675,ASD DIELLE SOCCER SCHOOL,Calcio (a 7),Calcio
coni:160679,160679,ASD SKILLETION,Calcio (a 11),Calcio
coni:160679,160679,ASD SKILLETION,Calcio (a 8),Calcio
coni:160679,160679,ASD SKILLETION,Futsal (calcio da sala - calcio a 5),Futsal
coni:160679,160679,ASD SKILLETION,Pallavolo,Volley
coni:160728,160728,ASSOCIAZIONE SPORTIVA DILETTANTISTICA QAL'AT,Calcio (a 11),Calcio
coni:160728,160728,ASSOCIAZIONE SPORTIVA DILETTANTISTICA QAL'AT,Futsal (calcio da sala - calcio a 5),Futsal
coni:160728,160728,ASSOCIAZIONE SPORTIVA DILETTANTISTICA QAL'AT,Calcio (a 7),Calcio
coni:160728,160728,ASSOCIAZIONE SPORTIVA DILETTANTISTICA QAL'AT,Pallavolo,Volley
coni:16074,16074,SOCIETA' SPORTIVA DILETTANTISTICA SANTA SOFIA CALCIO LICATA S.R.L.,Calcio (a 11),Calcio
coni:16074,16074,SOCIETA' SPORTIVA DILETTANTISTICA SANTA SOFIA CALCIO LICATA S.R.L.,Futsal (calcio da sala - calcio a 5),Futsal
coni:160745,160745,ASD CHIARAMONTANI,Futsal (calcio da sala - calcio a 5),Futsal
coni:160820,160820,ETICA LUDIS ASD,Calcio (a 11),Calcio
coni:160851,160851,KOALA SOCCER LUCCA A.S.D.,Calcio (a 11),Calcio
coni:160860,160860,A.S.D. MICHELE AMODEO MONTEFORTE,Calcio (a 11),Calcio
coni:160860,160860,A.S.D. MICHELE AMODEO MONTEFORTE,Futsal (calcio da sala - calcio a 5),Futsal
coni:160861,160861,A.S.D. SPORTS CLUB SOL,Calcio (a 11),Calcio
coni:160863,160863,A.S.D. SPORTING MONTE DI PROCIDA,Calcio (a 11),Calcio
coni:160863,160863,A.S.D. SPORTING MONTE DI PROCIDA,Calcio (a 8),Calcio
coni:160863,160863,A.S.D. SPORTING MONTE DI PROCIDA,Calcio (a 7),Calcio
coni:160870,160870,ASD PALMOLI,Futsal (calcio da sala - calcio a 5),Futsal
coni:160871,160871,S.D.POLISPORTIVA VIRIBUS UNITIS 1917 - S.R.T.,Calcio (a 11),Calcio
coni:16089,16089,US COLLI EUGANEI ACADEMY ASD,Calcio (a 11),Calcio
coni:16090,16090,U.S. BRIGNANESE CALCIO ASSOCIAZIONE SPORTIVA DILETTANTISTICA,Calcio (a 11),Calcio
coni:160993,160993,AS SAN LAZZARO 2020 ASD,Calcio (a 11),Calcio
coni:16103,16103,ASSOCIAZIONE SPORTIVA DILETTANTISTICA CROCEFIESCHI 2017,Calcio (a 11),Calcio
coni:161057,161057,CAMPOBELLO FOOTBALL CLUB ASSOCIAZIONE SPORTIVA DILETTANTISTICA,Calcio (a 11),Calcio
coni:161105,161105,UNIONE SPORTIVA VISCONTI 1947,Calcio (a 11),Calcio
coni:161133,161133,A.S.D. MARIGLIANESE CALCIO,Calcio (a 11),Calcio
coni:161141,161141,A.C.D. FONDACHELLI,Calcio (a 11),Calcio
coni:161144,161144,A.S.DILETTANTISTICA ACADEMY FELICE PICCOLO,Calcio (a 11),Calcio
coni:161144,161144,A.S.DILETTANTISTICA ACADEMY FELICE PICCOLO,Futsal (calcio da sala - calcio a 5),Futsal
coni:161147,161147,A.S.D. WARRIORS CALCIO BARI,Calcio (a 11),Calcio
coni:161148,161148,POLISPORTIVA MONTERUSCELLO SOCIETA' SPORTIVA DILETTANTISTICA A RESPONSABILITA LIMITATA,Calcio (a 11),Calcio
coni:161148,161148,POLISPORTIVA MONTERUSCELLO SOCIETA' SPORTIVA DILETTANTISTICA A RESPONSABILITA LIMITATA,Calcio (a 8),Calcio
coni:161148,161148,POLISPORTIVA MONTERUSCELLO SOCIETA' SPORTIVA DILETTANTISTICA A RESPONSABILITA LIMITATA,Calcio (a 7),Calcio
coni:161155,161155,ASD DOMENICO ASPRO,Calcio (a 11),Calcio
coni:161192,161192,ASSOCIAZIONE SPORTIVA DILETTANTISTICA PHOENIX TRANI,Calcio (a 11),Calcio
coni:161192,161192,ASSOCIAZIONE SPORTIVA DILETTANTISTICA PHOENIX TRANI,Calcio (a 8),Calcio
coni:161192,161192,ASSOCIAZIONE SPORTIVA DILETTANTISTICA PHOENIX TRANI,Futsal (calcio da sala - calcio a 5),Futsal
coni:161192,161192,ASSOCIAZIONE SPORTIVA DILETTANTISTICA PHOENIX TRANI,Calcio (a 7),Calcio
coni:161248,161248,A.S.D. FUTSAL FRIENDS GIOVINAZZO,Calcio (a 11),Calcio
coni:161248,161248,A.S.D. FUTSAL FRIENDS GIOVINAZZO,Calcio (a 8),Calcio
coni:161248,161248,A.S.D. FUTSAL FRIENDS GIOVINAZZO,Futsal (calcio da sala - calcio a 5),Futsal
coni:161248,161248,A.S.D. FUTSAL FRIENDS GIOVINAZZO,Calcio (a 7),Calcio
coni:161302,161302,"""FRANCE ACADEMY""",Calcio (a 11),Calcio
coni:161315,161315,A.S.D. SICULIANA FOOTBALL CLUB,Futsal (calcio da sala - calcio a 5),Futsal
coni:161352,161352,"ASSOCIAZIONE SPORTIVA DILETTANTISTICA ""GARDEN CLUB""",Calcio (a 11),Calcio
coni:16136,16136,AC PERNUMIA 1934,Calcio (a 11),Calcio
coni:16136,16136,AC PERNUMIA 1934,Futsal (calcio da sala - calcio a 5),Futsal
coni:16139,16139,ASSOCIAZIONE SPORTIVA DILETTANTISTICA VIILLAFRANCA VERONESE,Calcio (a 11),Calcio
coni:161467,161467,ASD OLIMPIC CAPPELLA C5,Futsal (calcio da sala - calcio a 5),Futsal
coni:161472,161472,ASD PROTOPISANI SOCCER,Calcio (a 11),Calcio
coni:161584,161584,A.S.D. VILLA SANT'ANGELO,Calcio (a 11),Calcio
coni:161627,161627,TIRO LIBERO SOCIETA' SPORTIVA DILETTANTISTICA S.R.L.,Calcio (a 11),Calcio
coni:16166,16166,A.S.D. VALFOGLIA,Calcio (a 11),Calcio
coni:16168,16168,A.S.D. NUOVA ALTOFOGLIA,Calcio (a 11),Calcio
coni:16173,16173,LMV URBINO CALCIO ASD,Calcio (a 11),Calcio
coni:16173,16173,LMV URBINO CALCIO ASD,Calcio (a 8),Calcio
coni:16181,16181,A.S.D.FOLIGNO CALCIO A 5,Calcio (a 11),Calcio
coni:16181,16181,A.S.D.FOLIGNO CALCIO A 5,Futsal (calcio da sala - calcio a 5),Futsal
coni:161903,161903,ASD VICO CALCIO,Calcio (a 11),Calcio
coni:161905,161905,ASD MONGARDINO FUTSAL CLUB,Futsal (calcio da sala - calcio a 5),Futsal
coni:162007,162007,UNIONE SPORTIVA DILETTANTISTICA PRIZZI,Calcio (a 11),Calcio
coni:162009,162009,ASD PLAY SOCCER GROUND,Calcio (a 11),Calcio
coni:162011,162011,ASD GIRLS RAGUSA,Calcio (a 11),Calcio
coni:162011,162011,ASD GIRLS RAGUSA,Calcio (a 8),Calcio
coni:162011,162011,ASD GIRLS RAGUSA,Futsal (calcio da sala - calcio a 5),Futsal
coni:162011,162011,ASD GIRLS RAGUSA,Calcio (a 7),Calcio
coni:162012,162012,ASD LEONZIO 1909 FUTSAL,Futsal (calcio da sala - calcio a 5),Futsal
coni:16210,16210,USD VIRTUS VERCELLI,Calcio (a 11),Calcio
coni:162114,162114,ASD SOCCER GATTICO-VERUNO,Calcio (a 11),Calcio
coni:162126,162126,U.S.SAN GIUSTINO A.S.D.,Calcio (a 11),Calcio
coni:162127,162127,ASD SPORTING CLUB AURORA 1975,Calcio (a 11),Calcio
coni:162128,162128,POLISPORTIVA SPOIANO,Calcio (a 11),Calcio
coni:162129,162129,G.P. CALASANZIO A.S.D.,Calcio (a 11),Calcio
coni:162130,162130,A.C.D. LA ROMANESE,Calcio (a 11),Calcio
coni:162132,162132,A.S.D. SANTA BRIGIDA,Calcio (a 11),Calcio
coni:162133,162133,REAL PRO CALCIO FORMIA ASSOCIAZIONE SPORTIVA DILETTANTISTICA,Calcio (a 11),Calcio
coni:162134,162134,A.S.D. URSENTINA,Calcio (a 11),Calcio
coni:162135,162135,A.S.D. ATLETICO GRANZE,Calcio (a 11),Calcio
coni:16215,16215,A.S.D. OLIMPYA VILLA PALOMBARA,Calcio (a 11),Calcio
coni:162233,162233,A.S.D. ATLETIK,Calcio (a 11),Calcio
coni:162253,162253,CENTRO SPORTIVO CASTELMAURO CALCIO 1986,Calcio (a 11),Calcio
coni:162286,162286,ASD LEVANTE ACADEMY,Calcio (a 11),Calcio
coni:162286,162286,ASD LEVANTE ACADEMY,Calcio (a 8),Calcio
coni:162286,162286,ASD LEVANTE ACADEMY,Futsal (calcio da sala - calcio a 5),Futsal
coni:162286,162286,ASD LEVANTE ACADEMY,Calcio (a 7),Calcio
coni:162298,162298,UNIONE SPORTIVA DILETTANTISTICA VALENTINO MAZZOLA,Calcio (a 11),Calcio
coni:162307,162307,GRUPPO SPORTIVO DILETTANTISTICO MONTALFANO,Calcio (a 11),Calcio
coni:162349,162349,A.S.D CARDITO CALCIO,Calcio (a 11),Calcio
coni:162349,162349,A.S.D CARDITO CALCIO,Futsal (calcio da sala - calcio a 5),Futsal
coni:162349,162349,A.S.D CARDITO CALCIO,Calcio (a 7),Calcio
coni:162353,162353,ASSOCIAZIONE SPORTIVA DILETTANTISTICA PANNARANO CALCIO,Calcio (a 11),Calcio
coni:162365,162365,POLISPORTIVA ROMITO MAGRA 1922,Calcio (a 11),Calcio
coni:162365,162365,POLISPORTIVA ROMITO MAGRA 1922,Futsal (calcio da sala - calcio a 5),Futsal
coni:162528,162528,A.S.D. VIRTUS AURORA C5,Futsal (calcio da sala - calcio a 5),Futsal
coni:16258,16258,A.C. SAN VITALE 1995,Calcio (a 11),Calcio
coni:16261,16261,A.S.D. NOCETO ASSOCIAZIONE SPORTIVA DILETTA,Calcio (a 11),Calcio
coni:16261,16261,A.S.D. NOCETO ASSOCIAZIONE SPORTIVA DILETTA,Calcio (a 7),Calcio
coni:162711,162711,SOCIETA' SPORTIVA DILETTANTISTICA UNIME A R.L.,Calcio (a 11),Calcio
coni:162711,162711,SOCIETA' SPORTIVA DILETTANTISTICA UNIME A R.L.,Futsal (calcio da sala - calcio a 5),Futsal
coni:162711,162711,SOCIETA' SPORTIVA DILETTANTISTICA UNIME A R.L.,Pallacanestro,Basket
coni:162711,162711,SOCIETA' SPORTIVA DILETTANTISTICA UNIME A R.L.,Pallanuoto,Pallanuoto
coni:162711,162711,SOCIETA' SPORTIVA DILETTANTISTICA UNIME A R.L.,Beach volley,Volley
coni:162711,162711,SOCIETA' SPORTIVA DILETTANTISTICA UNIME A R.L.,Pallavolo,Volley
coni:162711,162711,SOCIETA' SPORTIVA DILETTANTISTICA UNIME A R.L.,Baseball - Softball,Baseball
coni:162711,162711,SOCIETA' SPORTIVA DILETTANTISTICA UNIME A R.L.,Calcio (a 8),Calcio
coni:162711,162711,SOCIETA' SPORTIVA DILETTANTISTICA UNIME A R.L.,Calcio (a 7),Calcio
coni:162711,162711,SOCIETA' SPORTIVA DILETTANTISTICA UNIME A R.L.,Pallacanestro 3 contro 3,Basket
coni:162748,162748,A.C.D. GRUMESE CALCIO,Calcio (a 11),Calcio
coni:162826,162826,A.S.D. REAL PETTORANELLO,Calcio (a 11),Calcio
coni:162855,162855,POLISPORTIVA VIGNOLESE 2020 ASSOCIAZIONE SPORTIVA DILETTANTISITCA DI PROMOZIONE SOCIALE,Calcio (a 11),Calcio
coni:162855,162855,POLISPORTIVA VIGNOLESE 2020 ASSOCIAZIONE SPORTIVA DILETTANTISITCA DI PROMOZIONE SOCIALE,Calcio (a 8),Calcio
coni:162855,162855,POLISPORTIVA VIGNOLESE 2020 ASSOCIAZIONE SPORTIVA DILETTANTISITCA DI PROMOZIONE SOCIALE,Calcio (a 7),Calcio
coni:162855,162855,POLISPORTIVA VIGNOLESE 2020 ASSOCIAZIONE SPORTIVA DILETTANTISITCA DI PROMOZIONE SOCIALE,Pallavolo,Volley
coni:16297,16297,A.S.D. SANTAGATA SPORT,Calcio (a 11),Calcio
coni:16300,16300,ASS.SP.DIL. CSC RONCADELLE CALCIO,Calcio (a 11),Calcio
coni:163088,163088,A.S.D. BASSACUTENA 2020 - ASSOCIAZIONE SPORTIVA DILETTANTISTICA SENZA SCOPO DI LUCRO,Calcio (a 11),Calcio
coni:163128,163128,ASSOCIAZIONE A.S.D.LAVORATE CALCIO,Calcio (a 11),Calcio
coni:163187,163187,ASD SICIGNANO,Calcio (a 11),Calcio
coni:16331,16331,ASD PHOENIX CAVRIAGO,Futsal (calcio da sala - calcio a 5),Futsal
coni:1635,1635,UDINE UNITED RIZZI CORMOR SSD ARL,Calcio (a 11),Calcio
coni:163591,163591,KING SPORT NAPOLI A.S.D.,Calcio (a 11),Calcio
coni:1636,1636,A.S.D. ICF FOSDINOVO,Calcio (a 11),Calcio
coni:163820,163820,ASD FREE SPORT BARLETTA,Calcio (a 11),Calcio
coni:163877,163877,A.S.D. FUTSAL ASCOLI SATRIANO,Futsal (calcio da sala - calcio a 5),Futsal
coni:163888,163888,A.S.D. LIBERTAS RARI NANTES SIRACUSA CALCIO NUOTO E PALLANUOTO,Calcio (a 11),Calcio
coni:163888,163888,A.S.D. LIBERTAS RARI NANTES SIRACUSA CALCIO NUOTO E PALLANUOTO,Futsal (calcio da sala - calcio a 5),Futsal
coni:163888,163888,A.S.D. LIBERTAS RARI NANTES SIRACUSA CALCIO NUOTO E PALLANUOTO,Calcio (a 8),Calcio
coni:163888,163888,A.S.D. LIBERTAS RARI NANTES SIRACUSA CALCIO NUOTO E PALLANUOTO,Calcio (a 7),Calcio
coni:163896,163896,CHIESANUOVA 1975 A.S.D.,Calcio (a 11),Calcio
coni:1639,1639,A.S.D. POLISPORTIVA VAL D'AVETO,Calcio (a 11),Calcio
coni:1641,1641,A.S.D. FERIOLO CALCIO,Calcio (a 11),Calcio
coni:164280,164280,A.S.D. MARIGLIANELLA,Calcio (a 11),Calcio
coni:164280,164280,A.S.D. MARIGLIANELLA,Calcio (a 8),Calcio
coni:164280,164280,A.S.D. MARIGLIANELLA,Calcio (a 7),Calcio
coni:164292,164292,ACSD LA GANG DEL BOSCO,Calcio (a 11),Calcio
coni:16430,16430,A.S.D. ACCADEMIA SPORT,Calcio (a 11),Calcio
coni:16430,16430,A.S.D. ACCADEMIA SPORT,Futsal (calcio da sala - calcio a 5),Futsal
coni:16448,16448,A.S.D. FOOTBALL CLUB MONTENERO,Calcio (a 11),Calcio
coni:164516,164516,"""EMOTIONAL SPORT"" ASD",Futsal (calcio da sala - calcio a 5),Futsal
coni:164516,164516,"""EMOTIONAL SPORT"" ASD",Calcio (a 11),Calcio
coni:164516,164516,"""EMOTIONAL SPORT"" ASD",Calcio (a 8),Calcio
coni:164516,164516,"""EMOTIONAL SPORT"" ASD",Calcio (a 7),Calcio
coni:16475,16475,ASD CALCIO NOVESE,Calcio (a 11),Calcio
coni:164780,164780,ASD TERRASINI,Calcio (a 11),Calcio
coni:164781,164781,A.S.D. FOOTBALL CLUB NOCERINA W,Calcio (a 11),Calcio
coni:164781,164781,A.S.D. FOOTBALL CLUB NOCERINA W,Calcio (a 8),Calcio
coni:164781,164781,A.S.D. FOOTBALL CLUB NOCERINA W,Futsal (calcio da sala - calcio a 5),Futsal
coni:164781,164781,A.S.D. FOOTBALL CLUB NOCERINA W,Calcio (a 7),Calcio
coni:16480,16480,ASS.SPORT.DILETT.OSIMO FIVE,Futsal (calcio da sala - calcio a 5),Futsal
coni:165032,165032,A.P.D. SOCCER SANGIUSEPPESE,Futsal (calcio da sala - calcio a 5),Futsal
coni:16509,16509,ASD LE TORRI CASTELPLANIO,Calcio (a 11),Calcio
coni:16509,16509,ASD LE TORRI CASTELPLANIO,Calcio (a 7),Calcio
coni:165278,165278,ASSOCIAZIONE POLISPORTIVA DILETTANTISTICA NONE,Calcio (a 11),Calcio
coni:165278,165278,ASSOCIAZIONE POLISPORTIVA DILETTANTISTICA NONE,Futsal (calcio da sala - calcio a 5),Futsal
coni:165278,165278,ASSOCIAZIONE POLISPORTIVA DILETTANTISTICA NONE,Calcio (a 7),Calcio
coni:165278,165278,ASSOCIAZIONE POLISPORTIVA DILETTANTISTICA NONE,Pallacanestro,Basket
coni:165278,165278,ASSOCIAZIONE POLISPORTIVA DILETTANTISTICA NONE,Pallavolo,Volley
coni:16530,16530,GRUPPO SPORTIVO ORATORIO BULCIAGO,Calcio (a 11),Calcio
coni:16536,16536,ASSOCIAZIONE SPORTIVA DILETTANTISTICA FOOTBALL CLUB OSIMO 2011,Calcio (a 11),Calcio
coni:165481,165481,ASSOCIAZIONE SPORTIVA DILETTANTISTICA CZ LIDO,Calcio (a 11),Calcio
coni:16551,16551,A.S.D.NUOVA REAL METAURO,Calcio (a 11),Calcio
coni:16565,16565,G.S. FEGINO ASSOCIAZIONE SPORTIVA DILETTANTISTICA,Calcio (a 11),Calcio
coni:16565,16565,G.S. FEGINO ASSOCIAZIONE SPORTIVA DILETTANTISTICA,Calcio (a 7),Calcio
coni:1657,1657,GRAND COMBIN A.S.D. E P.S.,Calcio (a 11),Calcio
coni:16574,16574,ASSOCIAZIONE SPORTIVA DILETTANTISTICA CUCCURANO,Calcio (a 11),Calcio
coni:165767,165767,DRIBBLING ACADEMY S.S.D. A.R.L,Calcio (a 11),Calcio
coni:165767,165767,DRIBBLING ACADEMY S.S.D. A.R.L,Calcio (a 8),Calcio
coni:165767,165767,DRIBBLING ACADEMY S.S.D. A.R.L,Futsal (calcio da sala - calcio a 5),Futsal
coni:165767,165767,DRIBBLING ACADEMY S.S.D. A.R.L,Calcio (a 7),Calcio
coni:165767,165767,DRIBBLING ACADEMY S.S.D. A.R.L,Pallavolo,Volley
coni:1658,1658,SCICLI BRUFFALORI SOCIETA' SPORTIVA DILETTANTISTICA A R.L.,Calcio (a 11),Calcio
coni:1658,1658,SCICLI BRUFFALORI SOCIETA' SPORTIVA DILETTANTISTICA A R.L.,Calcio (a 8),Calcio
coni:1658,1658,SCICLI BRUFFALORI SOCIETA' SPORTIVA DILETTANTISTICA A R.L.,Futsal (calcio da sala - calcio a 5),Futsal
coni:1658,1658,SCICLI BRUFFALORI SOCIETA' SPORTIVA DILETTANTISTICA A R.L.,Calcio (a 7),Calcio
coni:1662,1662,PALAZZI CALCIO A.S.D.,Calcio (a 11),Calcio
coni:166255,166255,A.S.D. FROG'S CLUB SPORT,Futsal (calcio da sala - calcio a 5),Futsal
coni:166286,166286,A.S.D. CENTRO STORICO SASSARI,Calcio (a 11),Calcio
coni:166286,166286,A.S.D. CENTRO STORICO SASSARI,Calcio (a 8),Calcio
coni:166286,166286,A.S.D. CENTRO STORICO SASSARI,Calcio (a 7),Calcio
coni:166287,166287,A.S.D. ARCIDANO CALCIO 2020,Calcio (a 11),Calcio
coni:16640,16640,ASD CASOLANA,Calcio (a 11),Calcio
coni:16650,16650,TEAM OUT - ASSOCIAZIONE SPORTIVA DILETTANTISTICA,Calcio (a 11),Calcio
coni:16650,16650,TEAM OUT - ASSOCIAZIONE SPORTIVA DILETTANTISTICA,Calcio (a 7),Calcio
coni:166536,166536,ASSOCIAZIONE SPORTIVA DILETTANTISTICA FUTSAL KALAT PROJECT,Futsal (calcio da sala - calcio a 5),Futsal
coni:166556,166556,PEDARA A.S.D.,Calcio (a 11),Calcio
coni:166556,166556,PEDARA A.S.D.,Futsal (calcio da sala - calcio a 5),Futsal
coni:166556,166556,PEDARA A.S.D.,Calcio (a 7),Calcio
coni:166556,166556,PEDARA A.S.D.,Rugby a 15,Rugby
coni:166778,166778,FCD GUARDAVALLE SOCCER CLUB 2016,Calcio (a 11),Calcio
coni:166859,166859,A.S.D. CITTA' DI CLUSONE,Calcio (a 11),Calcio
coni:166859,166859,A.S.D. CITTA' DI CLUSONE,Beach volley,Volley
coni:166859,166859,A.S.D. CITTA' DI CLUSONE,Futsal (calcio da sala - calcio a 5),Futsal
coni:16690,16690,A.S.D. REAL CASALE,Calcio (a 11),Calcio
coni:16690,16690,A.S.D. REAL CASALE,Futsal (calcio da sala - calcio a 5),Futsal
coni:16699,16699,FC SPARTA CASTELBOLOGNESE ASSOCIAZIONE SPORTIVA DI,Calcio (a 11),Calcio
coni:16699,16699,FC SPARTA CASTELBOLOGNESE ASSOCIAZIONE SPORTIVA DI,Calcio (a 7),Calcio
coni:167004,167004,ASD CALCIO FEMMINILE SUZZARA - IL MILIONE,Calcio (a 11),Calcio
coni:16705,16705,ASD OSTIGLIA 1908,Calcio (a 11),Calcio
coni:16705,16705,ASD OSTIGLIA 1908,Calcio (a 7),Calcio
coni:167086,167086,A.S.D. ORATORIO SAN GIOVANNI BATTISTA,Futsal (calcio da sala - calcio a 5),Futsal
coni:167086,167086,A.S.D. ORATORIO SAN GIOVANNI BATTISTA,Pallamano,Pallamano
coni:167086,167086,A.S.D. ORATORIO SAN GIOVANNI BATTISTA,Calcio (a 11),Calcio
coni:167086,167086,A.S.D. ORATORIO SAN GIOVANNI BATTISTA,Calcio (a 7),Calcio
coni:167086,167086,A.S.D. ORATORIO SAN GIOVANNI BATTISTA,Pallavolo,Volley
coni:167095,167095,MS8 A.S.D.,Calcio (a 11),Calcio
coni:167095,167095,MS8 A.S.D.,Calcio (a 8),Calcio
coni:167095,167095,MS8 A.S.D.,Calcio (a 7),Calcio
coni:16711,16711,SOCIETA' SPORTIVA DILETTANTISTICA NOVAROMENTIN SRL,Calcio (a 11),Calcio
coni:167226,167226,U.S. MANTIGNANA MONTEMALBE ASD,Calcio (a 11),Calcio
coni:167275,167275,A.C. BOSCHESE SOCIETA' SPORTIVA DILETTANTISTICA A RESPONSABILITA' LIMITATA,Calcio (a 11),Calcio
coni:167299,167299,UNIONE SPORTIVA SAINT-PIERRE ASSOCIAZIONE SPORTIVA DILETTANTISTICA,Futsal (calcio da sala - calcio a 5),Futsal
coni:167416,167416,OLIMPIA POPOLI ASD,Calcio (a 11),Calcio
coni:167453,167453,F.C. DEPORTIVO C.5,Futsal (calcio da sala - calcio a 5),Futsal
coni:167573,167573,U.S.D. DESTRA ADIGE 2021,Calcio (a 11),Calcio
coni:167574,167574,ACADEMY LUSERNA CALCIO,Calcio (a 11),Calcio
coni:135498,135498,"A.S.D. ""POLISPORTIVA BISACCESE 1927""",Calcio (a 11),Calcio
coni:152352,152352,"ASSOCIAZIONE POLISPORTIVA DILETTANTISTICA ""CRISAS ASSORO""",Calcio (a 11),Calcio
coni:153252,153252,CARMINE SPERANZA ASD,Calcio (a 11),Calcio
coni:153333,153333,ASSOCIAZIONE SPORTIVA DILETTANTISTICA ROYAL ACERRANA 2019,Calcio (a 11),Calcio
coni:153333,153333,ASSOCIAZIONE SPORTIVA DILETTANTISTICA ROYAL ACERRANA 2019,Calcio (a 8),Calcio
coni:153333,153333,ASSOCIAZIONE SPORTIVA DILETTANTISTICA ROYAL ACERRANA 2019,Calcio (a 7),Calcio
coni:153428,153428,ASD DURAZZANO CALCIO,Calcio (a 11),Calcio
coni:153448,153448,A.S.D. SORA CALCIO 1907,Calcio (a 11),Calcio
coni:153453,153453,ASSOCIAZIONE SPORTIVA DILETTANTISTICA FRATRES PERIGNANO 2019,Calcio (a 11),Calcio
coni:153459,153459,LUPARENSE FC SOCIETA' SPORTIVA DILETTANTISTICA A RESPONSABILITA' LIMITATA,Calcio (a 11),Calcio
coni:153997,153997,ASSOCIAZIONE SPORTIVA DILETTANTISTICA CALCIO BOJON,Calcio (a 11),Calcio
coni:15406,15406,A.S.D. TEAM TRAVERSETOLO,Calcio (a 11),Calcio
coni:15406,15406,A.S.D. TEAM TRAVERSETOLO,Futsal (calcio da sala - calcio a 5),Futsal
coni:15406,15406,A.S.D. TEAM TRAVERSETOLO,Calcio (a 7),Calcio
coni:15428,15428,CALCIO DUEVILLE A.S.D.,Calcio (a 11),Calcio
coni:15428,15428,CALCIO DUEVILLE A.S.D.,Futsal (calcio da sala - calcio a 5),Futsal
coni:154289,154289,A.S.D. PEPE? TEAM,Calcio (a 11),Calcio
coni:154509,154509,ASD OLIMPIA MONTALBANO,Calcio (a 11),Calcio
coni:156730,156730,ASSOCIAZIONE SPORTIVA DILETTANTISTICA BOTTIDDA CALCIO E SPORT,Calcio (a 11),Calcio
coni:1578,1578,A.C.D. CORMONESE,Calcio (a 11),Calcio
coni:157817,157817,ASD BRUNO COMPAGNO SPORTING CENTER,Futsal (calcio da sala - calcio a 5),Futsal
coni:15799,15799,MONTEPORZIO CALCIO ASSOCIAZIONE SPORTIVADILETTANTISTICA,Calcio (a 11),Calcio
coni:158231,158231,A.S.D. ARGONESE - SAN PAOLO D'ARGON ASSOCIAZIONE SPORTIVA DILETTANTISTICA,Futsal (calcio da sala - calcio a 5),Futsal
coni:158260,158260,ASSOCIAZIONE SPORTIVA DILETTANTISCA VALLE PELIGNA,Calcio (a 11),Calcio
coni:158323,158323,A.S.D. FORULUM ASSOCIAZIONE SPORTIVA DILETTANTISTICA,Calcio (a 11),Calcio
coni:158329,158329,A.S.D. ATLETICO MARINER,Calcio (a 11),Calcio
coni:159902,159902,BORGO MOLINO ASD,Calcio (a 11),Calcio
coni:16022,16022,A.S.D. VECCHIAZZANO,Calcio (a 11),Calcio
coni:16022,16022,A.S.D. VECCHIAZZANO,Futsal (calcio da sala - calcio a 5),Futsal
coni:16022,16022,A.S.D. VECCHIAZZANO,Calcio (a 7),Calcio
coni:160488,160488,A.S.D. CALCIO CUTROFIANO A. MANCO 1987,Calcio (a 11),Calcio
coni:160488,160488,A.S.D. CALCIO CUTROFIANO A. MANCO 1987,Futsal (calcio da sala - calcio a 5),Futsal
coni:160488,160488,A.S.D. CALCIO CUTROFIANO A. MANCO 1987,Calcio (a 7),Calcio
coni:164291,164291,ACCADEMIA REBAUDENGO TORINO,Calcio (a 11),Calcio
coni:164291,164291,ACCADEMIA REBAUDENGO TORINO,Pallacanestro,Basket
coni:16437,16437,POLISPORTIVA MONTERENZIO - VALLE IDICE ASSOCIAZIONE SPORTIVA DILETTANT.,Calcio (a 11),Calcio
coni:16437,16437,POLISPORTIVA MONTERENZIO - VALLE IDICE ASSOCIAZIONE SPORTIVA DILETTANT.,Futsal (calcio da sala - calcio a 5),Futsal
coni:16437,16437,POLISPORTIVA MONTERENZIO - VALLE IDICE ASSOCIAZIONE SPORTIVA DILETTANT.,Calcio (a 7),Calcio
coni:16437,16437,POLISPORTIVA MONTERENZIO - VALLE IDICE ASSOCIAZIONE SPORTIVA DILETTANT.,Pallacanestro,Basket
coni:16437,16437,POLISPORTIVA MONTERENZIO - VALLE IDICE ASSOCIAZIONE SPORTIVA DILETTANT.,Pallavolo,Volley
coni:16437,16437,POLISPORTIVA MONTERENZIO - VALLE IDICE ASSOCIAZIONE SPORTIVA DILETTANT.,Pallacanestro 3 contro 3,Basket
coni:165221,165221,A.S.D. MLA FUTSAL,Futsal (calcio da sala - calcio a 5),Futsal
coni:16580,16580,POLISPORTIVA SANTA MARIA NUOVA - ASSOCIAZIONE SPORTIVA DILETTANTISTICA,Futsal (calcio da sala - calcio a 5),Futsal
coni:165815,165815,ACADEMY PASQUALE FOGGIA SOCIETA' SPORTIVA DILETTANTISTICA A R.L.,Calcio (a 11),Calcio
coni:165815,165815,ACADEMY PASQUALE FOGGIA SOCIETA' SPORTIVA DILETTANTISTICA A R.L.,Calcio (a 7),Calcio
coni:16594,16594,PONTE DI FERRO SOCIETA' DILETTANTISTICA A RESPONSABILTA' LIMITATA,Calcio (a 11),Calcio
coni:16594,16594,PONTE DI FERRO SOCIETA' DILETTANTISTICA A RESPONSABILTA' LIMITATA,Futsal (calcio da sala - calcio a 5),Futsal
coni:16594,16594,PONTE DI FERRO SOCIETA' DILETTANTISTICA A RESPONSABILTA' LIMITATA,Calcio (a 7),Calcio
coni:167501,167501,ESASPORT SOCIETA' SPORTIVA DILETTANTISTICA A R.L.,Calcio (a 11),Calcio
coni:167501,167501,ESASPORT SOCIETA' SPORTIVA DILETTANTISTICA A R.L.,Futsal (calcio da sala - calcio a 5),Futsal
coni:167520,167520,ASSOCIAZIONE SPORTIVA DILETTANTISTICA SETTAURENSE 1934,Calcio (a 11),Calcio
coni:167520,167520,ASSOCIAZIONE SPORTIVA DILETTANTISTICA SETTAURENSE 1934,Futsal (calcio da sala - calcio a 5),Futsal
coni:167548,167548,ASSOCIAZIONE SPORTIVA DILETTANTISTICA ATHLETIC BRIGHELA,Calcio (a 11),Calcio
coni:167575,167575,ASSOCIAZIONE SPORTIVA DILETTANTISTICA CISANO,Calcio (a 11),Calcio
coni:167579,167579,NUOVA SONDRIO CALCIO - SOCIETA' SPORTIVA DILETTANTISTICA A R.L.,Calcio (a 11),Calcio
coni:167579,167579,NUOVA SONDRIO CALCIO - SOCIETA' SPORTIVA DILETTANTISTICA A R.L.,Calcio (a 7),Calcio
coni:167581,167581,GIULIANOVA CALCIO 1924 SOCIET' SPORTIVA DILETTANTISTICA A RESPONSABILITA' LIMITATA,Calcio (a 11),Calcio
coni:167584,167584,A.S.D. SPORTING CHIARI,Calcio (a 11),Calcio
coni:167586,167586,ASD GORIANOSICOLI,Calcio (a 11),Calcio
coni:16759,16759,CSP PONTECCHIO ASSOCIAZIONE SPORTIVA DILETTANTISTICA,Calcio (a 11),Calcio
coni:16759,16759,CSP PONTECCHIO ASSOCIAZIONE SPORTIVA DILETTANTISTICA,Futsal (calcio da sala - calcio a 5),Futsal
coni:16759,16759,CSP PONTECCHIO ASSOCIAZIONE SPORTIVA DILETTANTISTICA,Pallacanestro,Basket
coni:16759,16759,CSP PONTECCHIO ASSOCIAZIONE SPORTIVA DILETTANTISTICA,Calcio (a 7),Calcio
coni:167591,167591,A.S.D. REAL ACADEMY CASORIA,Calcio (a 11),Calcio
coni:167591,167591,A.S.D. REAL ACADEMY CASORIA,Calcio (a 7),Calcio
coni:167591,167591,A.S.D. REAL ACADEMY CASORIA,Calcio (a 8),Calcio
coni:167591,167591,A.S.D. REAL ACADEMY CASORIA,Futsal (calcio da sala - calcio a 5),Futsal
coni:167593,167593,ASD LISCATE CALCIO,Calcio (a 11),Calcio
coni:167593,167593,ASD LISCATE CALCIO,Calcio (a 7),Calcio
coni:167594,167594,ASD NUOVA NAPOLI NORD,Calcio (a 11),Calcio
coni:167595,167595,A.S.D. ROSSUBLU CASTEL S.GIORGIO,Calcio (a 11),Calcio
coni:167596,167596,SSD BIENNO CALCIO SRL,Calcio (a 11),Calcio
coni:167600,167600,A.S.D. SAN BERNARDO,Calcio (a 11),Calcio
coni:167602,167602,OLYMPIQUE LIMBIATE ASD,Calcio (a 11),Calcio
coni:167603,167603,ASD CALCIO CORBETTA,Calcio (a 11),Calcio
coni:167605,167605,C.S. COLNAGO ASSOCIAZIONE SPORTIVA DILETTANTISTICA,Calcio (a 11),Calcio
coni:167605,167605,C.S. COLNAGO ASSOCIAZIONE SPORTIVA DILETTANTISTICA,Pallavolo,Volley
coni:167606,167606,FC PADERNO DUGNANO SOCIETA' SPORT. DILETT. A RL,Calcio (a 11),Calcio
coni:167606,167606,FC PADERNO DUGNANO SOCIETA' SPORT. DILETT. A RL,Calcio (a 7),Calcio
coni:167608,167608,A.S.D. MANTOVA WOMEN,Calcio (a 11),Calcio
coni:167608,167608,A.S.D. MANTOVA WOMEN,Calcio (a 7),Calcio
coni:167609,167609,F.C.D. MERATE - ASSOCIAZIONE SPORTIVA DILETTANTISTICA,Calcio (a 11),Calcio
coni:167610,167610,ASSOCIAZIONE SPORTIVA DILETTANTISTICA MOJAZZA CALCIO,Calcio (a 11),Calcio
coni:167613,167613,PROGETTO SPORT GIOVANI ASSOCIAZIONE SPORTIVA DILETTANTISTICA,Calcio (a 11),Calcio
coni:167616,167616,ASD. ACCADEMY WORLD RICCIONE,Calcio (a 11),Calcio
coni:167620,167620,A.S.D. CASALE CALCIO,Calcio (a 11),Calcio
coni:167624,167624,ASD ILIRIA,Calcio (a 11),Calcio
coni:167628,167628,A.S.D. S.D.SAVIO ASTI,Calcio (a 11),Calcio
coni:167629,167629,VALLE AGNO ACADEMY SOCIETA' SPORTIVA DILETTANTISTICA A RESPONSABILITA' LIMITATA,Calcio (a 11),Calcio
coni:16763,16763,ASD ATLETICO ROCCASCALEGNA,Calcio (a 11),Calcio
coni:16763,16763,ASD ATLETICO ROCCASCALEGNA,Futsal (calcio da sala - calcio a 5),Futsal
coni:167632,167632,A.S.D. VIS MAZARA 2000 CALCIO ACADEMY,Futsal (calcio da sala - calcio a 5),Futsal
coni:167632,167632,A.S.D. VIS MAZARA 2000 CALCIO ACADEMY,Calcio (a 11),Calcio
coni:167635,167635,A.S.D. PEDAVENA CALCIO,Calcio (a 11),Calcio
coni:167635,167635,A.S.D. PEDAVENA CALCIO,Calcio Balilla,Calcio
coni:167635,167635,A.S.D. PEDAVENA CALCIO,Beach volley,Volley
coni:167635,167635,A.S.D. PEDAVENA CALCIO,Pallavolo,Volley
coni:167635,167635,A.S.D. PEDAVENA CALCIO,Calcio (a 8),Calcio
coni:167635,167635,A.S.D. PEDAVENA CALCIO,Beach Soccer,Calcio
coni:167635,167635,A.S.D. PEDAVENA CALCIO,Futsal (calcio da sala - calcio a 5),Futsal
coni:167635,167635,A.S.D. PEDAVENA CALCIO,Calcio (a 7),Calcio
coni:167636,167636,SAVIGLIANESE FBC 1919 S.S.D. S.R.L.,Calcio (a 11),Calcio
coni:16764,16764,SOCIETA' CALCETTO GRIFONI ASSOCIAZIONE SPORTIVA DILETTANTISTICA,Futsal (calcio da sala - calcio a 5),Futsal
coni:167641,167641,ASD UNION RIESE S.P.V.,Calcio (a 11),Calcio
coni:167678,167678,A.S.D. CIAMPINO CITY FUTSAL,Futsal (calcio da sala - calcio a 5),Futsal
coni:167694,167694,ASSOCIAZIONE SPORTIVA DILETTANTISTICA CALCIO FORTOGNA,Calcio (a 11),Calcio
coni:167694,167694,ASSOCIAZIONE SPORTIVA DILETTANTISTICA CALCIO FORTOGNA,Calcio (a 8),Calcio
coni:167694,167694,ASSOCIAZIONE SPORTIVA DILETTANTISTICA CALCIO FORTOGNA,Beach Soccer,Calcio
coni:167694,167694,ASSOCIAZIONE SPORTIVA DILETTANTISTICA CALCIO FORTOGNA,Futsal (calcio da sala - calcio a 5),Futsal
coni:167694,167694,ASSOCIAZIONE SPORTIVA DILETTANTISTICA CALCIO FORTOGNA,Calcio (a 7),Calcio
coni:167705,167705,UNION SCALIGERI ACADEMY ASD,Calcio (a 11),Calcio
coni:1678,1678,ASD ROMAGNANO CALCIO,Calcio (a 11),Calcio
coni:1678,1678,ASD ROMAGNANO CALCIO,Calcio (a 7),Calcio
coni:1678,1678,ASD ROMAGNANO CALCIO,Futsal (calcio da sala - calcio a 5),Futsal
coni:167806,167806,ASSOCIAZIONE SPORTIVA DILETTANTISTICA FUTSAL MAZARA 2020,Futsal (calcio da sala - calcio a 5),Futsal
coni:167807,167807,FOOT-BALL CLUB DILETTANTISTICO COSSATESE,Futsal (calcio da sala - calcio a 5),Futsal
coni:167813,167813,ASDC CANELLI 1922,Calcio (a 11),Calcio
coni:167816,167816,ASSOCIAZIONE CALCIO REAL SAN PIETRO ASSOCIAZIONE SPORTIVA DILETTANTISTICA,Calcio (a 11),Calcio
coni:167820,167820,A.S.D. A. TOMA MAGLIE,Calcio (a 11),Calcio
coni:167825,167825,ATHLETIC CLUB 1969 ASSOCIAZIONE SPORTIVA DILETTANTISTICA,Calcio (a 11),Calcio
coni:167832,167832,A.S.D ANCONA LUMIGNACCO,Calcio (a 11),Calcio
coni:167833,167833,ASD FOLGOR MARLIA 1905,Calcio (a 11),Calcio
coni:167833,167833,ASD FOLGOR MARLIA 1905,Futsal (calcio da sala - calcio a 5),Futsal
coni:167833,167833,ASD FOLGOR MARLIA 1905,Calcio (a 7),Calcio
coni:167835,167835,VIAREGGIO CALCIO M.P.S.C.,Calcio (a 11),Calcio
coni:167835,167835,VIAREGGIO CALCIO M.P.S.C.,Futsal (calcio da sala - calcio a 5),Futsal
coni:167837,167837,ASD SANT'ANIELLO GRAGNANO,Calcio (a 11),Calcio
coni:167837,167837,ASD SANT'ANIELLO GRAGNANO,Calcio (a 8),Calcio
coni:167837,167837,ASD SANT'ANIELLO GRAGNANO,Calcio (a 7),Calcio
coni:16784,16784,A.S.D. VICTORIA,Calcio (a 11),Calcio
coni:167861,167861,A.S.D. ZONA OTTO,Futsal (calcio da sala - calcio a 5),Futsal
coni:167861,167861,A.S.D. ZONA OTTO,Calcio (a 7),Calcio
coni:167861,167861,A.S.D. ZONA OTTO,Pallavolo,Volley
coni:167875,167875,SOCIETA' SPORTIVA DILETTANTISTICA AGEROLA S.R.L.,Calcio (a 11),Calcio
coni:167890,167890,A.S.D. JONIA CALCIO FOOTBALL CLUB,Calcio (a 11),Calcio
coni:167896,167896,A.S.D. PLAVIS 2021,Calcio (a 11),Calcio
coni:167924,167924,ASD POLISPORTIVA OLMENSE,Calcio (a 11),Calcio
coni:167924,167924,ASD POLISPORTIVA OLMENSE,Futsal (calcio da sala - calcio a 5),Futsal
coni:167924,167924,ASD POLISPORTIVA OLMENSE,Calcio (a 7),Calcio
coni:167924,167924,ASD POLISPORTIVA OLMENSE,Pallavolo,Volley
coni:167987,167987,ASSOCIAZIONE SPORTIVA DILETTANTISTICA ACADEMY ANGIZIA LUCO FC,Calcio (a 11),Calcio
coni:168016,168016,ASSOCIAZIONE SPORTIVA DILETTANTISTICA ARETUSA 94,Futsal (calcio da sala - calcio a 5),Futsal
coni:168025,168025,ASD RODANO FOOTBALL CLUB,Calcio (a 11),Calcio
coni:168029,168029,SOCIETA 'POLISPORTIVA ERBUSCO A.S.D.,Calcio (a 11),Calcio
coni:168029,168029,SOCIETA 'POLISPORTIVA ERBUSCO A.S.D.,Pallacanestro,Basket
coni:168029,168029,SOCIETA 'POLISPORTIVA ERBUSCO A.S.D.,Pallavolo,Volley
coni:168029,168029,SOCIETA 'POLISPORTIVA ERBUSCO A.S.D.,Calcio (a 7),Calcio
coni:168033,168033,UR TAVO - ASD,Calcio (a 11),Calcio
coni:168034,168034,A.S.D. CHERUBINE,Calcio (a 11),Calcio
coni:168040,168040,TREGOZZANO ASSOCIAZIONE SPORTIVA DILETTANTISTICA,Calcio (a 11),Calcio
coni:168045,168045,ASSOCIAZIONE SPORTIVA DILETTANTISTICA FUTSAL CLUB SANTHIA',Futsal (calcio da sala - calcio a 5),Futsal
coni:168047,168047,A.S.D. SAN MARTINO CALCIO A 5,Futsal (calcio da sala - calcio a 5),Futsal
coni:168048,168048,ASSOCIAZIONE SPORTIVA DILETTANTISTICA LA PASSIONE DI YARA,Calcio (a 11),Calcio
coni:168049,168049,ASD LG VALBELLUNA 2021,Calcio (a 11),Calcio
coni:168050,168050,ASSOCIAZIONE SPORTIVA DILETTANTISTICA BEVILACQUA,Calcio (a 11),Calcio
coni:168051,168051,S.S.D.ATLETICO MARTINA 2012,Calcio (a 11),Calcio
coni:168051,168051,S.S.D.ATLETICO MARTINA 2012,Calcio (a 8),Calcio
coni:168051,168051,S.S.D.ATLETICO MARTINA 2012,Futsal (calcio da sala - calcio a 5),Futsal
coni:168051,168051,S.S.D.ATLETICO MARTINA 2012,Calcio (a 7),Calcio
coni:168080,168080,A.S.D. SICILIA FA ANIMUS TUUS DOMINUS,Calcio (a 11),Calcio
coni:168103,168103,ACCADEMIA SPORTIMAGNA ASD,Calcio (a 11),Calcio
coni:168103,168103,ACCADEMIA SPORTIMAGNA ASD,Pallavolo,Volley
coni:168114,168114,POLISPORTIVA SAN VITTORE ASSOCIAZIONE SPORTIVA DILETTANTISTICA,Calcio (a 11),Calcio
coni:168114,168114,POLISPORTIVA SAN VITTORE ASSOCIAZIONE SPORTIVA DILETTANTISTICA,Calcio (a 7),Calcio
coni:168132,168132,SPORTING TRECATE ASSOCIAZIONE SPORTIVA DELETTANTISTICA,Calcio (a 11),Calcio
coni:168133,168133,MERIDIEN GRIFONI A.S.D.,Calcio (a 11),Calcio
coni:168135,168135,ASD NAONIS FUTSAL,Futsal (calcio da sala - calcio a 5),Futsal
coni:168136,168136,ASSOCIAZIONE SPORTIVA DILETTANTISTICA CDC 2018,Futsal (calcio da sala - calcio a 5),Futsal
coni:16814,16814,A.C. SAGNINO ASS. SPORTIVA DILETTANTISTICA,Calcio (a 11),Calcio
coni:168141,168141,A.S.D. VILLATAVAZZANO 1957,Calcio (a 11),Calcio
coni:168142,168142,A.S.D. TOMBOLO CALCIO,Calcio (a 11),Calcio
coni:168144,168144,ASD AMARANTO TAU ACADEMY,Calcio (a 11),Calcio
coni:168144,168144,ASD AMARANTO TAU ACADEMY,Calcio (a 8),Calcio
coni:168144,168144,ASD AMARANTO TAU ACADEMY,Beach Soccer,Calcio
coni:168144,168144,ASD AMARANTO TAU ACADEMY,Futsal (calcio da sala - calcio a 5),Futsal
coni:168144,168144,ASD AMARANTO TAU ACADEMY,Calcio (a 7),Calcio
coni:168147,168147,ASD MERELLA,Calcio (a 11),Calcio
coni:168148,168148,ASD REAL SAN FERMO CALCIO,Calcio (a 11),Calcio
coni:168152,168152,ASSOCIAZIONE SPORTIVA DILETTANTISTICA UNION CLUB,Futsal (calcio da sala - calcio a 5),Futsal
coni:168153,168153,A.S.D. CALCIO NIBIONNO,Futsal (calcio da sala - calcio a 5),Futsal
coni:168156,168156,ASSOCIAZIONE CALCIO DILETTANTI MELE 1983,Calcio (a 11),Calcio
coni:168160,168160,ACCADEMIA TRAPANI SOCIETA' SPORTIVA DILETTANTISTICA A R.L.,Calcio (a 11),Calcio
coni:16821,16821,"A.S.D. ""G.S.D. OLMEDO""",Calcio (a 11),Calcio
coni:16821,16821,"A.S.D. ""G.S.D. OLMEDO""",Futsal (calcio da sala - calcio a 5),Futsal
coni:16821,16821,"A.S.D. ""G.S.D. OLMEDO""",Calcio (a 7),Calcio
coni:168249,168249,POLISPORTIVA STELLA AZZURRA ASSOCIAZIONE SPORTIVA DILETTANTISTICA,Calcio (a 11),Calcio
coni:168249,168249,POLISPORTIVA STELLA AZZURRA ASSOCIAZIONE SPORTIVA DILETTANTISTICA,Calcio (a 8),Calcio
coni:168249,168249,POLISPORTIVA STELLA AZZURRA ASSOCIAZIONE SPORTIVA DILETTANTISTICA,Beach Soccer,Calcio
coni:168249,168249,POLISPORTIVA STELLA AZZURRA ASSOCIAZIONE SPORTIVA DILETTANTISTICA,Futsal (calcio da sala - calcio a 5),Futsal
coni:168249,168249,POLISPORTIVA STELLA AZZURRA ASSOCIAZIONE SPORTIVA DILETTANTISTICA,Calcio (a 7),Calcio
coni:168249,168249,POLISPORTIVA STELLA AZZURRA ASSOCIAZIONE SPORTIVA DILETTANTISTICA,Pallacanestro,Basket
coni:168249,168249,POLISPORTIVA STELLA AZZURRA ASSOCIAZIONE SPORTIVA DILETTANTISTICA,Pallavolo,Volley
coni:168265,168265,ASSOCIAZIONE SPORTIVA DILETTANTISTICA OLYMPIA STADIUM,Calcio (a 11),Calcio
coni:168265,168265,ASSOCIAZIONE SPORTIVA DILETTANTISTICA OLYMPIA STADIUM,Futsal (calcio da sala - calcio a 5),Futsal
coni:168289,168289,FOOTBALL SCAFATESE SOCIETA SPORTIVA DILETTANTISTICA A R.L.,Calcio (a 11),Calcio
coni:168330,168330,ASD SOCCER STORNARA,Calcio (a 11),Calcio
coni:168332,168332,A.S.D. BOCA ACADEMY,Calcio (a 11),Calcio
coni:168333,168333,ASD PEDEMONTANA,Calcio (a 11),Calcio
coni:168338,168338,ALBATROS SAVIGLIANO ASD,Calcio (a 11),Calcio
coni:168339,168339,A.S.D. PONT-DONNAS 2021,Calcio (a 11),Calcio
coni:168342,168342,ASSOCIAZIONE SPORTIVA DILETTANTISTICA REAL CERRINA CALCIO,Calcio (a 11),Calcio
coni:168349,168349,ASD SUVERETO CALCIO 2020 ASSOCIAZIONE SPORTIVA DILETTANTISTICA,Calcio (a 11),Calcio
coni:168355,168355,"ASSOCIAZIONE SPORTIVA DILETTANTISTICA ""DIESSE""",Calcio (a 11),Calcio
coni:168355,168355,"ASSOCIAZIONE SPORTIVA DILETTANTISTICA ""DIESSE""",Calcio (a 8),Calcio
coni:168355,168355,"ASSOCIAZIONE SPORTIVA DILETTANTISTICA ""DIESSE""",Futsal (calcio da sala - calcio a 5),Futsal
coni:168355,168355,"ASSOCIAZIONE SPORTIVA DILETTANTISTICA ""DIESSE""",Calcio (a 7),Calcio
coni:168356,168356,A.S.D. MOTORSCAR BRINDISI C5,Futsal (calcio da sala - calcio a 5),Futsal
coni:168360,168360,VOLUNTAS BRESCIA S.R.L. SOCIETA' SPORTIVA DILETTANTISTICA,Calcio (a 11),Calcio
coni:168360,168360,VOLUNTAS BRESCIA S.R.L. SOCIETA' SPORTIVA DILETTANTISTICA,Calcio (a 7),Calcio
coni:168361,168361,A.S.D. ATLETICO CIMINA FALISCA,Calcio (a 11),Calcio
coni:168362,168362,ASD CITTADELLA1945,Calcio (a 11),Calcio
coni:168362,168362,ASD CITTADELLA1945,Calcio (a 7),Calcio
coni:168381,168381,ASD FUSION MULTISPORT,Calcio (a 11),Calcio
coni:168381,168381,ASD FUSION MULTISPORT,Futsal (calcio da sala - calcio a 5),Futsal
coni:168381,168381,ASD FUSION MULTISPORT,Calcio (a 7),Calcio
coni:168424,168424,M.B. FOOTBALL SCINTILLA ASSOCIAZIONE SPORTIVA DILLETTANTISTICA,Futsal (calcio da sala - calcio a 5),Futsal
coni:168424,168424,M.B. FOOTBALL SCINTILLA ASSOCIAZIONE SPORTIVA DILLETTANTISTICA,Calcio (a 11),Calcio
coni:168424,168424,M.B. FOOTBALL SCINTILLA ASSOCIAZIONE SPORTIVA DILLETTANTISTICA,Calcio (a 8),Calcio
coni:168424,168424,M.B. FOOTBALL SCINTILLA ASSOCIAZIONE SPORTIVA DILLETTANTISTICA,Calcio (a 7),Calcio
coni:168445,168445,ASD REAL MAMANTE,Calcio (a 11),Calcio
coni:168496,168496,BAITA SAVIABONA A.S.D.,Futsal (calcio da sala - calcio a 5),Futsal
coni:168514,168514,PATAVINAE HIRUNDINES ASSOCIAZIONE SPORTIVA DILETTANTISTICA,Futsal (calcio da sala - calcio a 5),Futsal
coni:168552,168552,ASSOCIAZIONE SPORTIVA DILETTANTISTICA CASTELLUCCIO DEI SAURI,Calcio (a 11),Calcio
coni:168554,168554,ABSOLUTE MONCALIERI ASSOCIAZIONE SPORTIVA DILETTANTISTICA,Calcio (a 11),Calcio
coni:168555,168555,A.S.D. FOOTBALL LIVORNO,Calcio (a 11),Calcio
coni:168562,168562,A.S.D. GAVIGNANO TORRITA,Calcio (a 11),Calcio
coni:168565,168565,ASSOCIAZIONE SPORTIVA DILETTANTISTICA FUTSAL VIAREGGIO,Futsal (calcio da sala - calcio a 5),Futsal
coni:168566,168566,ATLETICO PORTUALE LIVORNO A.S.D.,Calcio (a 11),Calcio
coni:168567,168567,A.S.D. BLUES PIETRASANTA,Calcio (a 11),Calcio
coni:168572,168572,ABSOLUTE S.G. LA LOGGIA ASSOCIAZIONE SPORTIVA DILETTANTISTICA,Futsal (calcio da sala - calcio a 5),Futsal
coni:168573,168573,A.S.D. UNITED POMEZIA C5,Futsal (calcio da sala - calcio a 5),Futsal
coni:168574,168574,ASD FOLGORE CALCIO C.VETRANO,Calcio (a 11),Calcio
coni:168584,168584,POLISPORTIVA SARDINIA FUTSAL ASSOCIAZIONE SPORTIVA DILETTANTISTICA,Futsal (calcio da sala - calcio a 5),Futsal
coni:1687,1687,AMATEUR SPORT CLUB AUER - ORA FUSSBALL,Calcio (a 11),Calcio
coni:168762,168762,"ASSOCIAZIONE SPORTIVA DILETTANTISTICA ""ASD BRIATICO""",Calcio (a 11),Calcio
coni:168762,168762,"ASSOCIAZIONE SPORTIVA DILETTANTISTICA ""ASD BRIATICO""",Calcio (a 7),Calcio
coni:168762,168762,"ASSOCIAZIONE SPORTIVA DILETTANTISTICA ""ASD BRIATICO""",Calcio (a 8),Calcio
coni:168764,168764,ASD AFRAGOLA 92 PROJECT,Calcio (a 11),Calcio
coni:168765,168765,A.S.D. ACADEMY CASALOTTI,Calcio (a 11),Calcio
coni:168765,168765,A.S.D. ACADEMY CASALOTTI,Calcio (a 8),Calcio
coni:168765,168765,A.S.D. ACADEMY CASALOTTI,Futsal (calcio da sala - calcio a 5),Futsal
coni:168765,168765,A.S.D. ACADEMY CASALOTTI,Calcio (a 7),Calcio
coni:168768,168768,U.S.D. CRISTO-RISORTO-SCICLI,Calcio (a 11),Calcio
coni:168768,168768,U.S.D. CRISTO-RISORTO-SCICLI,Futsal (calcio da sala - calcio a 5),Futsal
coni:168769,168769,ACCADEMIA SSD A R.L.,Calcio (a 11),Calcio
coni:168769,168769,ACCADEMIA SSD A R.L.,Calcio (a 8),Calcio
coni:168769,168769,ACCADEMIA SSD A R.L.,Futsal (calcio da sala - calcio a 5),Futsal
coni:168769,168769,ACCADEMIA SSD A R.L.,Calcio (a 7),Calcio
coni:168770,168770,SCC SIBILLA BACOLI S.S.D. A R.L.,Calcio (a 11),Calcio
coni:168775,168775,VIRTUS LIVORNO A.P.D,Calcio (a 11),Calcio
coni:168777,168777,A.S.D. PHILBORDON,Calcio (a 11),Calcio
coni:168786,168786,ASSOCIAZIONE SPORTIVA DILETTANTISTICA PIRRI,Calcio (a 11),Calcio
coni:168787,168787,ACADEMY TORRES A.S.D.,Calcio (a 11),Calcio
coni:168787,168787,ACADEMY TORRES A.S.D.,Futsal (calcio da sala - calcio a 5),Futsal
coni:168787,168787,ACADEMY TORRES A.S.D.,Calcio (a 7),Calcio
coni:16879,16879,A.S.D. REAL PADULE,Calcio (a 11),Calcio
coni:16885,16885,ALTA BRIANZA S.S.D. A R.L.,Calcio (a 11),Calcio
coni:168855,168855,ASSOCIAZIONE SPORTIVA DILETTANTISTICA VIRTUS CALCIO,Futsal (calcio da sala - calcio a 5),Futsal
coni:168859,168859,A.S.D. ITAR FUTSAL,Futsal (calcio da sala - calcio a 5),Futsal
coni:168902,168902,A.S.D. CAPOSELE CALCIO,Calcio (a 11),Calcio
coni:168902,168902,A.S.D. CAPOSELE CALCIO,Calcio (a 8),Calcio
coni:168902,168902,A.S.D. CAPOSELE CALCIO,Beach Soccer,Calcio
coni:168902,168902,A.S.D. CAPOSELE CALCIO,Futsal (calcio da sala - calcio a 5),Futsal
coni:168902,168902,A.S.D. CAPOSELE CALCIO,Calcio (a 7),Calcio
coni:168963,168963,A.S.D. CALCIO TORTOLI',Calcio (a 11),Calcio
coni:168966,168966,ASD CIVILIS CANDELA,Calcio (a 11),Calcio
coni:168967,168967,A.S.D. LODINE CALCO 1983,Calcio (a 11),Calcio
coni:168969,168969,ASD AMATORI CASACANDITELLA,Calcio (a 11),Calcio
coni:168970,168970,A.S.D. BIANCOROSSI FOSSACESIA,Calcio (a 11),Calcio
coni:168972,168972,ASD TOSSICIA 21,Calcio (a 11),Calcio
coni:168973,168973,UNIONE SPORTIVA DILETTANTISTICA TORRICELLA 2.2,Calcio (a 11),Calcio
coni:168974,168974,A.S.D. REAL TORRESE,Calcio (a 11),Calcio
coni:168975,168975,MONTEMURLO JOLLY CALCIO SOCIETA' SPORTIVA DILETTANTISTICA A RESPONSABILITA' LIMITATA,Calcio (a 11),Calcio
coni:168976,168976,ASSOCIAZIONE SPORTIVA DILETTANTISTICA U.S. TERRANOVA,Calcio (a 11),Calcio
coni:168977,168977,A.S.D. AITNA PEDARA SOCCER 2021,Calcio (a 11),Calcio
coni:168977,168977,A.S.D. AITNA PEDARA SOCCER 2021,Futsal (calcio da sala - calcio a 5),Futsal
coni:168980,168980,A.S.D. AKKADEMY APRILIA,Calcio (a 11),Calcio
coni:169005,169005,ASSOCIAZIONE SPORTIVA DILETTAN TISTICA AUDAX CALCIO LIBERTAS,Calcio (a 11),Calcio
coni:169007,169007,"ASSOCIAZIONE SPORTIVA DILETTANTISTICA ""SPORTING CLUB NIPA""",Calcio (a 11),Calcio
coni:169021,169021,A.S.D. FUTURA BITONTO,Futsal (calcio da sala - calcio a 5),Futsal
coni:169095,169095,A.S.D. FRASSATI C5,Futsal (calcio da sala - calcio a 5),Futsal
coni:169102,169102,A.S.D. ACADEMY BEGATO CALCIO,Calcio (a 11),Calcio
coni:169103,169103,ASSOCIAZIONE SPORTIVA DILETTANTISTICA VILLAMAGNA CALCIO,Calcio (a 11),Calcio
coni:169217,169217,G.S.D. FOOTBALL CLUB MOCONESI,Calcio (a 11),Calcio
coni:169296,169296,ASSOCIAZIONE SPORTIVA DILETTANTISTICA STELLA MARINS,Calcio (a 11),Calcio
coni:169296,169296,ASSOCIAZIONE SPORTIVA DILETTANTISTICA STELLA MARINS,Calcio (a 8),Calcio
coni:169296,169296,ASSOCIAZIONE SPORTIVA DILETTANTISTICA STELLA MARINS,Futsal (calcio da sala - calcio a 5),Futsal
coni:169296,169296,ASSOCIAZIONE SPORTIVA DILETTANTISTICA STELLA MARINS,Calcio (a 7),Calcio
coni:169338,169338,A.S.D. VELINO SPORTING CLUB,Calcio (a 11),Calcio
coni:16934,16934,U.S. CALCIO GORLE ASD,Calcio (a 11),Calcio
coni:169435,169435,AURELIO M. PACILLO ASSOCIAZIONE SPORTIVA DILETTANTISTICA,Calcio (a 11),Calcio
coni:169435,169435,AURELIO M. PACILLO ASSOCIAZIONE SPORTIVA DILETTANTISTICA,Calcio (a 8),Calcio
coni:169435,169435,AURELIO M. PACILLO ASSOCIAZIONE SPORTIVA DILETTANTISTICA,Futsal (calcio da sala - calcio a 5),Futsal
coni:169435,169435,AURELIO M. PACILLO ASSOCIAZIONE SPORTIVA DILETTANTISTICA,Calcio (a 7),Calcio
coni:169521,169521,GIOTTO ACADEMY,Calcio (a 11),Calcio
coni:169521,169521,GIOTTO ACADEMY,Futsal (calcio da sala - calcio a 5),Futsal
coni:169522,169522,A.S.D. 1976 AUDAX ALGHERO,Calcio (a 11),Calcio
coni:169524,169524,ASSOCIAZIONE SPORTIVA DILETTANTISTICA NORA NURAMINIS,Calcio (a 11),Calcio
coni:169528,169528,A.S.D. SAN PIETRO CALCIO,Calcio (a 11),Calcio
coni:169529,169529,ASD FUTSAL CLUB MONTESILVANO,Calcio (a 11),Calcio
coni:169529,169529,ASD FUTSAL CLUB MONTESILVANO,Futsal (calcio da sala - calcio a 5),Futsal
coni:169531,169531,A.S.D. ATLETICO TOMI'S OSCHIRI,Calcio (a 11),Calcio
coni:169536,169536,ASD SAN DONACI FOOTBALL CLUB,Calcio (a 11),Calcio
coni:169538,169538,ASD VIRTUS SAN PANCRAZIO,Calcio (a 11),Calcio
coni:169541,169541,A.S.D. ATLETICO COLOSSEO CASSINO,Calcio (a 11),Calcio
coni:169547,169547,ASD AGRIGENTO FUTSAL,Futsal (calcio da sala - calcio a 5),Futsal
coni:169548,169548,ASSOCIAZIONE SPORTIVA DILETTANTISTICA CASTELL'UMBERTO,Calcio (a 11),Calcio
coni:169549,169549,ASD FUTSAL ALTOFONTE 2021,Futsal (calcio da sala - calcio a 5),Futsal
coni:169551,169551,S.S.D. RIBERA 1954,Calcio (a 11),Calcio
coni:169552,169552,"ASSOCIAZIONE SPORTIVA DILETTANTISTICA ""SPORT PALERMO """,Calcio (a 11),Calcio
coni:169552,169552,"ASSOCIAZIONE SPORTIVA DILETTANTISTICA ""SPORT PALERMO """,Futsal (calcio da sala - calcio a 5),Futsal
coni:169553,169553,A.S.D. SOCCER TIRRENO - CERDA GIUSEPPE MACINA,Calcio (a 11),Calcio
coni:169554,169554,A.S.D. VIDDALBESE,Calcio (a 11),Calcio
coni:169555,169555,A.S.D. ATLETICO PAGLIETA,Calcio (a 11),Calcio
coni:169558,169558,A.S.D. SANITA' UNITED 2019,Calcio (a 11),Calcio
coni:169559,169559,REAL ACADEMYCASAMICCIOLA ASD,Calcio (a 11),Calcio
coni:16962,16962,A.S.D. ATLETICO CAMPOBELLO C5,Futsal (calcio da sala - calcio a 5),Futsal
coni:16962,16962,A.S.D. ATLETICO CAMPOBELLO C5,Calcio (a 11),Calcio
coni:16962,16962,A.S.D. ATLETICO CAMPOBELLO C5,Calcio (a 8),Calcio
coni:16962,16962,A.S.D. ATLETICO CAMPOBELLO C5,Calcio (a 7),Calcio
coni:169670,169670,ASD RIVER JUNIOR,Calcio (a 11),Calcio
coni:169691,169691,CHIASSA CALCIO ASSOCIAZIONE SPORTIVA DILETTANTISTICA,Calcio (a 11),Calcio
coni:169700,169700,ASSOCIAZIONE SPORTIVA DILETTANTISTICA SCALA CALCIO,Calcio (a 11),Calcio
coni:169700,169700,ASSOCIAZIONE SPORTIVA DILETTANTISTICA SCALA CALCIO,Futsal (calcio da sala - calcio a 5),Futsal
coni:169700,169700,ASSOCIAZIONE SPORTIVA DILETTANTISTICA SCALA CALCIO,Calcio (a 7),Calcio
coni:169723,169723,POLISPORTIVA A.S.D. QUARTU CALCIO A 5,Futsal (calcio da sala - calcio a 5),Futsal
coni:169725,169725,APD 90011 BAGHERIA,Calcio (a 11),Calcio
coni:169725,169725,APD 90011 BAGHERIA,Futsal (calcio da sala - calcio a 5),Futsal
coni:169727,169727,ASSOCIAZIONE SPORTIVA DILETTANTISTICA SPORTING CASALE,Calcio (a 11),Calcio
coni:169727,169727,ASSOCIAZIONE SPORTIVA DILETTANTISTICA SPORTING CASALE,Calcio (a 8),Calcio
coni:169727,169727,ASSOCIAZIONE SPORTIVA DILETTANTISTICA SPORTING CASALE,Futsal (calcio da sala - calcio a 5),Futsal
coni:169727,169727,ASSOCIAZIONE SPORTIVA DILETTANTISTICA SPORTING CASALE,Calcio (a 7),Calcio
coni:169728,169728,A.S.D. CITTA' DI TRECASTAGNI,Calcio (a 11),Calcio
coni:169733,169733,ASD BOCA VALLATA,Calcio (a 11),Calcio
coni:169740,169740,A.S.D. GIOVANI ATLETI R. TANCREDI,Calcio (a 11),Calcio
coni:169742,169742,ASD ICIERRE LAMEZIA C/5,Futsal (calcio da sala - calcio a 5),Futsal
coni:16981,16981,A.S.D. ORATORIO MALPENSATA- CAMPAGNOLA,Calcio (a 11),Calcio
coni:169815,169815,ASSOCIAZ. SPORT. DILETTANTISTICA REAL FRANCAVILLA,Calcio (a 11),Calcio
coni:169910,169910,ASD GS CATANZARO CLUB,Calcio (a 11),Calcio
coni:169910,169910,ASD GS CATANZARO CLUB,Futsal (calcio da sala - calcio a 5),Futsal
coni:169914,169914,ASSOCIAZIONE SPORTIVA DILETTANTISTICA POLISPORTIVA ORATORIO TERRALBA,Calcio (a 11),Calcio
coni:169916,169916,ASD ASSOCIAZIONE SPORTIVA AS TORELLA CB,Calcio (a 11),Calcio
coni:169921,169921,A.S.D. TACKLE-TOTO' INGROSSO,Futsal (calcio da sala - calcio a 5),Futsal
coni:169921,169921,A.S.D. TACKLE-TOTO' INGROSSO,Calcio (a 11),Calcio
coni:16994,16994,A.S.D. PRO MENDE CALCIO,Calcio (a 11),Calcio
coni:16994,16994,A.S.D. PRO MENDE CALCIO,Futsal (calcio da sala - calcio a 5),Futsal
coni:16994,16994,A.S.D. PRO MENDE CALCIO,Pallavolo,Volley
coni:16994,16994,A.S.D. PRO MENDE CALCIO,Calcio (a 7),Calcio
coni:16994,16994,A.S.D. PRO MENDE CALCIO,Calcio (a 8),Calcio
coni:169956,169956,"ASSOCIAZIONE SPORTIVA DILETTANTISTICA ""ASD ORSA MAGGIORE BRINDISI""",Calcio (a 11),Calcio
coni:17,17,ASSOCIAZIONE SPORTIVA DILETTANTISTICA-MOSSA,Calcio (a 11),Calcio
coni:170,170,S.S. VOLUNTAS A.S.D.,Calcio (a 11),Calcio
coni:1700,1700,POLISPORTIVA VEROLAVECCHIA ASSOCIAZIONE SPORTIVA DILETTANTISTICA,Calcio (a 11),Calcio
coni:170116,170116,A.S.N. ACADEMY CALTAGIRONE A.S.D.,Calcio (a 11),Calcio
coni:170116,170116,A.S.N. ACADEMY CALTAGIRONE A.S.D.,Calcio (a 8),Calcio
coni:170116,170116,A.S.N. ACADEMY CALTAGIRONE A.S.D.,Futsal (calcio da sala - calcio a 5),Futsal
coni:170139,170139,ASSOCIAZIONE SPORTIVA DILETTANTISTICA CASTLE SOCCER ACADEMY,Calcio (a 11),Calcio
coni:170164,170164,A.S.D. ELITE SPORT ACADEMY,Calcio (a 11),Calcio
coni:170178,170178,A.S.D. GP2 SPORTING OLIVARELLA,Futsal (calcio da sala - calcio a 5),Futsal
coni:170178,170178,A.S.D. GP2 SPORTING OLIVARELLA,Calcio (a 11),Calcio
coni:170178,170178,A.S.D. GP2 SPORTING OLIVARELLA,Pallavolo,Volley
coni:170178,170178,A.S.D. GP2 SPORTING OLIVARELLA,Calcio (a 8),Calcio
coni:170178,170178,A.S.D. GP2 SPORTING OLIVARELLA,Calcio (a 7),Calcio
coni:170178,170178,A.S.D. GP2 SPORTING OLIVARELLA,Pallacanestro,Basket
coni:170219,170219,A.S.D. CALCIO CAMPAGNA,Calcio (a 11),Calcio
coni:170223,170223,ASTRA CARBONIA ASSOCIAZIONE SPORTIVA DILETTANTISTICA,Calcio (a 11),Calcio
coni:170227,170227,ASSOCIAZIONE DI PROMOZIONE SOCIALE SPORTIVA DILETTANTISTICA COMPRENSORIO CORACE,Calcio (a 11),Calcio
coni:170237,170237,A.S.D. VIRTUS SAN PAOLO BEL SITO,Calcio (a 11),Calcio
coni:170240,170240,A.S.D.F.A.M. MEJLOGU,Calcio (a 11),Calcio
coni:170245,170245,ASD MUGNANO DEL CARDINALE,Calcio (a 11),Calcio
coni:170246,170246,LAKERS LESINA A.S.D.,Calcio (a 11),Calcio
coni:17025,17025,SANPAIMOLA SOCIETA' SPORTIVA DILETTANTISTICA A R.L,Calcio (a 11),Calcio
coni:170256,170256,REAL CAMINO A.S.D.,Calcio (a 11),Calcio
coni:170256,170256,REAL CAMINO A.S.D.,Calcio (a 8),Calcio
coni:170256,170256,REAL CAMINO A.S.D.,Futsal (calcio da sala - calcio a 5),Futsal
coni:170256,170256,REAL CAMINO A.S.D.,Calcio (a 7),Calcio
coni:17026,17026,C.ERIKA LAVEZZOLA ASD APS,Calcio (a 11),Calcio
coni:17026,17026,C.ERIKA LAVEZZOLA ASD APS,Futsal (calcio da sala - calcio a 5),Futsal
coni:17026,17026,C.ERIKA LAVEZZOLA ASD APS,Beach volley,Volley
coni:17026,17026,C.ERIKA LAVEZZOLA ASD APS,Pallacanestro,Basket
coni:170331,170331,A.S.D. FF10,Futsal (calcio da sala - calcio a 5),Futsal
coni:17034,17034,ASD CITTA' DI FALCONARA,Futsal (calcio da sala - calcio a 5),Futsal
coni:170471,170471,ASSOCIAZIONE SPOTIVA DILETTANTISTICA ATLETICO MONTI,Calcio (a 11),Calcio
coni:170475,170475,"ASSOCIAZIONE SPORTIVA DILETTANTISTICA "" US ROFRANO """,Calcio (a 11),Calcio
coni:170479,170479,A.S.D. 8 MARZO,Futsal (calcio da sala - calcio a 5),Futsal
coni:170479,170479,A.S.D. 8 MARZO,Calcio (a 11),Calcio
coni:170479,170479,A.S.D. 8 MARZO,Calcio (a 8),Calcio
coni:170479,170479,A.S.D. 8 MARZO,Calcio (a 7),Calcio
coni:170583,170583,ATLETICO BAIANO 2015,Calcio (a 11),Calcio
coni:17060,17060,A.S.D. FUTSAL ANCONA,Futsal (calcio da sala - calcio a 5),Futsal
coni:170639,170639,A.S.D. DEPORTIVO VILLA RASPA,Calcio (a 11),Calcio
coni:170704,170704,ASD ACC.BAGNOLESESANZENESE,Calcio (a 11),Calcio
coni:17074,17074,ASD CIRCEO FC,Calcio (a 11),Calcio
coni:170746,170746,ASD REAL MONTEBUONO,Futsal (calcio da sala - calcio a 5),Futsal
coni:170790,170790,ASSOCIAZIONE SPORTIVA DILETTANTISTICA SOLEMINIS,Calcio (a 11),Calcio
coni:170799,170799,A.S.D. LIBERTAS STABIA NEXT GENERATION,Calcio (a 11),Calcio
coni:17084,17084,ASSOCIAZIONE SPORTIVA DILETTANTISTICA ANTONIANA,Calcio (a 11),Calcio
coni:170915,170915,A.S.D. REAL CAPOSELE CALCIO,Calcio (a 11),Calcio
coni:170916,170916,A.S.D. SAN NICOLA BARONIA,Calcio (a 11),Calcio
coni:17097,17097,ASSOCIAZIONE SPORTIVA DILETTANTISTICA GUARDIAGRELE 2016,Calcio (a 11),Calcio
coni:17097,17097,ASSOCIAZIONE SPORTIVA DILETTANTISTICA GUARDIAGRELE 2016,Futsal (calcio da sala - calcio a 5),Futsal
coni:171091,171091,ASD LATINA SCALO 2020,Calcio (a 11),Calcio
coni:171105,171105,ASSOCIAZIONE SPORTIVA DILETTANTISTICA GIUSEPPE SOGLIA VDO ACADEMY,Calcio (a 11),Calcio
coni:171116,171116,ASD FC MONTEMARANO,Calcio (a 11),Calcio
coni:17112,17112,SOCIETA' SPORTIVA DILETTANTISTICA PERANO CALCIO,Calcio (a 11),Calcio
coni:17112,17112,SOCIETA' SPORTIVA DILETTANTISTICA PERANO CALCIO,Futsal (calcio da sala - calcio a 5),Futsal
coni:17116,17116,S.G.T. SPORT SOCIETA' SPORTIVA DILETTANTISTICA A R.L.,Futsal (calcio da sala - calcio a 5),Futsal
coni:17116,17116,S.G.T. SPORT SOCIETA' SPORTIVA DILETTANTISTICA A R.L.,Pallanuoto,Pallanuoto
coni:171180,171180,ASD ICHNOS 3,Calcio (a 11),Calcio
coni:171608,171608,ASSOCIAZIONE SPORTIVA DILETTANTISTICA SPORTING L.F. 2012,Calcio (a 11),Calcio
coni:171612,171612,A.S.D. YOUTH NAPOLI SOCCER,Calcio (a 11),Calcio
coni:171612,171612,A.S.D. YOUTH NAPOLI SOCCER,Calcio (a 8),Calcio
coni:171612,171612,A.S.D. YOUTH NAPOLI SOCCER,Futsal (calcio da sala - calcio a 5),Futsal
coni:171612,171612,A.S.D. YOUTH NAPOLI SOCCER,Calcio (a 7),Calcio
coni:17168,17168,POLISPORTIVA DILETTANTISTICA BORBIAGO,Calcio (a 11),Calcio
coni:1717,1717,ASSOCIAZIONE SPORTIVA DILETTANTISTICA MERETO CALCIO,Calcio (a 11),Calcio
coni:17170,17170,GRUPPO SPORTIVO SAN CASSIANO,Calcio (a 11),Calcio
coni:17170,17170,GRUPPO SPORTIVO SAN CASSIANO,Futsal (calcio da sala - calcio a 5),Futsal
coni:17170,17170,GRUPPO SPORTIVO SAN CASSIANO,Calcio (a 7),Calcio
coni:17170,17170,GRUPPO SPORTIVO SAN CASSIANO,Pallavolo,Volley
coni:17176,17176,A.P.D. VALLE CERVO ANDORNO,Calcio (a 11),Calcio
coni:17185,17185,ASSOCIAZIONE SPORTIVA DILETTANTISTICA ATLETICO ROCCA MASSIMA,Futsal (calcio da sala - calcio a 5),Futsal
coni:171889,171889,A.S.D. PIMONTE FOOTBALL CLUB,Calcio (a 11),Calcio
coni:17190,17190,ASSOCIAZIONE SPORTIVA CULTURALE DILETTANTISTICA VALLATESE,Calcio (a 11),Calcio
coni:17190,17190,ASSOCIAZIONE SPORTIVA CULTURALE DILETTANTISTICA VALLATESE,Calcio (a 8),Calcio
coni:17190,17190,ASSOCIAZIONE SPORTIVA CULTURALE DILETTANTISTICA VALLATESE,Futsal (calcio da sala - calcio a 5),Futsal
coni:17190,17190,ASSOCIAZIONE SPORTIVA CULTURALE DILETTANTISTICA VALLATESE,Calcio (a 7),Calcio
coni:17190,17190,ASSOCIAZIONE SPORTIVA CULTURALE DILETTANTISTICA VALLATESE,Pallavolo,Volley
coni:171951,171951,ASSOCIAZIONE SPORTIVA DILETTANTISTICA SAN PAOLO,Calcio (a 11),Calcio
coni:171951,171951,ASSOCIAZIONE SPORTIVA DILETTANTISTICA SAN PAOLO,Calcio (a 8),Calcio
coni:171951,171951,ASSOCIAZIONE SPORTIVA DILETTANTISTICA SAN PAOLO,Futsal (calcio da sala - calcio a 5),Futsal
coni:171951,171951,ASSOCIAZIONE SPORTIVA DILETTANTISTICA SAN PAOLO,Calcio (a 7),Calcio
coni:17212,17212,A.S.D. SPORTING SANTHIA' AMICI DI TOTO' 2014,Calcio (a 11),Calcio
coni:172425,172425,CENTRO UNIVERSITARIO SPORTIVO A.S.D. C.U.S. UNITE-,Futsal (calcio da sala - calcio a 5),Futsal
coni:172425,172425,CENTRO UNIVERSITARIO SPORTIVO A.S.D. C.U.S. UNITE-,Pallamano,Pallamano
coni:172425,172425,CENTRO UNIVERSITARIO SPORTIVO A.S.D. C.U.S. UNITE-,Pallacanestro,Basket
coni:172425,172425,CENTRO UNIVERSITARIO SPORTIVO A.S.D. C.U.S. UNITE-,Pallavolo,Volley
coni:1726,1726,A.S.D. SOSPIROLESE,Calcio (a 11),Calcio
coni:172655,172655,SOCCER SCHOOL STARS ASSOCIAZIONE SPORTIVA DILETTANTISTICA,Calcio (a 11),Calcio
coni:172725,172725,A.S.D. GENERAZIONE BLUCELESTE,Calcio (a 11),Calcio
coni:17279,17279,U.S. VIBONESE CALCIO S.R.L.,Calcio (a 11),Calcio
coni:172798,172798,A.S.D MIGLIANISPORT,Futsal (calcio da sala - calcio a 5),Futsal
coni:172798,172798,A.S.D MIGLIANISPORT,Calcio (a 11),Calcio
coni:172798,172798,A.S.D MIGLIANISPORT,Pallavolo,Volley
coni:172820,172820,MA.C.S. ASSOCIAZIONE CULTURALE SPORTIVA RICREATIVA,Futsal (calcio da sala - calcio a 5),Futsal
coni:173002,173002,A.S.D. POLISPORTIVA CAPPUCCINI,Calcio (a 11),Calcio
coni:173002,173002,A.S.D. POLISPORTIVA CAPPUCCINI,Pallavolo,Volley
coni:173051,173051,A.S.D. NOU CAMP CAPACI CALCIO A 5,Futsal (calcio da sala - calcio a 5),Futsal
coni:173096,173096,A.S.D. TREMESTIERI ETNEO,Calcio (a 11),Calcio
coni:17318,17318,UNIONE CALCIO PERGOLESE ASSOCIAZIONE SPORTIVA DILETTANTISTICA,Calcio (a 11),Calcio
coni:173266,173266,ASSOCIAZIONE SPORTIVA DILETTANTISTICA FLAV ATLETICO FUTSAL,Futsal (calcio da sala - calcio a 5),Futsal
coni:173433,173433,ONANO SPORT CALCIO,Calcio (a 11),Calcio
coni:17345,17345,SOCIETA' SPORTIVA DILETTANTISTICA MONTELEPRE A.R.L,Calcio (a 11),Calcio
coni:17345,17345,SOCIETA' SPORTIVA DILETTANTISTICA MONTELEPRE A.R.L,Calcio (a 8),Calcio
coni:17345,17345,SOCIETA' SPORTIVA DILETTANTISTICA MONTELEPRE A.R.L,Futsal (calcio da sala - calcio a 5),Futsal
coni:17345,17345,SOCIETA' SPORTIVA DILETTANTISTICA MONTELEPRE A.R.L,Calcio (a 7),Calcio
coni:17355,17355,GRUPPO SPORTIVO ROGENO ASD,Futsal (calcio da sala - calcio a 5),Futsal
coni:17355,17355,GRUPPO SPORTIVO ROGENO ASD,Calcio (a 7),Calcio
coni:17355,17355,GRUPPO SPORTIVO ROGENO ASD,Calcio (a 11),Calcio
coni:17355,17355,GRUPPO SPORTIVO ROGENO ASD,Pallavolo,Volley
coni:173569,173569,FOOTBALL CLUB MAGICA BOYS,Calcio (a 11),Calcio
coni:173569,173569,FOOTBALL CLUB MAGICA BOYS,Futsal (calcio da sala - calcio a 5),Futsal
coni:173683,173683,ASD RINASCITA MARZANESE,Calcio (a 11),Calcio
coni:173703,173703,SANT'URBANO CALCIO ASS. SPORTIVA DILETTANTISTICA,Calcio (a 11),Calcio
coni:17377,17377,ASD SAN GIORGIO IMBERIDO,Calcio (a 11),Calcio
coni:17377,17377,ASD SAN GIORGIO IMBERIDO,Calcio (a 7),Calcio
coni:17379,17379,ASSOCIAZIONE POLISPORTIVA DILETTANTISTICA WILD BAGNARA,Calcio (a 11),Calcio
coni:17379,17379,ASSOCIAZIONE POLISPORTIVA DILETTANTISTICA WILD BAGNARA,Pallavolo,Volley
coni:173975,173975,ASSOCIAZIONE SPORTIVA DILETTANTISTICA ACCADEMY S. SOFIA LICATA,Calcio (a 11),Calcio
coni:1740,1740,A.S.D. CASININA CALCIO,Calcio (a 11),Calcio
coni:174017,174017,ASSOCIAZIONE SPORTIVA DILETTANTISTICA PADULA TONINO PAOLINI,Calcio (a 11),Calcio
coni:17403,17403,POLISPORTIVA VILLANOVA SOLARO ASSOCIAZIONE SPORTIVA DILETTANTISTICA,Calcio (a 11),Calcio
coni:174227,174227,ASSOCIAZIONE SPORTIVA DILETTAN TISTICA FOOTBALL CLUB SAN GIO,Calcio (a 11),Calcio
coni:174359,174359,ASD ATLETICO CASTELVETERE,Calcio (a 11),Calcio
coni:17446,17446,A.S.D. LECCO CALCIO A5,Futsal (calcio da sala - calcio a 5),Futsal
coni:1745,1745,ASSOCIAZIONE SPORTIVA DILETTANTISTICA COLOMBARO,Calcio (a 11),Calcio
coni:1745,1745,ASSOCIAZIONE SPORTIVA DILETTANTISTICA COLOMBARO,Futsal (calcio da sala - calcio a 5),Futsal
coni:1745,1745,ASSOCIAZIONE SPORTIVA DILETTANTISTICA COLOMBARO,Calcio (a 7),Calcio
coni:1745,1745,ASSOCIAZIONE SPORTIVA DILETTANTISTICA COLOMBARO,Pallavolo,Volley
coni:17451,17451,POLISPORTIVA VILLAMASSARGIA,Calcio (a 11),Calcio
coni:17457,17457,A.S.D. UNION TRE COLLI,Calcio (a 11),Calcio
coni:17458,17458,A.S.D. PALOMBINA VECCHIA,Calcio (a 11),Calcio
coni:17461,17461,SOCIETA' SPORTIVA DILETTANTISTICA CONERO DRIBBLING A R.L.,Calcio (a 11),Calcio
coni:17461,17461,SOCIETA' SPORTIVA DILETTANTISTICA CONERO DRIBBLING A R.L.,Calcio (a 7),Calcio
coni:17463,17463,VIGOR CASTELFIDARDO ASSOCIAZIONE SPORTIVA DILETTANTISTICA,Calcio (a 11),Calcio
coni:17472,17472,U.S.D. OSIMANA,Calcio (a 11),Calcio
coni:174725,174725,VENTIMIGLIA SRL SSD,Calcio (a 11),Calcio
coni:174725,174725,VENTIMIGLIA SRL SSD,Futsal (calcio da sala - calcio a 5),Futsal
coni:174725,174725,VENTIMIGLIA SRL SSD,Calcio (a 7),Calcio
coni:174725,174725,VENTIMIGLIA SRL SSD,Calcio (a 8),Calcio
coni:174788,174788,NEMBRESE 1913 SOCIETA' SPORTIVA DILETTANTISTICA A RESPONSABILITA' LIMITATA,Calcio (a 11),Calcio
coni:174788,174788,NEMBRESE 1913 SOCIETA' SPORTIVA DILETTANTISTICA A RESPONSABILITA' LIMITATA,Calcio (a 7),Calcio
coni:174788,174788,NEMBRESE 1913 SOCIETA' SPORTIVA DILETTANTISTICA A RESPONSABILITA' LIMITATA,Futsal (calcio da sala - calcio a 5),Futsal
coni:17493,17493,ASSOCIAZIONE SPORTIVA DILETTANTISTICA FONAS,Calcio (a 11),Calcio
coni:175083,175083,ASD MONTEFREDANE 2022,Calcio (a 11),Calcio
coni:175083,175083,ASD MONTEFREDANE 2022,Calcio (a 8),Calcio
coni:175083,175083,ASD MONTEFREDANE 2022,Futsal (calcio da sala - calcio a 5),Futsal
coni:175083,175083,ASD MONTEFREDANE 2022,Calcio (a 7),Calcio
coni:175165,175165,ASSOCIAZIONE SPORTIVA DILETTANTISTICA UNION,Calcio (a 11),Calcio
coni:175219,175219,A.S.D. CITTA' DI CINISELLO,Calcio (a 11),Calcio
coni:175225,175225,A.S.D. GSMULTISPORT,Futsal (calcio da sala - calcio a 5),Futsal
coni:175299,175299,A.S.D. MARINO ACADEMY CALCIO A 5,Calcio (a 11),Calcio
coni:175333,175333,ASSOCIAZIONE SPORTIVA DILETTANTISTICA REAL JANO',Calcio (a 11),Calcio
coni:175343,175343,ASSOCIAZIONE SPORTIVA DILETTANTISTICA REAL PACHINO,Calcio (a 11),Calcio
coni:175343,175343,ASSOCIAZIONE SPORTIVA DILETTANTISTICA REAL PACHINO,Futsal (calcio da sala - calcio a 5),Futsal
coni:175384,175384,CENTRO SPORTIVO DIL. SOLANO MARCHESE PIERRE DE COUBERTAIN,Futsal (calcio da sala - calcio a 5),Futsal
coni:17544,17544,A.S.D. MONASTIR 1983,Calcio (a 11),Calcio
coni:17544,17544,A.S.D. MONASTIR 1983,Futsal (calcio da sala - calcio a 5),Futsal
coni:175456,175456,BALCA POGGESE SOCIETA' SPORTIVA DILETTANTIST. A RL,Calcio (a 11),Calcio
coni:175456,175456,BALCA POGGESE SOCIETA' SPORTIVA DILETTANTIST. A RL,Futsal (calcio da sala - calcio a 5),Futsal
coni:175456,175456,BALCA POGGESE SOCIETA' SPORTIVA DILETTANTIST. A RL,Calcio (a 8),Calcio
coni:175456,175456,BALCA POGGESE SOCIETA' SPORTIVA DILETTANTIST. A RL,Beach Soccer,Calcio
coni:175456,175456,BALCA POGGESE SOCIETA' SPORTIVA DILETTANTIST. A RL,Calcio (a 7),Calcio
coni:1757,1757,ESPERIA CALCIO ASSOCIAZIONE SPORTIVA DILETTANTISTICA,Calcio (a 11),Calcio
coni:1757,1757,ESPERIA CALCIO ASSOCIAZIONE SPORTIVA DILETTANTISTICA,Calcio (a 7),Calcio
coni:17570,17570,ASSOCIAZIONE SPORTIVA DILETTANTISTICA SU PLANU CALCIO 1985,Calcio (a 11),Calcio
coni:175710,175710,"ASD ""SOLO PER NUMERI 1""",Calcio (a 11),Calcio
coni:175710,175710,"ASD ""SOLO PER NUMERI 1""",Calcio (a 8),Calcio
coni:175710,175710,"ASD ""SOLO PER NUMERI 1""",Futsal (calcio da sala - calcio a 5),Futsal
coni:175710,175710,"ASD ""SOLO PER NUMERI 1""",Calcio (a 7),Calcio
coni:175719,175719,POLISPORTIVA VALLEDORIA ASD,Calcio (a 11),Calcio
coni:17574,17574,ASSOCIAZIONE SPORTIVA DILETTANTISTICA CALCIO BASE 96 SEVESO,Calcio (a 11),Calcio
coni:175745,175745,A.S.D. SPORTING CLUB,Calcio (a 11),Calcio
coni:175746,175746,ASSOCIAZIONE SPORTIVA DILETTANTICA MICRI CALCIO,Calcio (a 11),Calcio
coni:175854,175854,ASD APS RIO EVENTI,Calcio (a 11),Calcio
coni:175862,175862,ASSOCIAZIONE SPORTIVA DILETTANTISTICA NEW BRAGNO CALCIO,Calcio (a 11),Calcio
coni:175866,175866,ASSOCIAZIONE SPORTIVA DILETTANTIST VALSETTA LAGARO,Calcio (a 11),Calcio
coni:175867,175867,ASSOCIAZIONE SPORTIVA DILETTANTISTICA CALCIO FORLIMPOPOLI 1928,Calcio (a 11),Calcio
coni:175868,175868,ATLETICO COSTA SOCIETA' SPORTIVA DILETTANTISTICA A R.L.,Calcio (a 11),Calcio
coni:175869,175869,ATLETICO VICENTINO S.R.L. SOCIETA' SPORTIVA DILETTANTISTICA,Calcio (a 11),Calcio
coni:175870,175870,ASD CISANO JUVENTINA BARDOLINO,Calcio (a 11),Calcio
coni:175871,175871,ASD LADY MAERNE - VENEZIA,Calcio (a 11),Calcio
coni:175874,175874,"""A.S.D. FUTBOL C.FRATTAMINORESE """,Calcio (a 11),Calcio
coni:175879,175879,ASSOCIAZIONE SPORTIVA DILETTANTISTICA MONGHIDORO,Calcio (a 11),Calcio
coni:175880,175880,ASD SPOLETO,Calcio (a 11),Calcio
coni:175882,175882,A.S.D. REAL MORCIANO,Calcio (a 11),Calcio
coni:175886,175886,A.S.D. BOLLENGO,Calcio (a 11),Calcio
coni:175887,175887,A.S.D. RIVAROLESE 1919,Calcio (a 11),Calcio
coni:175888,175888,ASSOCIAZIONE SPORTIVA DILETTANTISTICA UNIVERSAL ROSETO 1920,Calcio (a 11),Calcio
coni:175894,175894,ASSOCIAZIONE SPORTIVA DILETTANTISTICA PERIGNANO,Calcio (a 11),Calcio
coni:175895,175895,ASD ARI CALCIO,Calcio (a 11),Calcio
coni:175896,175896,VAL DI CEMBRA CALCIO ASSOCIAZIONE SPORTIVA DILETTANTISTICA,Calcio (a 11),Calcio
coni:175897,175897,F.C.D. PAIS SAN GIOAN,Calcio (a 11),Calcio
coni:175899,175899,FOOTBALL AMBIVERE A.S.D.,Calcio (a 11),Calcio
coni:1759,1759,A.S.D. F.C. SPERANZA 1912,Calcio (a 11),Calcio
coni:1759,1759,A.S.D. F.C. SPERANZA 1912,Calcio (a 8),Calcio
coni:1759,1759,A.S.D. F.C. SPERANZA 1912,Futsal (calcio da sala - calcio a 5),Futsal
coni:1759,1759,A.S.D. F.C. SPERANZA 1912,Calcio (a 7),Calcio
coni:175901,175901,UNIONE SPORTIVA DILETTANTISTICA DRO ALTO GARDA CALCIO 1951,Calcio (a 11),Calcio
coni:17608,17608,A.S.D. MADONNA ALTA - FERRO DI CAVALLO,Calcio (a 11),Calcio
coni:17615,17615,ASSOCIAZIONE SPORTIVA DILETTANTISTICA ORNAGO,Calcio (a 11),Calcio
coni:17618,17618,SPORT CLUB ROVELLASCA 1910 VICTO,Calcio (a 11),Calcio
coni:176191,176191,A.S.D. ZANCONTI 2022,Calcio (a 11),Calcio
coni:176191,176191,A.S.D. ZANCONTI 2022,Calcio (a 7),Calcio
coni:176223,176223,ASSOCIAZIONE SPORTIVA DILETTANTISTICA A.S.D. FABRO VALDICHIANA,Calcio (a 11),Calcio
coni:176223,176223,ASSOCIAZIONE SPORTIVA DILETTANTISTICA A.S.D. FABRO VALDICHIANA,Futsal (calcio da sala - calcio a 5),Futsal
coni:176224,176224,ASD DESERTO 1989,Calcio (a 11),Calcio
coni:176225,176225,MAIOLO EVOLUZIONE ASSOCIAZIONE SPORTIVA DILETTANTI,Calcio (a 11),Calcio
coni:176228,176228,ASSOCIAZIONE SPORTIVA DILETTANTISTICA UNITED FIONDA MONTENETTO,Calcio (a 11),Calcio
coni:176229,176229,ASD REAL CARUGATE,Calcio (a 11),Calcio
coni:176230,176230,A.S.D. UNIONE CALCIO,Calcio (a 11),Calcio
coni:176233,176233,A.S.D. OLIMPIA UMBRIA,Calcio (a 11),Calcio
coni:176234,176234,ASD UNION COLLI MORENICI,Calcio (a 11),Calcio
coni:176238,176238,GRUPPO SPORTIVO DILETTANTISTICO REAL PONTECCHIO CALCIO ASD,Calcio (a 11),Calcio
coni:176240,176240,SAN ZENO CALCIO ASSOCIAZIONE SPORTIVA DILETTANTISTICA,Calcio (a 11),Calcio
coni:176241,176241,ASD COSTA VOLPINO,Calcio (a 11),Calcio
coni:176244,176244,A.S.D. FUTSAL CITTA' DI MALO,Futsal (calcio da sala - calcio a 5),Futsal
coni:176246,176246,UNIONE SPORTIVA DILETTANTISTICA GHIVIZZANO A.S.D.,Calcio (a 11),Calcio
coni:176248,176248,VIRTUS BUXENTUM ASD,Calcio (a 11),Calcio
coni:17625,17625,A.S.D. UNIONE SPORTIVA FORTUNA FANO,Calcio (a 11),Calcio
coni:17625,17625,A.S.D. UNIONE SPORTIVA FORTUNA FANO,Futsal (calcio da sala - calcio a 5),Futsal
coni:176251,176251,A.S.D. DI.EFFE FOOTBALL ACADEMY,Calcio (a 11),Calcio
coni:176252,176252,ASD VIGHI 1967,Calcio (a 11),Calcio
coni:176254,176254,ASSOCIAZIONE SPORTIVA DILETTANTISTICA ATLETICO SESTO CALCIO FOOTBALL CLUB,Calcio (a 11),Calcio
coni:176255,176255,Associazione Sportiva Dilettantistica Casciana Poggio,Calcio (a 11),Calcio
coni:17628,17628,ASD REAL MEDA C.F.,Calcio (a 11),Calcio
coni:17634,17634,POLISPORTIVA FULGOR THIENE ASSOCIAZIONE SPORTIVA DILETTAN,Calcio (a 11),Calcio
coni:17634,17634,POLISPORTIVA FULGOR THIENE ASSOCIAZIONE SPORTIVA DILETTAN,Pallacanestro,Basket
coni:17634,17634,POLISPORTIVA FULGOR THIENE ASSOCIAZIONE SPORTIVA DILETTAN,Pallavolo,Volley
coni:176358,176358,ASSOCIAZIONE SPORTIVA DILETTANTISTICA GRIFO TEZIO F.C.,Calcio (a 11),Calcio
coni:176371,176371,A.S.D. POL. QUADRARO SPORT ROMA,Calcio (a 11),Calcio
coni:176371,176371,A.S.D. POL. QUADRARO SPORT ROMA,Calcio (a 8),Calcio
coni:176371,176371,A.S.D. POL. QUADRARO SPORT ROMA,Futsal (calcio da sala - calcio a 5),Futsal
coni:176371,176371,A.S.D. POL. QUADRARO SPORT ROMA,Calcio (a 7),Calcio
coni:176379,176379,ASD GRUPPO SPORTIVO HERAJON,Calcio (a 11),Calcio
coni:176406,176406,A.S.D. SPORT EVENTS VALLE D'ITRIA,Calcio (a 11),Calcio
coni:176406,176406,A.S.D. SPORT EVENTS VALLE D'ITRIA,Calcio (a 8),Calcio
coni:176406,176406,A.S.D. SPORT EVENTS VALLE D'ITRIA,Futsal (calcio da sala - calcio a 5),Futsal
coni:176406,176406,A.S.D. SPORT EVENTS VALLE D'ITRIA,Calcio (a 7),Calcio
coni:17642,17642,U.S. TEMPIO S.S.D.R.L.,Calcio (a 11),Calcio
coni:176425,176425,A.S.D. ACCADEMY CERTOSA,Calcio (a 11),Calcio
coni:176429,176429,A.S.D. J. RAMAZZANO-COLOMBELLA,Calcio (a 11),Calcio
coni:176429,176429,A.S.D. J. RAMAZZANO-COLOMBELLA,Calcio (a 8),Calcio
coni:176429,176429,A.S.D. J. RAMAZZANO-COLOMBELLA,Futsal (calcio da sala - calcio a 5),Futsal
coni:176431,176431,ASSOCIAZIONE SPORTIVA DILETTANTISTICA CONSOLINI CALCIO,Calcio (a 11),Calcio
coni:176432,176432,ASSOCIAZIONE SPORTIVA DILETTANTISTICA BONIFATO ALCAMO FUTSAL,Futsal (calcio da sala - calcio a 5),Futsal
coni:176432,176432,ASSOCIAZIONE SPORTIVA DILETTANTISTICA BONIFATO ALCAMO FUTSAL,Calcio (a 11),Calcio
coni:176438,176438,SSD NEPEZZANO CALCIO,Calcio (a 11),Calcio
coni:176438,176438,SSD NEPEZZANO CALCIO,Futsal (calcio da sala - calcio a 5),Futsal
coni:176438,176438,SSD NEPEZZANO CALCIO,Calcio (a 7),Calcio
coni:176440,176440,A.S.D. BOVILLE ERNICA CALCIO,Calcio (a 11),Calcio
coni:176440,176440,A.S.D. BOVILLE ERNICA CALCIO,Futsal (calcio da sala - calcio a 5),Futsal
coni:176441,176441,A.S.D. ATHLETIC SOLIGNANO,Calcio (a 11),Calcio
coni:176442,176442,REAL PORTO SENIGALLIA A.S.D.,Calcio (a 11),Calcio
coni:176445,176445,"ASD ""SV FOOTBALL ACADEMY""",Calcio (a 11),Calcio
coni:176446,176446,A.S.D. SALAVETITIA SERAVEZZA F.C.,Calcio (a 11),Calcio
coni:176470,176470,REAL CARBONARA,Calcio (a 11),Calcio
coni:176478,176478,CAGLIARI BEACH SOCCER SOCIETA' SPORTIVA DILETTANTISTICA A RESPONS ABILITA' LIMITATA,Calcio (a 11),Calcio
coni:17650,17650,A.S.D. VADO C5,Futsal (calcio da sala - calcio a 5),Futsal
coni:176501,176501,PLAY LEAGUE SOCIETA' SPORTIVA DILETTANTISTICA A RESPONSABILITA' LIMITATA,Futsal (calcio da sala - calcio a 5),Futsal
coni:176501,176501,PLAY LEAGUE SOCIETA' SPORTIVA DILETTANTISTICA A RESPONSABILITA' LIMITATA,Calcio (a 7),Calcio
coni:176501,176501,PLAY LEAGUE SOCIETA' SPORTIVA DILETTANTISTICA A RESPONSABILITA' LIMITATA,Calcio (a 11),Calcio
coni:176501,176501,PLAY LEAGUE SOCIETA' SPORTIVA DILETTANTISTICA A RESPONSABILITA' LIMITATA,Calcio (a 8),Calcio
coni:176501,176501,PLAY LEAGUE SOCIETA' SPORTIVA DILETTANTISTICA A RESPONSABILITA' LIMITATA,Beach Soccer,Calcio
coni:176568,176568,ASSOCIAZIONE SPORTIVA DILETTANTISTICA CARMEN VISION LONGARE C5,Futsal (calcio da sala - calcio a 5),Futsal
coni:17662,17662,"ASSOCIAZIONE SPORTIVA DILETTANTISTICA F.C.D. ""BELICE SPORT""",Calcio (a 11),Calcio
coni:176626,176626,NEXTGEN SPORTS SOCIETA' SPORTIVA DILETTANTISTICA A RESPONSABILITA' LIMITATA,Calcio (a 11),Calcio
coni:176643,176643,ASD UNION TORRI,Calcio (a 11),Calcio
coni:176656,176656,ASD CA'30 CALCIO,Calcio (a 11),Calcio
coni:176688,176688,A.S.D. PASSION SPORT,Calcio (a 11),Calcio
coni:176688,176688,A.S.D. PASSION SPORT,Futsal (calcio da sala - calcio a 5),Futsal
coni:176688,176688,A.S.D. PASSION SPORT,Calcio (a 7),Calcio
coni:176688,176688,A.S.D. PASSION SPORT,Beach Soccer,Calcio
coni:176688,176688,A.S.D. PASSION SPORT,Calcio (a 8),Calcio
coni:176727,176727,CAVALPONICA AURORA 2022 ASD,Calcio (a 11),Calcio
coni:176744,176744,ASSOCIAZIONE SPORTIVA DILETTANTISTICA F.C. VALLALTA,Calcio (a 11),Calcio
coni:1769,1769,ASS. SPORTIVA DILETTANTISTICA DIANA,Calcio (a 11),Calcio
coni:176932,176932,F.C. TAVOLA 1924 S.S.D.R.L.,Calcio (a 11),Calcio
coni:176957,176957,ASD POLISPORTIVA BOCA SEM,Futsal (calcio da sala - calcio a 5),Futsal
coni:176957,176957,ASD POLISPORTIVA BOCA SEM,Calcio (a 7),Calcio
coni:176997,176997,A.S.D. ACADEMY BARI,Calcio (a 11),Calcio
coni:176997,176997,A.S.D. ACADEMY BARI,Calcio (a 8),Calcio
coni:176997,176997,A.S.D. ACADEMY BARI,Futsal (calcio da sala - calcio a 5),Futsal
coni:176997,176997,A.S.D. ACADEMY BARI,Calcio (a 7),Calcio
coni:177031,177031,ASSOCIAZIONE SPORTIVA DILETTANTISTICA ALTA VELOCITA' DESENZANO,Calcio (a 11),Calcio
coni:177041,177041,ASD CITTA DI RAVANUSA,Calcio (a 11),Calcio
coni:17708,17708,ASD ATLETICO MANDURIA,Calcio (a 11),Calcio
coni:17708,17708,ASD ATLETICO MANDURIA,Futsal (calcio da sala - calcio a 5),Futsal
coni:17708,17708,ASD ATLETICO MANDURIA,Rugby a 15,Rugby
coni:17708,17708,ASD ATLETICO MANDURIA,Beach volley,Volley
coni:17708,17708,ASD ATLETICO MANDURIA,Pallacanestro,Basket
coni:17708,17708,ASD ATLETICO MANDURIA,Pallavolo,Volley
coni:177164,177164,A.S.D ACADEMY FOOTBALL CLUB,Calcio (a 11),Calcio
coni:177177,177177,ASD SPORT GIOVANILE MOLFETTA,Calcio (a 11),Calcio
coni:177177,177177,ASD SPORT GIOVANILE MOLFETTA,Calcio (a 8),Calcio
coni:177177,177177,ASD SPORT GIOVANILE MOLFETTA,Futsal (calcio da sala - calcio a 5),Futsal
coni:177177,177177,ASD SPORT GIOVANILE MOLFETTA,Calcio (a 7),Calcio
coni:177203,177203,SOCIETA SPORTIVA DILETTANTISTICA A.R.L. ACADEMY MONTECCHIO,Calcio (a 11),Calcio
coni:177296,177296,APS ASD POLISPORTIVA POSTIGLIONE,Calcio (a 11),Calcio
coni:17735,17735,POLISPORTIVA OLYMPIA ASS.SPORTIVA DILETTANTISTICA,Calcio (a 11),Calcio
coni:17736,17736,A.S.D. FOOTBALL CASTELLAMMARE,Calcio (a 11),Calcio
coni:177367,177367,ASD SEDDORI,Calcio (a 11),Calcio
coni:17737,17737,A.S.D. VIS MEDITERRANEA SOCCER,Calcio (a 11),Calcio
coni:177391,177391,ASD OLMERI CLUB ACADEMY,Calcio (a 11),Calcio
coni:177391,177391,ASD OLMERI CLUB ACADEMY,Calcio (a 8),Calcio
coni:177391,177391,ASD OLMERI CLUB ACADEMY,Futsal (calcio da sala - calcio a 5),Futsal
coni:177391,177391,ASD OLMERI CLUB ACADEMY,Calcio (a 7),Calcio
coni:1774,1774,A.S.D. SPORTING FIORENZUOLA,Calcio (a 11),Calcio
coni:177423,177423,ASSOCIAZIONE SPORTIVA DILETTANTISTICA SECONDIGLIANO,Futsal (calcio da sala - calcio a 5),Futsal
coni:177423,177423,ASSOCIAZIONE SPORTIVA DILETTANTISTICA SECONDIGLIANO,Calcio (a 7),Calcio
coni:17744,17744,A.S.D. CALCIO A CINQUE FORLI,Futsal (calcio da sala - calcio a 5),Futsal
coni:177442,177442,ASSOCIAZIONE SPORTIVA DILETTANTISTICA CALCIO 5 CASENTINO,Futsal (calcio da sala - calcio a 5),Futsal
coni:177511,177511,A.S.D. AGROCALENO FOOTBALL CLUB,Calcio (a 11),Calcio
coni:177527,177527,A.S.D. FUTSAL LISCIANO,Futsal (calcio da sala - calcio a 5),Futsal
coni:177657,177657,LA FORNACE ASD,Calcio (a 11),Calcio
coni:177706,177706,A.S.D. CASTANEA CALCIO,Calcio (a 11),Calcio
coni:177767,177767,MOSTRI DELLA PALUDE ASD,Futsal (calcio da sala - calcio a 5),Futsal
coni:177816,177816,ASSOCIAZIONE SPORTIVA DILETTANTISTICA PARATINA ACADEMY,Calcio (a 11),Calcio
coni:177841,177841,FOXES ACADEMY ASSOCIAZIONE SPORTIVA DILETTANTISTICA,Calcio (a 11),Calcio
coni:177867,177867,ASSOCIAZIONE SPORTIVA DILETTANTISTICA LA FENICE LUSIA,Calcio (a 11),Calcio
coni:177867,177867,ASSOCIAZIONE SPORTIVA DILETTANTISTICA LA FENICE LUSIA,Futsal (calcio da sala - calcio a 5),Futsal
coni:177889,177889,ASSOCIAZIONE SPORTIVA DILETTANTISTICA RAFFADALI 22,Calcio (a 11),Calcio
coni:177889,177889,ASSOCIAZIONE SPORTIVA DILETTANTISTICA RAFFADALI 22,Calcio (a 8),Calcio
coni:177889,177889,ASSOCIAZIONE SPORTIVA DILETTANTISTICA RAFFADALI 22,Futsal (calcio da sala - calcio a 5),Futsal
coni:177889,177889,ASSOCIAZIONE SPORTIVA DILETTANTISTICA RAFFADALI 22,Calcio (a 7),Calcio
coni:177894,177894,ASSOCIAZIONE SPORTIVA DILETTANTISTICA MULINU BECCIU,Calcio (a 11),Calcio
coni:178054,178054,ASSOCIAZIONE SPORTIVA DILETTANTISTICA BULLS BOLOGNA,Calcio (a 11),Calcio
coni:178120,178120,A.S.D. VALLE DI SUSA S.C.,Calcio (a 11),Calcio
coni:178148,178148,ASD NUOVA SAN FRANCESCO,Calcio (a 11),Calcio
coni:178148,178148,ASD NUOVA SAN FRANCESCO,Calcio (a 8),Calcio
coni:178148,178148,ASD NUOVA SAN FRANCESCO,Futsal (calcio da sala - calcio a 5),Futsal
coni:178148,178148,ASD NUOVA SAN FRANCESCO,Calcio (a 7),Calcio
coni:178193,178193,ASD CMP SANT'AGATA CALCIO,Calcio (a 11),Calcio
coni:178210,178210,ASSOCIAZIONE SPORTIVA DILETTANTISTICA BELMONTE & SCUNGIO VIETRI CALCIO,Calcio (a 11),Calcio
coni:17826,17826,A.S.D. SANTANGIOLESE,Calcio (a 11),Calcio
coni:178305,178305,ASSOCIAZIONE SPORTIVA DILETTANTISTICA CASELLE,Calcio (a 11),Calcio
coni:178305,178305,ASSOCIAZIONE SPORTIVA DILETTANTISTICA CASELLE,Futsal (calcio da sala - calcio a 5),Futsal
coni:178305,178305,ASSOCIAZIONE SPORTIVA DILETTANTISTICA CASELLE,Calcio (a 7),Calcio
coni:178305,178305,ASSOCIAZIONE SPORTIVA DILETTANTISTICA CASELLE,Pallacanestro,Basket
coni:178305,178305,ASSOCIAZIONE SPORTIVA DILETTANTISTICA CASELLE,Pallavolo,Volley
coni:178306,178306,ASD REAL SOVERIA SIMERI,Calcio (a 11),Calcio
coni:178306,178306,ASD REAL SOVERIA SIMERI,Futsal (calcio da sala - calcio a 5),Futsal
coni:178306,178306,ASD REAL SOVERIA SIMERI,Calcio (a 7),Calcio
coni:178307,178307,ASD FUTSAL LENTINI,Futsal (calcio da sala - calcio a 5),Futsal
coni:17831,17831,ASD ORATORIO VERDELLO,Calcio (a 11),Calcio
coni:17831,17831,ASD ORATORIO VERDELLO,Calcio (a 7),Calcio
coni:178392,178392,ASSOCIAZIONE SPORTIVA DILETTANTISTICA ALBANELLA 2015,Futsal (calcio da sala - calcio a 5),Futsal
coni:178392,178392,ASSOCIAZIONE SPORTIVA DILETTANTISTICA ALBANELLA 2015,Calcio (a 11),Calcio
coni:178392,178392,ASSOCIAZIONE SPORTIVA DILETTANTISTICA ALBANELLA 2015,Calcio (a 8),Calcio
coni:178392,178392,ASSOCIAZIONE SPORTIVA DILETTANTISTICA ALBANELLA 2015,Calcio (a 7),Calcio
coni:178445,178445,"ASD ""POLISPORTIVA LIGNY TRAPANI 2022""",Calcio (a 11),Calcio
coni:178565,178565,ASD ACADEMY SANCATALDESE,Calcio (a 11),Calcio
coni:178597,178597,A.S.D. 2022 MAIERATO,Calcio (a 11),Calcio
coni:178649,178649,ASD VESEVUS ACADEMY,Calcio (a 11),Calcio
coni:178649,178649,ASD VESEVUS ACADEMY,Calcio (a 7),Calcio
coni:178649,178649,ASD VESEVUS ACADEMY,Calcio (a 8),Calcio
coni:178649,178649,ASD VESEVUS ACADEMY,Futsal (calcio da sala - calcio a 5),Futsal
coni:1788,1788,A.S.D. SANVITESE,Calcio (a 11),Calcio
coni:178800,178800,ASSOCIAZIONE SPORTIVA DILETTANTISTICA FOOTBALL CLUB TIGROTTI GIUGLIANO,Calcio (a 11),Calcio
coni:178977,178977,ASSOCIAZIONE SPORTIVA DILETTANTISTICA CITTA' DI TROINA,Calcio (a 11),Calcio
coni:178977,178977,ASSOCIAZIONE SPORTIVA DILETTANTISTICA CITTA' DI TROINA,Futsal (calcio da sala - calcio a 5),Futsal
coni:17898,17898,A.S.D.SPERONE,Calcio (a 11),Calcio
coni:178989,178989,ASSOCIAZIONE SPORTIVA DILETTANTISTICA ACADEMY ANCONA,Calcio (a 11),Calcio
coni:179002,179002,GRUPPO SPORTIVO VILLA S.S.D.R.L.,Calcio (a 11),Calcio
coni:179006,179006,ACADEMY FIORENTE ASD,Calcio (a 11),Calcio
coni:179009,179009,A.S.D. VIRTUS RODENGO SAIANO,Calcio (a 11),Calcio
coni:179010,179010,ASD MONTELPARO,Calcio (a 11),Calcio
coni:179011,179011,ASSOCIAZIONE SPORTIVA SAMBENEDETTESE CALCIO A 5 - SOCIETA' SPORTIVA DILETTANTISTICA A RESPONSABILITA' LIMITATA,Futsal (calcio da sala - calcio a 5),Futsal
coni:179013,179013,ASD MONTE ROBERTO CALCIO,Calcio (a 11),Calcio
coni:179022,179022,ASD FIUGGI GO SPORT,Futsal (calcio da sala - calcio a 5),Futsal
coni:179022,179022,ASD FIUGGI GO SPORT,Calcio (a 11),Calcio
coni:179115,179115,ASSOCIAZIONE SPORTIVA DILETTANTISTICA ASD VAL D'ILLASI CA5,Futsal (calcio da sala - calcio a 5),Futsal
coni:179157,179157,POLISPORTIVA SPORTING CASORIA ASD,Futsal (calcio da sala - calcio a 5),Futsal
coni:179157,179157,POLISPORTIVA SPORTING CASORIA ASD,Calcio (a 11),Calcio
coni:179157,179157,POLISPORTIVA SPORTING CASORIA ASD,Pallanuoto,Pallanuoto
coni:179157,179157,POLISPORTIVA SPORTING CASORIA ASD,Rugby a 7,Rugby
coni:179157,179157,POLISPORTIVA SPORTING CASORIA ASD,Rugby a 15,Rugby
coni:179157,179157,POLISPORTIVA SPORTING CASORIA ASD,Calcio (a 8),Calcio
coni:179157,179157,POLISPORTIVA SPORTING CASORIA ASD,Calcio (a 7),Calcio
coni:179157,179157,POLISPORTIVA SPORTING CASORIA ASD,Pallacanestro,Basket
coni:179157,179157,POLISPORTIVA SPORTING CASORIA ASD,Pallavolo,Volley
coni:179166,179166,A.S.D. UNIONE SPORTIVA BURCEI,Calcio (a 11),Calcio
coni:179180,179180,ASS. SPORTIVA ASD DECIMOPUTZU CALCIO A5,Futsal (calcio da sala - calcio a 5),Futsal
coni:179218,179218,TERRE DI CASTELNUOVO U23 ASSOCIAZIONE SPORTIVA DILETTANTISTICA,Calcio (a 11),Calcio
coni:179219,179219,ASD SAVENA CALCIO,Calcio (a 11),Calcio
coni:179223,179223,ASD VATRA,Calcio (a 11),Calcio
coni:179225,179225,ARGENTINA TAGGIA LEVA' SOCIETA' SPORTIVA DILETTANTISTICA A RESPONSABILITA' LIMITATA,Calcio (a 11),Calcio
coni:179225,179225,ARGENTINA TAGGIA LEVA' SOCIETA' SPORTIVA DILETTANTISTICA A RESPONSABILITA' LIMITATA,Futsal (calcio da sala - calcio a 5),Futsal
coni:179225,179225,ARGENTINA TAGGIA LEVA' SOCIETA' SPORTIVA DILETTANTISTICA A RESPONSABILITA' LIMITATA,Calcio (a 7),Calcio
coni:179227,179227,F.C.D. STURLA ASSOCIAZIONE SPORTIVA DILETTANTISTICA,Calcio (a 11),Calcio
coni:179229,179229,A.S.D. POLISPORTIVA LEIVESE,Calcio (a 11),Calcio
coni:179232,179232,ENERGY ROVERETO ASSOCIAZIONE POLISPORTIVA DILETTANTISTICA,Futsal (calcio da sala - calcio a 5),Futsal
coni:179233,179233,ASSOCIAZIONE SPORTIVA DILETTANTISTICA AGILLA CALCIO,Calcio (a 11),Calcio
coni:179233,179233,ASSOCIAZIONE SPORTIVA DILETTANTISTICA AGILLA CALCIO,Futsal (calcio da sala - calcio a 5),Futsal
coni:179235,179235,A.S.D. M8 JUNIOR SPOLETO,Calcio (a 11),Calcio
coni:179238,179238,A.S.D. ACCADEMY SPORT FOLIGNO,Futsal (calcio da sala - calcio a 5),Futsal
coni:179240,179240,ASSOCIAZIONE SPORTIVA DILETTANTISTICA SAN BASILIO,Calcio (a 11),Calcio
coni:15401,15401,ARES UNIONE SPORTIVA DILETTANTISTICA REDONA,Calcio (a 11),Calcio
coni:15401,15401,ARES UNIONE SPORTIVA DILETTANTISTICA REDONA,Pallacanestro,Basket
coni:15401,15401,ARES UNIONE SPORTIVA DILETTANTISTICA REDONA,Pallavolo,Volley
coni:160201,160201,JUNIOR RUMAGNA F.C.,Calcio (a 11),Calcio
coni:167809,167809,ASD ACCADEMIA CALCIO SABINA S.L.,Calcio (a 11),Calcio
coni:167812,167812,A.S.D. ACADEMY L'AQUILA CALCIO,Futsal (calcio da sala - calcio a 5),Futsal
coni:168138,168138,A.S.D. MARTELLAGO C5,Futsal (calcio da sala - calcio a 5),Futsal
coni:168146,168146,ASSOCIAZIONE SPORTIVA DILETTANTISTICA ACADEMY PRO VERCELLI,Calcio (a 11),Calcio
coni:168569,168569,REAL SANTO STEFANO CALCIO A.S.D. ASSOCIAZIONE SPORTIVA DILETTANTISTICA,Calcio (a 11),Calcio
coni:168570,168570,A.S.D. AUDACE BARLETTA 1958,Calcio (a 11),Calcio
coni:168767,168767,ASD CITTA' DI PACE DEL MELA,Futsal (calcio da sala - calcio a 5),Futsal
coni:170228,170228,ASD FILANDARI CALCIO,Calcio (a 11),Calcio
coni:170231,170231,A.S.D. CALCIO CLUB S.V.,Calcio (a 11),Calcio
coni:170231,170231,A.S.D. CALCIO CLUB S.V.,Futsal (calcio da sala - calcio a 5),Futsal
coni:170231,170231,A.S.D. CALCIO CLUB S.V.,Calcio (a 7),Calcio
coni:170231,170231,A.S.D. CALCIO CLUB S.V.,Beach Soccer,Calcio
coni:17089,17089,UNIONE SPORTIVA DILETTANTISTICA S. LORENZO,Calcio (a 11),Calcio
coni:170907,170907,ASD FRANCICA,Calcio (a 11),Calcio
coni:170907,170907,ASD FRANCICA,Calcio (a 8),Calcio
coni:170907,170907,ASD FRANCICA,Futsal (calcio da sala - calcio a 5),Futsal
coni:170907,170907,ASD FRANCICA,Calcio (a 7),Calcio
coni:172789,172789,ASSOCIAZIONE SPORTIVA DILETTANTISTICA PIUMAZZO 1970,Calcio (a 11),Calcio
coni:172789,172789,ASSOCIAZIONE SPORTIVA DILETTANTISTICA PIUMAZZO 1970,Calcio (a 7),Calcio
coni:176242,176242,ASSOCIAZIONE SPORTIVA DILETTANTISTICA FOLLO FOOTBALL CLUB,Calcio (a 11),Calcio
coni:176242,176242,ASSOCIAZIONE SPORTIVA DILETTANTISTICA FOLLO FOOTBALL CLUB,Calcio (a 7),Calcio
coni:176523,176523,FUTSAL MONTESARCHIO ASSOCIAZIONE SPORTIVA DILETTANTISTICA,Futsal (calcio da sala - calcio a 5),Futsal
coni:176523,176523,FUTSAL MONTESARCHIO ASSOCIAZIONE SPORTIVA DILETTANTISTICA,Calcio (a 11),Calcio
coni:176523,176523,FUTSAL MONTESARCHIO ASSOCIAZIONE SPORTIVA DILETTANTISTICA,Calcio (a 8),Calcio
coni:176523,176523,FUTSAL MONTESARCHIO ASSOCIAZIONE SPORTIVA DILETTANTISTICA,Calcio (a 7),Calcio
coni:177302,177302,ASD POZZUOLI CALCIO,Calcio (a 11),Calcio
coni:17762,17762,U.S. CORBIOLO SOCIETA' SPORTIVA DILETTANTISTICA A RESPONSABILITA' LIMITATA,Calcio (a 11),Calcio
coni:17762,17762,U.S. CORBIOLO SOCIETA' SPORTIVA DILETTANTISTICA A RESPONSABILITA' LIMITATA,Futsal (calcio da sala - calcio a 5),Futsal
coni:177849,177849,ASSOCIAZIONE SPORTIVA DILETTANTISTICA CLUB SERRE CALCIO,Calcio (a 11),Calcio
coni:177849,177849,ASSOCIAZIONE SPORTIVA DILETTANTISTICA CLUB SERRE CALCIO,Calcio (a 8),Calcio
coni:177849,177849,ASSOCIAZIONE SPORTIVA DILETTANTISTICA CLUB SERRE CALCIO,Futsal (calcio da sala - calcio a 5),Futsal
coni:177849,177849,ASSOCIAZIONE SPORTIVA DILETTANTISTICA CLUB SERRE CALCIO,Calcio (a 7),Calcio
coni:178276,178276,ASSOCIAZIONE SPORTIVA DILETTANTISTICA SCUOLA CALCIO TR9,Calcio (a 11),Calcio
coni:1783,1783,ASSOCIAZIONE SPORTIVA DILETTANTISTICA ORISTANO CALCIO,Calcio (a 11),Calcio
coni:179222,179222,SPORTING TERRE DEL RENO ASSOCIAZIONE SPORTIVA DILE,Calcio (a 11),Calcio
coni:179224,179224,ASSOCIAZIONE SPORTIVA DILETTANTISTICA CERVO COLLECCHIO CIRCOLO POLISPORTIVO,Calcio (a 11),Calcio
coni:179241,179241,A.S.D. SARFUT 21,Futsal (calcio da sala - calcio a 5),Futsal
coni:179242,179242,ASD ATLETICO SARULE,Calcio (a 11),Calcio
coni:179243,179243,A.S.D. BORTIGALI,Calcio (a 11),Calcio
coni:179244,179244,ASSOCIAZIONE SPORTIVA DILETTANTISTICA GYMNASIUM SASSARI 2022,Calcio (a 11),Calcio
coni:179245,179245,NOVA DOMUS 2022 ASD,Calcio (a 11),Calcio
coni:179246,179246,SSD C5 SAN MARTINO,Futsal (calcio da sala - calcio a 5),Futsal
coni:179247,179247,U.S.D. ATLETICO SORSO,Calcio (a 11),Calcio
coni:179254,179254,ASSOCIAZIONE SPORTIVA DILETTANTISTICA N-TEAM 2017,Futsal (calcio da sala - calcio a 5),Futsal
coni:179255,179255,A.S.D. SILEA IMPRESA CALCIO,Calcio (a 11),Calcio
coni:179257,179257,CROCETTA 1920 ACADEMY - A.S.D.,Calcio (a 11),Calcio
coni:179260,179260,A.S.D. BIANCOROSSI MONSELICE,Calcio (a 11),Calcio
coni:179261,179261,ASD VOLUNTAS VILLADOSE CALCIO,Calcio (a 11),Calcio
coni:179262,179262,ACADEMY NOVENTA PADOVANA SOCIETA' SPORTIVA DILETTANTISTICA A RESP ONSABILITA' LIMITATA,Calcio (a 11),Calcio
coni:179263,179263,ASD GROTTAGLIE CALCIO,Calcio (a 11),Calcio
coni:179264,179264,ASD PRO MASSAFRA 2022 APS,Calcio (a 11),Calcio
coni:179264,179264,ASD PRO MASSAFRA 2022 APS,Calcio (a 8),Calcio
coni:179264,179264,ASD PRO MASSAFRA 2022 APS,Calcio (a 7),Calcio
coni:179268,179268,A.S.D. AUDACE ASCOLI SATRINO,Calcio (a 11),Calcio
coni:179270,179270,A.S.D. REAL RODI GARGANICO,Calcio (a 11),Calcio
coni:179271,179271,A.S.D. ATLETICO SALVE,Calcio (a 11),Calcio
coni:179272,179272,ASSOCIAZIONE SPORTIVA DILETTANTISTICA GOLDEN GLASS,Calcio (a 11),Calcio
coni:179272,179272,ASSOCIAZIONE SPORTIVA DILETTANTISTICA GOLDEN GLASS,Calcio (a 7),Calcio
coni:179273,179273,A.S.D. POGGIARDO 91,Calcio (a 11),Calcio
coni:179274,179274,A.S.D. TERRIBILE SOCCER,Calcio (a 11),Calcio
coni:179275,179275,A.S.D. EAGLES BISCEGLIE,Calcio (a 11),Calcio
coni:179276,179276,A.S.D. VICO SPORT,Calcio (a 11),Calcio
coni:179278,179278,ASD SPORTING MANDURIA,Calcio (a 11),Calcio
coni:179278,179278,ASD SPORTING MANDURIA,Calcio (a 8),Calcio
coni:179278,179278,ASD SPORTING MANDURIA,Futsal (calcio da sala - calcio a 5),Futsal
coni:179278,179278,ASD SPORTING MANDURIA,Calcio (a 7),Calcio
coni:179280,179280,ASSOCIAZIONE SPORTIVA DILETTANTISTICA OLEGGIO CASTELLO,Calcio (a 11),Calcio
coni:179281,179281,A.S.D. CHIVASSO CALCIO,Calcio (a 11),Calcio
coni:179282,179282,CASALINO 1964 - ASSOCIAZIONE SPORTIVA DILETTANTISTICA,Calcio (a 11),Calcio
coni:179283,179283,ASD SPORTING BORGOLAVEZZARO,Calcio (a 11),Calcio
coni:179284,179284,A.S.D. F.C. CASTIGLIONE,Calcio (a 11),Calcio
coni:179285,179285,A.S.D. BEINETTE,Calcio (a 11),Calcio
coni:179287,179287,A.S.D. CABELLA ALTA VAL BORBERA,Calcio (a 11),Calcio
coni:179288,179288,ASD MORANESE 1908,Calcio (a 11),Calcio
coni:179290,179290,ASD FUTSAL BORGO TICINO,Futsal (calcio da sala - calcio a 5),Futsal
coni:179292,179292,ASSOCIAZIONE SPORTIVA DILETTANTISTICA MARGARITESE 2022,Calcio (a 11),Calcio
coni:179292,179292,ASSOCIAZIONE SPORTIVA DILETTANTISTICA MARGARITESE 2022,Futsal (calcio da sala - calcio a 5),Futsal
coni:179292,179292,ASSOCIAZIONE SPORTIVA DILETTANTISTICA MARGARITESE 2022,Calcio (a 7),Calcio
coni:179297,179297,A.S.D. NEXT LEVEL,Futsal (calcio da sala - calcio a 5),Futsal
coni:179299,179299,ASSOCIAZIONE SPORTIVA DILETTANTISTICA ATLETICO SIRACUSA,Calcio (a 11),Calcio
coni:179299,179299,ASSOCIAZIONE SPORTIVA DILETTANTISTICA ATLETICO SIRACUSA,Futsal (calcio da sala - calcio a 5),Futsal
coni:179299,179299,ASSOCIAZIONE SPORTIVA DILETTANTISTICA ATLETICO SIRACUSA,Calcio (a 7),Calcio
coni:179300,179300,"ASSOCIAZIONE SPORTIVA DILETTANTISTICA ""PIOPPO FUTSAL""",Futsal (calcio da sala - calcio a 5),Futsal
coni:179300,179300,"ASSOCIAZIONE SPORTIVA DILETTANTISTICA ""PIOPPO FUTSAL""",Calcio (a 11),Calcio
coni:179300,179300,"ASSOCIAZIONE SPORTIVA DILETTANTISTICA ""PIOPPO FUTSAL""",Calcio (a 8),Calcio
coni:179300,179300,"ASSOCIAZIONE SPORTIVA DILETTANTISTICA ""PIOPPO FUTSAL""",Calcio (a 7),Calcio
coni:179302,179302,A.S.D. ORATORIO SAN VINCENZO,Futsal (calcio da sala - calcio a 5),Futsal
coni:179303,179303,ASSOCIAZIONE SPORTIVA DILETTANTISTICA VIRTUS MESSINA,Calcio (a 11),Calcio
coni:179303,179303,ASSOCIAZIONE SPORTIVA DILETTANTISTICA VIRTUS MESSINA,Beach Soccer,Calcio
coni:179303,179303,ASSOCIAZIONE SPORTIVA DILETTANTISTICA VIRTUS MESSINA,Futsal (calcio da sala - calcio a 5),Futsal
coni:179303,179303,ASSOCIAZIONE SPORTIVA DILETTANTISTICA VIRTUS MESSINA,Calcio (a 7),Calcio
coni:179305,179305,ASD REAL SICILIA C5,Futsal (calcio da sala - calcio a 5),Futsal
coni:179306,179306,SPORT PROJECT ACADEMY S.S.D. A R.L.,Calcio (a 11),Calcio
coni:179306,179306,SPORT PROJECT ACADEMY S.S.D. A R.L.,Calcio (a 8),Calcio
coni:179306,179306,SPORT PROJECT ACADEMY S.S.D. A R.L.,Futsal (calcio da sala - calcio a 5),Futsal
coni:179306,179306,SPORT PROJECT ACADEMY S.S.D. A R.L.,Calcio (a 7),Calcio
coni:179308,179308,REAL CACCAMO,Calcio (a 11),Calcio
coni:179314,179314,ASD SP CARLENTINI CALCIO,Calcio (a 11),Calcio
coni:179314,179314,ASD SP CARLENTINI CALCIO,Futsal (calcio da sala - calcio a 5),Futsal
coni:179315,179315,A.S.D. FUTSAL CLUB PALERMO,Futsal (calcio da sala - calcio a 5),Futsal
coni:179316,179316,ASD TROMBATORE C5 ROSOLINI,Futsal (calcio da sala - calcio a 5),Futsal
coni:179317,179317,ASSOCIAZIONE SPORTIVA DILETTANTISTICA ADRANITANA,Calcio (a 11),Calcio
coni:179319,179319,MADONNA DI FATIMA A.S.D,Calcio (a 11),Calcio
coni:179319,179319,MADONNA DI FATIMA A.S.D,Futsal (calcio da sala - calcio a 5),Futsal
coni:179324,179324,ASSOCIAZIONE SPORTIVA DILETTANTISTICA BOSCO 1970,Calcio (a 11),Calcio
coni:179326,179326,AOOCIAZ.SPORTIVA DILETT.AETNA NICOLOSI,Futsal (calcio da sala - calcio a 5),Futsal
coni:179327,179327,ASSOCIAZIONE SPORTIVA DILETTANTISTICA BOVO MARINA MONTALLEGRO,Calcio (a 11),Calcio
coni:179327,179327,ASSOCIAZIONE SPORTIVA DILETTANTISTICA BOVO MARINA MONTALLEGRO,Futsal (calcio da sala - calcio a 5),Futsal
coni:179328,179328,ASSOCIAZIONE POLISPORTIVA DILETTANTISTICA REAL ASSORO,Futsal (calcio da sala - calcio a 5),Futsal
coni:179332,179332,ASD PONTREMOLI FOOTBALL CLUB,Calcio (a 11),Calcio
coni:179336,179336,DINAMO FLORENTIA SOCIETA' SPORTIVA DILETTANTISTICA A RESPONSABILI TA' LIMITATA,Calcio (a 11),Calcio
coni:179339,179339,A.S.D. FUTSAL MONTEVARCHI,Futsal (calcio da sala - calcio a 5),Futsal
coni:179341,179341,A.S.D. ATLETICO ACCONA,Futsal (calcio da sala - calcio a 5),Futsal
coni:179345,179345,USD SANGIUSTINESE 2022,Calcio (a 11),Calcio
coni:179346,179346,MEETING SOCIETA' SPORTIVA DILETTANTISTICA A RESPONSABILITA' LIMITATA,Calcio (a 11),Calcio
coni:179349,179349,REAL LEMS ASD,Futsal (calcio da sala - calcio a 5),Futsal
coni:17935,17935,POLISPORTIVA DILETTANTISTICA PONTE SAN PIETRO,Calcio (a 11),Calcio
coni:17935,17935,POLISPORTIVA DILETTANTISTICA PONTE SAN PIETRO,Futsal (calcio da sala - calcio a 5),Futsal
coni:17935,17935,POLISPORTIVA DILETTANTISTICA PONTE SAN PIETRO,Pallacanestro,Basket
coni:17935,17935,POLISPORTIVA DILETTANTISTICA PONTE SAN PIETRO,Pallavolo,Volley
coni:179354,179354,A.S.D. ACUTO,Calcio (a 11),Calcio
coni:179356,179356,ASD FOOTBALL CLUB RIETI 1936,Calcio (a 11),Calcio
coni:179357,179357,A.S.D. CITTA' DI OLEVANO CALCIO,Calcio (a 11),Calcio
coni:179360,179360,ASSOCIAZIONE SPORTIVA DILETTANTISTICA SORA WOMEN,Calcio (a 11),Calcio
coni:179362,179362,A.S.D NUOVA RIETI CALCIO,Calcio (a 11),Calcio
coni:179362,179362,A.S.D NUOVA RIETI CALCIO,Calcio (a 8),Calcio
coni:179362,179362,A.S.D NUOVA RIETI CALCIO,Futsal (calcio da sala - calcio a 5),Futsal
coni:179362,179362,A.S.D NUOVA RIETI CALCIO,Calcio (a 7),Calcio
coni:179364,179364,A.S.D. PARMA LETALE,Futsal (calcio da sala - calcio a 5),Futsal
coni:179366,179366,ASSOCIAZIONE SPORTIVA DILETTANTISTICA FUTSAL CORCHIANO APS,Futsal (calcio da sala - calcio a 5),Futsal
coni:179368,179368,"ASSOCIAZIONE SPORTIVA DILETTANTISTICA""A.S.D VETRIOLO""",Calcio (a 11),Calcio
coni:179370,179370,ASSOCIAZIONE SPORTIVA DILETTANTISTICA BLERA,Calcio (a 11),Calcio
coni:179370,179370,ASSOCIAZIONE SPORTIVA DILETTANTISTICA BLERA,Calcio (a 7),Calcio
coni:179373,179373,ASSOCIAZIONE SPORTIVA DILETTANTISTICA AURELIA ACADEMY,Calcio (a 11),Calcio
coni:179375,179375,A.S.D. GRANATA,Calcio (a 11),Calcio
coni:179375,179375,A.S.D. GRANATA,Futsal (calcio da sala - calcio a 5),Futsal
coni:179384,179384,A.S.D. ORATORIO GRANDORI VITERBO,Calcio (a 11),Calcio
coni:179386,179386,BARZAGO 2022 ASSOCIAZIONE SPORTIVA DILETTANTISTICA,Calcio (a 11),Calcio
coni:179386,179386,BARZAGO 2022 ASSOCIAZIONE SPORTIVA DILETTANTISTICA,Calcio (a 7),Calcio
coni:179390,179390,ASSOCIAZIONE SPORTIVA DIL. WORLD FOOTBALL CLUB,Calcio (a 11),Calcio
coni:179393,179393,ASSOCIAZIONE SPORTIVA DILETTANTISTICA CITTA' DI SOLOFRA,Calcio (a 11),Calcio
coni:179394,179394,"A.S.D. ""LIBERTAS GROTTOLELLA""",Calcio (a 11),Calcio
coni:179396,179396,A.C.D. RICIGLIANO,Calcio (a 11),Calcio
coni:179398,179398,ASSOCIAZIONE DILETTANTISTICA SPORTIVA FORIO UNITED,Calcio (a 11),Calcio
coni:179403,179403,ASSOCIAZIONE SPORTIVA DILETTANTISTICA ISCHIA FIDELITATIS AETERNAE,Calcio (a 11),Calcio
coni:179405,179405,ASSOCIAZIONE SPORTIVA DILETTANTISTICA REAL TAVERNA,Calcio (a 11),Calcio
coni:179406,179406,ASSOCIAZIONE SPORTIVA DILETTANTISTICA D'ANGELO SOCCER SCHOOL,Calcio (a 11),Calcio
coni:179407,179407,U. S. D. SANTA LUCIA DI SERINO,Calcio (a 11),Calcio
coni:179408,179408,A.S.D. ATLETICO CALVIZZANO,Calcio (a 11),Calcio
coni:179409,179409,ASD SPORTING GALACTICOS ASSOCIAZIONE SPORTIVA DILETTANTISTICA,Calcio (a 11),Calcio
coni:179409,179409,ASD SPORTING GALACTICOS ASSOCIAZIONE SPORTIVA DILETTANTISTICA,Calcio (a 8),Calcio
coni:179409,179409,ASD SPORTING GALACTICOS ASSOCIAZIONE SPORTIVA DILETTANTISTICA,Futsal (calcio da sala - calcio a 5),Futsal
coni:179409,179409,ASD SPORTING GALACTICOS ASSOCIAZIONE SPORTIVA DILETTANTISTICA,Calcio (a 7),Calcio
coni:179411,179411,TER IGNIS ASD,Calcio (a 11),Calcio
coni:179411,179411,TER IGNIS ASD,Calcio (a 8),Calcio
coni:179411,179411,TER IGNIS ASD,Calcio (a 7),Calcio
coni:179412,179412,A.S.D. FOOTBALL CLUB NOCELLETO,Calcio (a 11),Calcio
coni:179412,179412,A.S.D. FOOTBALL CLUB NOCELLETO,Futsal (calcio da sala - calcio a 5),Futsal
coni:179412,179412,A.S.D. FOOTBALL CLUB NOCELLETO,Calcio (a 7),Calcio
coni:179414,179414,ASSOCIAZIONE SPORTIVA DILETTAN TISTICA ATLETICO BUONALBERGO,Calcio (a 11),Calcio
coni:179415,179415,ASD ACADEMY PRO CALCIO DONNE,Calcio (a 11),Calcio
coni:179416,179416,ASSOCIAZIONE SPORTIVA DILETTANTISTICA REAL CARILLIA,Calcio (a 11),Calcio
coni:179418,179418,ASSOCIAZIONE SPORTIVA DILETTANTISTICA A.C. CAPRIOLI,Calcio (a 11),Calcio
coni:179422,179422,A.S.D. SANGENNARESE 1916,Calcio (a 11),Calcio
coni:179424,179424,ATLETICO SANNIO 5 ASSOCIAZIONE SPORTIVA DILETTANTISTICA,Futsal (calcio da sala - calcio a 5),Futsal
coni:179426,179426,ASD ALESSANDRO DE DOMINICIS,Calcio (a 11),Calcio
coni:179428,179428,ASSOCIAZIONE SPORTIVA DILETTANTISTICA PERRONE CALCIO,Calcio (a 11),Calcio
coni:179429,179429,ASSOCIAZIONE POLISPORTIVA DILETTANTISTICA CLUB PONTECAGNANO,Calcio (a 11),Calcio
coni:179429,179429,ASSOCIAZIONE POLISPORTIVA DILETTANTISTICA CLUB PONTECAGNANO,Pallacanestro,Basket
coni:179430,179430,ASD MARCELLINO 2006,Calcio (a 11),Calcio
coni:179431,179431,A.S.D. REAL CILENTO 2022,Calcio (a 11),Calcio
coni:179435,179435,A.S.D. POLISPORTIVA TANAGRO,Calcio (a 11),Calcio
coni:179437,179437,ASD ATLETICO SAN ROCCO,Calcio (a 11),Calcio
coni:179438,179438,A.S.D. REAL CELLE DI SAN VITO,Calcio (a 11),Calcio
coni:179439,179439,ASD GAIANESE,Calcio (a 11),Calcio
coni:179440,179440,ASSOCIAZIONE SPORTIVA DILETTANTISTICA PIETRADEFUSI,Calcio (a 11),Calcio
coni:179446,179446,ASSOCIAZIONE SPORTIVA DILETTANTISTICA CASTEL SAN LORENZO 2022,Calcio (a 11),Calcio
coni:179446,179446,ASSOCIAZIONE SPORTIVA DILETTANTISTICA CASTEL SAN LORENZO 2022,Calcio (a 8),Calcio
coni:179446,179446,ASSOCIAZIONE SPORTIVA DILETTANTISTICA CASTEL SAN LORENZO 2022,Futsal (calcio da sala - calcio a 5),Futsal
coni:179446,179446,ASSOCIAZIONE SPORTIVA DILETTANTISTICA CASTEL SAN LORENZO 2022,Calcio (a 7),Calcio
coni:179447,179447,A.S.D REINO,Calcio (a 11),Calcio
coni:179448,179448,ASD ATLETICO SIRIGNANO,Calcio (a 11),Calcio
coni:179452,179452,A.S.D. SAN LEUCIO E SAN PANTALEONE A.P.S.,Calcio (a 11),Calcio
coni:179467,179467,COTTANELLO ASD APS,Calcio (a 11),Calcio
coni:1798,1798,AFC SANTA MARIA CODIFIUME ASSOCIAZIONE SPORTIVA DI,Calcio (a 11),Calcio
coni:1798,1798,AFC SANTA MARIA CODIFIUME ASSOCIAZIONE SPORTIVA DI,Futsal (calcio da sala - calcio a 5),Futsal
coni:179814,179814,ASD ANTILIA CALCIO 1934,Calcio (a 11),Calcio
coni:179816,179816,A.S.D. MONTECALVARIO CALCIO,Calcio (a 11),Calcio
coni:179817,179817,ASD CALCIO SAVIGNANESE,Calcio (a 11),Calcio
coni:179820,179820,ASOOCIAZIONE SPORTIVA DILETTANTISTICA TELTI,Calcio (a 11),Calcio
coni:179827,179827,ASSOCIAZIONE SPORTIVA DILETTANTISTICA RAYO GRANAROLO,Calcio (a 11),Calcio
coni:179828,179828,ASD ALCAMO ACADEMY,Calcio (a 11),Calcio
coni:179836,179836,ASD ITALIA 90 ROCCELLETTA,Futsal (calcio da sala - calcio a 5),Futsal
coni:179841,179841,A.S.D. GRIFONE CATANZARO,Calcio (a 11),Calcio
coni:179842,179842,ASD REAL CROPANI,Calcio (a 11),Calcio
coni:179850,179850,ASD CITTA' DI TROPEA,Calcio (a 11),Calcio
coni:179850,179850,ASD CITTA' DI TROPEA,Beach volley,Volley
coni:179853,179853,ASSOCIAZIONE SPORTIVA DILETTANTISTICA POLISPORTIVA BORGIA,Futsal (calcio da sala - calcio a 5),Futsal
coni:179858,179858,A.S.D. ATLETICO FEROLETO,Calcio (a 11),Calcio
coni:179860,179860,ASD RICADESE,Calcio (a 11),Calcio
coni:179867,179867,ASD FUTSAL GIULIANOVA,Futsal (calcio da sala - calcio a 5),Futsal
coni:179869,179869,A.S.D.FOOTBALL CLUB NERETO 1914,Calcio (a 11),Calcio
coni:179870,179870,A.S.D. COPPITO CALCIO C.A.,Calcio (a 11),Calcio
coni:179875,179875,ASD CORROPOLI CALCIO,Calcio (a 11),Calcio
coni:179878,179878,A.S.D. VAL VIBRATA ACCADEMY,Calcio (a 11),Calcio
coni:179880,179880,ASS.SPORT.DILETT. ORSOGNA INSIDE,Calcio (a 11),Calcio
coni:179884,179884,A.S.D. SPORTING TOLLO,Futsal (calcio da sala - calcio a 5),Futsal
coni:179885,179885,A.S.D. ATLETICO SILVI FUTSAL,Futsal (calcio da sala - calcio a 5),Futsal
coni:179889,179889,ASSOCIAZIONE SPORTIVA DILETTANTISTICA TEATE EUROCALCETTO,Futsal (calcio da sala - calcio a 5),Futsal
coni:17989,17989,POLISPORTIVA DILETTANTISTICA AQUILE CAMMARATA - SAN GIOVANNI GEMINI,Calcio (a 11),Calcio
coni:17989,17989,POLISPORTIVA DILETTANTISTICA AQUILE CAMMARATA - SAN GIOVANNI GEMINI,Calcio (a 8),Calcio
coni:17989,17989,POLISPORTIVA DILETTANTISTICA AQUILE CAMMARATA - SAN GIOVANNI GEMINI,Futsal (calcio da sala - calcio a 5),Futsal
coni:17989,17989,POLISPORTIVA DILETTANTISTICA AQUILE CAMMARATA - SAN GIOVANNI GEMINI,Calcio (a 7),Calcio
coni:179890,179890,ASD CIVITELLA ROVETO,Calcio (a 11),Calcio
coni:179898,179898,AMATEURSPORTCLUB ST. PANKRAZ,Calcio (a 11),Calcio
coni:179925,179925,A.S.D. RAFAEL SPORTING CLUB,Calcio (a 11),Calcio
coni:17994,17994,"SOCIETA' SPORTIVA DILETTANTISTICA AROUND SPORT S.R.L. IN BREVE ""S.S.D. AROUND SPORT S.R.L.""",Calcio (a 11),Calcio
coni:17994,17994,"SOCIETA' SPORTIVA DILETTANTISTICA AROUND SPORT S.R.L. IN BREVE ""S.S.D. AROUND SPORT S.R.L.""",Calcio (a 7),Calcio
coni:17994,17994,"SOCIETA' SPORTIVA DILETTANTISTICA AROUND SPORT S.R.L. IN BREVE ""S.S.D. AROUND SPORT S.R.L.""",Pallamano,Pallamano
coni:17994,17994,"SOCIETA' SPORTIVA DILETTANTISTICA AROUND SPORT S.R.L. IN BREVE ""S.S.D. AROUND SPORT S.R.L.""",Beach volley,Volley
coni:17994,17994,"SOCIETA' SPORTIVA DILETTANTISTICA AROUND SPORT S.R.L. IN BREVE ""S.S.D. AROUND SPORT S.R.L.""",Pallavolo,Volley
coni:17994,17994,"SOCIETA' SPORTIVA DILETTANTISTICA AROUND SPORT S.R.L. IN BREVE ""S.S.D. AROUND SPORT S.R.L.""",Pallanuoto,Pallanuoto
coni:17994,17994,"SOCIETA' SPORTIVA DILETTANTISTICA AROUND SPORT S.R.L. IN BREVE ""S.S.D. AROUND SPORT S.R.L.""",Futsal (calcio da sala - calcio a 5),Futsal
coni:17994,17994,"SOCIETA' SPORTIVA DILETTANTISTICA AROUND SPORT S.R.L. IN BREVE ""S.S.D. AROUND SPORT S.R.L.""",Pallacanestro,Basket
coni:17994,17994,"SOCIETA' SPORTIVA DILETTANTISTICA AROUND SPORT S.R.L. IN BREVE ""S.S.D. AROUND SPORT S.R.L.""",Calcio (a 8),Calcio
coni:17994,17994,"SOCIETA' SPORTIVA DILETTANTISTICA AROUND SPORT S.R.L. IN BREVE ""S.S.D. AROUND SPORT S.R.L.""",Pallacanestro 3 contro 3,Basket
coni:17998,17998,UNION CAMPO SAN MARTINO SSD A R.L.,Calcio (a 11),Calcio
coni:180238,180238,ASD SAN MANGO MONTESTELLA,Calcio (a 11),Calcio
coni:180239,180239,ASSOCIAZIONE SPORTIVA BONEA,Calcio (a 11),Calcio
coni:18035,18035,A.S.D.PELUSO ACADEMY,Calcio (a 11),Calcio
coni:180390,180390,A.S.D. BORGOMEDUNA CALCIO,Calcio (a 11),Calcio
coni:18042,18042,A.S.D. VALVERMENAGNA,Calcio (a 11),Calcio
coni:180437,180437,OLIMPIA PRATO SOCIETA' SPORTIVA DILETTANTISTICA A R.L.,Calcio (a 11),Calcio
coni:18052,18052,ASSOCIAZIONE SPORTIVA DILETTANTISTICA GRIGIONERI SAVORGNANO,Calcio (a 11),Calcio
coni:180578,180578,ASD GI.SA.,Futsal (calcio da sala - calcio a 5),Futsal
coni:180623,180623,U.S. POGGIBONSI WOMEN SSD A R.L.,Calcio (a 11),Calcio
coni:180684,180684,POPOLO CLUB ASSOCIAZIONE SPORTIVA DILETTANTISTICA,Calcio (a 11),Calcio
coni:180787,180787,A.S.D. POLISPORTIVA INVICTUS,Calcio (a 11),Calcio
coni:180787,180787,A.S.D. POLISPORTIVA INVICTUS,Rugby a 7,Rugby
coni:1809,1809,SSD UNIONE CALCIO CASALESE SRL,Calcio (a 11),Calcio
coni:180914,180914,A.S.D. GIOIOSA 2022,Calcio (a 11),Calcio
coni:18100,18100,ATLETICO CASTENASO ASD,Calcio (a 11),Calcio
coni:18114,18114,SOCIETA' SPORTIVA DILETTANTISTICA MADONNA DELLA NEVE S.R.L.,Calcio (a 11),Calcio
coni:18114,18114,SOCIETA' SPORTIVA DILETTANTISTICA MADONNA DELLA NEVE S.R.L.,Beach Soccer,Calcio
coni:18114,18114,SOCIETA' SPORTIVA DILETTANTISTICA MADONNA DELLA NEVE S.R.L.,Futsal (calcio da sala - calcio a 5),Futsal
coni:18114,18114,SOCIETA' SPORTIVA DILETTANTISTICA MADONNA DELLA NEVE S.R.L.,Calcio (a 7),Calcio
coni:18131,18131,A.S.D. REAL AVELLA,Calcio (a 11),Calcio
coni:18142,18142,S.S. PRO PATRIA SAN FELICE A.S.D.,Futsal (calcio da sala - calcio a 5),Futsal
coni:181467,181467,A.S.D. ORATORIO CALCIO ARCENE,Calcio (a 11),Calcio
coni:181479,181479,A.S.D. NEW BISCEGLIE GIRLS,Futsal (calcio da sala - calcio a 5),Futsal
coni:181479,181479,A.S.D. NEW BISCEGLIE GIRLS,Calcio (a 11),Calcio
coni:181556,181556,A.S.D. INDOMITA SPORT ACADEMY,Calcio (a 11),Calcio
coni:181556,181556,A.S.D. INDOMITA SPORT ACADEMY,Calcio (a 8),Calcio
coni:181556,181556,A.S.D. INDOMITA SPORT ACADEMY,Calcio (a 7),Calcio
coni:181820,181820,ASSOCIAZIONE SPORTIVA DILETTANTISTICA POLISPORTIVA COLLEDARA,Futsal (calcio da sala - calcio a 5),Futsal
coni:18190,18190,A.S.D. LEONARDO SURRO,Calcio (a 11),Calcio
coni:1821,1821,ASD P. NUOVA GROSSETO BARBANELLA,Calcio (a 11),Calcio
coni:182295,182295,ASD CALCIO HIMALAYA MULINU B,Calcio (a 11),Calcio
coni:18249,18249,A.S.D. VERUCCHIO,Calcio (a 11),Calcio
coni:18252,18252,A.S.D. UNIONE SPORTIVA VALMONTONE,Calcio (a 11),Calcio
coni:182552,182552,A.S.D. LONGARINA TSS 1944,Calcio (a 11),Calcio
coni:182552,182552,A.S.D. LONGARINA TSS 1944,Calcio (a 7),Calcio
coni:182557,182557,ASSOCIAZIONE SPORTIVA DILETTANTISTICA RIVIERA ACIREALE,Futsal (calcio da sala - calcio a 5),Futsal
coni:182603,182603,ASD SIDUS ROTONDI,Calcio (a 11),Calcio
coni:182672,182672,ASSOCIAZIONE SPORTIVA DILETTANTISTICA CISTERNA LADY,Futsal (calcio da sala - calcio a 5),Futsal
coni:182742,182742,A.S.D. CAMPODIPIETRA CALCIO 2022,Calcio (a 11),Calcio
coni:182744,182744,POL D. TORREMAGGIORE C. 5,Futsal (calcio da sala - calcio a 5),Futsal
coni:182747,182747,M.O.S. A.S.D. MATTEO OVIDIO SERRA,Calcio (a 11),Calcio
coni:182798,182798,POLISPORTIVA LA LANTERNA ASSOCIAZIONE DILETTANTISTICA,Calcio (a 11),Calcio
coni:182798,182798,POLISPORTIVA LA LANTERNA ASSOCIAZIONE DILETTANTISTICA,Calcio (a 7),Calcio
coni:182798,182798,POLISPORTIVA LA LANTERNA ASSOCIAZIONE DILETTANTISTICA,Calcio Balilla,Calcio
coni:182798,182798,POLISPORTIVA LA LANTERNA ASSOCIAZIONE DILETTANTISTICA,Pallacanestro,Basket
coni:182809,182809,ASSOCIAZIONE SPORTIVA DILETTANTISTICA O.SA.R.,Calcio (a 11),Calcio
coni:182830,182830,ASSOCIAZIONE SPORTIVA DILETTANTISTICA POLISPORTIVA SPEZIASPORTALE,Calcio (a 11),Calcio
coni:182830,182830,ASSOCIAZIONE SPORTIVA DILETTANTISTICA POLISPORTIVA SPEZIASPORTALE,Calcio (a 7),Calcio
coni:182830,182830,ASSOCIAZIONE SPORTIVA DILETTANTISTICA POLISPORTIVA SPEZIASPORTALE,Futsal (calcio da sala - calcio a 5),Futsal
coni:18286,18286,ASSOCIAZIONE SPORTIVA DILETTANTISTICA TROPICAL CORIANO,Calcio (a 11),Calcio
coni:182863,182863,BENEVENTO NEXT GEN ENERGY NATURAL HUMAN ORGANIZATION ASD-APS,Calcio (a 11),Calcio
coni:182863,182863,BENEVENTO NEXT GEN ENERGY NATURAL HUMAN ORGANIZATION ASD-APS,Calcio (a 7),Calcio
coni:182889,182889,A.S.D. ATLETICO PALAGIANO,Calcio (a 11),Calcio
coni:18302,18302,ASSOCIAZIONE SPORTIVA DILETTANTISTICA LOMBARDINA,Calcio (a 11),Calcio
coni:183054,183054,"""PIACENZA CALCIO 1919 SOCIETA' SPORTIVA DILETTANTISTICA A RESPONSABILITA' LIMITATA"" ENUNCIABILE IN BREVE ""PIACENZA CALCIO 1919 SSD A RL""",Calcio (a 11),Calcio
coni:1831,1831,ASSOCIAZIONE SPORTIVA DILETTANTISTICA PRO VILLAFRANCA ASD,Calcio (a 11),Calcio
coni:183109,183109,ASSOCIAZIONE SPORTIVA DILETTANTISTICA REAL PETRELLO,Futsal (calcio da sala - calcio a 5),Futsal
coni:183109,183109,ASSOCIAZIONE SPORTIVA DILETTANTISTICA REAL PETRELLO,Pallacanestro,Basket
coni:183109,183109,ASSOCIAZIONE SPORTIVA DILETTANTISTICA REAL PETRELLO,Pallavolo,Volley
coni:183142,183142,OLIMPIA PISTOIESE SSDRL,Calcio (a 11),Calcio
coni:1832,1832,C.U.S. SALERNO -CENTRO UNIVERSITARIO SPORTIVO,Calcio (a 11),Calcio
coni:18326,18326,POLISPORTIVA CANOSSA CONSELVE A.S.D.,Calcio (a 11),Calcio
coni:18326,18326,POLISPORTIVA CANOSSA CONSELVE A.S.D.,Pallavolo,Volley
coni:183275,183275,ASSOCIAZIONE SPORTIVA DILETTANTISTICA POLISPORTIVA SAN MAURO CASTELVERDE,Calcio (a 11),Calcio
coni:183325,183325,SI CI VADO - ORATORI VALENZA - ASD-APS,Calcio (a 11),Calcio
coni:183325,183325,SI CI VADO - ORATORI VALENZA - ASD-APS,Calcio (a 7),Calcio
coni:183375,183375,A.S.D. CITTA' DI OSTIA,Calcio (a 11),Calcio
coni:183381,183381,ASSOCIAZIONE SPORTIVA DILETTANTISTICA EAGLES FUTSAL,Futsal (calcio da sala - calcio a 5),Futsal
coni:18341,18341,COUNTRY SPORT AVELLINO SOC. POLISPORTIVA DIL. A R.L.,Calcio (a 11),Calcio
coni:18341,18341,COUNTRY SPORT AVELLINO SOC. POLISPORTIVA DIL. A R.L.,Futsal (calcio da sala - calcio a 5),Futsal
coni:18341,18341,COUNTRY SPORT AVELLINO SOC. POLISPORTIVA DIL. A R.L.,ATTIVITA' SUBACQUEE E NUOTO PINNATO Basket con le pinne (Finswimming Basket),Basket
coni:18341,18341,COUNTRY SPORT AVELLINO SOC. POLISPORTIVA DIL. A R.L.,Pallanuoto con le pinne (Finswimming Ball),Pallanuoto
coni:18341,18341,COUNTRY SPORT AVELLINO SOC. POLISPORTIVA DIL. A R.L.,Rugby subacqueo,Rugby
coni:183430,183430,A.S.D. ACADEMY VANCHIGLIA,Calcio (a 11),Calcio
coni:183433,183433,A.S.D ASSISI CALCIO 2023,Calcio (a 11),Calcio
coni:183434,183434,ASD VIRTUS SAMMARCO,Calcio (a 11),Calcio
coni:183445,183445,A.S.D NOVARA CITY FC,Calcio (a 11),Calcio
coni:183455,183455,ASSOCIAZIONE SPORTIVA DILETTANTISTICA VILLA BASILICA 2023,Calcio (a 11),Calcio
coni:183483,183483,POLISPORTIVA FONTANELLE 1964 A.S.D.,Calcio (a 11),Calcio
coni:183505,183505,A.S.D. CALCIO BASSO PIAVE,Calcio (a 11),Calcio
coni:183532,183532,QUINTO ASD,Calcio (a 11),Calcio
coni:183540,183540,ASSOCIAZIONE SPORTIVA DILETTANTISTICA SENZA SCOPO DI LUCRO ACADEMY CISANO 1985,Calcio (a 11),Calcio
coni:183547,183547,ASD WOMEN'S SOCCER TEAM BRESCIA,Calcio (a 11),Calcio
coni:183547,183547,ASD WOMEN'S SOCCER TEAM BRESCIA,Calcio (a 7),Calcio
coni:183575,183575,S.S. MILAZZO SOCIETA' SPORTIVA DILETTANTISTICA A R.L.,Calcio (a 11),Calcio
coni:183575,183575,S.S. MILAZZO SOCIETA' SPORTIVA DILETTANTISTICA A R.L.,Futsal (calcio da sala - calcio a 5),Futsal
coni:183575,183575,S.S. MILAZZO SOCIETA' SPORTIVA DILETTANTISTICA A R.L.,Calcio (a 7),Calcio
coni:183579,183579,ASD RWC LUCENTO STARS,Calcio (a 11),Calcio
coni:183587,183587,COMUNALE POCENIAASD,Calcio (a 11),Calcio
coni:183591,183591,A.S.D. FALOPPIESE OLGIATE RONAGO,Calcio (a 11),Calcio
coni:183591,183591,A.S.D. FALOPPIESE OLGIATE RONAGO,Calcio (a 7),Calcio
coni:183591,183591,A.S.D. FALOPPIESE OLGIATE RONAGO,Calcio (a 8),Calcio
coni:183591,183591,A.S.D. FALOPPIESE OLGIATE RONAGO,Beach Soccer,Calcio
coni:183591,183591,A.S.D. FALOPPIESE OLGIATE RONAGO,Futsal (calcio da sala - calcio a 5),Futsal
coni:183595,183595,CAPRAIA A.S.D.,Calcio (a 11),Calcio
coni:183599,183599,ASD LIVORNO FERRARIS BIANZE',Calcio (a 11),Calcio
coni:183603,183603,A.S.D. REAL GRYPHUS,Futsal (calcio da sala - calcio a 5),Futsal
coni:183616,183616,ASD CANOSA CALCIO 1948,Calcio (a 11),Calcio
coni:183619,183619,U.S. SESTRI LEVANTE ACADEMY A.S.D.,Calcio (a 11),Calcio
coni:183637,183637,ASD CAPPELLA MAGGIORE FREGONA,Calcio (a 11),Calcio
coni:183639,183639,OSTRA CALCIO ASD,Calcio (a 11),Calcio
coni:183659,183659,A.S.D. SPARVIERI CIVITELLA DEL LAGO,Calcio (a 11),Calcio
coni:183664,183664,A.S.D. PS. N.A.G.C. FELDI,Calcio (a 11),Calcio
coni:183675,183675,ASSOCIAZIONE SPORTIVA DILETTANTISCA SPORTING CLUB SONDALO,Calcio (a 11),Calcio
coni:183675,183675,ASSOCIAZIONE SPORTIVA DILETTANTISCA SPORTING CLUB SONDALO,Calcio (a 7),Calcio
coni:183678,183678,TAULANTET SOCIETA' SPORTIVA DILETTANTISTICA A R.L.,Calcio (a 11),Calcio
coni:183680,183680,A.S.D. SAPRI CALCIO,Calcio (a 11),Calcio
coni:183681,183681,GRUPPO SPORTIVO TRAVERSAGNA A.S.D.,Calcio (a 11),Calcio
coni:183682,183682,ACADEMY BREGNANESE ARDOR A.S.D.,Calcio (a 11),Calcio
coni:183695,183695,A.S.D. SFERRACAVALLO 2023,Calcio (a 11),Calcio
coni:183700,183700,PALAZZOLO SSDARL,Calcio (a 11),Calcio
coni:183701,183701,ASD ACADEMY SCHOOL BASSSANO ROMANO,Calcio (a 11),Calcio
coni:183706,183706,A.S.D. OTTANA CALCIO,Calcio (a 11),Calcio
coni:183708,183708,A.S.D. ARZIGNANO CALCIO A 5,Futsal (calcio da sala - calcio a 5),Futsal
coni:183710,183710,ATLETIC FRAMPULA ASD,Calcio (a 11),Calcio
coni:18372,18372,A.S.D. FAVARO 1948,Calcio (a 11),Calcio
coni:183724,183724,A.S.D. A.C. SAREZZO2023,Calcio (a 11),Calcio
coni:183734,183734,REAL BASIGLIO MILANO 3 SSD A R.L.,Calcio (a 11),Calcio
coni:183740,183740,IMPERIESE CALCIO ASSOCIAZIONE SPORTIVA DILETTANTISTICA,Calcio (a 11),Calcio
coni:183757,183757,ASD FERTILIA FC APS,Calcio (a 11),Calcio
coni:183766,183766,NUOVO LOREO 23 A.S.D.,Calcio (a 11),Calcio
coni:183767,183767,"""ACCADEMIA CALCIO AREZZO 1923 SOCIETA' SPORTIVA DILETTANTISTICA A RESPONSABILITA' LIMITATA"" IN BREVE ""ACCADEMIA CALCIO AREZZO 1923 SSD A R.L.""",Calcio (a 11),Calcio
coni:183777,183777,ASSOCIAZIONE SPORTIVA DILETTANTISTICA PIANO SOLARE,Calcio (a 11),Calcio
coni:183793,183793,ASSOCIAZIONE SPORTIVA DILETTANTISTICA AMICI DI DAVIDE,Calcio (a 11),Calcio
coni:183809,183809,A.S.D. PIEGARO 2023,Calcio (a 11),Calcio
coni:183814,183814,A.S.D. G.S.R. FOOTBALL CLUB,Calcio (a 11),Calcio
coni:183831,183831,NESS SOCIETA' SPORTIVA DILETTANTISTICA - S.R.L.,Calcio (a 11),Calcio
coni:183831,183831,NESS SOCIETA' SPORTIVA DILETTANTISTICA - S.R.L.,Futsal (calcio da sala - calcio a 5),Futsal
coni:183831,183831,NESS SOCIETA' SPORTIVA DILETTANTISTICA - S.R.L.,Calcio (a 7),Calcio
coni:183831,183831,NESS SOCIETA' SPORTIVA DILETTANTISTICA - S.R.L.,Pallanuoto,Pallanuoto
coni:183831,183831,NESS SOCIETA' SPORTIVA DILETTANTISTICA - S.R.L.,Calcio (a 8),Calcio
coni:183832,183832,ASSOCIAZIONE SPORTIVA DILETTANTISTICA COSMANO SPORT FOGGIA,Calcio (a 11),Calcio
coni:183867,183867,ASD RINASCITA AFRAGOLA 2023,Calcio (a 11),Calcio
coni:183870,183870,ASD CALCIO 2000 C5,Futsal (calcio da sala - calcio a 5),Futsal
coni:183873,183873,A.S.D. SALVANO,Calcio (a 11),Calcio
coni:183875,183875,A.S.D. PARADISO,Calcio (a 11),Calcio
coni:183875,183875,A.S.D. PARADISO,Futsal (calcio da sala - calcio a 5),Futsal
coni:183875,183875,A.S.D. PARADISO,Calcio (a 7),Calcio
coni:183881,183881,A.S.D. LODETTO CALCIO,Calcio (a 11),Calcio
coni:183887,183887,FOOTBALL CLUB FEMMINILE LUMEZZANE SSD SRL,Calcio (a 11),Calcio
coni:183889,183889,POLISPORTIVA COMUNALE GHISALBA CALCIO ASD,Calcio (a 11),Calcio
coni:18389,18389,A.S.D. BREGANZE 1919,Calcio (a 11),Calcio
coni:1839,1839,ASS.SPORT.DILETT.SALIVOLI CALCIO,Calcio (a 11),Calcio
coni:183905,183905,ASSOCIAZIONE SPORTIVA DILETTANTISTICA VALVERDE,Calcio (a 11),Calcio
coni:183905,183905,ASSOCIAZIONE SPORTIVA DILETTANTISTICA VALVERDE,Calcio (a 7),Calcio
coni:183907,183907,ASSOCIAZIONE SPORTIVA DILETTANTISTICA ACCADEMIA SAINTS,Futsal (calcio da sala - calcio a 5),Futsal
coni:183908,183908,A.S..D. WOMEN VENERA CALCIO,Calcio (a 11),Calcio
coni:183914,183914,ASD ATLETICO CALCIO AFRAGOLESE,Calcio (a 11),Calcio
coni:183949,183949,POLISPORTIVA AIRONE CALDERARA ASSOCIAZIONE DILETTA,Calcio (a 11),Calcio
coni:183949,183949,POLISPORTIVA AIRONE CALDERARA ASSOCIAZIONE DILETTA,Calcio (a 8),Calcio
coni:183949,183949,POLISPORTIVA AIRONE CALDERARA ASSOCIAZIONE DILETTA,Pallacanestro,Basket
coni:183949,183949,POLISPORTIVA AIRONE CALDERARA ASSOCIAZIONE DILETTA,Pallavolo,Volley
coni:183951,183951,CIRENAICA BOLOGNA A.S.D.,Calcio (a 11),Calcio
coni:183952,183952,UNION SG SOZZIGALLI ASD,Calcio (a 11),Calcio
coni:184,184,ASD PGS E. BOSICO,Calcio (a 11),Calcio
coni:184016,184016,M.F.M. UNITED A.S.D.,Calcio (a 11),Calcio
coni:184019,184019,VALMISA FUTSAL ASSOCIAZIONE SPORTIVA DILETTANTISTICA,Futsal (calcio da sala - calcio a 5),Futsal
coni:184020,184020,ASD FOOTBALL CLUB GUALDO,Calcio (a 11),Calcio
coni:184020,184020,ASD FOOTBALL CLUB GUALDO,Calcio (a 8),Calcio
coni:184020,184020,ASD FOOTBALL CLUB GUALDO,Futsal (calcio da sala - calcio a 5),Futsal
coni:184020,184020,ASD FOOTBALL CLUB GUALDO,Calcio (a 7),Calcio
coni:184022,184022,A.S.D. CANTERA GIALLO AZZURRA,Calcio (a 11),Calcio
coni:184024,184024,ASSOCIAZIONE SPORTIVA DILETTANTISTICA LERICI F.C.,Calcio (a 11),Calcio
coni:184025,184025,A.S.D. FUSTAL PACHINO 2023,Futsal (calcio da sala - calcio a 5),Futsal
coni:184028,184028,ASSOCIAZIONE SPORTIVA DILETTANTISTICA PAPIANO 1965,Calcio (a 11),Calcio
coni:184029,184029,A.S.D. REAL FIUMICINO C5,Futsal (calcio da sala - calcio a 5),Futsal
coni:184030,184030,ASSOCIAZIONE SPORTIVA DILETTANTISTICA SDM,Futsal (calcio da sala - calcio a 5),Futsal
coni:184053,184053,A.S.D. U.C. DEA RIMINI,Calcio (a 11),Calcio
coni:184054,184054,ASD BORGO VITTORIA CIT TURIN,Calcio (a 11),Calcio
coni:184059,184059,A.S.D. CITTA' SANT'ANGELO,Calcio (a 11),Calcio
coni:184059,184059,A.S.D. CITTA' SANT'ANGELO,Futsal (calcio da sala - calcio a 5),Futsal
coni:184067,184067,ASD SAN SISTO 2023,Calcio (a 11),Calcio
coni:184067,184067,ASD SAN SISTO 2023,Futsal (calcio da sala - calcio a 5),Futsal
coni:184073,184073,A.S.D. ATTUONI AVENZA,Calcio (a 11),Calcio
coni:184074,184074,A.S.D. ACCADEMY VENARIA FUTSAL,Futsal (calcio da sala - calcio a 5),Futsal
coni:184075,184075,ASSOCIAZIONE SPORTIVA DILETTANTISTICA VIRTUS CESANO BOSCONE MP,Calcio (a 11),Calcio
coni:184075,184075,ASSOCIAZIONE SPORTIVA DILETTANTISTICA VIRTUS CESANO BOSCONE MP,Calcio (a 7),Calcio
coni:184081,184081,ASSOCIAZIONE SPORTIVA DILETTANTISTICA INDOMITA FUTSAL CLUB,Futsal (calcio da sala - calcio a 5),Futsal
coni:184117,184117,A.S.D. TORRI 2023,Calcio (a 11),Calcio
coni:184118,184118,A.S.D. SCAFA,Calcio (a 11),Calcio
coni:184121,184121,A.S.D. VIGOR SAN SISTO,Calcio (a 11),Calcio
coni:184123,184123,ASSOCIAZIONE SPORTIVA DILETTANTISTICA STELLA MARIS 2023,Calcio (a 11),Calcio
coni:184124,184124,ACCADEMIA CAVOURESE ASD,Calcio (a 11),Calcio
coni:184133,184133,A.S.D. NOCCIANO CALCIO,Calcio (a 11),Calcio
coni:184134,184134,VIRTUS POSSIDIESE A.S.D.,Calcio (a 11),Calcio
coni:184136,184136,A.S.D. REAL PIOPPO,Calcio (a 11),Calcio
coni:184137,184137,ASSOCIAZIONE SPORTIVA DILETTANTISTICA SPORTING SASSARI,Calcio (a 11),Calcio
coni:184138,184138,"ASSOCIAZIONE SPORTIVA DILETTANTISTICA ""A.S.D. FUTSAL CERCHIO""",Futsal (calcio da sala - calcio a 5),Futsal
coni:184143,184143,ASD LUCCA OVEST F.C.,Calcio (a 11),Calcio
coni:184144,184144,ASSOCIAZIONE SPORTIVA DILETTANTIST REAL SUNSERVICE,Calcio (a 11),Calcio
coni:184145,184145,S.P.A.L. S.R.L.,Calcio (a 11),Calcio
coni:184151,184151,ASD SAN GIULIANO CITY,Futsal (calcio da sala - calcio a 5),Futsal
coni:184151,184151,ASD SAN GIULIANO CITY,Calcio (a 11),Calcio
coni:184172,184172,A.S.D. FARINDOLA CALCIO,Calcio (a 11),Calcio
coni:184173,184173,A.S.D. PROMO C/5,Futsal (calcio da sala - calcio a 5),Futsal
coni:184181,184181,ASSOCIAZIONE SPORTIVA DILETTANTISTICA INCLUSIONE IN MOVIMENTO SIRACUSA APS,Calcio (a 7),Calcio
coni:184181,184181,ASSOCIAZIONE SPORTIVA DILETTANTISTICA INCLUSIONE IN MOVIMENTO SIRACUSA APS,Pallamano,Pallamano
coni:184181,184181,ASSOCIAZIONE SPORTIVA DILETTANTISTICA INCLUSIONE IN MOVIMENTO SIRACUSA APS,Calcio (a 11),Calcio
coni:184181,184181,ASSOCIAZIONE SPORTIVA DILETTANTISTICA INCLUSIONE IN MOVIMENTO SIRACUSA APS,Beach Handball,Pallamano
coni:184181,184181,ASSOCIAZIONE SPORTIVA DILETTANTISTICA INCLUSIONE IN MOVIMENTO SIRACUSA APS,Pallanuoto,Pallanuoto
coni:184181,184181,ASSOCIAZIONE SPORTIVA DILETTANTISTICA INCLUSIONE IN MOVIMENTO SIRACUSA APS,Calcio (a 8),Calcio
coni:184181,184181,ASSOCIAZIONE SPORTIVA DILETTANTISTICA INCLUSIONE IN MOVIMENTO SIRACUSA APS,Beach Soccer,Calcio
coni:184181,184181,ASSOCIAZIONE SPORTIVA DILETTANTISTICA INCLUSIONE IN MOVIMENTO SIRACUSA APS,Futsal (calcio da sala - calcio a 5),Futsal
coni:184181,184181,ASSOCIAZIONE SPORTIVA DILETTANTISTICA INCLUSIONE IN MOVIMENTO SIRACUSA APS,Pallacanestro 3 contro 3,Basket
coni:184181,184181,ASSOCIAZIONE SPORTIVA DILETTANTISTICA INCLUSIONE IN MOVIMENTO SIRACUSA APS,Pallacanestro,Basket
coni:184181,184181,ASSOCIAZIONE SPORTIVA DILETTANTISTICA INCLUSIONE IN MOVIMENTO SIRACUSA APS,Beach Basket,Basket
coni:184214,184214,ASSOCIAZIONE SPORTIVA DILETTANTISTICA ROCCAVIONE,Calcio (a 11),Calcio
coni:184216,184216,SAN MARCO O.S.F. A.S.D.,Calcio (a 11),Calcio
coni:184216,184216,SAN MARCO O.S.F. A.S.D.,Calcio (a 7),Calcio
coni:184221,184221,A.S.D. CANTERA ADRIATICA F.C.,Calcio (a 11),Calcio
coni:184221,184221,A.S.D. CANTERA ADRIATICA F.C.,Calcio (a 8),Calcio
coni:184221,184221,A.S.D. CANTERA ADRIATICA F.C.,Calcio (a 7),Calcio
coni:184233,184233,POLISPORTIVA TERRICCIOLA A.S.D.,Calcio (a 11),Calcio
coni:184235,184235,ASD MCF WOMEN,Futsal (calcio da sala - calcio a 5),Futsal
coni:184242,184242,MOGORELLA CALCIO ASSOCIAZIONE SPORTIVA DILETTANTISTICA,Calcio (a 11),Calcio
coni:184243,184243,ASSOCIAZIONE SPORTIVA DILETTANTISTICA REAL ANZANO 2023,Calcio (a 11),Calcio
coni:184256,184256,ASD POLISPORTIVA PINETUM 2023,Calcio (a 11),Calcio
coni:184256,184256,ASD POLISPORTIVA PINETUM 2023,Futsal (calcio da sala - calcio a 5),Futsal
coni:184257,184257,ASSOCIAZIONE SPORTIVA DILETTANTISTICA SOCRATES CARPIGNANO,Calcio (a 11),Calcio
coni:184259,184259,ASSOCIAZIONE SPORTIVA DILETTANTISTICA STRADA CASTEL SAN NICCOLO',Calcio (a 11),Calcio
coni:184262,184262,ASSOCIAZIONE SPORTIVA DILETTANTISTICA JUNIOR FLEGREA,Calcio (a 11),Calcio
coni:184262,184262,ASSOCIAZIONE SPORTIVA DILETTANTISTICA JUNIOR FLEGREA,Calcio (a 8),Calcio
coni:184262,184262,ASSOCIAZIONE SPORTIVA DILETTANTISTICA JUNIOR FLEGREA,Futsal (calcio da sala - calcio a 5),Futsal
coni:184262,184262,ASSOCIAZIONE SPORTIVA DILETTANTISTICA JUNIOR FLEGREA,Calcio (a 7),Calcio
coni:184268,184268,POLISPORTIVA MONTEROSSO ASD,Calcio (a 11),Calcio
coni:184271,184271,ASD PREGIO CALCIO,Futsal (calcio da sala - calcio a 5),Futsal
coni:184282,184282,ASSOCIAZIONE SPORTIVA DILETTANTISTICA CITTA' DI CATTOLICA FC,Calcio (a 11),Calcio
coni:18430,18430,ASSOCIAZIONE SPORTIVA DILETTANTISTICA REAL SASSOFERRATO,Calcio (a 11),Calcio
coni:184326,184326,A.S.D. CITTA' DI AVETRANA,Calcio (a 11),Calcio
coni:184331,184331,ASD SPORTING CAMPAGNA DRIBBLING,Calcio (a 11),Calcio
coni:184350,184350,A.C.CASTIGLIONESE ASSOCIAZIONE SPORTIVA DILETTANTISTICA,Calcio (a 11),Calcio
coni:184376,184376,ASD NUOVO CALCIO CASALEONE,Calcio (a 11),Calcio
coni:184376,184376,ASD NUOVO CALCIO CASALEONE,Futsal (calcio da sala - calcio a 5),Futsal
coni:184377,184377,ATLETICO VALDIPESA A.S.D.,Calcio (a 11),Calcio
coni:184380,184380,A.S.D.FOOTBALL CLUB MANDURIA,Calcio (a 11),Calcio
coni:184381,184381,ASD EFFE CLUB CALCIO ASSOC. SPORTIVA DILETTANTISTICA,Futsal (calcio da sala - calcio a 5),Futsal
coni:184381,184381,ASD EFFE CLUB CALCIO ASSOC. SPORTIVA DILETTANTISTICA,Calcio (a 11),Calcio
coni:184381,184381,ASD EFFE CLUB CALCIO ASSOC. SPORTIVA DILETTANTISTICA,Calcio (a 7),Calcio
coni:18443,18443,A.C. MONTEVIALE ASSOCIAZIONE SPORTIVA DILETTANTISTICA,Calcio (a 11),Calcio
coni:184439,184439,VIRTUS DON BOSCO SOCIETA' SPORTIVA DILETTANTISTICA A RESPONSABILITA' LIMITATA,Calcio (a 11),Calcio
coni:184439,184439,VIRTUS DON BOSCO SOCIETA' SPORTIVA DILETTANTISTICA A RESPONSABILITA' LIMITATA,Futsal (calcio da sala - calcio a 5),Futsal
coni:184439,184439,VIRTUS DON BOSCO SOCIETA' SPORTIVA DILETTANTISTICA A RESPONSABILITA' LIMITATA,Calcio (a 8),Calcio
coni:184439,184439,VIRTUS DON BOSCO SOCIETA' SPORTIVA DILETTANTISTICA A RESPONSABILITA' LIMITATA,Calcio (a 7),Calcio
coni:184440,184440,A.S.D. ATLETICO TORRE MAURA,Calcio (a 11),Calcio
coni:184451,184451,LAURENTINA FUTSAL ASSOCIAZIONE SPORTIVA DILETTANTISTICA,Futsal (calcio da sala - calcio a 5),Futsal
coni:184453,184453,ASD GLI INVINCIBILI DI OMEGNA,Calcio (a 7),Calcio
coni:184454,184454,A.S.D. ALTAMURA CALCIO A CINQUE,Futsal (calcio da sala - calcio a 5),Futsal
coni:184455,184455,A.S.D. UNITED GROTTAGLIE,Calcio (a 11),Calcio
coni:184459,184459,ACADEMY CALCIO ALBEROBELLO ASD,Calcio (a 11),Calcio
coni:184459,184459,ACADEMY CALCIO ALBEROBELLO ASD,Calcio (a 8),Calcio
coni:184459,184459,ACADEMY CALCIO ALBEROBELLO ASD,Futsal (calcio da sala - calcio a 5),Futsal
coni:184459,184459,ACADEMY CALCIO ALBEROBELLO ASD,Calcio (a 7),Calcio
coni:184460,184460,ASD PIANO GRANDE,Calcio (a 11),Calcio
coni:184463,184463,ASSOCIAZIONE CALCISTICA MANOCALZATI A.S.D.,Calcio (a 11),Calcio
coni:184490,184490,A.S.D. ATLETICO PIZZO,Calcio (a 11),Calcio
coni:184490,184490,A.S.D. ATLETICO PIZZO,Futsal (calcio da sala - calcio a 5),Futsal
coni:1845,1845,ATLETICO PERTICATA - ASSOCIAZIONE SPORTIVA DILETTANTISTICA,Calcio (a 11),Calcio
coni:1845,1845,ATLETICO PERTICATA - ASSOCIAZIONE SPORTIVA DILETTANTISTICA,Calcio (a 8),Calcio
coni:184506,184506,ASSOCIAZIONE SPORTIVA DILETTANTISTICA BOSCHESE FUTSAL,Futsal (calcio da sala - calcio a 5),Futsal
coni:184506,184506,ASSOCIAZIONE SPORTIVA DILETTANTISTICA BOSCHESE FUTSAL,Calcio (a 11),Calcio
coni:184506,184506,ASSOCIAZIONE SPORTIVA DILETTANTISTICA BOSCHESE FUTSAL,Calcio (a 8),Calcio
coni:184506,184506,ASSOCIAZIONE SPORTIVA DILETTANTISTICA BOSCHESE FUTSAL,Calcio (a 7),Calcio
coni:184509,184509,ASSOCIAZIONE SPORTIVA DILETTANTISTICA VERBANIA OLYMPIA 20.20,Calcio (a 11),Calcio
coni:184520,184520,ASSOCIAZIONE SPORTIVA DILETTANTISTICA SAN PIETRO DI SCAFATI,Calcio (a 11),Calcio
coni:184536,184536,A.S.D. ACADEMY ETNA SOCCER 2023,Calcio (a 11),Calcio
coni:184536,184536,A.S.D. ACADEMY ETNA SOCCER 2023,Calcio (a 8),Calcio
coni:184536,184536,A.S.D. ACADEMY ETNA SOCCER 2023,Futsal (calcio da sala - calcio a 5),Futsal
coni:184536,184536,A.S.D. ACADEMY ETNA SOCCER 2023,Calcio (a 7),Calcio
coni:184537,184537,A.S.D. GALBATO ACADEMY,Calcio (a 11),Calcio
coni:184537,184537,A.S.D. GALBATO ACADEMY,Calcio (a 8),Calcio
coni:184537,184537,A.S.D. GALBATO ACADEMY,Futsal (calcio da sala - calcio a 5),Futsal
coni:184537,184537,A.S.D. GALBATO ACADEMY,Calcio (a 7),Calcio
coni:184551,184551,A.S.D. DOGANELLA CALCIO 2004,Calcio (a 11),Calcio
coni:184577,184577,ASSOCIAZIONE SPORTIVA DILETTANTISTICA CASA 33,Calcio (a 11),Calcio
coni:184579,184579,"""POLISPORTIVA DILETTANTISTICA ROCCA 2023""",Calcio (a 11),Calcio
coni:184582,184582,A.S.D. IL MOVI CENTALLO,Calcio (a 11),Calcio
coni:184583,184583,ASSOCIAZIONE SPORTIVA DILETTANTISTICA ATLETICO CASTELSARDO,Calcio (a 11),Calcio
coni:184583,184583,ASSOCIAZIONE SPORTIVA DILETTANTISTICA ATLETICO CASTELSARDO,Futsal (calcio da sala - calcio a 5),Futsal
coni:184583,184583,ASSOCIAZIONE SPORTIVA DILETTANTISTICA ATLETICO CASTELSARDO,Calcio (a 7),Calcio
coni:184585,184585,ASSOCIAZIONE SPORTIVA DILETTANTISTICA ROBUR 1989,Calcio (a 11),Calcio
coni:184587,184587,ROMENTINO C5 ASSOCIAZIONE SPORTIVA DILETTANTISTICA,Futsal (calcio da sala - calcio a 5),Futsal
coni:184605,184605,ASD MORESE,Calcio (a 11),Calcio
coni:184623,184623,ASD REAL GESCAL,Calcio (a 11),Calcio
coni:184623,184623,ASD REAL GESCAL,Futsal (calcio da sala - calcio a 5),Futsal
coni:184623,184623,ASD REAL GESCAL,Calcio (a 7),Calcio
coni:184623,184623,ASD REAL GESCAL,Beach Soccer,Calcio
coni:184634,184634,ASD PIZZOFERRATO,Calcio (a 11),Calcio
coni:184647,184647,ASD UNION TEAM MARMIROLO,Calcio (a 11),Calcio
coni:184652,184652,"""TIRINO BUSSI ASSOCIAZIONE SPORTIVA DILETTANTISTICA""",Calcio (a 11),Calcio
coni:184654,184654,A.S.D. CALCIO NURAGUS,Calcio (a 11),Calcio
coni:184657,184657,ASD LENTA LOZZOLO,Calcio (a 11),Calcio
coni:184663,184663,SERRAVALLE S.A. 2023 A.S.D.,Calcio (a 11),Calcio
coni:184664,184664,FABRIANO CALCIO A 5 2023 ASD,Futsal (calcio da sala - calcio a 5),Futsal
coni:184665,184665,SPORTING VAGLI ASSOCIAZIONE SPORTIVA DILETTANTISTICA,Calcio (a 11),Calcio
coni:184671,184671,NOZAREGO ASSOCIAZIONE SPORTIVA DILETTANTISTICA,Calcio (a 11),Calcio
coni:184672,184672,ASSOCIAZIONE SPORTIVA DILETTANTISTICA PETROSINO CALCIO 1969,Calcio (a 11),Calcio
coni:184673,184673,ASD VIRTUS TRE VILLE,Calcio (a 11),Calcio
coni:184677,184677,A.S.D. POLISPORTIVA CIVITATE,Calcio (a 11),Calcio
coni:184689,184689,ASD CORNER GENOVA,Calcio (a 11),Calcio
coni:184690,184690,ASD MONTE MUROS,Calcio (a 11),Calcio
coni:184695,184695,ASD ORONERO BLACK & GOLD,Calcio (a 11),Calcio
coni:184695,184695,ASD ORONERO BLACK & GOLD,Futsal (calcio da sala - calcio a 5),Futsal
coni:184695,184695,ASD ORONERO BLACK & GOLD,Calcio (a 7),Calcio
coni:184698,184698,ASSOCIAZIONE SPORTIVA DILETTANTISTICA SPORTING CLUB ARGONETA,Futsal (calcio da sala - calcio a 5),Futsal
coni:184703,184703,ASD S. MARGHERITA - PINETO,Futsal (calcio da sala - calcio a 5),Futsal
coni:184704,184704,A.S.D. MES 12 SOCCER ACADEMY,Calcio (a 11),Calcio
coni:184704,184704,A.S.D. MES 12 SOCCER ACADEMY,Calcio (a 8),Calcio
coni:184704,184704,A.S.D. MES 12 SOCCER ACADEMY,Futsal (calcio da sala - calcio a 5),Futsal
coni:184704,184704,A.S.D. MES 12 SOCCER ACADEMY,Calcio (a 7),Calcio
coni:184707,184707,ASD CAPRACOTTA,Futsal (calcio da sala - calcio a 5),Futsal
coni:184708,184708,U.S.LIPORTESE A.S.D.,Futsal (calcio da sala - calcio a 5),Futsal
coni:184726,184726,ASD REAL SALUGGIA,Calcio (a 11),Calcio
coni:184728,184728,ASD CITTA' DI VICO EQUENSE CALCIO,Calcio (a 11),Calcio
coni:184729,184729,ASD CONTRADA FORINO,Calcio (a 11),Calcio
coni:184731,184731,A.S.D. POLISPORTIVA AMARANTO,Calcio (a 11),Calcio
coni:184736,184736,ASSOCIAZIONE SPORTIVA DILETTANTISTICA E CULTURALE CIRCOLO IL BACOCO'S,Futsal (calcio da sala - calcio a 5),Futsal
coni:184737,184737,ASD VICTORIA SOLOFRA,Futsal (calcio da sala - calcio a 5),Futsal
coni:18474,18474,ASSOCIAZIONE SPORTIVA DILETTANTISTICA CALCIO LAMEZIA,Calcio (a 11),Calcio
coni:184741,184741,GO SPORT ASD,Calcio (a 11),Calcio
coni:18475,18475,A.S.D. ARBIZZANO,Calcio (a 11),Calcio
coni:184754,184754,ASD ACADEMY HATRIA,Calcio (a 11),Calcio
coni:184758,184758,COMPRENSORIO VIBONESE ASD,Calcio (a 11),Calcio
coni:184758,184758,COMPRENSORIO VIBONESE ASD,Calcio (a 8),Calcio
coni:184758,184758,COMPRENSORIO VIBONESE ASD,Futsal (calcio da sala - calcio a 5),Futsal
coni:184758,184758,COMPRENSORIO VIBONESE ASD,Calcio (a 7),Calcio
coni:184760,184760,A.S.D. FUTSAL CASALVECCHIO,Futsal (calcio da sala - calcio a 5),Futsal
coni:184771,184771,ASD LUESE CUCCARO,Calcio (a 11),Calcio
coni:184778,184778,A.S.D.SANT'ANDREA,Calcio (a 11),Calcio
coni:184780,184780,ASSOCIAZIONE SPORTIVA DILETTANTISTICA F.C. GUARDIA SANFRAMONDI,Calcio (a 11),Calcio
coni:184780,184780,ASSOCIAZIONE SPORTIVA DILETTANTISTICA F.C. GUARDIA SANFRAMONDI,Calcio (a 8),Calcio
coni:184780,184780,ASSOCIAZIONE SPORTIVA DILETTANTISTICA F.C. GUARDIA SANFRAMONDI,Futsal (calcio da sala - calcio a 5),Futsal
coni:184780,184780,ASSOCIAZIONE SPORTIVA DILETTANTISTICA F.C. GUARDIA SANFRAMONDI,Calcio (a 7),Calcio
coni:184786,184786,ASSOCIAZIONE GEA,Calcio (a 7),Calcio
coni:184805,184805,A.S.D. ALBA CITTAREALE ALTO LAZIO,Calcio (a 11),Calcio
coni:184807,184807,FUTSAL CHIARAVALLE A.S.D.,Futsal (calcio da sala - calcio a 5),Futsal
coni:184809,184809,A.S.D. CALCIO GREGORIANA,Calcio (a 11),Calcio
coni:184811,184811,A.S.D. ASSOCIAZIONE SPORTIVA FIAMMA ANTILLO,Calcio (a 11),Calcio
coni:184814,184814,A.S.D. VIRTUS VALLE PO,Calcio (a 11),Calcio
coni:184815,184815,MA'MA S.R.L.,Calcio (a 7),Calcio
coni:184816,184816,ASSOCIAZIONE SPORTIVA DILETTANTISTICA SPORTING CAPPELLE,Calcio (a 11),Calcio
coni:184816,184816,ASSOCIAZIONE SPORTIVA DILETTANTISTICA SPORTING CAPPELLE,Calcio (a 8),Calcio
coni:184816,184816,ASSOCIAZIONE SPORTIVA DILETTANTISTICA SPORTING CAPPELLE,Futsal (calcio da sala - calcio a 5),Futsal
coni:184816,184816,ASSOCIAZIONE SPORTIVA DILETTANTISTICA SPORTING CAPPELLE,Calcio (a 7),Calcio
coni:184819,184819,ASD SPARTAK GROTTA,Calcio (a 11),Calcio
coni:184822,184822,"ASD ""UN CALCIO ALLE BARRIERE"" APS",Calcio (a 7),Calcio
coni:184824,184824,AZZURRA FRANCOFONTE A.S.D.,Calcio (a 11),Calcio
coni:184835,184835,COOP. SOCIALE CRISTO PANTOCRATORE SOC. COOP. ARL,Calcio (a 7),Calcio
coni:184840,184840,ASD SANT'ANGELO IN GROTTE,Calcio (a 11),Calcio
coni:184855,184855,ASD CISTERNA CALCIO,Calcio (a 11),Calcio
coni:184856,184856,ASD PINEROLO WOMEN,Calcio (a 11),Calcio
coni:184900,184900,ASSOCIAZIONE SPORTIVA DILETTANTISTICA ACADEMY CICCIO LODI,Calcio (a 11),Calcio
coni:184900,184900,ASSOCIAZIONE SPORTIVA DILETTANTISTICA ACADEMY CICCIO LODI,Calcio (a 8),Calcio
coni:184900,184900,ASSOCIAZIONE SPORTIVA DILETTANTISTICA ACADEMY CICCIO LODI,Futsal (calcio da sala - calcio a 5),Futsal
coni:184900,184900,ASSOCIAZIONE SPORTIVA DILETTANTISTICA ACADEMY CICCIO LODI,Calcio (a 7),Calcio
coni:184901,184901,ASD REBAUDENGO SEMPIONE,Calcio (a 11),Calcio
coni:184902,184902,A.S.D. URBINO CALCIO A 5,Futsal (calcio da sala - calcio a 5),Futsal
coni:184937,184937,ASSOCIAZIONE SPORTIVA DILETTANTISTICA GIOVANI COLLIGIANA,Calcio (a 11),Calcio
coni:184946,184946,ASSOCIAZIONE DILETTANTISTICA POLISPORTIVA CARRARESE,Pallamano,Pallamano
coni:184946,184946,ASSOCIAZIONE DILETTANTISTICA POLISPORTIVA CARRARESE,Beach Handball,Pallamano
coni:184946,184946,ASSOCIAZIONE DILETTANTISTICA POLISPORTIVA CARRARESE,Calcio (a 11),Calcio
coni:184948,184948,ASSOCIAZIONE SPORTIVA DILETTANTISTICA MUSSOMELI,Calcio (a 11),Calcio
coni:184948,184948,ASSOCIAZIONE SPORTIVA DILETTANTISTICA MUSSOMELI,Calcio (a 8),Calcio
coni:184948,184948,ASSOCIAZIONE SPORTIVA DILETTANTISTICA MUSSOMELI,Futsal (calcio da sala - calcio a 5),Futsal
coni:184948,184948,ASSOCIAZIONE SPORTIVA DILETTANTISTICA MUSSOMELI,Calcio (a 7),Calcio
coni:184949,184949,ASD PRO-TERMOLI,Calcio (a 11),Calcio
coni:184977,184977,A.S.D. PRO SOCCER BISCEGLIE,Calcio (a 11),Calcio
coni:184981,184981,ASSOCIAZIONE SPORTIVA DILETTANTISTICA MIRABELLESE,Futsal (calcio da sala - calcio a 5),Futsal
coni:184982,184982,A.S.D. DBFS SAN PIETRO,Calcio (a 11),Calcio
coni:184984,184984,A.S.D. POLISPORTIVA BELMONTESE,Calcio (a 11),Calcio
coni:184987,184987,ASD MASSIMO PALANCA,Calcio (a 11),Calcio
coni:184993,184993,A.S.D. SAN PIETRO APOSTOLO 1963,Calcio (a 11),Calcio
coni:184995,184995,A.S.D. CITTA' DI RIPOSTO F.C.,Calcio (a 11),Calcio
coni:184996,184996,A.S.D. MONTAQUILA CALCIO A 5,Futsal (calcio da sala - calcio a 5),Futsal
coni:185003,185003,ASSOCIAZIONE SPORTIVA DILETTANTISTICA CESAROLO,Calcio (a 11),Calcio
coni:185004,185004,FOOTBALL CLUB DILETTANTISTICO CASTAGNA 2023,Calcio (a 11),Calcio
coni:185045,185045,ASSOCIAZIONE SPORTIVA DILETTANTISTICA PESCARA 1927,Futsal (calcio da sala - calcio a 5),Futsal
coni:185058,185058,A.S.D. ATLETICO BROCCOSTELLA,Calcio (a 11),Calcio
coni:185085,185085,ASD PRETARA,Calcio (a 11),Calcio
coni:185088,185088,A.S.D. REAL AKERY 2023,Calcio (a 11),Calcio
coni:185089,185089,ASD REAL SIANESE 1961,Calcio (a 11),Calcio
coni:185099,185099,ASD NOSADELLESE,Calcio (a 11),Calcio
coni:18512,18512,LGS SPORT ACADEMY ASSOCIAZIONE POLISPORTIVA DILETTANTISTICA,Calcio (a 11),Calcio
coni:18512,18512,LGS SPORT ACADEMY ASSOCIAZIONE POLISPORTIVA DILETTANTISTICA,Pallacanestro,Basket
coni:18512,18512,LGS SPORT ACADEMY ASSOCIAZIONE POLISPORTIVA DILETTANTISTICA,Pallavolo,Volley
coni:18513,18513,S.S. OLIMPIA OSTRA VETERE U.S.D.,Calcio (a 11),Calcio
coni:185146,185146,A.S.D. REAL TUFINO 5,Futsal (calcio da sala - calcio a 5),Futsal
coni:185156,185156,ASSOCIAZIONE SPORTIVA DILETTANTISTICA ALBIANESE,Calcio (a 11),Calcio
coni:185157,185157,A.S.D.ADRANO SOCCER,Calcio (a 11),Calcio
coni:185157,185157,A.S.D.ADRANO SOCCER,Futsal (calcio da sala - calcio a 5),Futsal
coni:185157,185157,A.S.D.ADRANO SOCCER,Calcio (a 7),Calcio
coni:185157,185157,A.S.D.ADRANO SOCCER,Calcio (a 8),Calcio
coni:185159,185159,ASD MARINEO CALCIO,Calcio (a 11),Calcio
coni:185160,185160,ASSOCIAZIONE SPORTIVA DILETTANTISTICA REAL CARRAPIPI,Calcio (a 11),Calcio
coni:18517,18517,S.S. PIANO SAN LAZZARO 1948 ASD,Calcio (a 11),Calcio
coni:185171,185171,A.S.D. MONTI AUSONI,Calcio (a 11),Calcio
coni:185172,185172,A.S.D. VIRTUS ERCHIE,Calcio (a 11),Calcio
coni:185172,185172,A.S.D. VIRTUS ERCHIE,Futsal (calcio da sala - calcio a 5),Futsal
coni:185172,185172,A.S.D. VIRTUS ERCHIE,Calcio (a 7),Calcio
coni:185174,185174,ASD VESUVIO BOSCOTRECASE,Calcio (a 11),Calcio
coni:185175,185175,ASD VILLA CELIERA,Calcio (a 11),Calcio
coni:18518,18518,F.C. VIGOR SENIGALLIA - SOCIETA' SPORTIVA DILETTANTISTICA A R.L.,Calcio (a 11),Calcio
coni:185225,185225,REAL BOLOGNA ASD,Calcio (a 11),Calcio
coni:185229,185229,ASD MOMBRETTESE,Calcio (a 11),Calcio
coni:18523,18523,POL. D. AMATORI 85 BREMBATE DI SOPRA ASSOCIAZIONE SPORTIVA DILETTANTISTICA,Calcio (a 11),Calcio
coni:185237,185237,ASSOCIAZIONE SPORTIVA DILETTANTISTICA REAL MATTINE AGROPOLI,Calcio (a 11),Calcio
coni:185238,185238,A.S.D ATHLETIC CLUB LAURENTINO C5,Futsal (calcio da sala - calcio a 5),Futsal
coni:185240,185240,ASSOCIAZIONE SPORTIVA DILETTANTISTICA G&G CASTEL SAN GIORGIO,Calcio (a 11),Calcio
coni:185241,185241,ASD VILLASETA FUTSAL,Futsal (calcio da sala - calcio a 5),Futsal
coni:185255,185255,A.S.D. ACCADEMIA SPORTING CLUB FERENTINO,Calcio (a 11),Calcio
coni:185279,185279,ASD ACADEMY FBC CALANGIANUS,Calcio (a 11),Calcio
coni:18528,18528,ASS. SPORT. DILETT. ASD MANTA,Calcio (a 11),Calcio
coni:185285,185285,ASD MILLENIUM,Calcio (a 11),Calcio
coni:185285,185285,ASD MILLENIUM,Calcio (a 8),Calcio
coni:185285,185285,ASD MILLENIUM,Futsal (calcio da sala - calcio a 5),Futsal
coni:185285,185285,ASD MILLENIUM,Calcio (a 7),Calcio
coni:185299,185299,VIRTUS QUALIANO 2022 ASD,Calcio (a 11),Calcio
coni:185314,185314,A.S.D.PIAZZA ARMERINA,Calcio (a 11),Calcio
coni:185332,185332,A.S.D. ACADEMY ECOCITY GENZANO C5,Calcio (a 11),Calcio
coni:185334,185334,A.S.D. ATLETICO GRAGNANO 2023,Calcio (a 11),Calcio
coni:185335,185335,ASD BERCHIDDEDDU,Calcio (a 11),Calcio
coni:185345,185345,ASSOCIAZIONE SPORTIVA DILLETTANTISTICA DEHON SPINETTA,Calcio (a 11),Calcio
coni:185352,185352,ASD PERFUGHESE,Calcio (a 11),Calcio
coni:185401,185401,ASSOCIAZIONE SPORTIVA DILETTANTISTICA PICCOLI GIGANTI,Calcio (a 11),Calcio
coni:18541,18541,U.S. FALCO ASD,Calcio (a 11),Calcio
coni:185485,185485,A.S.D. PIAGGINESE,Calcio (a 11),Calcio
coni:185503,185503,ASSOCIAZIONE SPORTIVA DILETTANTISTICA MAGES,Futsal (calcio da sala - calcio a 5),Futsal
coni:185503,185503,ASSOCIAZIONE SPORTIVA DILETTANTISTICA MAGES,Calcio (a 7),Calcio
coni:185503,185503,ASSOCIAZIONE SPORTIVA DILETTANTISTICA MAGES,Calcio (a 11),Calcio
coni:18552,18552,BUSCA 1920 SOCIETA' SPORTIVA DILETTANTISTICA A R.L.,Calcio (a 11),Calcio
coni:185531,185531,ASD FORTITUDO NOUKRIA CALCIO FEMMINILE,Calcio (a 11),Calcio
coni:185535,185535,MAC FONDENTI 1994 ASD,Futsal (calcio da sala - calcio a 5),Futsal
coni:185552,185552,POLISPORTIVA NEW FOOTBALL ASSOCIAZIONE SPORTIVA DILETTANTISTICA,Futsal (calcio da sala - calcio a 5),Futsal
coni:185552,185552,POLISPORTIVA NEW FOOTBALL ASSOCIAZIONE SPORTIVA DILETTANTISTICA,Calcio (a 7),Calcio
coni:185552,185552,POLISPORTIVA NEW FOOTBALL ASSOCIAZIONE SPORTIVA DILETTANTISTICA,Calcio (a 11),Calcio
coni:185562,185562,A.S.D. S.ANGELO ALL'ESCA,Calcio (a 11),Calcio
coni:18564,18564,U.S.D. BRESSANONE,Futsal (calcio da sala - calcio a 5),Futsal
coni:185652,185652,GOLDEN BOYS ASSOCIAZIONE SPORTIVA DILETTANTISTICA,Futsal (calcio da sala - calcio a 5),Futsal
coni:185652,185652,GOLDEN BOYS ASSOCIAZIONE SPORTIVA DILETTANTISTICA,Calcio (a 11),Calcio
coni:185652,185652,GOLDEN BOYS ASSOCIAZIONE SPORTIVA DILETTANTISTICA,Calcio (a 8),Calcio
coni:185652,185652,GOLDEN BOYS ASSOCIAZIONE SPORTIVA DILETTANTISTICA,Beach Soccer,Calcio
coni:185652,185652,GOLDEN BOYS ASSOCIAZIONE SPORTIVA DILETTANTISTICA,Calcio (a 7),Calcio
coni:18573,18573,A.S.D. SAN FILIPPO DEL MELA,Calcio (a 11),Calcio
coni:178590,178590,FOOTBALL CLUB LAGO PATRIA ASD,Calcio (a 11),Calcio
coni:179014,179014,A.S.D. FUTSAL CASTELFIDARDO,Futsal (calcio da sala - calcio a 5),Futsal
coni:179250,179250,A.S.D. VENAROTTESE 2022,Calcio (a 11),Calcio
coni:179258,179258,PATAVIUM CADONEGHE SOCIETA' SPORTIVA DILETTANTISTICA A RESPONSABILITA' LIMITATA,Calcio (a 11),Calcio
coni:179259,179259,ASD REAL SINDACALE,Calcio (a 11),Calcio
coni:179363,179363,A.S.D. POLISPORTIVA SANPOLESE,Futsal (calcio da sala - calcio a 5),Futsal
coni:179383,179383,ASD T.L SOCCER G.SCIREA,Calcio (a 11),Calcio
coni:179417,179417,A.S.D. PISCIOTTA CALCIO 2022,Calcio (a 11),Calcio
coni:179434,179434,ASD LAVIANO,Futsal (calcio da sala - calcio a 5),Futsal
coni:179507,179507,ASD CLUB OLIMPIA,Futsal (calcio da sala - calcio a 5),Futsal
coni:179710,179710,ASD AMALFI C5,Futsal (calcio da sala - calcio a 5),Futsal
coni:179844,179844,ASSOCIAZIONE SPORTIVA DILETTANTISTICA GOODFELLAS,Calcio (a 11),Calcio
coni:179848,179848,ASD CITTA' DI SOVERATO,Calcio (a 11),Calcio
coni:179876,179876,ASSOCIAZIONE SPORTIVA DILETTANTISTICA PRATOLA CALCIO,Calcio (a 11),Calcio
coni:179879,179879,VIRTUS SERENA LIFE SSD A R.L.,Calcio (a 11),Calcio
coni:179886,179886,A.S.D. REAL MARSI,Calcio (a 11),Calcio
coni:179887,179887,POL. D. SANTE MARIE,Calcio (a 11),Calcio
coni:179888,179888,A.S.D. OFENA,Calcio (a 11),Calcio
coni:181044,181044,ASD G.S. IGLESIAS CALCIO,Calcio (a 11),Calcio
coni:181211,181211,ATLAS FOOTBALL ACCADEMY - SAGRADO A.S.D.,Calcio (a 11),Calcio
coni:183707,183707,A.S.D. ACADEMY PIEVE,Calcio (a 11),Calcio
coni:183707,183707,A.S.D. ACADEMY PIEVE,Futsal (calcio da sala - calcio a 5),Futsal
coni:183707,183707,A.S.D. ACADEMY PIEVE,Calcio (a 7),Calcio
coni:18373,18373,A.S.D. TERRE ALTE BERCETO,Calcio (a 11),Calcio
coni:18373,18373,A.S.D. TERRE ALTE BERCETO,Futsal (calcio da sala - calcio a 5),Futsal
coni:18373,18373,A.S.D. TERRE ALTE BERCETO,Calcio (a 7),Calcio
coni:184120,184120,A.S.D. FURNARI ASSOCIAZIONE SPORTIVA DILETTANTISTICA,Calcio (a 11),Calcio
coni:184120,184120,A.S.D. FURNARI ASSOCIAZIONE SPORTIVA DILETTANTISTICA,Futsal (calcio da sala - calcio a 5),Futsal
coni:184232,184232,ASSOCIAZIONE SUIO TERME,Calcio (a 11),Calcio
coni:184264,184264,ASSOCIAZIONE SPORTIVA DILETTANTISTICA FUTSAL LUCCHESE,Futsal (calcio da sala - calcio a 5),Futsal
coni:184321,184321,ASD ALTA VALDORBA,Calcio (a 11),Calcio
coni:18476,18476,ASSOCIAZIONE SPORTIVA DILETTANTISTICA SEGARIU,Calcio (a 11),Calcio
coni:185007,185007,ASD ISCA FUTSAL,Futsal (calcio da sala - calcio a 5),Futsal
coni:185733,185733,"A.S.D. "" CULTURALE LIBERAMENTE"" A.P.S.",Calcio (a 11),Calcio
coni:185740,185740,ASD NEW EREA,Calcio (a 11),Calcio
coni:185753,185753,A.S.D. SOCCER PONSACCO,Calcio (a 11),Calcio
coni:185756,185756,ASSOCIAZIONE SPORTIVA DILETTANTISTICA ACADEMY R.BOSCOTRECASE,Calcio (a 11),Calcio
coni:185756,185756,ASSOCIAZIONE SPORTIVA DILETTANTISTICA ACADEMY R.BOSCOTRECASE,Futsal (calcio da sala - calcio a 5),Futsal
coni:185756,185756,ASSOCIAZIONE SPORTIVA DILETTANTISTICA ACADEMY R.BOSCOTRECASE,Calcio (a 8),Calcio
coni:185756,185756,ASSOCIAZIONE SPORTIVA DILETTANTISTICA ACADEMY R.BOSCOTRECASE,Calcio (a 7),Calcio
coni:185758,185758,A.S.D. BAGNESE CALCIO,Calcio (a 11),Calcio
coni:185759,185759,ASD CATERINESE 2023,Calcio (a 11),Calcio
coni:185759,185759,ASD CATERINESE 2023,Futsal (calcio da sala - calcio a 5),Futsal
coni:185759,185759,ASD CATERINESE 2023,Calcio (a 7),Calcio
coni:185763,185763,A.S.D. GIGI VIP FUTSAL SAN SEVERO,Futsal (calcio da sala - calcio a 5),Futsal
coni:185764,185764,ASSOCIAZIONE SPORTIVA DILETTANTISTICA SANZESE,Calcio (a 11),Calcio
coni:185766,185766,A.S.D. SPORTING LATIANO,Calcio (a 11),Calcio
coni:185766,185766,A.S.D. SPORTING LATIANO,Futsal (calcio da sala - calcio a 5),Futsal
coni:185766,185766,A.S.D. SPORTING LATIANO,Calcio (a 7),Calcio
coni:185767,185767,A.S.D. TEGGIANESE,Calcio (a 11),Calcio
coni:185770,185770,ASSOCIAZIONE SPORTIVA DILETTANTISTICA VIRTUS MONTEMILETTO,Calcio (a 11),Calcio
coni:185774,185774,ASD ACADEMY FANTASY,Calcio (a 11),Calcio
coni:185776,185776,ASD FOOTBALL CLUB KATANE,Calcio (a 11),Calcio
coni:185777,185777,A.S.D. COLLEGE ARDEA FOOTBALL CLUB,Calcio (a 11),Calcio
coni:185777,185777,A.S.D. COLLEGE ARDEA FOOTBALL CLUB,Calcio (a 8),Calcio
coni:185777,185777,A.S.D. COLLEGE ARDEA FOOTBALL CLUB,Calcio (a 7),Calcio
coni:185778,185778,A.S.D. FUTSAL PANTERE 2023,Futsal (calcio da sala - calcio a 5),Futsal
coni:185785,185785,ASSOCIAZIONE SPORTIVA DILETTANTISTICA REAL ACADEMY ACQUEDOLCI MURIALDO,Calcio (a 11),Calcio
coni:185786,185786,ASD REAL MONTESANO,Calcio (a 11),Calcio
coni:185787,185787,A.S.D. REAL POZZO,Calcio (a 11),Calcio
coni:185788,185788,ASD SANGIACOMESE 2023,Calcio (a 11),Calcio
coni:185789,185789,ASD SANRUFESE,Futsal (calcio da sala - calcio a 5),Futsal
coni:185791,185791,ASD SPORTING BUCCINO,Calcio (a 11),Calcio
coni:185793,185793,ASSOCIAZIONE SPORTIVA DILETTANTISTICA UNIONE SPORTIVA CALCIO VALMADONNA,Calcio (a 11),Calcio
coni:185794,185794,ASD VILLANOVA,Calcio (a 11),Calcio
coni:185795,185795,ASD ACADEMY BIENTINA CALCIO,Calcio (a 11),Calcio
coni:185796,185796,ASSOCIAZIONE SPORTIVA DILETTANTISTICA LILIBEO FUTSAL 2023,Futsal (calcio da sala - calcio a 5),Futsal
coni:185797,185797,A.S.D. SAN PIER NICETO,Calcio (a 11),Calcio
coni:185797,185797,A.S.D. SAN PIER NICETO,Futsal (calcio da sala - calcio a 5),Futsal
coni:185799,185799,G.S.D. MENFI,Calcio (a 11),Calcio
coni:185856,185856,ASD VIRTUS PALERMO CITY,Calcio (a 11),Calcio
coni:185876,185876,ASSOCIAZIONE SPORTIVA DILETTANTISTICA CASAMICCIOLA FIDELITATIS AETERNAE,Calcio (a 11),Calcio
coni:185878,185878,ASSOCIAZIONE SPORTIVA DILETTANTISTICA CLUB 1999 MESSINA SUD,Calcio (a 11),Calcio
coni:185878,185878,ASSOCIAZIONE SPORTIVA DILETTANTISTICA CLUB 1999 MESSINA SUD,Futsal (calcio da sala - calcio a 5),Futsal
coni:185878,185878,ASSOCIAZIONE SPORTIVA DILETTANTISTICA CLUB 1999 MESSINA SUD,Calcio (a 7),Calcio
coni:185878,185878,ASSOCIAZIONE SPORTIVA DILETTANTISTICA CLUB 1999 MESSINA SUD,Beach Soccer,Calcio
coni:185954,185954,A.S.D. PALINURO 2023,Calcio (a 11),Calcio
coni:185968,185968,ASD CERASO,Calcio (a 11),Calcio
coni:185999,185999,ASSOCIAZIONE SPORTIVA DILETTANTISTICA POLISPORTIVA CONZA 2023,Calcio (a 11),Calcio
coni:185999,185999,ASSOCIAZIONE SPORTIVA DILETTANTISTICA POLISPORTIVA CONZA 2023,Calcio (a 8),Calcio
coni:185999,185999,ASSOCIAZIONE SPORTIVA DILETTANTISTICA POLISPORTIVA CONZA 2023,Futsal (calcio da sala - calcio a 5),Futsal
coni:185999,185999,ASSOCIAZIONE SPORTIVA DILETTANTISTICA POLISPORTIVA CONZA 2023,Calcio (a 7),Calcio
coni:185999,185999,ASSOCIAZIONE SPORTIVA DILETTANTISTICA POLISPORTIVA CONZA 2023,Pallacanestro,Basket
coni:185999,185999,ASSOCIAZIONE SPORTIVA DILETTANTISTICA POLISPORTIVA CONZA 2023,Pallavolo,Volley
coni:186000,186000,A.S.D. SANTA VITTORIA ESTERZILI,Calcio (a 11),Calcio
coni:186001,186001,ASD US FERMIGNANESE 1923,Calcio (a 11),Calcio
coni:186013,186013,ASSOCIAZIONE SPORTIVA DILETTANTISTICA RECONQUISTA,Calcio (a 11),Calcio
coni:186022,186022,ASD TRIPI ABAKAINON,Futsal (calcio da sala - calcio a 5),Futsal
coni:186022,186022,ASD TRIPI ABAKAINON,Calcio (a 11),Calcio
coni:186023,186023,A.S.D. POLISPORTIVA CESSANITI,Calcio (a 11),Calcio
coni:186026,186026,ORIA CALCIO SOCIETA' SPORTIVA DILETTANTISTICA A R.L.,Calcio (a 11),Calcio
coni:186029,186029,A.S.D. SPORTING BORGETTO,Calcio (a 11),Calcio
coni:18604,18604,AS MONTECAVOLO A.S.D,Calcio (a 11),Calcio
coni:186052,186052,INVICTUS SHARE,Calcio (a 11),Calcio
coni:186070,186070,ASD REAL MOSCIANO ACADEMY 1927,Calcio (a 11),Calcio
coni:186112,186112,A.S.D. ACADEMY GENOVA 2023,Calcio (a 11),Calcio
coni:186120,186120,ASD AMATORI CALCIO SAN GIOVANNI INCARICO,Calcio (a 11),Calcio
coni:186125,186125,ORATORIO SALESIANO RAGUSA ASD- APS,Calcio (a 11),Calcio
coni:186125,186125,ORATORIO SALESIANO RAGUSA ASD- APS,Futsal (calcio da sala - calcio a 5),Futsal
coni:186125,186125,ORATORIO SALESIANO RAGUSA ASD- APS,Calcio Balilla,Calcio
coni:186125,186125,ORATORIO SALESIANO RAGUSA ASD- APS,Calcio (a 8),Calcio
coni:186125,186125,ORATORIO SALESIANO RAGUSA ASD- APS,Beach Soccer,Calcio
coni:186125,186125,ORATORIO SALESIANO RAGUSA ASD- APS,Calcio (a 7),Calcio
coni:186125,186125,ORATORIO SALESIANO RAGUSA ASD- APS,Beach volley,Volley
coni:186125,186125,ORATORIO SALESIANO RAGUSA ASD- APS,Pallacanestro 3 contro 3,Basket
coni:186125,186125,ORATORIO SALESIANO RAGUSA ASD- APS,Pallacanestro,Basket
coni:186125,186125,ORATORIO SALESIANO RAGUSA ASD- APS,Pallavolo,Volley
coni:186137,186137,ORATORIO CENTRO ANTICO STABIAE ANSPI - APS ETS,Calcio (a 11),Calcio
coni:186137,186137,ORATORIO CENTRO ANTICO STABIAE ANSPI - APS ETS,Futsal (calcio da sala - calcio a 5),Futsal
coni:186137,186137,ORATORIO CENTRO ANTICO STABIAE ANSPI - APS ETS,Calcio (a 7),Calcio
coni:186141,186141,A.S.D MADDALONESE C5,Futsal (calcio da sala - calcio a 5),Futsal
coni:186142,186142,A.S.D. AQUILOTTI LAZIO C5,Calcio (a 11),Calcio
coni:186142,186142,A.S.D. AQUILOTTI LAZIO C5,Futsal (calcio da sala - calcio a 5),Futsal
coni:186143,186143,A.S.D. FENICKS BARI,Calcio (a 11),Calcio
coni:186144,186144,AGLIENTU ASD,Calcio (a 11),Calcio
coni:186148,186148,FOOTBALL CLUB ACADEMY ASD,Calcio (a 11),Calcio
coni:186155,186155,ASD LOCULESE,Calcio (a 11),Calcio
coni:186225,186225,CULIERSO ACADEMY ASSOCIAZIONE SPORTIVA DILETTANTISTICA,Calcio (a 11),Calcio
coni:18623,18623,A.S.D. GAVARNESE CALCIO,Calcio (a 11),Calcio
coni:186230,186230,ASD REAL ACCADIA,Calcio (a 11),Calcio
coni:186244,186244,ASSOCIAZIONE SPORTIVA DILETTANTISTICA F. C. GRECCIO 2023,Calcio (a 11),Calcio
coni:186263,186263,ASSOCIAZIONE SPORTIVA DILETTANTISTICA CALCIO VERI AMICI DELLA NIDL.L,Calcio (a 11),Calcio
coni:186289,186289,A.S.D. BARBUSI,Calcio (a 11),Calcio
coni:186361,186361,ASSOCIAZIONE SPORTIVA DILETTANTISTICA ONIFERI 2023,Calcio (a 11),Calcio
coni:186407,186407,A.S.D VIRTUS PANZA,Calcio (a 11),Calcio
coni:186466,186466,A.S.D PEDAGAGGI CALCIO,Calcio (a 11),Calcio
coni:18647,18647,A.S.ALLARESE,Calcio (a 11),Calcio
coni:186491,186491,A.S.D.P.S. FOLGORE,Calcio (a 11),Calcio
coni:1865,1865,GRUPPO SPORTIVO DILETTANTISTICO STAGGIA ASD,Calcio (a 11),Calcio
coni:186551,186551,ASD COSMOSSLAB,Calcio (a 11),Calcio
coni:186551,186551,ASD COSMOSSLAB,Calcio (a 7),Calcio
coni:186644,186644,A.S.D. ATLETICO CARMIANO MAGLIANO,Calcio (a 11),Calcio
coni:18666,18666,ASD SPORT CLUB SCORDIA,Futsal (calcio da sala - calcio a 5),Futsal
coni:18666,18666,ASD SPORT CLUB SCORDIA,Pallacanestro,Basket
coni:18666,18666,ASD SPORT CLUB SCORDIA,Pallavolo,Volley
coni:186689,186689,A.S.D. FOLLONICA SENZUNO,Calcio (a 11),Calcio
coni:1867,1867,GATTEO F.C. ASSOCIAZIONE SPORT.DILETTANTISTICA,Calcio (a 11),Calcio
coni:186748,186748,ASD HIMERA CALCIO,Calcio (a 11),Calcio
coni:1868,1868,PRO CALCIO STUDENTESCA RIETI 1999 A.S.D.,Calcio (a 11),Calcio
coni:1868,1868,PRO CALCIO STUDENTESCA RIETI 1999 A.S.D.,Calcio (a 8),Calcio
coni:1868,1868,PRO CALCIO STUDENTESCA RIETI 1999 A.S.D.,Beach Soccer,Calcio
coni:1868,1868,PRO CALCIO STUDENTESCA RIETI 1999 A.S.D.,Calcio (a 7),Calcio
coni:1868,1868,PRO CALCIO STUDENTESCA RIETI 1999 A.S.D.,Beach volley,Volley
coni:1868,1868,PRO CALCIO STUDENTESCA RIETI 1999 A.S.D.,Pallacanestro 3 contro 3,Basket
coni:1868,1868,PRO CALCIO STUDENTESCA RIETI 1999 A.S.D.,Pallacanestro,Basket
coni:1868,1868,PRO CALCIO STUDENTESCA RIETI 1999 A.S.D.,Pallavolo,Volley
coni:186801,186801,NUOVA GENERAZIONE COOP SOCIALE ARL,Calcio (a 7),Calcio
coni:186812,186812,AMATEURSPORTVEREIN FUSSBALL UEBERETSCH,Calcio (a 11),Calcio
coni:186840,186840,A.S.D. NUOVA VILLANOVA FOOTBALL CLUB,Calcio (a 11),Calcio
coni:18685,18685,VIS ARIANO ACCADIA CALCIO ASD,Calcio (a 11),Calcio
coni:186905,186905,SAN MARTINO 2023 - A.S.D.,Calcio (a 11),Calcio
coni:186905,186905,SAN MARTINO 2023 - A.S.D.,Futsal (calcio da sala - calcio a 5),Futsal
coni:187042,187042,RIVIERA DELLE ALPI SAINT-VINCENT ASD,Futsal (calcio da sala - calcio a 5),Futsal
coni:18706,18706,ASSOCIAZIONE SPORTIVA DILETTANTISTICA SPORTING VENTICANO PIETRADEFUSI,Calcio (a 11),Calcio
coni:187086,187086,ACCADEMIA SOCCER SOCIETA SPORTIVA DILETTANTISTICA A RESPONSABILITA' LIMITATA,Calcio (a 11),Calcio
coni:187086,187086,ACCADEMIA SOCCER SOCIETA SPORTIVA DILETTANTISTICA A RESPONSABILITA' LIMITATA,Calcio (a 7),Calcio
coni:187086,187086,ACCADEMIA SOCCER SOCIETA SPORTIVA DILETTANTISTICA A RESPONSABILITA' LIMITATA,Calcio (a 8),Calcio
coni:187086,187086,ACCADEMIA SOCCER SOCIETA SPORTIVA DILETTANTISTICA A RESPONSABILITA' LIMITATA,Futsal (calcio da sala - calcio a 5),Futsal
coni:187086,187086,ACCADEMIA SOCCER SOCIETA SPORTIVA DILETTANTISTICA A RESPONSABILITA' LIMITATA,Pallacanestro,Basket
coni:187286,187286,ASSOCIAZIONE SPORTIVA DILETTANTISTICA ACCADEMIA CECINA - ASD,Calcio (a 11),Calcio
coni:187366,187366,A.S.D. OMACLA,Futsal (calcio da sala - calcio a 5),Futsal
coni:18737,18737,A.S.D. NUOVA REAL,Calcio (a 11),Calcio
coni:18760,18760,A.S.D. TIBER,Calcio (a 11),Calcio
coni:18760,18760,A.S.D. TIBER,Calcio (a 7),Calcio
coni:18779,18779,A.S.D. ACUL CECCANO OMNIA,Calcio (a 11),Calcio
coni:18779,18779,A.S.D. ACUL CECCANO OMNIA,Futsal (calcio da sala - calcio a 5),Futsal
coni:18779,18779,A.S.D. ACUL CECCANO OMNIA,Beach Soccer,Calcio
coni:18779,18779,A.S.D. ACUL CECCANO OMNIA,Calcio (a 7),Calcio
coni:18779,18779,A.S.D. ACUL CECCANO OMNIA,Beach volley,Volley
coni:18779,18779,A.S.D. ACUL CECCANO OMNIA,Pallavolo,Volley
coni:187822,187822,ASD SAN MICHELE,Calcio (a 11),Calcio
coni:18793,18793,ASSOCIAZIONE SPORTIVA DILETTANTISTICA PONTELAMBRESE,Calcio (a 11),Calcio
coni:187985,187985,ALPHA ASD,Calcio (a 11),Calcio
coni:187985,187985,ALPHA ASD,Calcio (a 8),Calcio
coni:187985,187985,ALPHA ASD,Calcio (a 7),Calcio
coni:187985,187985,ALPHA ASD,Beach volley,Volley
coni:187985,187985,ALPHA ASD,Pallavolo,Volley
coni:18800,18800,A.S.D. GADTCH 2000,Futsal (calcio da sala - calcio a 5),Futsal
coni:188055,188055,A.S.D. GELBISON WOMAN,Calcio (a 11),Calcio
coni:188149,188149,ASD ACADEMY SANT'ANGELO,Calcio (a 11),Calcio
coni:188198,188198,PROJECT RS F. C. RIMINI ASD,Calcio (a 11),Calcio
coni:188206,188206,ASD AUDENTES,Calcio (a 11),Calcio
coni:18823,18823,ASSOCIAZIONE SPORTIVA DILETTANTISTICA FOOTBALL CLUB VILLACIDRO,Calcio (a 11),Calcio
coni:18827,18827,UNIONE SPORTIVA ALFONSO CASATI ASSOCIAZIONE SPORTIVA DILETTA,Calcio (a 11),Calcio
coni:18827,18827,UNIONE SPORTIVA ALFONSO CASATI ASSOCIAZIONE SPORTIVA DILETTA,Pallacanestro,Basket
coni:18827,18827,UNIONE SPORTIVA ALFONSO CASATI ASSOCIAZIONE SPORTIVA DILETTA,Pallavolo,Volley
coni:18827,18827,UNIONE SPORTIVA ALFONSO CASATI ASSOCIAZIONE SPORTIVA DILETTA,Calcio (a 7),Calcio
coni:188275,188275,TIGER SSD A RL,Futsal (calcio da sala - calcio a 5),Futsal
coni:18830,18830,A.S.D. JUNIOR PALLAVICINO F.C.,Calcio (a 11),Calcio
coni:188340,188340,"""A.S.D. FUTSAL NOVAK""",Futsal (calcio da sala - calcio a 5),Futsal
coni:18840,18840,A.S.D. AKRAGAS FUTSAL,Futsal (calcio da sala - calcio a 5),Futsal
coni:188403,188403,ASTROPANDA SOCIAL PROJECT A.S.D.,Calcio (a 11),Calcio
coni:18846,18846,LIBERTAS CASTEL S. PIETRO A.S.D.,Calcio (a 11),Calcio
coni:18846,18846,LIBERTAS CASTEL S. PIETRO A.S.D.,Futsal (calcio da sala - calcio a 5),Futsal
coni:188469,188469,A.S.D. INVICTUS S. ANTONIO ABATE,Calcio (a 11),Calcio
coni:188469,188469,A.S.D. INVICTUS S. ANTONIO ABATE,Calcio (a 7),Calcio
coni:18859,18859,ASD FUTSAL ATESINA UNTERLAND,Futsal (calcio da sala - calcio a 5),Futsal
coni:18879,18879,POLISPORTIVA GIOIOSA ASSOC. SPORTIVA,Calcio (a 11),Calcio
coni:18879,18879,POLISPORTIVA GIOIOSA ASSOC. SPORTIVA,Futsal (calcio da sala - calcio a 5),Futsal
coni:188926,188926,A.S.D. POLISPORTIVA VALCOMINO,Calcio (a 11),Calcio
coni:188926,188926,A.S.D. POLISPORTIVA VALCOMINO,Beach Soccer,Calcio
coni:188926,188926,A.S.D. POLISPORTIVA VALCOMINO,Futsal (calcio da sala - calcio a 5),Futsal
coni:188926,188926,A.S.D. POLISPORTIVA VALCOMINO,Calcio (a 7),Calcio
coni:188926,188926,A.S.D. POLISPORTIVA VALCOMINO,Pallacanestro,Basket
coni:188952,188952,A. S. D. VINCHIATURO,Calcio (a 11),Calcio
coni:1891,1891,ASSOCIAZIONE SPORTIVA DILETTANTISTICA S.S. ARCIDANO,Calcio (a 11),Calcio
coni:18915,18915,A.S.D. REAL VIRTUS GROTTAGLIE,Calcio (a 11),Calcio
coni:18923,18923,ASSOCIAZIONE SPORTIVA DILETTANTISTICA AZZURRA,Calcio (a 11),Calcio
coni:18923,18923,ASSOCIAZIONE SPORTIVA DILETTANTISTICA AZZURRA,Futsal (calcio da sala - calcio a 5),Futsal
coni:18923,18923,ASSOCIAZIONE SPORTIVA DILETTANTISTICA AZZURRA,Calcio (a 7),Calcio
coni:189268,189268,SPORT LIFE SRL,Calcio (a 11),Calcio
coni:189268,189268,SPORT LIFE SRL,Calcio (a 7),Calcio
coni:189477,189477,A.S.D. CASTEL MORRONE FUTURA,Calcio (a 11),Calcio
coni:18950,18950,A.S.D. VIRTUS MONTEFORTE IRPINO 2013,Calcio (a 11),Calcio
coni:18956,18956,A.S.D. LA PAZ ANTIRAZZISTA,Calcio (a 11),Calcio
coni:18956,18956,A.S.D. LA PAZ ANTIRAZZISTA,Futsal (calcio da sala - calcio a 5),Futsal
coni:18956,18956,A.S.D. LA PAZ ANTIRAZZISTA,Calcio (a 7),Calcio
coni:189631,189631,A.S.D. ACADEMY POMPEI,Calcio (a 11),Calcio
coni:189631,189631,A.S.D. ACADEMY POMPEI,Calcio (a 8),Calcio
coni:189631,189631,A.S.D. ACADEMY POMPEI,Calcio (a 7),Calcio
coni:189806,189806,A.S.D. POLISPORTIVA PIETRINA,Calcio (a 11),Calcio
coni:189840,189840,ASD PROJECT NAPOLI WOMAN,Calcio (a 11),Calcio
coni:189840,189840,ASD PROJECT NAPOLI WOMAN,Calcio (a 8),Calcio
coni:189840,189840,ASD PROJECT NAPOLI WOMAN,Futsal (calcio da sala - calcio a 5),Futsal
coni:189840,189840,ASD PROJECT NAPOLI WOMAN,Calcio (a 7),Calcio
coni:18987,18987,CALCIO MARGHERA A.S.D.,Calcio (a 11),Calcio
coni:18987,18987,CALCIO MARGHERA A.S.D.,Calcio (a 8),Calcio
coni:18987,18987,CALCIO MARGHERA A.S.D.,Futsal (calcio da sala - calcio a 5),Futsal
coni:18987,18987,CALCIO MARGHERA A.S.D.,Calcio (a 7),Calcio
coni:189955,189955,A.S.D. ATLETICO BISCEGLIE,Calcio (a 11),Calcio
coni:189955,189955,A.S.D. ATLETICO BISCEGLIE,Calcio (a 8),Calcio
coni:189955,189955,A.S.D. ATLETICO BISCEGLIE,Futsal (calcio da sala - calcio a 5),Futsal
coni:189955,189955,A.S.D. ATLETICO BISCEGLIE,Calcio (a 7),Calcio
coni:18996,18996,A.S.D. UNIONE BASSO FRIULI,Calcio (a 11),Calcio
coni:189961,189961,A.S.D. DRIBBLING,Calcio (a 11),Calcio
coni:189961,189961,A.S.D. DRIBBLING,Calcio (a 8),Calcio
coni:189961,189961,A.S.D. DRIBBLING,Beach Soccer,Calcio
coni:189961,189961,A.S.D. DRIBBLING,Futsal (calcio da sala - calcio a 5),Futsal
coni:18999,18999,A.S.D. HELLAS BAINSIZZA,Calcio (a 11),Calcio
coni:1900,1900,ASSOCIAZIONE SPORTIVA DILETTANTISTICA JM FELTRE,Calcio (a 11),Calcio
coni:1900,1900,ASSOCIAZIONE SPORTIVA DILETTANTISTICA JM FELTRE,Calcio (a 8),Calcio
coni:1900,1900,ASSOCIAZIONE SPORTIVA DILETTANTISTICA JM FELTRE,Beach Soccer,Calcio
coni:1900,1900,ASSOCIAZIONE SPORTIVA DILETTANTISTICA JM FELTRE,Futsal (calcio da sala - calcio a 5),Futsal
coni:1900,1900,ASSOCIAZIONE SPORTIVA DILETTANTISTICA JM FELTRE,Calcio (a 7),Calcio
coni:190049,190049,A.S.D. MONDRAGONE CITY,Calcio (a 11),Calcio
coni:190049,190049,A.S.D. MONDRAGONE CITY,Futsal (calcio da sala - calcio a 5),Futsal
coni:190049,190049,A.S.D. MONDRAGONE CITY,Calcio (a 7),Calcio
coni:190083,190083,ASSOCIAZIONE SPORTIVA DILETTANTISTICA FOREVER CALCIO RIETI - A.S.D.F.C.RIETI,Calcio (a 11),Calcio
coni:190083,190083,ASSOCIAZIONE SPORTIVA DILETTANTISTICA FOREVER CALCIO RIETI - A.S.D.F.C.RIETI,Calcio (a 8),Calcio
coni:190083,190083,ASSOCIAZIONE SPORTIVA DILETTANTISTICA FOREVER CALCIO RIETI - A.S.D.F.C.RIETI,Futsal (calcio da sala - calcio a 5),Futsal
coni:190083,190083,ASSOCIAZIONE SPORTIVA DILETTANTISTICA FOREVER CALCIO RIETI - A.S.D.F.C.RIETI,Calcio (a 7),Calcio
coni:190092,190092,A.S.D. BLUE DOLPHINS AGROPOLI,Calcio (a 11),Calcio
coni:190139,190139,ASD SELCI CALCIO,Calcio (a 11),Calcio
coni:19018,19018,ASSOCIAZIONE SPORTIVA DILETTANTISTICA US ROCCABASCERANA,Calcio (a 11),Calcio
coni:190248,190248,ASSOCIAZIONE SPORTIVA DILETTANTISTICA S.C. LEONI,Calcio (a 11),Calcio
coni:190248,190248,ASSOCIAZIONE SPORTIVA DILETTANTISTICA S.C. LEONI,Calcio (a 8),Calcio
coni:190248,190248,ASSOCIAZIONE SPORTIVA DILETTANTISTICA S.C. LEONI,Futsal (calcio da sala - calcio a 5),Futsal
coni:190248,190248,ASSOCIAZIONE SPORTIVA DILETTANTISTICA S.C. LEONI,Calcio (a 7),Calcio
coni:19027,19027,ASSOCIAZIONE SPORTIVA DILETTANTISTICA FAIR PLAY SCIACCA,Calcio (a 11),Calcio
coni:190296,190296,A.S.D MY TRAINING,Calcio (a 11),Calcio
coni:190296,190296,A.S.D MY TRAINING,Calcio (a 8),Calcio
coni:190296,190296,A.S.D MY TRAINING,Futsal (calcio da sala - calcio a 5),Futsal
coni:190296,190296,A.S.D MY TRAINING,Calcio (a 7),Calcio
coni:190310,190310,US ATLETICO PONTOLLIESE 1907 ASSOCIAZIONE SPORTIVA DILETTANTISTICA,Calcio (a 11),Calcio
coni:190324,190324,ASD LIFE SPORT ASTRONI,Calcio (a 11),Calcio
coni:190324,190324,ASD LIFE SPORT ASTRONI,Pallacanestro,Basket
coni:190324,190324,ASD LIFE SPORT ASTRONI,Pallavolo,Volley
coni:190328,190328,RURABILANDIA APS ASD,Calcio (a 7),Calcio
coni:19033,19033,ASD PESCHIERA D G,Calcio (a 11),Calcio
coni:19033,19033,ASD PESCHIERA D G,Futsal (calcio da sala - calcio a 5),Futsal
coni:19033,19033,ASD PESCHIERA D G,Calcio (a 7),Calcio
coni:19035,19035,FORMIA FUTSAL ASSOCIAZIONE SPORTIVA DILETTANTISTICA,Futsal (calcio da sala - calcio a 5),Futsal
coni:190417,190417,A.S.D. SETTEBELLO,Futsal (calcio da sala - calcio a 5),Futsal
coni:190453,190453,A.S.D. SPORTING APOLLOSA 1981,Calcio (a 11),Calcio
coni:190453,190453,A.S.D. SPORTING APOLLOSA 1981,Futsal (calcio da sala - calcio a 5),Futsal
coni:190453,190453,A.S.D. SPORTING APOLLOSA 1981,Calcio (a 7),Calcio
coni:190466,190466,A.S.D. ACCADEMIA CALCIO GROSSETO,Calcio (a 11),Calcio
coni:190490,190490,A.S.D.R8 FOOTBALL ACADEMY,Calcio (a 11),Calcio
coni:190490,190490,A.S.D.R8 FOOTBALL ACADEMY,Calcio (a 8),Calcio
coni:190490,190490,A.S.D.R8 FOOTBALL ACADEMY,Futsal (calcio da sala - calcio a 5),Futsal
coni:190490,190490,A.S.D.R8 FOOTBALL ACADEMY,Calcio (a 7),Calcio
coni:190504,190504,VERBANIA CALCIO SOCIETA' SPORTIVA DILETTANTISTICA A RESPONSABILITA' LIMITATA,Calcio (a 11),Calcio
coni:19051,19051,A.S.D. NUOVA PALIANO,Calcio (a 11),Calcio
coni:190523,190523,NUOVO PORDENONE 2024 FC ASD,Calcio (a 11),Calcio
coni:190549,190549,ACADEMY JUVE STABIA SOCIETA' SPORTIVA DILETTANTISTICA A R.L.,Calcio (a 11),Calcio
coni:190549,190549,ACADEMY JUVE STABIA SOCIETA' SPORTIVA DILETTANTISTICA A R.L.,Calcio (a 8),Calcio
coni:190549,190549,ACADEMY JUVE STABIA SOCIETA' SPORTIVA DILETTANTISTICA A R.L.,Calcio (a 7),Calcio
coni:190654,190654,ASD CALCIO IN ROSA SANNICANDRO,Calcio (a 11),Calcio
coni:190654,190654,ASD CALCIO IN ROSA SANNICANDRO,Calcio (a 8),Calcio
coni:190654,190654,ASD CALCIO IN ROSA SANNICANDRO,Futsal (calcio da sala - calcio a 5),Futsal
coni:190654,190654,ASD CALCIO IN ROSA SANNICANDRO,Calcio (a 7),Calcio
coni:190711,190711,ASSOCIAZIONE CALCIO VALGOBBIA ASSOCIAZIONE SPORTIVA DILETTANTISTICA,Calcio (a 11),Calcio
coni:19075,19075,A.S.D. ATLETICO COLLEPARDO,Calcio (a 11),Calcio
coni:190788,190788,ASD CASALBORDINO C5,Futsal (calcio da sala - calcio a 5),Futsal
coni:190792,190792,ASSOCIAZIONE SPORTIVA DILETTANTISTICA PASIANO C5,Futsal (calcio da sala - calcio a 5),Futsal
coni:190808,190808,A.S.D. SAN MARINO CALCIO,Calcio (a 11),Calcio
coni:190811,190811,ASSOCIAZIONE SPORTIVA DILETTANTISTICA VIRTUS FAIANO,Calcio (a 11),Calcio
coni:190820,190820,ASD CASTELGERUNDO,Calcio (a 11),Calcio
coni:190821,190821,POLISPORTIVA SAN GIOVANNI A.S.D.,Calcio (a 11),Calcio
coni:190821,190821,POLISPORTIVA SAN GIOVANNI A.S.D.,Futsal (calcio da sala - calcio a 5),Futsal
coni:190823,190823,ASSOCIAZIONE SPORTIVA DILETTANTISTICA POLISPORTIVA SPORTING CASTROCARO TERRA DEL SOLE,Calcio (a 11),Calcio
coni:190823,190823,ASSOCIAZIONE SPORTIVA DILETTANTISTICA POLISPORTIVA SPORTING CASTROCARO TERRA DEL SOLE,Futsal (calcio da sala - calcio a 5),Futsal
coni:190823,190823,ASSOCIAZIONE SPORTIVA DILETTANTISTICA POLISPORTIVA SPORTING CASTROCARO TERRA DEL SOLE,Calcio (a 7),Calcio
coni:190823,190823,ASSOCIAZIONE SPORTIVA DILETTANTISTICA POLISPORTIVA SPORTING CASTROCARO TERRA DEL SOLE,Pallacanestro,Basket
coni:190823,190823,ASSOCIAZIONE SPORTIVA DILETTANTISTICA POLISPORTIVA SPORTING CASTROCARO TERRA DEL SOLE,Pallavolo,Volley
coni:190841,190841,A.S.D. SPORT STRIANO,Futsal (calcio da sala - calcio a 5),Futsal
coni:190867,190867,A.S.D. GRILLO SOCCER SCHOOL,Calcio (a 11),Calcio
coni:190867,190867,A.S.D. GRILLO SOCCER SCHOOL,Calcio (a 8),Calcio
coni:190867,190867,A.S.D. GRILLO SOCCER SCHOOL,Futsal (calcio da sala - calcio a 5),Futsal
coni:190867,190867,A.S.D. GRILLO SOCCER SCHOOL,Calcio (a 7),Calcio
coni:190939,190939,SS ERCOLANESE 1924 A.S.D.,Calcio (a 11),Calcio
coni:190958,190958,A.S.D. CITTA' DI GRAGNANO,Calcio (a 11),Calcio
coni:190958,190958,A.S.D. CITTA' DI GRAGNANO,Calcio (a 8),Calcio
coni:190958,190958,A.S.D. CITTA' DI GRAGNANO,Futsal (calcio da sala - calcio a 5),Futsal
coni:190958,190958,A.S.D. CITTA' DI GRAGNANO,Calcio (a 7),Calcio
coni:190959,190959,A.S.D. A.C. MARCHESA,Calcio (a 11),Calcio
coni:190962,190962,TUKIKI :) ASSOCIAZIONE SPORTIVA DILETTANTISTICA,Calcio (a 11),Calcio
coni:190962,190962,TUKIKI :) ASSOCIAZIONE SPORTIVA DILETTANTISTICA,Calcio (a 7),Calcio
coni:190962,190962,TUKIKI :) ASSOCIAZIONE SPORTIVA DILETTANTISTICA,Pallavolo,Volley
coni:190970,190970,FUTSAL RUSSI ASSOCIAZIONE SPORTIVA DILETTANTISTICA,Futsal (calcio da sala - calcio a 5),Futsal
coni:190970,190970,FUTSAL RUSSI ASSOCIAZIONE SPORTIVA DILETTANTISTICA,Calcio (a 11),Calcio
coni:190970,190970,FUTSAL RUSSI ASSOCIAZIONE SPORTIVA DILETTANTISTICA,Calcio (a 7),Calcio
coni:190988,190988,A.S.D. TORTORETO,Calcio (a 11),Calcio
coni:190988,190988,A.S.D. TORTORETO,Calcio (a 7),Calcio
coni:190988,190988,A.S.D. TORTORETO,Calcio (a 8),Calcio
coni:191025,191025,ASSOCIAZIONE SPORTIVA DILETTANTISTICA CITTA' DI SERRA SAN BRUNO,Calcio (a 11),Calcio
coni:191033,191033,A.S.D. TIESSE SAN NICANDRO,Calcio (a 11),Calcio
coni:191036,191036,ASSOCIAZIONE SPORTIVA DILETTANTISTICA VIRTUS ADDA,Calcio (a 11),Calcio
coni:191036,191036,ASSOCIAZIONE SPORTIVA DILETTANTISTICA VIRTUS ADDA,Calcio (a 7),Calcio
coni:191037,191037,A.S.D. CALCIO BOTTANUCO,Calcio (a 11),Calcio
coni:191039,191039,A S D AULETTA,Futsal (calcio da sala - calcio a 5),Futsal
coni:191039,191039,A S D AULETTA,Calcio (a 11),Calcio
coni:191039,191039,A S D AULETTA,Calcio (a 8),Calcio
coni:191039,191039,A S D AULETTA,Calcio (a 7),Calcio
coni:191042,191042,A.S.D. DRAGON FUTSAL,Futsal (calcio da sala - calcio a 5),Futsal
coni:191072,191072,ALBA BRA WOMEN A.S.D.,Calcio (a 11),Calcio
coni:191072,191072,ALBA BRA WOMEN A.S.D.,Calcio (a 7),Calcio
coni:191079,191079,ASD LAGARINA FUTSAL,Futsal (calcio da sala - calcio a 5),Futsal
coni:191081,191081,ASD CASOLLESE,Futsal (calcio da sala - calcio a 5),Futsal
coni:191084,191084,ASD PALATA CALCIO,Calcio (a 11),Calcio
coni:191084,191084,ASD PALATA CALCIO,Calcio (a 8),Calcio
coni:191084,191084,ASD PALATA CALCIO,Calcio (a 7),Calcio
coni:191119,191119,A.S.D. GALGAGNANO,Calcio (a 11),Calcio
coni:19113,19113,A.S.D. CITTA' DI CANICATTI',Futsal (calcio da sala - calcio a 5),Futsal
coni:191130,191130,TRAPANI FOR FUTURE SSD A R.L.,Futsal (calcio da sala - calcio a 5),Futsal
coni:191143,191143,A.S.D. MIRAMARE UNITED,Calcio (a 11),Calcio
coni:191151,191151,ASD FUTSAL CARPANETO,Futsal (calcio da sala - calcio a 5),Futsal
coni:191152,191152,ATLETICO PROVAGLIO S.S.D.R.L.,Calcio (a 11),Calcio
coni:191152,191152,ATLETICO PROVAGLIO S.S.D.R.L.,Futsal (calcio da sala - calcio a 5),Futsal
coni:191152,191152,ATLETICO PROVAGLIO S.S.D.R.L.,Calcio (a 7),Calcio
coni:191152,191152,ATLETICO PROVAGLIO S.S.D.R.L.,Pallacanestro,Basket
coni:191152,191152,ATLETICO PROVAGLIO S.S.D.R.L.,Pallavolo,Volley
coni:191157,191157,A.S.D. CEPRANO FUTSAL,Futsal (calcio da sala - calcio a 5),Futsal
coni:191163,191163,ASD GALAXI ITRI,Futsal (calcio da sala - calcio a 5),Futsal
coni:191171,191171,PANA CALCIO A.S.D.,Calcio (a 11),Calcio
coni:191172,191172,REAL MOMPIANO A.S.D.,Calcio (a 11),Calcio
coni:191175,191175,GRUPPO SPORTIVO SELLERO NOVELLE ASSOCIAZIONE SPORTIVA DILETTANTISTICA,Calcio (a 11),Calcio
coni:191175,191175,GRUPPO SPORTIVO SELLERO NOVELLE ASSOCIAZIONE SPORTIVA DILETTANTISTICA,Pallavolo,Volley
coni:191178,191178,ASD MONFORTE SAN GIORGIO VDM CALCIO,Calcio (a 11),Calcio
coni:191178,191178,ASD MONFORTE SAN GIORGIO VDM CALCIO,Futsal (calcio da sala - calcio a 5),Futsal
coni:191179,191179,SCIARBO & COGO CALCIO ASD,Calcio (a 11),Calcio
coni:191182,191182,SPORTING BAGNACAVALLO FUTSAL ASSOCIAZ. SPORT. DIL.,Futsal (calcio da sala - calcio a 5),Futsal
coni:191184,191184,ASD MULAZZANESE,Calcio (a 11),Calcio
coni:191189,191189,POLISPORTIVA PREVALLE 1971 ASD,Calcio (a 11),Calcio
coni:191193,191193,ASD RIVALTA F.C.,Calcio (a 11),Calcio
coni:191195,191195,ASD JR FUTSAL ASSOCIAZIONE SPORTIVA DILETTANTISTICA,Futsal (calcio da sala - calcio a 5),Futsal
coni:191198,191198,A.S.D. I VICHINGHI,Futsal (calcio da sala - calcio a 5),Futsal
coni:191201,191201,A.S.D. FUTSAL SANTILIO C5,Futsal (calcio da sala - calcio a 5),Futsal
coni:191205,191205,SOLAROLESE CALCIO ASD,Calcio (a 11),Calcio
coni:191232,191232,A.S.D. ATLETICO MISANO,Calcio (a 11),Calcio
coni:191234,191234,ASD ATLETICO SALA ANZOLA,Calcio (a 11),Calcio
coni:191252,191252,"ASSOCIAZIONE SPORTIVA DILETTANTISTICA ""ASD VIRTUS SAN MARCO LUNI""",Calcio (a 11),Calcio
coni:191277,191277,FABBRICA CALCIO 2024 ASSOCIAZIONE SPORTIVA DILETTANTISTICA,Calcio (a 11),Calcio
coni:191278,191278,A.S.D. CITTA' DI PIZZO,Calcio (a 11),Calcio
coni:191279,191279,US ALBARONCO 2024 ASD,Calcio (a 11),Calcio
coni:191287,191287,FERENTILLESE ASSOCIAZIONE SPORTIVA DILETTANTISTICA,Calcio (a 11),Calcio
coni:191289,191289,A.S.D. SPORTING MODENA ACADEMY,Calcio (a 11),Calcio
coni:191289,191289,A.S.D. SPORTING MODENA ACADEMY,Futsal (calcio da sala - calcio a 5),Futsal
coni:191289,191289,A.S.D. SPORTING MODENA ACADEMY,Calcio (a 7),Calcio
coni:191304,191304,ASSOCIAZIONE SPORTIVA DILETTANTISTICA FOOTBALL CLUB CORSICO,Calcio (a 11),Calcio
coni:191305,191305,A.S.D. FUTSAL CLUB TIKI TAKA ACIREALE,Futsal (calcio da sala - calcio a 5),Futsal
coni:191310,191310,ASD GIULIANO AF ALE VIVE,Calcio (a 11),Calcio
coni:191324,191324,C4 FOLIGNO A.S.D.,Calcio (a 11),Calcio
coni:191326,191326,ASD TRIUMPLINA,Calcio (a 11),Calcio
coni:191337,191337,ASSOCIAZIONE SPORTIVA DILETTANTISTICA BISIACA ROMANA,Calcio (a 11),Calcio
coni:191338,191338,A.S.D. STASIA CALCIO 1945,Calcio (a 11),Calcio
coni:191339,191339,ASSOCIAZIONE SPORTIVA DILETTANTISTICA CORNO CALCIO 1929,Calcio (a 11),Calcio
coni:191340,191340,A.S.D. FULGOR CHIAVAZZESE RONCO VALDENGO,Calcio (a 11),Calcio
coni:191340,191340,A.S.D. FULGOR CHIAVAZZESE RONCO VALDENGO,Futsal (calcio da sala - calcio a 5),Futsal
coni:191341,191341,A.S.D. PIXOUS G.D.P.,Calcio (a 11),Calcio
coni:191344,191344,A.S.D. CALCIO FEMMINILE CHIETI,Calcio (a 11),Calcio
coni:191345,191345,GESAN CALCIO A 5 ASD,Futsal (calcio da sala - calcio a 5),Futsal
coni:191346,191346,SICILIA FOOTBALL CLUB SSD - S.R.L.,Calcio (a 11),Calcio
coni:191348,191348,TAURAS ACERRANA 1926 SSD ARL,Calcio (a 11),Calcio
coni:191355,191355,ASSOCIAZIONE SPORTIVA DILETTANTISTICA NEW TEAM 24,Calcio (a 11),Calcio
coni:191381,191381,ASSOCIAZIONE SPORTIVA DILETTANTISTICA VIOLE CALCIO,Calcio (a 11),Calcio
coni:191382,191382,A.S.D VARALPOMBIESE 1925,Calcio (a 11),Calcio
coni:191383,191383,ASD NOVARA CALCIO A 5,Futsal (calcio da sala - calcio a 5),Futsal
coni:191385,191385,US MONTEROSI CALCIO,Calcio (a 11),Calcio
coni:191387,191387,HAMOK ASD,Futsal (calcio da sala - calcio a 5),Futsal
coni:191391,191391,FIDES PANZANO ASSOCIAZIONE SPORTIVA DILETTANTISTIC,Calcio (a 11),Calcio
coni:191398,191398,A.S.D. REAL MONTALE,Calcio (a 11),Calcio
coni:191416,191416,ASD ITALDISINFESTAZIONI C5,Futsal (calcio da sala - calcio a 5),Futsal
coni:191417,191417,ASD TRINITAPOLI 2024,Calcio (a 11),Calcio
coni:191418,191418,A.S.D.BARDINETO,Calcio (a 11),Calcio
coni:19142,19142,A.S.D. PALANZANO 1946,Calcio (a 11),Calcio
coni:191421,191421,ASSOCIAZIONE DILETTANTISTICA SPORTIVA AGAPE,Calcio (a 11),Calcio
coni:191421,191421,ASSOCIAZIONE DILETTANTISTICA SPORTIVA AGAPE,Calcio (a 7),Calcio
coni:191421,191421,ASSOCIAZIONE DILETTANTISTICA SPORTIVA AGAPE,Pallacanestro,Basket
coni:191421,191421,ASSOCIAZIONE DILETTANTISTICA SPORTIVA AGAPE,Pallavolo,Volley
coni:191423,191423,ARCON VILLA SOCIETA' SPORTIVA DILETTANTISTICA A RESPONSABILITA' LIMITATA IN LIQUIDAZIONE,Calcio (a 11),Calcio
coni:191431,191431,ASD TOP SOCCER,Calcio (a 11),Calcio
coni:191437,191437,NAPOLI INDEPENDENT FC,Calcio (a 11),Calcio
coni:191441,191441,A.S.D. CATTOLICA CALCIO,Calcio (a 11),Calcio
coni:191443,191443,FS4 ACADEMY QUARTO ASSOCIAZIONE SPORTIVA DILETTANTISTICA,Calcio (a 11),Calcio
coni:191445,191445,ASD ATLETICO SAN TEODORO,Calcio (a 11),Calcio
coni:191446,191446,FOOTBALL CLUB MARASSESE,Calcio (a 11),Calcio
coni:191447,191447,ASSOCIAZIONE SPORTIVA DILETTANTISTICA ORTA NOVA,Calcio (a 11),Calcio
coni:191452,191452,A.C.SAMPIETRESE,Calcio (a 11),Calcio
coni:191453,191453,2004 ANDRATESE ASSOCIAZIONE SPORTIVA DILETTANTISTICA E DI PROMOZIONE SOCIALE,Calcio (a 11),Calcio
coni:191453,191453,2004 ANDRATESE ASSOCIAZIONE SPORTIVA DILETTANTISTICA E DI PROMOZIONE SOCIALE,Calcio (a 7),Calcio
coni:191454,191454,A.S.D. OLYMPIA,Calcio (a 11),Calcio
coni:191457,191457,A.S.D. SPORT SAMMICHELE,Calcio (a 11),Calcio
coni:191460,191460,ASD CALCIO CASTEL DI SANGRO,Calcio (a 11),Calcio
coni:191467,191467,A.S.D. ACADEMY CELANO,Futsal (calcio da sala - calcio a 5),Futsal
coni:191468,191468,ASD LORESE,Calcio (a 11),Calcio
coni:191469,191469,ASD OSTUNI CALCIO 24,Calcio (a 11),Calcio
coni:191469,191469,ASD OSTUNI CALCIO 24,Futsal (calcio da sala - calcio a 5),Futsal
coni:191469,191469,ASD OSTUNI CALCIO 24,Calcio (a 7),Calcio
coni:191475,191475,ACADEMY LASCARIS ASSOCIAZIONE SPORTIVA DILETTANTISTICA,Calcio (a 11),Calcio
coni:191480,191480,ASD MOLISE UNITED PORTOCANNONE CAMPOMARINO,Calcio (a 11),Calcio
coni:191480,191480,ASD MOLISE UNITED PORTOCANNONE CAMPOMARINO,Futsal (calcio da sala - calcio a 5),Futsal
coni:191481,191481,ASSOCIAZIONE SPORTIVA DILETTANTISTICA CITTA' DI MISTERBIANCO,Calcio (a 11),Calcio
coni:191560,191560,ASSOCIAZIONE SPORTIVA DILETTAN TISTICA ATLETICO LOMAZZO 1907,Calcio (a 11),Calcio
coni:191561,191561,ACCADEMIA LAZZATE ASD,Calcio (a 11),Calcio
coni:191564,191564,ASD CASTELFRANCO CALCIO,Calcio (a 11),Calcio
coni:191565,191565,SCANDICCI SAN GIUSTO ACADEMY SSD RL,Calcio (a 11),Calcio
coni:191568,191568,A.S.D. POLVERIGI CALCIO,Calcio (a 11),Calcio
coni:191582,191582,ASSOCIAZIONE SPORTIVA DILETTANTISTICA SILI' CALCIO,Calcio (a 11),Calcio
coni:191584,191584,ASSOCIAZIONE SPORTIVA DILETTANTISTICA TER.NI.BE,Calcio (a 11),Calcio
coni:191585,191585,UNIONE SPORTIVA CITTA DI SOAVE ASD,Calcio (a 11),Calcio
coni:191587,191587,ASD CALCIO MARCON 24,Calcio (a 11),Calcio
coni:191588,191588,ASSOCIAZIONE SPORTIVA DILETTANTISTICA CIRCOLO AGRESTONE,Calcio (a 11),Calcio
coni:191589,191589,REAL MUGNANO DEL CARDINALE,Calcio (a 11),Calcio
coni:191599,191599,A.S.D. UMBERTIDE AGAPE,Calcio (a 11),Calcio
coni:191599,191599,A.S.D. UMBERTIDE AGAPE,Futsal (calcio da sala - calcio a 5),Futsal
coni:191602,191602,A.S.D. LIZZANELLO,Calcio (a 11),Calcio
coni:191606,191606,CONA CALCIO GIOVANI 2024 APS ASD,Calcio (a 11),Calcio
coni:191619,191619,ASSOCIAZIONE SPORTIVA DILETTANTISTICA ACADEMY CAMPANIA PUTEOLANA,Calcio (a 11),Calcio
coni:191621,191621,UNION MC A.S.D.,Calcio (a 11),Calcio
coni:191622,191622,UNITED ACADEMY ASSOCIAZIONE SPORTIVA DILETTANTISTICA,Calcio (a 11),Calcio
coni:191624,191624,ASSOCIAZIONE SPORTIVA DILETTANTISTICA ATLETICO GERBIDI,Calcio (a 11),Calcio
coni:191625,191625,A.S.D. SAN BENEDETTO VAL DI SAMBRO,Calcio (a 11),Calcio
coni:191653,191653,ASSOCIAZIONE SPORTIVA DILETTANTISTICA CAMPANIA PONTICELLI,Calcio (a 11),Calcio
coni:191653,191653,ASSOCIAZIONE SPORTIVA DILETTANTISTICA CAMPANIA PONTICELLI,Calcio (a 8),Calcio
coni:191653,191653,ASSOCIAZIONE SPORTIVA DILETTANTISTICA CAMPANIA PONTICELLI,Calcio (a 7),Calcio
coni:191660,191660,PRUNARO CITY 2024 ASSOCIAZIONE SPORTIVA DILETTANTI,Calcio (a 11),Calcio
coni:191661,191661,A.S.D. FUTURE GEN VICTORIA,Calcio (a 11),Calcio
coni:191673,191673,A.S.D. FUTSAL BAGNOLO C5,Futsal (calcio da sala - calcio a 5),Futsal
coni:191674,191674,A.S.D. CASTELFIDARDO CALCIO 1944 ACADEMY,Calcio (a 11),Calcio
coni:191684,191684,ASSOCIAZIONE SPORTIVA DILETTANTISTICA ACCADEMIA CECCANO CALCIO 1920,Calcio (a 11),Calcio
coni:191684,191684,ASSOCIAZIONE SPORTIVA DILETTANTISTICA ACCADEMIA CECCANO CALCIO 1920,Calcio (a 8),Calcio
coni:191684,191684,ASSOCIAZIONE SPORTIVA DILETTANTISTICA ACCADEMIA CECCANO CALCIO 1920,Futsal (calcio da sala - calcio a 5),Futsal
coni:191686,191686,A.S.D. ACCUMOLI GANG C5,Futsal (calcio da sala - calcio a 5),Futsal
coni:191689,191689,ASSOCIAZIONE SPORTIVA DILETTANTISTICA FUTSAL OTTRANO,Futsal (calcio da sala - calcio a 5),Futsal
coni:191695,191695,ASS. SPORTIVA DILETTANTISTICA SAN VITO,Calcio (a 11),Calcio
coni:191704,191704,CA' DE FABBRI 81 A.S.D.,Calcio (a 11),Calcio
coni:191705,191705,A.S.D. REAL GUIDONIA FUTSAL ACADEMY,Calcio (a 11),Calcio
coni:191707,191707,ASD SANTA MARIA CATANZARO 2024,Calcio (a 11),Calcio
coni:191708,191708,A.S.D. NEWGENERATION CALCIO SANT'ANTIMO FUTSAL,Futsal (calcio da sala - calcio a 5),Futsal
coni:191712,191712,"""AISA CALCIO"" ASSOCIAZIONE SPORTIVA DILETTATISTICA",Calcio (a 11),Calcio
coni:191714,191714,PORTO D'ASCOLI CITY ASSOCIAZIONE SPORTIVA DILETTANTISTICA,Calcio (a 11),Calcio
coni:191715,191715,ASSOCIAZIONE SPORTIVA DILETTATISTICA FIORDALISO PRATO C/5,Futsal (calcio da sala - calcio a 5),Futsal
coni:191716,191716,ORTOLINI RED DEVILS,Calcio (a 11),Calcio
coni:191718,191718,ASD PROGETTO SAN SEBASTIANO,Futsal (calcio da sala - calcio a 5),Futsal
coni:191724,191724,ASSOCIAZIONE SPORTIVA DILETTANTISTICA GIOVANILE FOSSANO,Calcio (a 11),Calcio
coni:191731,191731,MONTECRESTESE 08 A.S.D.,Calcio (a 11),Calcio
coni:191735,191735,A.S.D.C. ACCADEMIA MARENE,Calcio (a 11),Calcio
coni:191737,191737,ACADEMY FC TORINESE 1894,Calcio (a 11),Calcio
coni:191737,191737,ACADEMY FC TORINESE 1894,Futsal (calcio da sala - calcio a 5),Futsal
coni:191738,191738,A.S.D POLISPORTIVA RIVER SETTIMO,Calcio (a 11),Calcio
coni:191741,191741,A.S.D. L'ALTER EGO 2.0,Futsal (calcio da sala - calcio a 5),Futsal
coni:191748,191748,ASSOCIAZIONE SPORTIVA DILETTANTISTICA PERETOLA 1873,Calcio (a 11),Calcio
coni:191750,191750,A.S.D. FUTSAL MATTAGNA,Futsal (calcio da sala - calcio a 5),Futsal
coni:191751,191751,ATLETICO LE MELORIE ASD,Calcio (a 11),Calcio
coni:191752,191752,REAL CHIANTI ASSOCIAZIONE SPORTIVA DILETTANTISTICA,Calcio (a 11),Calcio
coni:191752,191752,REAL CHIANTI ASSOCIAZIONE SPORTIVA DILETTANTISTICA,Futsal (calcio da sala - calcio a 5),Futsal
coni:191752,191752,REAL CHIANTI ASSOCIAZIONE SPORTIVA DILETTANTISTICA,Calcio (a 7),Calcio
coni:191754,191754,ASD CERRANO CLUB,Calcio (a 11),Calcio
coni:191759,191759,POLISPORTIVA S.L.A.C. A.S.D.,Futsal (calcio da sala - calcio a 5),Futsal
coni:191761,191761,A.S.D. F.C. BRERA,Calcio (a 11),Calcio
coni:191762,191762,A.S.D WS10,Calcio (a 11),Calcio
coni:191763,191763,ASD PICCIANO FC,Calcio (a 11),Calcio
coni:191764,191764,VETREGO 1971 ASSOCIAZIONE SPORTIVA DILETTANTISTICA,Calcio (a 11),Calcio
coni:191765,191765,A.S.D. NUOVA SOCIETA' VERDENERO,Calcio (a 11),Calcio
coni:191766,191766,C.D.P. VAIANESE FOOTBALL CLUB,Calcio (a 11),Calcio
coni:191768,191768,ASD TRASTESE CALCIO,Calcio (a 11),Calcio
coni:191770,191770,A.S.D. PRO SPOLTORE FUTSAL,Futsal (calcio da sala - calcio a 5),Futsal
coni:191771,191771,A.S.D. ZENEIXI,Calcio (a 11),Calcio
coni:191772,191772,A.S.D. SPORTING AKRAGAS,Calcio (a 11),Calcio
coni:191774,191774,ASSOCIAZIONE SPORTIVA DILETTANTISTICA ITHACA,Calcio (a 11),Calcio
coni:191776,191776,ASD POLISPORTIVA PIMENTEL,Calcio (a 11),Calcio
coni:191777,191777,ATLETICO UTA ASD,Calcio (a 11),Calcio
coni:191778,191778,A.S.D. FUTSAL FASANO,Futsal (calcio da sala - calcio a 5),Futsal
coni:191781,191781,A.S.D. MONTEIASI,Calcio (a 11),Calcio
coni:191783,191783,ASD CASELLE,Futsal (calcio da sala - calcio a 5),Futsal
coni:191784,191784,A.S.D. GESSOPALENA CALCIO,Calcio (a 11),Calcio
coni:191786,191786,ASD PISTOIA WOMEN C5,Futsal (calcio da sala - calcio a 5),Futsal
coni:191787,191787,ASD MILETO,Calcio (a 11),Calcio
coni:191788,191788,POLISPORTIVA SIMERI CRICHI,Calcio (a 11),Calcio
coni:191796,191796,ASD CERCEMAGGIORE,Calcio (a 11),Calcio
coni:191797,191797,ASSOCIAZIONE SPORTIVA DILETTANTISTICA FAVARA CALCIO,Calcio (a 11),Calcio
coni:191798,191798,VOLUNTAS NOVARA 1907 FUTSAL ASD,Futsal (calcio da sala - calcio a 5),Futsal
coni:191800,191800,ASSOCIAZIONE SPORTIVA DILETTANTISTICA MIGLIANICO CALCIO,Calcio (a 11),Calcio
coni:191801,191801,A.S.D. LETINO,Futsal (calcio da sala - calcio a 5),Futsal
coni:191803,191803,ASSOCIAZIONE SPORTIVA DILETTANTISTICA CATHEDRAL ACADEMY,Calcio (a 11),Calcio
coni:191803,191803,ASSOCIAZIONE SPORTIVA DILETTANTISTICA CATHEDRAL ACADEMY,Futsal (calcio da sala - calcio a 5),Futsal
coni:191805,191805,ASSOCIAZIONE SPORTIVA DILETTANTISTICA PORTOTOLLESE,Calcio (a 11),Calcio
coni:191811,191811,CANARINI 1912 SOCIETA' SPORTIVA DILETTANTISTICA A RESPONSABILITA' LIMITATA,Futsal (calcio da sala - calcio a 5),Futsal
coni:191811,191811,CANARINI 1912 SOCIETA' SPORTIVA DILETTANTISTICA A RESPONSABILITA' LIMITATA,Calcio (a 11),Calcio
coni:191814,191814,ASD CITTA' DI POGGIO MIRTETO,Calcio (a 11),Calcio
coni:191821,191821,ASD MEDLA,Calcio (a 11),Calcio
coni:191829,191829,VALANFRA FOOTBALL CLUB ASSOCIAZIONE SPORTIVA DILETTANTISTICA,Calcio (a 11),Calcio
coni:191832,191832,MY TUSCANY A.S. SOCIETA' SPORTIVA DILETTANTISTICA A R.L.,Calcio (a 11),Calcio
coni:191837,191837,ASD URS LA CHIVASSO,Calcio (a 11),Calcio
coni:191839,191839,A.S.D. MONTELEONE,Futsal (calcio da sala - calcio a 5),Futsal
coni:191840,191840,ASD FUTSAL MERI',Futsal (calcio da sala - calcio a 5),Futsal
coni:191852,191852,ASSOCIAZIONE SPORTIVA DILETTANTISTICA CASTELLETTO,Calcio (a 11),Calcio
coni:191854,191854,ASD NEW SANTOS,Calcio (a 11),Calcio
coni:191854,191854,ASD NEW SANTOS,Calcio (a 7),Calcio
coni:191857,191857,U.S. ALVIANO A.S.D.,Calcio (a 11),Calcio
coni:191858,191858,A.S.D. IUDICA CALCIO,Calcio (a 11),Calcio
coni:191858,191858,A.S.D. IUDICA CALCIO,Calcio (a 8),Calcio
coni:191858,191858,A.S.D. IUDICA CALCIO,Beach Soccer,Calcio
coni:191858,191858,A.S.D. IUDICA CALCIO,Futsal (calcio da sala - calcio a 5),Futsal
coni:191858,191858,A.S.D. IUDICA CALCIO,Calcio (a 7),Calcio
coni:191858,191858,A.S.D. IUDICA CALCIO,Pallacanestro,Basket
coni:191858,191858,A.S.D. IUDICA CALCIO,Pallavolo,Volley
coni:191859,191859,ASD ATHLETIC CASTELLAMMARE,Calcio (a 11),Calcio
coni:191861,191861,FOOTBALL CLUB ACADEMY SPORTING EUBEA ASD,Calcio (a 11),Calcio
coni:191862,191862,MAFALDA CALCIO,Calcio (a 11),Calcio
coni:191880,191880,ASSOCIAZIONE SPORTIVA DILETTANTISTICA BUSCHERINI CALCIO,Calcio (a 11),Calcio
coni:191885,191885,A.S.D. REAL FIVE 2024,Futsal (calcio da sala - calcio a 5),Futsal
coni:191886,191886,A.S.D. ACADEMY MONASTIR,Calcio (a 11),Calcio
coni:191889,191889,UNION REFRANCORE ASSOCIAZIONE SPORTIVA DILETTANTISTICA,Calcio (a 11),Calcio
coni:1919,1919,U.S. DILETTANTISTICA BOBBIESE,Calcio (a 11),Calcio
coni:191947,191947,ASD CINQUALE CALCIO,Calcio (a 11),Calcio
coni:191948,191948,A.S.D. SPORTING BORGORICCO,Futsal (calcio da sala - calcio a 5),Futsal
coni:191949,191949,F.C. SAN PAOLO 2019,Calcio (a 11),Calcio
coni:191949,191949,F.C. SAN PAOLO 2019,Futsal (calcio da sala - calcio a 5),Futsal
coni:191950,191950,ASSOCIAZIONE TRAPANI CALCIO FEMMINILE ASD,Calcio (a 11),Calcio
coni:191951,191951,PALMA SOCCER ASSOCIAZIONE SPORTIVA DILETTANTISTICA,Futsal (calcio da sala - calcio a 5),Futsal
coni:191955,191955,POZZOGOTTESE A.S.D.,Futsal (calcio da sala - calcio a 5),Futsal
coni:191959,191959,ASSOCIAZIONE SPORTIVA DILETTANTISTICA NEW TEAM 1992,Calcio (a 11),Calcio
coni:191960,191960,ASSOCIAZIONE SPORTIVA DILETTANTISTICA LIONS TEAM,Calcio (a 11),Calcio
coni:191961,191961,ASSOCIAZIONE SPORTIVA DILETTANTISTICA TIRRENICA A.CORDARO,Calcio (a 11),Calcio
coni:191961,191961,ASSOCIAZIONE SPORTIVA DILETTANTISTICA TIRRENICA A.CORDARO,Calcio (a 8),Calcio
coni:191961,191961,ASSOCIAZIONE SPORTIVA DILETTANTISTICA TIRRENICA A.CORDARO,Futsal (calcio da sala - calcio a 5),Futsal
coni:191961,191961,ASSOCIAZIONE SPORTIVA DILETTANTISTICA TIRRENICA A.CORDARO,Calcio (a 7),Calcio
coni:191962,191962,TRE TORRI - DINARINI,Calcio (a 11),Calcio
coni:191962,191962,TRE TORRI - DINARINI,Futsal (calcio da sala - calcio a 5),Futsal
coni:191963,191963,ASD LONGANO,Futsal (calcio da sala - calcio a 5),Futsal
coni:191964,191964,A.S.D. DELIA,Calcio (a 11),Calcio
coni:191967,191967,A.C. CASTELFRENTANO A.S.D.,Calcio (a 11),Calcio
coni:191968,191968,ASD FUTSAL TREGLIO,Futsal (calcio da sala - calcio a 5),Futsal
coni:191969,191969,A.S.D. GIORGIO FERRINI,Calcio (a 11),Calcio
coni:191975,191975,A.S.D. WAVES,Calcio (a 11),Calcio
coni:191984,191984,L&D MONFERRATO ADVENTURES ASSOCIAZIONE SPORTIVA DILETTANTISTICA,Futsal (calcio da sala - calcio a 5),Futsal
coni:191992,191992,ASD BORGO VECCHIO MOLO SANTA LUC,Calcio (a 11),Calcio
coni:191992,191992,ASD BORGO VECCHIO MOLO SANTA LUC,Calcio (a 8),Calcio
coni:191992,191992,ASD BORGO VECCHIO MOLO SANTA LUC,Futsal (calcio da sala - calcio a 5),Futsal
coni:191992,191992,ASD BORGO VECCHIO MOLO SANTA LUC,Calcio (a 7),Calcio
coni:191997,191997,A.S.D. VIBINUM CALCIO,Calcio (a 11),Calcio
coni:191997,191997,A.S.D. VIBINUM CALCIO,Futsal (calcio da sala - calcio a 5),Futsal
coni:191997,191997,A.S.D. VIBINUM CALCIO,Calcio (a 7),Calcio
coni:191998,191998,A.S.D. POGGIO DEI PINI FUTSAL,Futsal (calcio da sala - calcio a 5),Futsal
coni:192012,192012,SANT'ORSOLA ASSOCIAZIONE SPORTIVA DILETTANTISTICA,Calcio (a 11),Calcio
coni:192041,192041,SIENA CALCIO FEMMINILE ASD,Calcio (a 11),Calcio
coni:192043,192043,ARLECCHINO SPORT LIVORNO 2.0 ASD,Calcio (a 7),Calcio
coni:192043,192043,ARLECCHINO SPORT LIVORNO 2.0 ASD,Calcio (a 11),Calcio
coni:192043,192043,ARLECCHINO SPORT LIVORNO 2.0 ASD,Calcio (a 8),Calcio
coni:192043,192043,ARLECCHINO SPORT LIVORNO 2.0 ASD,Futsal (calcio da sala - calcio a 5),Futsal
coni:192055,192055,ACCADEMIA CROCETTA ASD,Calcio (a 11),Calcio
coni:192058,192058,ASSOCIAZIONE SPORTIVA DILETTANTISTICA NUOVA PARAVATI,Calcio (a 11),Calcio
coni:192064,192064,ASSOCIAZIONE SPORTIVA DILETTANTISTICA MONTEDORO,Calcio (a 11),Calcio
coni:192065,192065,ASSOCIAZIONE SPORTIVA DILETTANTISTICA CAMPOLI APPENNINO,Calcio (a 11),Calcio
coni:192087,192087,ASSOCIAZIONE SPORTIVA DILETTANTISTICA MARZAMEMI,Calcio (a 11),Calcio
coni:192087,192087,ASSOCIAZIONE SPORTIVA DILETTANTISTICA MARZAMEMI,Futsal (calcio da sala - calcio a 5),Futsal
coni:192087,192087,ASSOCIAZIONE SPORTIVA DILETTANTISTICA MARZAMEMI,Calcio (a 7),Calcio
coni:192089,192089,ASD BRANCA CALCIO,Calcio (a 11),Calcio
coni:192091,192091,A.S.D. L.V.P.A. FRASCATI,Calcio (a 11),Calcio
coni:192094,192094,A.S.D. EVERGRIN,Calcio (a 11),Calcio
coni:192096,192096,A.S.D. FUTSAL CASALANGUIDA,Futsal (calcio da sala - calcio a 5),Futsal
coni:192097,192097,ASSOCIAZIONE SPORTIVA DILETTANTISTICA IMPAVIDI,Calcio (a 7),Calcio
coni:192098,192098,ASD THERMAL TEOLO,Calcio (a 11),Calcio
coni:192099,192099,ASD UNION CERRETO SANNITA,Calcio (a 11),Calcio
coni:192099,192099,ASD UNION CERRETO SANNITA,Calcio (a 8),Calcio
coni:192099,192099,ASD UNION CERRETO SANNITA,Futsal (calcio da sala - calcio a 5),Futsal
coni:192099,192099,ASD UNION CERRETO SANNITA,Calcio (a 7),Calcio
coni:192100,192100,A.S.D. ATLETICO HIMERA TERME,Futsal (calcio da sala - calcio a 5),Futsal
coni:192101,192101,A.S.D. ATL ROMA NORD LODIGIANI,Calcio (a 11),Calcio
coni:192103,192103,ASD NUOVO PONSO OSPEDALETTO CALCIO,Calcio (a 11),Calcio
coni:192107,192107,ASD SIVEL AVEZZANO,Calcio (a 11),Calcio
coni:192107,192107,ASD SIVEL AVEZZANO,Futsal (calcio da sala - calcio a 5),Futsal
coni:192114,192114,ASSOCIAZIONE DON BOSCO - APS - ASD,Calcio (a 11),Calcio
coni:192114,192114,ASSOCIAZIONE DON BOSCO - APS - ASD,Futsal (calcio da sala - calcio a 5),Futsal
coni:192114,192114,ASSOCIAZIONE DON BOSCO - APS - ASD,Calcio (a 7),Calcio
coni:192114,192114,ASSOCIAZIONE DON BOSCO - APS - ASD,Pallacanestro,Basket
coni:192114,192114,ASSOCIAZIONE DON BOSCO - APS - ASD,Pallavolo,Volley
coni:192120,192120,A.S.D. VITUS CARBONARA,Calcio (a 11),Calcio
coni:192121,192121,VILLACIDRO SOCCER 24 - ASD,Calcio (a 11),Calcio
coni:192122,192122,A.S.D. POLISPORTIVA FALISCA CIMINI,Calcio (a 11),Calcio
coni:192124,192124,ASSOCIAZIONE SPORTIVA DILETTANTISTICA POLISPORTIVA NEPI,Futsal (calcio da sala - calcio a 5),Futsal
coni:192125,192125,ASSOCIAZIONE SPORTIVA DILETTANTISTICA COLLECORVINO CALCIO,Calcio (a 11),Calcio
coni:19213,19213,ASSOCIAZIONE SPORTIVA DILETTANTISTICA VIRES,Calcio (a 11),Calcio
coni:19213,19213,ASSOCIAZIONE SPORTIVA DILETTANTISTICA VIRES,Calcio (a 7),Calcio
coni:192140,192140,ASSOCIAZIONE SPORTIVA DILETTANTISTICA POLISPORTIVA SARACENO SAN GIOVANNI BOSCO,Calcio (a 11),Calcio
coni:192143,192143,ASD REBOCCO 2024,Calcio (a 11),Calcio
coni:192144,192144,A.S.D. MENTANA,Calcio (a 11),Calcio
coni:192145,192145,ACADEMY TORREGROTTA A.S.D.,Calcio (a 11),Calcio
coni:192157,192157,ASD RIO SOCCER,Futsal (calcio da sala - calcio a 5),Futsal
coni:192157,192157,ASD RIO SOCCER,Calcio (a 11),Calcio
coni:192157,192157,ASD RIO SOCCER,Calcio (a 8),Calcio
coni:192157,192157,ASD RIO SOCCER,Calcio (a 7),Calcio
coni:192158,192158,ASD REAL CITTA' DI GRAGNANO FUTSAL,Futsal (calcio da sala - calcio a 5),Futsal
coni:192164,192164,ASD ALBA DURAZZANO,Calcio (a 11),Calcio
coni:192178,192178,ASSOCIAZIONE SPORTIVA DILETTANTISTICA VILLAPERUCCIO 2024,Calcio (a 11),Calcio
coni:192183,192183,A.S.D. RIETI C.S.C.,Calcio (a 11),Calcio
coni:192183,192183,A.S.D. RIETI C.S.C.,Calcio (a 8),Calcio
coni:192183,192183,A.S.D. RIETI C.S.C.,Beach Soccer,Calcio
coni:192183,192183,A.S.D. RIETI C.S.C.,Futsal (calcio da sala - calcio a 5),Futsal
coni:192183,192183,A.S.D. RIETI C.S.C.,Calcio (a 7),Calcio
coni:192189,192189,A.S.D. ATLETICO CORATO,Calcio (a 11),Calcio
coni:192189,192189,A.S.D. ATLETICO CORATO,Calcio (a 8),Calcio
coni:192189,192189,A.S.D. ATLETICO CORATO,Futsal (calcio da sala - calcio a 5),Futsal
coni:192189,192189,A.S.D. ATLETICO CORATO,Calcio (a 7),Calcio
coni:192191,192191,POLISPORTIVA BARBAGIA SPORT ASD,Calcio (a 11),Calcio
coni:192192,192192,A.S.D. MONTE SANT'ANGELO CALCIO A 5,Futsal (calcio da sala - calcio a 5),Futsal
coni:192194,192194,FOCE AVEZZANO,Calcio (a 11),Calcio
coni:192198,192198,ASD LUPI DI PALLANO C5,Futsal (calcio da sala - calcio a 5),Futsal
coni:192200,192200,ASD CALCIO KALAGONIS,Calcio (a 11),Calcio
coni:192201,192201,ASSOCIAZIONE SPORTIVA DILETTANTISTICA FUTSAL SOCCER C5,Futsal (calcio da sala - calcio a 5),Futsal
coni:192204,192204,ASSOCIAZIONE SPORTIVA DILETTANTISTICA ATLETICO ALBANELLA 2024,Calcio (a 11),Calcio
coni:192206,192206,ASD METACALCIO 5.0,Futsal (calcio da sala - calcio a 5),Futsal
coni:192253,192253,A.S.D. CLUB REAL SICILIA 2024,Calcio (a 11),Calcio
coni:192254,192254,ASSOCIAZIONE SPORTIVA DILETTANTISTICA YOUTH FOOTBALL ACADEMY,Calcio (a 11),Calcio
coni:192255,192255,A.S.D. ASKOS,Futsal (calcio da sala - calcio a 5),Futsal
coni:192256,192256,A.S.D. HELLAS LIVORNO CLUB,Futsal (calcio da sala - calcio a 5),Futsal
coni:192257,192257,A.S.D. VIRTUS CUSANO 24,Futsal (calcio da sala - calcio a 5),Futsal
coni:192272,192272,ASD FULMINE FRESA,Calcio (a 11),Calcio
coni:192275,192275,ORUNESE CALCIO,Calcio (a 11),Calcio
coni:192276,192276,BOJANO FOOTBALL ACADEMY SOCIETA' SPORTIVA DILETTANTISTICA A R.L.,Calcio (a 11),Calcio
coni:192297,192297,ASSOCIAZIONE SPORTIVA DILETTANTISTICA TRAVERDE TAC,Futsal (calcio da sala - calcio a 5),Futsal
coni:1923,1923,ASSOCIAZIONE SPORTIVA DILETTANTISTICA AUDACE,Calcio (a 11),Calcio
coni:1923,1923,ASSOCIAZIONE SPORTIVA DILETTANTISTICA AUDACE,Futsal (calcio da sala - calcio a 5),Futsal
coni:192313,192313,A.S.D. PESCANTINA,Calcio (a 11),Calcio
coni:192324,192324,A.S.D. PUGLIESE,Calcio (a 11),Calcio
coni:192328,192328,ASD EBVRVM 2024,Calcio (a 11),Calcio
coni:192330,192330,A.S.D. SGM SPADAFORA SPORT,Futsal (calcio da sala - calcio a 5),Futsal
coni:192330,192330,A.S.D. SGM SPADAFORA SPORT,Pallacanestro,Basket
coni:192330,192330,A.S.D. SGM SPADAFORA SPORT,Calcio (a 11),Calcio
coni:192330,192330,A.S.D. SGM SPADAFORA SPORT,Calcio Balilla,Calcio
coni:192330,192330,A.S.D. SGM SPADAFORA SPORT,Calcio (a 7),Calcio
coni:192330,192330,A.S.D. SGM SPADAFORA SPORT,Pallavolo,Volley
coni:192333,192333,ASD SPORTING SAVOCA,Futsal (calcio da sala - calcio a 5),Futsal
coni:192333,192333,ASD SPORTING SAVOCA,Calcio (a 7),Calcio
coni:192333,192333,ASD SPORTING SAVOCA,Calcio (a 11),Calcio
coni:192334,192334,ASSOCIAZIONE SPORTIVA DILETTANTISTICA VIRTUS PAGLIETA,Calcio (a 11),Calcio
coni:192354,192354,A.S.D.ATTIGLIANESE ACADEMY,Calcio (a 11),Calcio
coni:192355,192355,ASD CITTA' DI CISTERNA,Futsal (calcio da sala - calcio a 5),Futsal
coni:192360,192360,ASD PALMAS CALCIO,Calcio (a 11),Calcio
coni:192361,192361,A.S.D. GIOVANNI LUCIANO PANNARANO,Calcio (a 11),Calcio
coni:192362,192362,ASSOCIAZIONE SPORTIVA DILETTANTISTICA STELLA AZZURRA GUASILA 2024,Calcio (a 11),Calcio
coni:192387,192387,A.S.D. UNIVAQ,Calcio (a 11),Calcio
coni:192392,192392,F.C. GITSCHBERG JOCHTAL - AMATEURSPORTVEREIN,Calcio (a 11),Calcio
coni:192393,192393,ASSOCIAZIONE SPORTIVA DILETTANTISTICA REAL PARTEOLLA,Calcio (a 11),Calcio
coni:192394,192394,MACCHIAGODENA 20/24,Calcio (a 11),Calcio
coni:192394,192394,MACCHIAGODENA 20/24,Futsal (calcio da sala - calcio a 5),Futsal
coni:192410,192410,A.S.D. LE.IL. ACADEMY TRAPPETO,Calcio (a 11),Calcio
coni:192412,192412,F.C. MILICI,Futsal (calcio da sala - calcio a 5),Futsal
coni:192419,192419,POLISPORTIVA ART MOVING ASD,Calcio (a 11),Calcio
coni:192419,192419,POLISPORTIVA ART MOVING ASD,Calcio (a 8),Calcio
coni:192419,192419,POLISPORTIVA ART MOVING ASD,Futsal (calcio da sala - calcio a 5),Futsal
coni:192419,192419,POLISPORTIVA ART MOVING ASD,Calcio (a 7),Calcio
coni:192436,192436,VIVI SANO ASP ASD,Calcio (a 7),Calcio
coni:192437,192437,ANFFAS PALERMO APS,Calcio (a 7),Calcio
coni:192447,192447,ASD CARUNCHIO,Calcio (a 11),Calcio
coni:192460,192460,A.S.D. SPORTING FONDI,Futsal (calcio da sala - calcio a 5),Futsal
coni:192465,192465,ASD REAL TORDINO 2024,Calcio (a 11),Calcio
coni:192467,192467,A.S.D. EXCALIBUR 1997,Calcio (a 11),Calcio
coni:192494,192494,ASSOCIAZIONE SPORTIVA DILETTANTISTICA ROMAGNANO AL MONTE,Futsal (calcio da sala - calcio a 5),Futsal
coni:192495,192495,A.S.D. ACADEMY T.T.T.PRO,Calcio (a 11),Calcio
coni:192502,192502,ASD POZZILLI FUTSAL,Futsal (calcio da sala - calcio a 5),Futsal
coni:192504,192504,A.S.D. VIRTUS CARPINO CALCIO,Calcio (a 11),Calcio
coni:192507,192507,"ASSOCIAZIONE ""SANT'ERASMO NAUTILUS"" ODV PALERMO",Calcio (a 7),Calcio
coni:192509,192509,ASSOCIAZIONE SPORTIVA DILETTANTISTICA MONTALBANO 2024 FUTSAL,Futsal (calcio da sala - calcio a 5),Futsal
coni:192514,192514,A.S.D. ANTILLO,Calcio (a 11),Calcio
coni:192514,192514,A.S.D. ANTILLO,Futsal (calcio da sala - calcio a 5),Futsal
coni:192518,192518,VIRTUS SAN GIUSEPPE,Calcio (a 11),Calcio
coni:192518,192518,VIRTUS SAN GIUSEPPE,Futsal (calcio da sala - calcio a 5),Futsal
coni:192528,192528,CASTELVETRANO 2024 A.S.D.,Calcio (a 11),Calcio
coni:192529,192529,A.S.D. NUOVA PANNACONI,Calcio (a 11),Calcio
coni:192530,192530,POLISPORTIVA ARRESINA A.S.D.,Calcio (a 11),Calcio
coni:192549,192549,FRONTEMARE SFERRACAVALLO ASD,Calcio (a 11),Calcio
coni:192550,192550,"ASSOCIAZIONE SPORTIVA DILETTANTISTICA ""TRE TORRI CAMPOBELLO""",Calcio (a 11),Calcio
coni:192551,192551,ASSOCIAZIONE SPORTIVA DILETTANTISTICA LONGI,Calcio (a 11),Calcio
coni:192552,192552,A.S.D. LA BARI SPORTIVA,Calcio (a 11),Calcio
coni:192555,192555,ASD SERRA SAN BRUNO CALCIO A5,Futsal (calcio da sala - calcio a 5),Futsal
coni:192632,192632,"A.S.D. ""ACCARIA-GALLI""",Calcio (a 11),Calcio
coni:192641,192641,ARENA DEL POPOLO VADA ASD,Calcio (a 11),Calcio
coni:192645,192645,A.S.D. ARRUBIA,Futsal (calcio da sala - calcio a 5),Futsal
coni:192647,192647,A.S.D. PAGLIARE MANSARDA,Futsal (calcio da sala - calcio a 5),Futsal
coni:192684,192684,A.S.D. ROTONDI WOMAN,Futsal (calcio da sala - calcio a 5),Futsal
coni:192684,192684,A.S.D. ROTONDI WOMAN,Calcio (a 11),Calcio
coni:192684,192684,A.S.D. ROTONDI WOMAN,Calcio (a 8),Calcio
coni:192684,192684,A.S.D. ROTONDI WOMAN,Calcio (a 7),Calcio
coni:192689,192689,CASOLI CALCIO A 5 GIRL A.S.D.,Futsal (calcio da sala - calcio a 5),Futsal
coni:19269,19269,S.S.D. BACIGALUPO,Calcio (a 11),Calcio
coni:192690,192690,ASD SOLOFRA CALCIO A 5,Futsal (calcio da sala - calcio a 5),Futsal
coni:192701,192701,ASD SANTA'POLLINARE CALCIO - SOCIETA' SPORTIVA DILETTANTISTICA,Calcio (a 11),Calcio
coni:192724,192724,FOOTBALL CLUB ALMA VRDE SSD A RL,Calcio (a 11),Calcio
coni:192724,192724,FOOTBALL CLUB ALMA VRDE SSD A RL,Calcio (a 8),Calcio
coni:192724,192724,FOOTBALL CLUB ALMA VRDE SSD A RL,Calcio (a 7),Calcio
coni:192754,192754,ASSOCIAZIONE SPORTIVA DILETTANTISTICA IRNO SPORT,Calcio (a 11),Calcio
coni:192754,192754,ASSOCIAZIONE SPORTIVA DILETTANTISTICA IRNO SPORT,Futsal (calcio da sala - calcio a 5),Futsal
coni:192754,192754,ASSOCIAZIONE SPORTIVA DILETTANTISTICA IRNO SPORT,Calcio (a 7),Calcio
coni:192754,192754,ASSOCIAZIONE SPORTIVA DILETTANTISTICA IRNO SPORT,Pallavolo,Volley
coni:192763,192763,ASD NEW CASTIGLIONE F.C.,Calcio (a 11),Calcio
coni:19277,19277,G.S.O. STELLA AZZURRA AROSIO,Calcio (a 11),Calcio
coni:19277,19277,G.S.O. STELLA AZZURRA AROSIO,Calcio (a 7),Calcio
coni:19277,19277,G.S.O. STELLA AZZURRA AROSIO,Pallavolo,Volley
coni:192779,192779,A.S.D. REAL SAN PIERO,Futsal (calcio da sala - calcio a 5),Futsal
coni:192782,192782,A.S.D. SCUOLA CALCIO JUNIOR CAMPANARAZZU,Calcio (a 11),Calcio
coni:192790,192790,ASD PESCHE CALCIO A 5,Futsal (calcio da sala - calcio a 5),Futsal
coni:192797,192797,ASD JUNIOR CHERO-CARPANETO,Calcio (a 11),Calcio
coni:192827,192827,A.S.D. CIVITA SUPER STAR,Calcio (a 11),Calcio
coni:192831,192831,A.S.D. ANDREA D'ORIA,Calcio (a 11),Calcio
coni:192860,192860,NUOVA VIRTUS GUARCINO ASD,Calcio (a 11),Calcio
coni:192867,192867,ASD ARSITA CALCIO 2024,Calcio (a 11),Calcio
coni:192882,192882,CITTA' DI SANT'EGIDIO A.S.D.,Calcio (a 11),Calcio
coni:192882,192882,CITTA' DI SANT'EGIDIO A.S.D.,Calcio (a 7),Calcio
coni:192883,192883,LORETENSE SOCIETA' SPORTIVA DILETTANTISTICA A RESPONSABILITA' LIM ITATA,Futsal (calcio da sala - calcio a 5),Futsal
coni:192892,192892,ASD LEPORANO SOCCER,Calcio (a 11),Calcio
coni:192892,192892,ASD LEPORANO SOCCER,Calcio (a 8),Calcio
coni:192892,192892,ASD LEPORANO SOCCER,Futsal (calcio da sala - calcio a 5),Futsal
coni:192892,192892,ASD LEPORANO SOCCER,Calcio (a 7),Calcio
coni:192901,192901,ASD PERNOCARI,Calcio (a 11),Calcio
coni:192902,192902,ASSOCIAZIONE SPORTIVA DILETTANTISTICA REAL SORIANELLO,Calcio (a 11),Calcio
coni:192910,192910,A.S.D. ETNEA CALCIO CLUB,Calcio (a 11),Calcio
coni:192926,192926,ASSOCIAZIONE SPORTIVA DILETTANTISTICA GRAN SASSO,Calcio (a 11),Calcio
coni:192935,192935,A.S.D. PRO BUCCHIANICO FOOTBALL CLUB,Calcio (a 11),Calcio
coni:192936,192936,A.S.D.POLLUTRI,Calcio (a 11),Calcio
coni:192958,192958,ASD NUOVA TREVI,Calcio (a 11),Calcio
coni:192962,192962,ASSOCIAZIONE SPORTIVA DILETTANTISTICA FUTSAL EXTREME ACERRA,Futsal (calcio da sala - calcio a 5),Futsal
coni:192963,192963,ASSOCIAZIONE SPORTIVA DILETTANTISTICA RIONE SANITA' 2024,Calcio (a 11),Calcio
coni:192964,192964,FUTSAL CAMPI FLEGREI ASSOCIAZIONE SPORTIVA DILETTANTISTICA,Futsal (calcio da sala - calcio a 5),Futsal
coni:192965,192965,ASD SAN ROCCO CALCIO 24,Calcio (a 11),Calcio
coni:192967,192967,A.S.D. NUOVA COMPAGNIA ACCADEMICA TERZIGNO 1956,Calcio (a 11),Calcio
coni:192973,192973,ASD ATLETICO FUTSAL VARCATURO,Futsal (calcio da sala - calcio a 5),Futsal
coni:193004,193004,"ASSOCIAZIONE SPORTIVA DILETTANTISTICA ""TAO ACADEMY PROJECT YOUTH""",Calcio (a 11),Calcio
coni:193004,193004,"ASSOCIAZIONE SPORTIVA DILETTANTISTICA ""TAO ACADEMY PROJECT YOUTH""",Calcio (a 8),Calcio
coni:193004,193004,"ASSOCIAZIONE SPORTIVA DILETTANTISTICA ""TAO ACADEMY PROJECT YOUTH""",Futsal (calcio da sala - calcio a 5),Futsal
coni:193004,193004,"ASSOCIAZIONE SPORTIVA DILETTANTISTICA ""TAO ACADEMY PROJECT YOUTH""",Calcio (a 7),Calcio
coni:193006,193006,A.S.D. VIRTUS CAMPOBELLO 2024,Futsal (calcio da sala - calcio a 5),Futsal
coni:193012,193012,GAVENA GIOVANI A.S.D.,Calcio (a 11),Calcio
coni:193030,193030,A.S.D. POLISPORTIVA VIRTUS TELESIA,Calcio (a 11),Calcio
coni:193030,193030,A.S.D. POLISPORTIVA VIRTUS TELESIA,Futsal (calcio da sala - calcio a 5),Futsal
coni:193030,193030,A.S.D. POLISPORTIVA VIRTUS TELESIA,Pallacanestro,Basket
coni:193031,193031,""" A.S.D. SANT'ANDREA DEL PIZZONE 2024""",Calcio (a 11),Calcio
coni:193036,193036,A.S.D. ATLETICO MILITELLO,Futsal (calcio da sala - calcio a 5),Futsal
coni:193039,193039,ASSOCIAZIONE SPORTIVA DILETTANTISTICA MILLENNIUM,Calcio (a 11),Calcio
coni:193039,193039,ASSOCIAZIONE SPORTIVA DILETTANTISTICA MILLENNIUM,Calcio (a 8),Calcio
coni:193039,193039,ASSOCIAZIONE SPORTIVA DILETTANTISTICA MILLENNIUM,Futsal (calcio da sala - calcio a 5),Futsal
coni:193039,193039,ASSOCIAZIONE SPORTIVA DILETTANTISTICA MILLENNIUM,Calcio (a 7),Calcio
coni:193040,193040,ASSOCIAZIONE SPORTIVA DILETTANTISTICA CITTA' DI SALEMI CALCIO,Calcio (a 11),Calcio
coni:193044,193044,ASSOCIAZIONE SPORTIVA DILETTANTISTICA GERACI FOOTBALL CLUB,Calcio (a 11),Calcio
coni:193047,193047,POLISPORTIVA LA FENICE DOMUS DE MARIA CHIA A.S.D.,Futsal (calcio da sala - calcio a 5),Futsal
coni:193048,193048,ASSOCIAZIONE SPORTIVA DILETTANTISTICA SANTA ELISABETTA FUTSAL 2024,Futsal (calcio da sala - calcio a 5),Futsal
coni:193049,193049,ASD REAL FIUMEFREDDO C5,Futsal (calcio da sala - calcio a 5),Futsal
coni:193057,193057,ASSOCIAZIONE SPORTIVA DILETTANTISTICA NUOVI MONTI DAUNI,Calcio (a 11),Calcio
coni:193057,193057,ASSOCIAZIONE SPORTIVA DILETTANTISTICA NUOVI MONTI DAUNI,Calcio (a 8),Calcio
coni:193057,193057,ASSOCIAZIONE SPORTIVA DILETTANTISTICA NUOVI MONTI DAUNI,Futsal (calcio da sala - calcio a 5),Futsal
coni:193057,193057,ASSOCIAZIONE SPORTIVA DILETTANTISTICA NUOVI MONTI DAUNI,Calcio (a 7),Calcio
coni:193063,193063,A.S.D. FULGENS LAURITO,Calcio (a 11),Calcio
coni:193064,193064,ASD TERRACINA FUTSAL FEMMINILE,Futsal (calcio da sala - calcio a 5),Futsal
coni:193066,193066,ASD ORATORIO BARGANO,Calcio (a 11),Calcio
coni:193070,193070,ASD EMMECI FOOTBALL ACADEMY,Calcio (a 11),Calcio
coni:193076,193076,SQUILLACE MARINA,Futsal (calcio da sala - calcio a 5),Futsal
coni:193096,193096,ASD PRESILANA,Calcio (a 11),Calcio
coni:193096,193096,ASD PRESILANA,Futsal (calcio da sala - calcio a 5),Futsal
coni:193100,193100,A.S.D. SECLI' 1974,Calcio (a 11),Calcio
coni:193103,193103,ECOCITY FUTSAL ASD,Futsal (calcio da sala - calcio a 5),Futsal
coni:193106,193106,A.S.D. ANDRANO CASTIGLIONE,Calcio (a 11),Calcio
coni:193111,193111,ASD ANIMA,Futsal (calcio da sala - calcio a 5),Futsal
coni:193120,193120,A.S.D. REAL SAN PIETRO VERNOTICO,Calcio (a 11),Calcio
coni:193122,193122,ASSOCIAZIONE SPORTIVA DILETTAN TISTICA SPORTING SAVIO,Futsal (calcio da sala - calcio a 5),Futsal
coni:193127,193127,CILENTO CALCIO 2018 ASSOCIAZIONE SPORTIVA DILETTANTISTICA,Futsal (calcio da sala - calcio a 5),Futsal
coni:193154,193154,ASSOCIAZIONE SPORTIVA DILETTANTISTICA VIRTUS PAOLINI,Futsal (calcio da sala - calcio a 5),Futsal
coni:193155,193155,ASSOCIAZIONE SPORTIVA DILETTANTISTICA UNIVERSAL FOGGIA,Calcio (a 11),Calcio
coni:193156,193156,ASSOCIAZIONE SPORTIVA DILETTANTISTICA PAGANESE C/5,Futsal (calcio da sala - calcio a 5),Futsal
coni:193157,193157,ASD LIONS LUCERA,Calcio (a 11),Calcio
coni:193157,193157,ASD LIONS LUCERA,Calcio (a 8),Calcio
coni:193157,193157,ASD LIONS LUCERA,Futsal (calcio da sala - calcio a 5),Futsal
coni:193157,193157,ASD LIONS LUCERA,Calcio (a 7),Calcio
coni:193159,193159,ASSOCIAZIONE POLISPORTIVA DILETTANTISTICA CIVITAS 2024,Calcio (a 11),Calcio
coni:193159,193159,ASSOCIAZIONE POLISPORTIVA DILETTANTISTICA CIVITAS 2024,Futsal (calcio da sala - calcio a 5),Futsal
coni:193159,193159,ASSOCIAZIONE POLISPORTIVA DILETTANTISTICA CIVITAS 2024,Pallavolo,Volley
coni:193164,193164,ATLETICO PIEDIMONTE ASD,Calcio (a 11),Calcio
coni:193170,193170,A.S.D. GREDA CLUB PALERMO,Calcio (a 11),Calcio
coni:193171,193171,SOCIETA' SPORTIVA DILETTANTISTICA CITTA' DEI PAPI SRL,Calcio (a 11),Calcio
coni:193194,193194,UNIONE SPORTIVA PAUSANIA ASSOCIAZIONE SPORTIVA DILETTANTISTICA DI PROMOZIONE SOCIALE,Calcio (a 11),Calcio
coni:193195,193195,FOOTBALL CLUB ARIANO CALCIO 1946,Calcio (a 11),Calcio
coni:193196,193196,ATLETICO CUGNOLI 2024 ASD,Calcio (a 11),Calcio
coni:193203,193203,ASD REAL FERENTINO CALCIO A 5,Futsal (calcio da sala - calcio a 5),Futsal
coni:193214,193214,ASD FALCHI CAUTANO,Calcio (a 11),Calcio
coni:193215,193215,A.S.D. CITTA' DI CASTIGLIONE DI SICILIA,Calcio (a 11),Calcio
coni:193256,193256,A.S.D. SIKELIA FOOTBALL CLUB,Calcio (a 11),Calcio
coni:193264,193264,ASSOCIAZIONE SPORTIVA DILETTANTISTICA REAL CAMPANARELLO,Calcio (a 11),Calcio
coni:193272,193272,A.S.D. ATLETICO CALCIO VALMONTONE 1921,Calcio (a 11),Calcio
coni:193272,193272,A.S.D. ATLETICO CALCIO VALMONTONE 1921,Calcio (a 7),Calcio
coni:193273,193273,ASD SANT'ANTIOCO CALASETTA CALCIO A 5,Futsal (calcio da sala - calcio a 5),Futsal
coni:193275,193275,ASSOCIAZIONE SPORTIVA DILETTANTISTICA ISPANICI PRIVERNO,Calcio (a 11),Calcio
coni:193287,193287,ASD BANTINE FOOTBALL CLUB,Calcio (a 11),Calcio
coni:193293,193293,ASD SPORTIG PONTELANDOLFO C5,Futsal (calcio da sala - calcio a 5),Futsal
coni:193295,193295,ASD POLISPORTIVA LORENZO TORIELLO,Calcio (a 11),Calcio
coni:193295,193295,ASD POLISPORTIVA LORENZO TORIELLO,Pallacanestro,Basket
coni:193295,193295,ASD POLISPORTIVA LORENZO TORIELLO,Pallavolo,Volley
coni:193295,193295,ASD POLISPORTIVA LORENZO TORIELLO,Calcio (a 8),Calcio
coni:193295,193295,ASD POLISPORTIVA LORENZO TORIELLO,Futsal (calcio da sala - calcio a 5),Futsal
coni:193295,193295,ASD POLISPORTIVA LORENZO TORIELLO,Calcio (a 7),Calcio
coni:19330,19330,A.S.D. GIOVANILI TODI,Calcio (a 11),Calcio
coni:193306,193306,A.S.D. MONTECORVINO ROVELLA,Calcio (a 11),Calcio
coni:193308,193308,ASSOCIAZIONE SPORTIVA DILETTANTISTICA REAL VESUVIOERCOLANESE,Calcio (a 11),Calcio
coni:193308,193308,ASSOCIAZIONE SPORTIVA DILETTANTISTICA REAL VESUVIOERCOLANESE,Calcio (a 8),Calcio
coni:193308,193308,ASSOCIAZIONE SPORTIVA DILETTANTISTICA REAL VESUVIOERCOLANESE,Futsal (calcio da sala - calcio a 5),Futsal
coni:193308,193308,ASSOCIAZIONE SPORTIVA DILETTANTISTICA REAL VESUVIOERCOLANESE,Calcio (a 7),Calcio
coni:193309,193309,ASSOCIAZIONE SPORTIVA DILETTANTISTICA CUS VESEVO,Calcio (a 11),Calcio
coni:193323,193323,ASSOCIAZIONE SPORTIVA DILETTANTISTICA PAOLISI,Calcio (a 11),Calcio
coni:193323,193323,ASSOCIAZIONE SPORTIVA DILETTANTISTICA PAOLISI,Calcio (a 8),Calcio
coni:193323,193323,ASSOCIAZIONE SPORTIVA DILETTANTISTICA PAOLISI,Futsal (calcio da sala - calcio a 5),Futsal
coni:193323,193323,ASSOCIAZIONE SPORTIVA DILETTANTISTICA PAOLISI,Calcio (a 7),Calcio
coni:193326,193326,A.S.D. CENTOLA 2023,Calcio (a 11),Calcio
coni:193377,193377,A.S.D.AZZURRA PAUPISI NEXT GENERATION,Calcio (a 11),Calcio
coni:193378,193378,ASD ACADEMY PUTEOLANA,Calcio (a 11),Calcio
coni:193400,193400,ASSOCIAZIONE SPORTIVA DILETTANTISTICA NEXT GEN FAIR PLAY,Calcio (a 11),Calcio
coni:193402,193402,ALWAYS D V ASSOCIAZIONE SPORTIVA DILETTANTISTICA,Calcio (a 11),Calcio
coni:193407,193407,A.S.D. FUTSAL PINETO,Futsal (calcio da sala - calcio a 5),Futsal
coni:193477,193477,ASD MORRA DE SANCTIS,Calcio (a 11),Calcio
coni:193501,193501,A.S.D. ATLETICO COSTANTINO,Calcio (a 11),Calcio
coni:193509,193509,CITTA DI CATANIA A.S.D.,Calcio (a 11),Calcio
coni:193522,193522,A.S.D. MANDAMENTO AVELLA,Calcio (a 11),Calcio
coni:19353,19353,ASV TRAMIN FUSSBALL,Calcio (a 11),Calcio
coni:193541,193541,A.S.D. CANNALONGA CALCIO,Calcio (a 11),Calcio
coni:193542,193542,ASSOCIAZIONE SPORTIVA DILETTANTISTICA LONGOBARDA VALLE DELL'IRNO,Calcio (a 11),Calcio
coni:193550,193550,ACADEMY MASCALUCIA A.S.D.,Calcio (a 11),Calcio
coni:193551,193551,ASD DON BOSCO PARTINICO,Futsal (calcio da sala - calcio a 5),Futsal
coni:193566,193566,ASD FUTSAL MUTIGNANO,Futsal (calcio da sala - calcio a 5),Futsal
coni:193567,193567,VIRTUS FUORIGROTTA ACADEMY SOCIETA' SPORTIVA DILETTANTISTICA A R.L.,Calcio (a 11),Calcio
coni:193567,193567,VIRTUS FUORIGROTTA ACADEMY SOCIETA' SPORTIVA DILETTANTISTICA A R.L.,Futsal (calcio da sala - calcio a 5),Futsal
coni:193619,193619,ASSOCIAZIONE SPORTIVA DILETTANTISTICA CAMPUS APRILIA,Futsal (calcio da sala - calcio a 5),Futsal
coni:193624,193624,ASD S.P.E.S. ASCEA,Calcio (a 11),Calcio
coni:193625,193625,INVICTUS ACCADEMY,Calcio (a 11),Calcio
coni:193626,193626,ASD LINGUAGLOSSA ETNA NORD,Calcio (a 11),Calcio
coni:193660,193660,FANO CALCIO - SOCIETA' SPORTIVA DILETTANTISTICA A RESPONSABILITA' LIMITATA,Calcio (a 11),Calcio
coni:193661,193661,POLISPORTIVA CARDITESE ASD,Futsal (calcio da sala - calcio a 5),Futsal
coni:19367,19367,ASS.SPORT.DILETT.SCUOLA CALCIO PRIMAVERA,Calcio (a 11),Calcio
coni:193740,193740,FORETTE VIGASIO ASSOCIAZIONE SPORTIVA DILETTANTISTICA,Calcio (a 11),Calcio
coni:19376,19376,POLISPORTIVA CASTELLO DI BRIANZA ASD,Futsal (calcio da sala - calcio a 5),Futsal
coni:19376,19376,POLISPORTIVA CASTELLO DI BRIANZA ASD,Calcio (a 7),Calcio
coni:19376,19376,POLISPORTIVA CASTELLO DI BRIANZA ASD,Calcio (a 11),Calcio
coni:19376,19376,POLISPORTIVA CASTELLO DI BRIANZA ASD,Pallavolo,Volley
coni:193769,193769,A.S.D. FOOTBALL CLUB ACADEMY VILLA DI BRIANO,Calcio (a 11),Calcio
coni:193858,193858,ASD ROMBIOLO CALCIO 2024,Calcio (a 11),Calcio
coni:193868,193868,"ASSOCIAZIONE SPORTIVA DILETTANTISTICA ""MOTIA FUTURA""",Calcio (a 11),Calcio
coni:193875,193875,VULCANO QUARTO - ASD,Calcio (a 11),Calcio
coni:193883,193883,A.S.D. ANCARANO CALCIO,Calcio (a 11),Calcio
coni:193911,193911,A.S.D. CASTELSARDO FUTSAL,Futsal (calcio da sala - calcio a 5),Futsal
coni:193991,193991,VIRTUS DON BOSCO ASSOCIAZIONE SPORTIVA DILETTANTISTICA,Calcio (a 11),Calcio
coni:194056,194056,A.S.D. ATLETICO SFERRACAVALLO,Calcio (a 11),Calcio
coni:194056,194056,A.S.D. ATLETICO SFERRACAVALLO,Calcio (a 8),Calcio
coni:194056,194056,A.S.D. ATLETICO SFERRACAVALLO,Futsal (calcio da sala - calcio a 5),Futsal
coni:194056,194056,A.S.D. ATLETICO SFERRACAVALLO,Calcio (a 7),Calcio
coni:194068,194068,NEW SANTOS,Calcio (a 11),Calcio
coni:1941,1941,A.S.D. PRATOVECCHIO,Calcio (a 11),Calcio
coni:194145,194145,A.S.D. REAL CERCEMAGGIORE,Futsal (calcio da sala - calcio a 5),Futsal
coni:194145,194145,A.S.D. REAL CERCEMAGGIORE,Calcio (a 11),Calcio
coni:194145,194145,A.S.D. REAL CERCEMAGGIORE,Calcio (a 8),Calcio
coni:194145,194145,A.S.D. REAL CERCEMAGGIORE,Calcio (a 7),Calcio
coni:194209,194209,ASSOCIAZIONE SPORTIVA DILETTANTISTICA CENTO CALCI SETTORE GIOVANILE,Calcio (a 11),Calcio
coni:194218,194218,ASSOCIAZIONE SPORTIVA DILETTANTISTICA POLISPORTIVA REAL SALERNO,Calcio (a 11),Calcio
coni:194226,194226,A.S.D. T.A.G.A.M. FUTSAL,Futsal (calcio da sala - calcio a 5),Futsal
coni:19428,19428,ASD UNIONE SPORTIVA ORATORIO MOMPIANO,Calcio (a 11),Calcio
coni:194315,194315,A.S.D. LIBERTAS CANICATTINI,Futsal (calcio da sala - calcio a 5),Futsal
coni:194315,194315,A.S.D. LIBERTAS CANICATTINI,Beach volley,Volley
coni:194452,194452,ASSOCIAZIONE SPORTIVA DILETTANTISTICA SOCCER VILLAGE QUALIANO,Calcio (a 11),Calcio
coni:194452,194452,ASSOCIAZIONE SPORTIVA DILETTANTISTICA SOCCER VILLAGE QUALIANO,Calcio (a 8),Calcio
coni:194452,194452,ASSOCIAZIONE SPORTIVA DILETTANTISTICA SOCCER VILLAGE QUALIANO,Calcio (a 7),Calcio
coni:19452,19452,A.S.D. TEULADA CALCIO,Calcio (a 11),Calcio
coni:19461,19461,A.S.D. ORATORIO S.FILIPPO NERI E S.AGNESE OGGIONO,Calcio (a 11),Calcio
coni:19461,19461,A.S.D. ORATORIO S.FILIPPO NERI E S.AGNESE OGGIONO,Calcio (a 7),Calcio
coni:19461,19461,A.S.D. ORATORIO S.FILIPPO NERI E S.AGNESE OGGIONO,Pallavolo,Volley
coni:194683,194683,ASD MULTISPORT ACADEMY M.C.,Calcio (a 11),Calcio
coni:194722,194722,ASD ELEVEN PGS,Calcio (a 11),Calcio
coni:194722,194722,ASD ELEVEN PGS,Calcio (a 8),Calcio
coni:194722,194722,ASD ELEVEN PGS,Futsal (calcio da sala - calcio a 5),Futsal
coni:194722,194722,ASD ELEVEN PGS,Calcio (a 7),Calcio
coni:194744,194744,A.S.D. CAPRAFICO,Calcio (a 11),Calcio
coni:194815,194815,SSD PIGNA CALCIO SOCIETA' SPORTIVA DILETTANTISTICA A R.L.,Calcio (a 11),Calcio
coni:194815,194815,SSD PIGNA CALCIO SOCIETA' SPORTIVA DILETTANTISTICA A R.L.,Calcio (a 8),Calcio
coni:194815,194815,SSD PIGNA CALCIO SOCIETA' SPORTIVA DILETTANTISTICA A R.L.,Futsal (calcio da sala - calcio a 5),Futsal
coni:194815,194815,SSD PIGNA CALCIO SOCIETA' SPORTIVA DILETTANTISTICA A R.L.,Calcio (a 7),Calcio
coni:194815,194815,SSD PIGNA CALCIO SOCIETA' SPORTIVA DILETTANTISTICA A R.L.,Pallacanestro,Basket
coni:194815,194815,SSD PIGNA CALCIO SOCIETA' SPORTIVA DILETTANTISTICA A R.L.,Pallavolo,Volley
coni:19484,19484,MONTOMBRARO 1929 A.S.D.,Calcio (a 11),Calcio
coni:19484,19484,MONTOMBRARO 1929 A.S.D.,Futsal (calcio da sala - calcio a 5),Futsal
coni:19484,19484,MONTOMBRARO 1929 A.S.D.,Calcio (a 7),Calcio
coni:1949,1949,ASSOCIAZIONE SPORTIVA DILETTANTISTICA IBS LE CRETE,Futsal (calcio da sala - calcio a 5),Futsal
coni:19492,19492,A.S.D. BONONIA 189 A.C.,Calcio (a 11),Calcio
coni:19492,19492,A.S.D. BONONIA 189 A.C.,Pallacanestro,Basket
coni:194940,194940,"ASSOCIAZIONE SPORTIVA DILETTANTISTICA CIRCOLO ENOGASTRONOMICO MUSICALE ""MILICI CLUB",Calcio (a 11),Calcio
coni:19524,19524,ASSOCIAZIONE SPORTIVA DILETTANTISTICA AZZURRA MAGLIO,Calcio (a 11),Calcio
coni:19526,19526,A.S.D. POGGESE 1915,Calcio (a 11),Calcio
coni:19526,19526,A.S.D. POGGESE 1915,Calcio (a 7),Calcio
coni:195291,195291,A.S.D. FALCON GIRLS ACADEMY,Calcio (a 11),Calcio
coni:195460,195460,CITTA' DI CAGLIARI SOCIETA' SPORTIVA DILETTANTISTICA A RESPONSABI LITA' LIMITATA - CITTA' DI CAGLIARI S.S.D. A R.L.,Futsal (calcio da sala - calcio a 5),Futsal
coni:19563,19563,A.C.D. ALBA BORGO ROMA,Calcio (a 11),Calcio
coni:195695,195695,A.S.D. SAN PAOLO CALCIO APC,Calcio (a 11),Calcio
coni:19593,19593,A.S.D. ATLETIC CDR MUTINA,Calcio (a 11),Calcio
coni:19593,19593,A.S.D. ATLETIC CDR MUTINA,Futsal (calcio da sala - calcio a 5),Futsal
coni:19593,19593,A.S.D. ATLETIC CDR MUTINA,Calcio (a 7),Calcio
coni:195971,195971,REAL NAPOLI ASSOCIAZIONE SPORTIVA DILETTANTISTICAA,Calcio (a 11),Calcio
coni:19598,19598,A.C. COLA' VILLA DEI CEDRI A.S.D.,Calcio (a 11),Calcio
coni:1960,1960,A.S.D. SIMBA,Calcio (a 11),Calcio
coni:19624,19624,ASSOCIAZIONE SPORTIVA DILETTANTISTICA US LA SPORTIVA,Calcio (a 11),Calcio
coni:196250,196250,TERMOLI CALCIO 2024 ASSOCIAZIONE SPORTIVA DILETTANTISTICA,Calcio (a 11),Calcio
coni:19633,19633,ASS.SPORT.DIL. A.S.D. FORTIS C.BALANZANO,Futsal (calcio da sala - calcio a 5),Futsal
coni:19638,19638,U.S. MARIANO CALCIO A.S.D.,Calcio (a 11),Calcio
coni:19638,19638,U.S. MARIANO CALCIO A.S.D.,Calcio (a 7),Calcio
coni:1964,1964,A.S.D.SAN COSTANZO MAROTTESE,Calcio (a 11),Calcio
coni:1964,1964,A.S.D.SAN COSTANZO MAROTTESE,Futsal (calcio da sala - calcio a 5),Futsal
coni:196416,196416,SAN MARTINO ASD,Calcio (a 11),Calcio
coni:196416,196416,SAN MARTINO ASD,Beach Soccer,Calcio
coni:196416,196416,SAN MARTINO ASD,Futsal (calcio da sala - calcio a 5),Futsal
coni:196416,196416,SAN MARTINO ASD,Calcio (a 7),Calcio
coni:196416,196416,SAN MARTINO ASD,Beach volley,Volley
coni:196416,196416,SAN MARTINO ASD,Pallavolo,Volley
coni:19659,19659,A.S.D. ATLETICO ORSA ISEO,Calcio (a 11),Calcio
coni:19664,19664,ASSOCIAZIONE CALCIO GARDA ASSOCIAZIONE SPORTIVA DILETTANTISTICA,Calcio (a 11),Calcio
coni:196657,196657,LO ZUCCHERO FILATO APS,Calcio (a 7),Calcio
coni:196689,196689,ASD SAN BIAGIO-VIGLIATORE,Calcio (a 11),Calcio
coni:196699,196699,A.S.D. POLISPORTIVA V,Futsal (calcio da sala - calcio a 5),Futsal
coni:1967,1967,A.S.D.AYGREVILLE CALCIO,Calcio (a 11),Calcio
coni:196732,196732,A.S.D. LA ROCCA 2025,Calcio (a 11),Calcio
coni:196732,196732,A.S.D. LA ROCCA 2025,Calcio (a 7),Calcio
coni:19684,19684,ELLEDI' FC SOCIETA' SPORTIVA DILETTANTISTICA A RESPONSABILITA' LIMITATA,Calcio (a 11),Calcio
coni:19684,19684,ELLEDI' FC SOCIETA' SPORTIVA DILETTANTISTICA A RESPONSABILITA' LIMITATA,Futsal (calcio da sala - calcio a 5),Futsal
coni:19688,19688,S.S.D. BOYS MARINATE,Calcio (a 11),Calcio
coni:19688,19688,S.S.D. BOYS MARINATE,Calcio (a 7),Calcio
coni:19688,19688,S.S.D. BOYS MARINATE,Futsal (calcio da sala - calcio a 5),Futsal
coni:196962,196962,A.S.D. SANTA NINFA 2025,Calcio (a 11),Calcio
coni:196975,196975,A.S.D. LA CANTERA FUTBOL,Calcio (a 11),Calcio
coni:196975,196975,A.S.D. LA CANTERA FUTBOL,Calcio (a 7),Calcio
coni:196975,196975,A.S.D. LA CANTERA FUTBOL,Calcio (a 8),Calcio
coni:196975,196975,A.S.D. LA CANTERA FUTBOL,Futsal (calcio da sala - calcio a 5),Futsal
coni:19699,19699,ASSOCIAZIONE CALCIO BISALTA,Calcio (a 11),Calcio
coni:1970,1970,A.S.D. RIVER PLAINE,Calcio (a 11),Calcio
coni:19700,19700,ASSOCIAZIONE SPORTIVA DILETTANTISTICA STATTE,Calcio (a 11),Calcio
coni:19701,19701,LAMEZIA SOCCER - SOCIETA' SPOR TIVA DILETTANTISTICA,Futsal (calcio da sala - calcio a 5),Futsal
coni:197055,197055,ASD REAL DUGENTA CALCIO,Calcio (a 11),Calcio
coni:197146,197146,J&C FUTSAL - ASSOCIAZIONE SPORTIVA DILETTANTISTICA,Futsal (calcio da sala - calcio a 5),Futsal
coni:197160,197160,ASSOCIAZIONE SPORTIVA DILETTAN TISTICA MACCAN C5 ACADEMY,Calcio (a 11),Calcio
coni:197160,197160,ASSOCIAZIONE SPORTIVA DILETTAN TISTICA MACCAN C5 ACADEMY,Futsal (calcio da sala - calcio a 5),Futsal
coni:197306,197306,CAMOGLI FOOTBALL CLUB ASD 2024,Calcio (a 11),Calcio
coni:19731,19731,A.S.D. C.G. CATANZARESE,Calcio (a 11),Calcio
coni:197310,197310,POLISPORTIVA SAN MARTINO ASSOCIAZIONE SPORTIVA DILETTANTISTICA,Pallacanestro,Basket
coni:197310,197310,POLISPORTIVA SAN MARTINO ASSOCIAZIONE SPORTIVA DILETTANTISTICA,Futsal (calcio da sala - calcio a 5),Futsal
coni:197327,197327,A.S.D. LA BOLLENTE - ACQUI,Calcio (a 11),Calcio
coni:197419,197419,ASD FC ELITE ACADEMY,Calcio (a 11),Calcio
coni:197419,197419,ASD FC ELITE ACADEMY,Calcio (a 8),Calcio
coni:197419,197419,ASD FC ELITE ACADEMY,Futsal (calcio da sala - calcio a 5),Futsal
coni:197419,197419,ASD FC ELITE ACADEMY,Calcio (a 7),Calcio
coni:19746,19746,A.S.D. MAGNANO,Calcio (a 11),Calcio
coni:197490,197490,ATHLETIC CLUB SPAZZAVENTO ASSOCIAZIONE SPORTIVA DILETTANTISTICA,Calcio (a 11),Calcio
coni:197490,197490,ATHLETIC CLUB SPAZZAVENTO ASSOCIAZIONE SPORTIVA DILETTANTISTICA,Futsal (calcio da sala - calcio a 5),Futsal
coni:197541,197541,ASSOCIAZIONE SPORTIVA DILETTANTISTICA ADRIATICA BARLETTA A 5,Futsal (calcio da sala - calcio a 5),Futsal
coni:197544,197544,ASS. SPORT. DILENTANTISTICA CIRCOLO SPORTIVO SAN ROCCO,Calcio (a 11),Calcio
coni:197547,197547,A.S.D. FRATTESE 081 GAME FUSTAL,Futsal (calcio da sala - calcio a 5),Futsal
coni:197578,197578,ASD FUTSAL MAREMMA,Futsal (calcio da sala - calcio a 5),Futsal
coni:197605,197605,ASD REAL MOSE',Calcio (a 11),Calcio
coni:197605,197605,ASD REAL MOSE',Futsal (calcio da sala - calcio a 5),Futsal
coni:197605,197605,ASD REAL MOSE',Calcio (a 7),Calcio
coni:197605,197605,ASD REAL MOSE',Calcio (a 8),Calcio
coni:197703,197703,ASSOCIAZIONE SPORTIVA DILETTANTISTICA AURORA OMBRIANO,Calcio (a 11),Calcio
coni:197703,197703,ASSOCIAZIONE SPORTIVA DILETTANTISTICA AURORA OMBRIANO,Futsal (calcio da sala - calcio a 5),Futsal
coni:197703,197703,ASSOCIAZIONE SPORTIVA DILETTANTISTICA AURORA OMBRIANO,Calcio (a 7),Calcio
coni:197724,197724,A.S.D. SAN LEOLINO,Calcio (a 11),Calcio
coni:197743,197743,A.S.D. LIVORNO 9 BOCA,Calcio (a 11),Calcio
coni:197743,197743,A.S.D. LIVORNO 9 BOCA,Futsal (calcio da sala - calcio a 5),Futsal
coni:197759,197759,A.S.D. ANTELLESE CALCIO,Calcio (a 11),Calcio
coni:197763,197763,ASD PRO POGGIOMARINO 1925,Calcio (a 11),Calcio
coni:197807,197807,ASSOCIAZIONE SPORTIVA DILETTANTISTICA SG FOOTBALL CLUB,Calcio (a 11),Calcio
coni:197815,197815,ASD SAVIANO FOOTBALL ACADEMY,Calcio (a 11),Calcio
coni:197815,197815,ASD SAVIANO FOOTBALL ACADEMY,Calcio (a 8),Calcio
coni:197815,197815,ASD SAVIANO FOOTBALL ACADEMY,Futsal (calcio da sala - calcio a 5),Futsal
coni:197815,197815,ASD SAVIANO FOOTBALL ACADEMY,Calcio (a 7),Calcio
coni:197818,197818,ASD ASTENSE,Calcio (a 11),Calcio
coni:197824,197824,ASSOCIAZIONE SPORTIVA DILETTANTISTICA REAL SANTA CECILIA 2025,Calcio (a 11),Calcio
coni:197826,197826,ACADEMY REAL ARIANO - ASSOCIAZIONE SPORTIVA DILETTANTISTICA,Calcio (a 11),Calcio
coni:197826,197826,ACADEMY REAL ARIANO - ASSOCIAZIONE SPORTIVA DILETTANTISTICA,Calcio (a 8),Calcio
coni:197826,197826,ACADEMY REAL ARIANO - ASSOCIAZIONE SPORTIVA DILETTANTISTICA,Futsal (calcio da sala - calcio a 5),Futsal
coni:197826,197826,ACADEMY REAL ARIANO - ASSOCIAZIONE SPORTIVA DILETTANTISTICA,Calcio (a 7),Calcio
coni:197827,197827,CALCIO AVOLA 1949 ASD,Calcio (a 11),Calcio
coni:197827,197827,CALCIO AVOLA 1949 ASD,Futsal (calcio da sala - calcio a 5),Futsal
coni:19784,19784,ASSOCIAZIONE SPORTIVA DILETT. US GIOVANILE CANZESE,Calcio (a 11),Calcio
coni:19784,19784,ASSOCIAZIONE SPORTIVA DILETT. US GIOVANILE CANZESE,Calcio (a 7),Calcio
coni:197856,197856,NEXGEN ACADEMY A.S.D.,Calcio (a 11),Calcio
coni:197857,197857,"ASSOC.SPORTIVA DILETT. ""BELICE 2025""",Futsal (calcio da sala - calcio a 5),Futsal
coni:197868,197868,A.S.D. LIFE IN SPORT,Calcio (a 11),Calcio
coni:197873,197873,ASSOCIAZIONE SPORTIVA DILETTAN TISTICA ARZENTA FOOTBALL CLUB,Calcio (a 11),Calcio
coni:197875,197875,ASD GIUSVALLA FOOTBALL CLUB,Calcio (a 11),Calcio
coni:197878,197878,ASSOCIAZIONE SPORTIVA DILETTANTISTICA TRAMONTI CALCIO,Calcio (a 11),Calcio
coni:197881,197881,ATHLETIC VALLI A.S.D.,Calcio (a 11),Calcio
coni:197900,197900,ASS. SPORT. DILETT. SANTA CROCE SOCCER,Calcio (a 11),Calcio
coni:197906,197906,SPORTING SOCCER CLUB ERCOLANESE 1924,Calcio (a 11),Calcio
coni:197907,197907,MONTEFUSCO ACADEMY ASSOCIAZIONE SPORTIVA DILETTANTISTICA,Calcio (a 11),Calcio
coni:197918,197918,ADRIATICA A.S.D.,Calcio (a 11),Calcio
coni:197920,197920,A.S.D. NEW CITTA DI CHIETI BUCCHIANICO,Calcio (a 11),Calcio
coni:197924,197924,A.S.D. SENNA CALCIO,Calcio (a 11),Calcio
coni:197931,197931,QUARTO 2012 S.S.D. A R.L.,Calcio (a 11),Calcio
coni:197933,197933,A.S.D. ATS CASALNUOVO,Calcio (a 11),Calcio
coni:197934,197934,UNITED SESTO ASSOCIAZIONE SPORTIVA DILETTANTISTICA,Calcio (a 11),Calcio
coni:197936,197936,CENTRO SPORTIVO DILETTANTISTICO BORGO NUOVO S.S.D. A R.L.,Calcio (a 11),Calcio
coni:197940,197940,A.S.D.POLISPORTIVA TORRENOVESE 1971,Calcio (a 11),Calcio
coni:197942,197942,DON GUANELLA SCAMPIA 1996 ASSOCIAZIONE SPORTIVA DILETTANTISTICA,Calcio (a 11),Calcio
coni:197943,197943,A.S.D. MELPHICTA,Futsal (calcio da sala - calcio a 5),Futsal
coni:197962,197962,ASSOCIAZIONE SPORTIVA DILETTANTISTICA POGLIANO CALCIO A 5,Futsal (calcio da sala - calcio a 5),Futsal
coni:197963,197963,1947 MESSINA ASSOCIAZIONE SPORTIVA DILETTANTISTICA,Calcio (a 11),Calcio
coni:197963,197963,1947 MESSINA ASSOCIAZIONE SPORTIVA DILETTANTISTICA,Futsal (calcio da sala - calcio a 5),Futsal
coni:197965,197965,A.S.D. SPORTING SOCCER SANT'ANTONIO ABATE 1971,Calcio (a 11),Calcio
coni:197966,197966,A.S.D.VESUVIO C5,Futsal (calcio da sala - calcio a 5),Futsal
coni:197971,197971,A.S.D. ASSESE CALCIO 2025,Calcio (a 11),Calcio
coni:197972,197972,A.S.D. FARRA CALCIO,Calcio (a 11),Calcio
coni:197976,197976,ASD FONTANA LIRI APS,Calcio (a 11),Calcio
coni:197980,197980,A.S.D. FALCONARA 1995,Futsal (calcio da sala - calcio a 5),Futsal
coni:197983,197983,UNIONE SPORTIVA CANZANO ASSOCIAZIONE SPORTIVA DILETTANTISTICA,Futsal (calcio da sala - calcio a 5),Futsal
coni:197983,197983,UNIONE SPORTIVA CANZANO ASSOCIAZIONE SPORTIVA DILETTANTISTICA,Calcio (a 7),Calcio
coni:197983,197983,UNIONE SPORTIVA CANZANO ASSOCIAZIONE SPORTIVA DILETTANTISTICA,Calcio (a 11),Calcio
coni:197983,197983,UNIONE SPORTIVA CANZANO ASSOCIAZIONE SPORTIVA DILETTANTISTICA,Pallavolo,Volley
coni:197996,197996,A.S.D. USAF FAVARI,Calcio (a 11),Calcio
coni:197999,197999,SANT'ALESSANDRO ASSOCIAZIONE SPORTIVA DILETTANTISTICA,Calcio (a 11),Calcio
coni:197999,197999,SANT'ALESSANDRO ASSOCIAZIONE SPORTIVA DILETTANTISTICA,Pallavolo,Volley
coni:198000,198000,A.S.D. DOPPIO PASSO FC,Calcio (a 11),Calcio
coni:198000,198000,A.S.D. DOPPIO PASSO FC,Calcio (a 8),Calcio
coni:198000,198000,A.S.D. DOPPIO PASSO FC,Beach Soccer,Calcio
coni:198000,198000,A.S.D. DOPPIO PASSO FC,Futsal (calcio da sala - calcio a 5),Futsal
coni:198000,198000,A.S.D. DOPPIO PASSO FC,Calcio (a 7),Calcio
coni:198001,198001,ASD PANNI,Calcio (a 11),Calcio
coni:198003,198003,A.S.D. TEAM CALCIO APRICENA,Calcio (a 11),Calcio
coni:198011,198011,A.S.D. BEINASCO,Calcio (a 11),Calcio
coni:198012,198012,"""ASD CANTERA 1921 AGROPOLI""",Calcio (a 11),Calcio
coni:198013,198013,ASD POLISPORTIVA ERULA,Calcio (a 11),Calcio
coni:198014,198014,ASSOCIAZIONE SPORTIVA DILETTANTISTICA FUTSAL SAN DAMIANO,Futsal (calcio da sala - calcio a 5),Futsal
coni:198017,198017,ASSOCIAZIONE SPORTIVA DILETTANTISTICA GALZIGNANO TERME,Calcio (a 11),Calcio
coni:19804,19804,A.C.D. CALOLZIOCORTE,Calcio (a 11),Calcio
coni:198040,198040,A.S.D. MOZZANICA CALCIO ASSOCIAZIONE SPORTIVA DILETTANTISTICA,Calcio (a 11),Calcio
coni:198041,198041,A.S.D. CARMINE CENTRO STORICO,Calcio (a 11),Calcio
coni:198042,198042,A.S.D. WE' BENEVENTO UNITED,Calcio (a 11),Calcio
coni:198043,198043,DOGO ASD,Calcio (a 11),Calcio
coni:198044,198044,SPARTAK DE PECCHI A.S.D.,Calcio (a 11),Calcio
coni:198045,198045,ASD US CAVALLERMAGGIORE,Calcio (a 11),Calcio
coni:198046,198046,A.S.D. DOLZAGO.,Calcio (a 11),Calcio
coni:198054,198054,BADIA POZZEVERI CALCIO A.S.D.,Calcio (a 11),Calcio
coni:198055,198055,CITTA' DI MONSUMMANO ASSOCIAZIONE SPORTIVA DILETTANTISTICA,Calcio (a 11),Calcio
coni:198056,198056,ASD US CERVA CALCIO 1982,Calcio (a 11),Calcio
coni:198061,198061,ALL BLACK OSTUNI ASD,Futsal (calcio da sala - calcio a 5),Futsal
coni:198061,198061,ALL BLACK OSTUNI ASD,Calcio (a 11),Calcio
coni:198061,198061,ALL BLACK OSTUNI ASD,Calcio (a 7),Calcio
coni:198063,198063,ASD EVA MILANO FOOTBALL CLUB,Calcio (a 11),Calcio
coni:198068,198068,ASSOCIAZIONE SPORTIVA DILETTANTISTICA ATLETICO FOGGIA,Calcio (a 11),Calcio
coni:198069,198069,GIOVENTU' MILANO,Calcio (a 11),Calcio
coni:198073,198073,SSD BIANCAVILLA CALCIO ACADEMY-SOCIETA' SPORTIVA DILETTANTISTICA A.R.L,Calcio (a 11),Calcio
coni:198073,198073,SSD BIANCAVILLA CALCIO ACADEMY-SOCIETA' SPORTIVA DILETTANTISTICA A.R.L,Calcio (a 8),Calcio
coni:198073,198073,SSD BIANCAVILLA CALCIO ACADEMY-SOCIETA' SPORTIVA DILETTANTISTICA A.R.L,Futsal (calcio da sala - calcio a 5),Futsal
coni:198073,198073,SSD BIANCAVILLA CALCIO ACADEMY-SOCIETA' SPORTIVA DILETTANTISTICA A.R.L,Calcio (a 7),Calcio
coni:198075,198075,A .S. TEOLO - ASSOCIAZIONE SPORTIVA DILETTANTISTICA,Calcio (a 11),Calcio
coni:198076,198076,ASD ITTIRI CALCIO,Calcio (a 11),Calcio
coni:198076,198076,ASD ITTIRI CALCIO,Futsal (calcio da sala - calcio a 5),Futsal
coni:198076,198076,ASD ITTIRI CALCIO,Calcio (a 7),Calcio
coni:198077,198077,A.S.D. BADESSE-MONTERIGGIONI,Calcio (a 11),Calcio
coni:198078,198078,A.S.D. CYNTHIA 1920,Calcio (a 11),Calcio
coni:198079,198079,A.S.D. VALTELLINA FUTSAL,Futsal (calcio da sala - calcio a 5),Futsal
coni:198080,198080,ASD VIRTUS COMPIANO VALGOTRA,Calcio (a 11),Calcio
coni:198087,198087,ASD ACCADEMIA PONTERANICA,Calcio (a 11),Calcio
coni:198088,198088,A.S.D. PISTOIA OVEST,Calcio (a 11),Calcio
coni:198089,198089,ALTAVILLA MILICIA USD,Futsal (calcio da sala - calcio a 5),Futsal
coni:198090,198090,LUCCHESE CALCIO S.S.D.R.L.,Calcio (a 11),Calcio
coni:198100,198100,BASSO GARDA ASSOCIAZIONE SPORTIVA DILETT ANTISTICA,Calcio (a 11),Calcio
coni:198109,198109,SPORTING VOLTERRA ASD,Calcio (a 11),Calcio
coni:198114,198114,FOOTBALL CLUB ACADEMY LUMEZZANE SSD SRL,Calcio (a 11),Calcio
coni:198115,198115,U.S. SALES CALCIO A.S.D.,Calcio (a 11),Calcio
coni:198116,198116,A.S.D. VIRTUS LOVERE 2025,Calcio (a 11),Calcio
coni:198125,198125,VORTEX BERGAMO ASSOCIAZIONE SPORTIVA DILETTANTISTICA,Calcio (a 11),Calcio
coni:198127,198127,ASD PERTICATO XENIA,Calcio (a 11),Calcio
coni:198127,198127,ASD PERTICATO XENIA,Calcio (a 7),Calcio
coni:198128,198128,A.S.D. LADY NAPLES SOCCER,Calcio (a 11),Calcio
coni:198128,198128,A.S.D. LADY NAPLES SOCCER,Calcio (a 8),Calcio
coni:198128,198128,A.S.D. LADY NAPLES SOCCER,Futsal (calcio da sala - calcio a 5),Futsal
coni:198128,198128,A.S.D. LADY NAPLES SOCCER,Calcio (a 7),Calcio
coni:198135,198135,A.S.D. ATLETICO,Calcio (a 11),Calcio
coni:198135,198135,A.S.D. ATLETICO,Futsal (calcio da sala - calcio a 5),Futsal
coni:198146,198146,ASSOCIAZIONE SPORTIVA DILETTANTISTICA AMMETO 2001,Calcio (a 11),Calcio
coni:198148,198148,A.S.D. VANZAGHELLO,Calcio (a 11),Calcio
coni:198149,198149,CONCEPT FOOTBALL CLUB,Calcio (a 11),Calcio
coni:198150,198150,REAL GRASSOBBIONEXT A.S.D.,Calcio (a 11),Calcio
coni:198151,198151,A.S.D. REAL CASTREZZATO,Calcio (a 11),Calcio
coni:198153,198153,ASSOCIAZIONE SPORTIVA DILETTANTISTICA CARBONIA FUTSAL,Futsal (calcio da sala - calcio a 5),Futsal
coni:198154,198154,ASD POLISPORTIVA FRASSATI,Calcio (a 11),Calcio
coni:198155,198155,ACCADEMIA DELLO SPORT ASD,Calcio (a 11),Calcio
coni:198169,198169,ASD CITTA' PENNESE,Calcio (a 11),Calcio
coni:198170,198170,ASSOCIAZIONE SPORTIVA DILETTANTISTICA CONCA ACADEMY,Calcio (a 11),Calcio
coni:198171,198171,ASSOCIAZIONE SPORTIVA DILETTANTISTICA ROCCADASPIDE,Calcio (a 11),Calcio
coni:198171,198171,ASSOCIAZIONE SPORTIVA DILETTANTISTICA ROCCADASPIDE,Calcio (a 8),Calcio
coni:198171,198171,ASSOCIAZIONE SPORTIVA DILETTANTISTICA ROCCADASPIDE,Futsal (calcio da sala - calcio a 5),Futsal
coni:198171,198171,ASSOCIAZIONE SPORTIVA DILETTANTISTICA ROCCADASPIDE,Calcio (a 7),Calcio
coni:198172,198172,FUTSAL ACI SANT'ANTONIO,Futsal (calcio da sala - calcio a 5),Futsal
coni:198173,198173,RONCADE CALCIO SSD A R.L.,Calcio (a 11),Calcio
coni:198175,198175,A.S.D. VIRTUS SECONDIGLIANO,Calcio (a 11),Calcio
coni:19818,19818,ASD O. BARZANO' - ASSOCIAZIONE SPORTIVA DILETTANTISTICA,Calcio (a 11),Calcio
coni:19818,19818,ASD O. BARZANO' - ASSOCIAZIONE SPORTIVA DILETTANTISTICA,Futsal (calcio da sala - calcio a 5),Futsal
coni:198183,198183,FC VICENZA CITY,Calcio (a 11),Calcio
coni:198198,198198,ASSOCIAZIONE SPORTIVA DILETTAN TISTICA BRIANTEA CALCIO,Calcio (a 11),Calcio
coni:198199,198199,A.S.D. LATINO-AMERICANA INCAS,Calcio (a 11),Calcio
coni:198200,198200,ASD SPORTING SORSO,Calcio (a 11),Calcio
coni:198204,198204,ASSOCIAZIONE SPORTIVA DILETTANTISTICA VIGOR ACADEMY SENAGO,Calcio (a 11),Calcio
coni:198204,198204,ASSOCIAZIONE SPORTIVA DILETTANTISTICA VIGOR ACADEMY SENAGO,Calcio (a 7),Calcio
coni:198205,198205,A.S.D. CITTA' DI MARTINSICURO C5,Futsal (calcio da sala - calcio a 5),Futsal
coni:198205,198205,A.S.D. CITTA' DI MARTINSICURO C5,Calcio (a 7),Calcio
coni:198211,198211,UNIONE SPORTIVA DILETTANTISTICA CQS TEMPIO CHIAZZANO,Calcio (a 11),Calcio
coni:198212,198212,VIRTUS LILLIANO A.S.D.,Calcio (a 11),Calcio
coni:198213,198213,A.S.D. PRATELLA,Calcio (a 11),Calcio
coni:198214,198214,A.S.D. TEAM BARI FEMMINILE,Calcio (a 11),Calcio
coni:198243,198243,A.S.D. CAVAION FOOTBALL CLUB,Calcio (a 11),Calcio
coni:198244,198244,ASSOCIAZIONE SPORTIVA DILETTANTISTICA SAN GIOVANNI SUERGIU,Calcio (a 11),Calcio
coni:198245,198245,ASSOCIAZIONE SPORTIVA DILETTANTISTICA SIMAXIS FC,Calcio (a 11),Calcio
coni:198252,198252,ASSOCIAZIONE SPORTIVA DILETTANTISTICA CITTA' DI GAGGI,Calcio (a 11),Calcio
coni:198252,198252,ASSOCIAZIONE SPORTIVA DILETTANTISTICA CITTA' DI GAGGI,Futsal (calcio da sala - calcio a 5),Futsal
coni:198252,198252,ASSOCIAZIONE SPORTIVA DILETTANTISTICA CITTA' DI GAGGI,Calcio (a 7),Calcio
coni:198252,198252,ASSOCIAZIONE SPORTIVA DILETTANTISTICA CITTA' DI GAGGI,Calcio (a 8),Calcio
coni:198268,198268,ASSOCIAZIONE SPORTIVA DILETTANTISTICA CS 71,Calcio (a 11),Calcio
coni:198269,198269,IMMORTALIS FOLIGNO ASD,Calcio (a 11),Calcio
coni:198270,198270,ASSOCIAZIONE SPORTIVA DILETTANTISTICA CORLETO MONFORTE,Futsal (calcio da sala - calcio a 5),Futsal
coni:198271,198271,ASSOCIAZIONE SPORTIVA DILETTANTISTICA POLLESE CALCIO,Calcio (a 11),Calcio
coni:198272,198272,ASD SANTOMENNA 2024,Futsal (calcio da sala - calcio a 5),Futsal
coni:198273,198273,A.S.D. CAPRARA 2025,Calcio (a 11),Calcio
coni:198274,198274,ASSOCIAZIONE SPORTIVA DILETTANTISTICA HYRIA CALCIO,Calcio (a 11),Calcio
coni:198277,198277,ASSOCIAZIONE SPORTIVA DILETTANTISTICA REAL BORGO,Calcio (a 11),Calcio
coni:198278,198278,ASSOCIAZIONE SPORTIVA DILETTANTISTICA MARUDO,Calcio (a 11),Calcio
coni:198279,198279,ASSOCIAZIONE SPORTIVA DILETTANTISTICA POLISPORTIVA SPORTITALIA ACADEMY,Calcio (a 11),Calcio
coni:198280,198280,ASSOCIAZIONE SPORTIVA DILETTANTISTICA LENA-ACADEMY,Calcio (a 11),Calcio
coni:198283,198283,A.S.D. NEW GENERATION F. ACADEMY,Calcio (a 11),Calcio
coni:198283,198283,A.S.D. NEW GENERATION F. ACADEMY,Calcio (a 8),Calcio
coni:198283,198283,A.S.D. NEW GENERATION F. ACADEMY,Futsal (calcio da sala - calcio a 5),Futsal
coni:198283,198283,A.S.D. NEW GENERATION F. ACADEMY,Calcio (a 7),Calcio
coni:198287,198287,ASSOCIAZIONE SPORTIVA DILETTANTISTICA U.S. MAZARA 1946,Calcio (a 11),Calcio
coni:198294,198294,A.S.D. SAVIGNO CALCIO,Calcio (a 11),Calcio
coni:198296,198296,UNIONE SPORTIVA VIGNOLESE 1907 A.S.D.,Calcio (a 11),Calcio
coni:198297,198297,F.C. SANT'ANTONIO ASSOCIAZIONE SPORTIVA DILETTANTISTICA,Calcio (a 11),Calcio
coni:198302,198302,ASD ZENIT PONTECAGNANO 2025,Calcio (a 11),Calcio
coni:198305,198305,FABER UNITED SOCIETA' SPORTIVA DILETTANTISTICA A R.L.,Calcio (a 11),Calcio
coni:198307,198307,A.S.D. FONTANAROSA NEXT GEN,Calcio (a 11),Calcio
coni:198307,198307,A.S.D. FONTANAROSA NEXT GEN,Futsal (calcio da sala - calcio a 5),Futsal
coni:198308,198308,S.ALBERTO FOOTBALL CLUB,Calcio (a 11),Calcio
coni:198309,198309,ASSOCIAZIONE SPORTIVA DILETTANTISTICA GS CALDINE,Calcio (a 11),Calcio
coni:198317,198317,QUARTUCCIU CALCIO A.S.D.,Calcio (a 11),Calcio
coni:198320,198320,ASD SANMARTINO FUTSAL,Futsal (calcio da sala - calcio a 5),Futsal
coni:198335,198335,MASCARINO FC,Calcio (a 11),Calcio
coni:198338,198338,INFINITYCASA WOMEN BARDOLINO,Calcio (a 11),Calcio
coni:198339,198339,A.S.D. BORGHETTO SANT'ANNA,Calcio (a 11),Calcio
coni:198354,198354,ASSOCIAZIONE SPORTIVA DILETTANTISTICA PONTREMOLI FOOTBALL CLUB 1919,Calcio (a 11),Calcio
coni:198367,198367,ASD DV VENAFRO CALCIO A 5,Futsal (calcio da sala - calcio a 5),Futsal
coni:198368,198368,FOOTBALL CLUB SEDRIANESE A.S.D.,Calcio (a 11),Calcio
coni:198378,198378,ASD ATLETICO FORLI',Calcio (a 11),Calcio
coni:198379,198379,FORTITUDO GUALDO CALCIO A 5 ASD,Futsal (calcio da sala - calcio a 5),Futsal
coni:19838,19838,A.S.D. FRANCIACORTA ERBUSCO,Calcio (a 11),Calcio
coni:198381,198381,ASSOCIAZIONE SPORTIVA DILETTANTISTICA NEW CARPEDIEM SPORT BARLETTA,Calcio (a 11),Calcio
coni:198383,198383,ASSOCIAZIONE SPORTIVA DILETTANTISTICA CAMPIPET FUTSAL,Futsal (calcio da sala - calcio a 5),Futsal
coni:198385,198385,A.S.D. FC RONDISSONE,Calcio (a 11),Calcio
coni:198386,198386,"""ASD GIULIANA CALCIO""",Calcio (a 11),Calcio
coni:198389,198389,A.S.D. VIGOLO,Calcio (a 11),Calcio
coni:198390,198390,A.S.D. GOLENA D'ARNO,Calcio (a 11),Calcio
coni:198391,198391,ASD SALERNO,Calcio (a 11),Calcio
coni:198392,198392,"A.S.D. SOCCER ACADEMY ""MATTIA SCUMACI""",Calcio (a 11),Calcio
coni:198393,198393,A.S.D. UNISPORT GENOVA,Calcio (a 11),Calcio
coni:198394,198394,PRO PALMA FUTSAL ASD,Futsal (calcio da sala - calcio a 5),Futsal
coni:198396,198396,ASD MT FUTSAL,Futsal (calcio da sala - calcio a 5),Futsal
coni:198398,198398,ASSOCIAZIONE SPORTIVA DILETTANTISTICA ATLETICO BURGIO,Calcio (a 11),Calcio
coni:198399,198399,ASD LACALENZANESE,Calcio (a 11),Calcio
coni:198401,198401,A.S.D. NEXTGEN 2025 CARTURA,Calcio (a 11),Calcio
coni:198403,198403,ASD CITTA' DI PAESE,Calcio (a 11),Calcio
coni:198407,198407,ASSOCIAZIONE SPORTIVA DILETTANTISTICA SAN PEDRO FOOTBALL CLUB,Calcio (a 11),Calcio
coni:198415,198415,A.S.D. SANT'ANTONIO CALCIO,Calcio (a 11),Calcio
coni:198416,198416,ACADEMY AFFRICO ASSOCIAZIONE SPORTIVA DILETTANTISTICA,Calcio (a 11),Calcio
coni:198417,198417,ACADEMY BAGHERIA S.S.D. S.R.L.,Calcio (a 11),Calcio
coni:198418,198418,A.S.D. VEMENIA CALCIO 2025,Calcio (a 11),Calcio
coni:198425,198425,ASD NEROVERDI ACADEMY ROCCA F.C.,Calcio (a 11),Calcio
coni:198426,198426,A.S.D. GS RAIANO 1968,Calcio (a 11),Calcio
coni:198429,198429,CEP 2025 ASSOCIAZIONE SPORTIVA DILETTANT,Calcio (a 11),Calcio
coni:198432,198432,A.S.D. PIANA 2025,Calcio (a 11),Calcio
coni:198436,198436,ASD GERARDO DI MAIO,Calcio (a 11),Calcio
coni:198437,198437,ASSOCIAZIONE SPORTIVA DILETTANTISTICA MOKARTA CALCIO,Calcio (a 11),Calcio
coni:198437,198437,ASSOCIAZIONE SPORTIVA DILETTANTISTICA MOKARTA CALCIO,Futsal (calcio da sala - calcio a 5),Futsal
coni:198445,198445,ASSOCIAZIONE SPORTIVA DILETTANTISTICA ATLETICO S.T.,Calcio (a 11),Calcio
coni:198449,198449,ASD SAN TEODORO 1969,Calcio (a 11),Calcio
coni:198454,198454,ATLETICO MONTEBELLO VIC. 2025,Calcio (a 11),Calcio
coni:198462,198462,A.S.D. CITY MAZARA C5 2025,Futsal (calcio da sala - calcio a 5),Futsal
coni:198467,198467,A.S.D. WOMEN VIRTUS CARBONERA 2025,Calcio (a 11),Calcio
coni:198471,198471,WOMAN MELILLI ASSOCIAZIONE SPORTIVA DILETTANTISTICA,Calcio (a 11),Calcio
coni:198473,198473,ORATORIANA ROVELLESE 1974,Calcio (a 11),Calcio
coni:198477,198477,ASD SAN COSTANZO C5,Futsal (calcio da sala - calcio a 5),Futsal
coni:198478,198478,POLISPORTIVA RIPATRANSONE ASD,Calcio (a 11),Calcio
coni:198478,198478,POLISPORTIVA RIPATRANSONE ASD,Futsal (calcio da sala - calcio a 5),Futsal
coni:198481,198481,MOLLY E JOSE',Futsal (calcio da sala - calcio a 5),Futsal
coni:198487,198487,ASD LUPI SAVIANO,Futsal (calcio da sala - calcio a 5),Futsal
coni:198498,198498,ASD LEUDI FC,Calcio (a 11),Calcio
coni:198516,198516,A.S.D. STAFFOLO C5,Futsal (calcio da sala - calcio a 5),Futsal
coni:198517,198517,A.S.D. FUEGO BARLETTA,Calcio (a 11),Calcio
coni:198517,198517,A.S.D. FUEGO BARLETTA,Calcio (a 8),Calcio
coni:198517,198517,A.S.D. FUEGO BARLETTA,Futsal (calcio da sala - calcio a 5),Futsal
coni:198517,198517,A.S.D. FUEGO BARLETTA,Calcio (a 7),Calcio
coni:198518,198518,A.S.D. CAMPOMARINO DI MARUGGIO,Calcio (a 11),Calcio
coni:198519,198519,ASSOCIAZIONE SPORTIVA DILETTANTISTICA CAMPOMORONESE SAN BERNARDO,Calcio (a 11),Calcio
coni:198520,198520,"""ASD VALLES""",Calcio (a 11),Calcio
coni:198523,198523,A.S.D. VICENTE,Futsal (calcio da sala - calcio a 5),Futsal
coni:198526,198526,VIRTUS CAMPIGO A.S.D.,Calcio (a 11),Calcio
coni:198528,198528,A.S.D. VILLA TASCA C5,Futsal (calcio da sala - calcio a 5),Futsal
coni:198529,198529,A.S.D. RACING CATANIA WOMENS FOOTBALL CLUB,Calcio (a 11),Calcio
coni:198530,198530,A.S.D. NIZZA CALCIO,Calcio (a 11),Calcio
coni:198530,198530,A.S.D. NIZZA CALCIO,Futsal (calcio da sala - calcio a 5),Futsal
coni:198532,198532,ACCADEMY CITTA' DI ITRI,Calcio (a 11),Calcio
coni:198532,198532,ACCADEMY CITTA' DI ITRI,Calcio (a 8),Calcio
coni:198532,198532,ACCADEMY CITTA' DI ITRI,Beach Soccer,Calcio
coni:198532,198532,ACCADEMY CITTA' DI ITRI,Futsal (calcio da sala - calcio a 5),Futsal
coni:198532,198532,ACCADEMY CITTA' DI ITRI,Calcio (a 7),Calcio
coni:198533,198533,ASSOCIAZIONE SPORTIVA DILETTANTISTICA DIVINA SAN SEVERO,Calcio (a 11),Calcio
coni:198533,198533,ASSOCIAZIONE SPORTIVA DILETTANTISTICA DIVINA SAN SEVERO,Calcio (a 8),Calcio
coni:198533,198533,ASSOCIAZIONE SPORTIVA DILETTANTISTICA DIVINA SAN SEVERO,Futsal (calcio da sala - calcio a 5),Futsal
coni:198533,198533,ASSOCIAZIONE SPORTIVA DILETTANTISTICA DIVINA SAN SEVERO,Calcio (a 7),Calcio
coni:198544,198544,IMBRECCIATA C5,Futsal (calcio da sala - calcio a 5),Futsal
coni:198552,198552,ASD CITTA' DI KAGGI,Calcio (a 11),Calcio
coni:198552,198552,ASD CITTA' DI KAGGI,Futsal (calcio da sala - calcio a 5),Futsal
coni:198553,198553,ASSOCIAZIONE SPORTIVA DILETTTANTISTICA FONTA C5,Futsal (calcio da sala - calcio a 5),Futsal
coni:198554,198554,ASSOCIAZIONE SPORTIVA DILETTANTISTICA POLISPORTIVA SERRENTI,Calcio (a 11),Calcio
coni:198564,198564,SAN FLORIANO 2025 A.S.D.,Futsal (calcio da sala - calcio a 5),Futsal
coni:19857,19857,U.S. OLYMPIC ASD,Calcio (a 11),Calcio
coni:19857,19857,U.S. OLYMPIC ASD,Pallacanestro,Basket
coni:19857,19857,U.S. OLYMPIC ASD,Pallavolo,Volley
coni:19858,19858,ASD APS DON BOSCO MANDURIA 2012,Calcio (a 11),Calcio
coni:19858,19858,ASD APS DON BOSCO MANDURIA 2012,Pallacanestro,Basket
coni:198587,198587,LARINO ACADEMY ASD,Calcio (a 11),Calcio
coni:198591,198591,A.S.D. LONGANO CALCIO,Calcio (a 11),Calcio
coni:198604,198604,ASD ACADEMY PRO COLLEGNO,Calcio (a 11),Calcio
coni:198605,198605,A.S.D. QUADRI,Calcio (a 11),Calcio
coni:198613,198613,A.S.D. NUOVA POLISPORTIVA CASAL CERMELLI CALCIO 2025,Calcio (a 11),Calcio
coni:198622,198622,A.S.D. MV6 ACADEMY MANOPPELLO,Calcio (a 11),Calcio
coni:198625,198625,A.S.D. REAL LEONESSA CALCIO A 5,Futsal (calcio da sala - calcio a 5),Futsal
coni:198635,198635,ACADEMY OSPITALETTO ASD,Calcio (a 11),Calcio
coni:198641,198641,ASSOCIAZIONE SPORTIVA DILETTANTISTICA ACADEMY VESTINA 2025,Calcio (a 11),Calcio
coni:198643,198643,ASD ATLETICO CEPARANA 2025,Calcio (a 11),Calcio
coni:198670,198670,ASD CADORE TRE CIME ACADEMY,Calcio (a 11),Calcio
coni:198678,198678,POLISPORTIVA US TURRIS ASSOCIAZIONE SPORTIVA DILETTANTISTICA,Calcio (a 11),Calcio
coni:198690,198690,ASD STRETTO ACADEMY,Calcio (a 11),Calcio
coni:198690,198690,ASD STRETTO ACADEMY,Beach Soccer,Calcio
coni:198690,198690,ASD STRETTO ACADEMY,Futsal (calcio da sala - calcio a 5),Futsal
coni:198690,198690,ASD STRETTO ACADEMY,Calcio (a 7),Calcio
coni:198722,198722,UNIONE SPORTIVA PIANO,Calcio (a 11),Calcio
coni:198728,198728,ASD FUTSAL TORGIANO,Futsal (calcio da sala - calcio a 5),Futsal
coni:198774,198774,ASD NARNI CALCIO A5,Futsal (calcio da sala - calcio a 5),Futsal
coni:198775,198775,A.S.D. SANT'ONOFRIO 25,Calcio (a 11),Calcio
coni:198778,198778,ASD NEPI CALCIO A 5,Futsal (calcio da sala - calcio a 5),Futsal
coni:198780,198780,POLISPORTIVA ASD CITTA' DI SAN SALVO 2025,Calcio (a 11),Calcio
coni:198790,198790,A.S.D. NUOVA PASIANESE ACADEMY,Calcio (a 11),Calcio
coni:198793,198793,ASD AUDAX APPIGNANO CALCIO,Calcio (a 11),Calcio
coni:198817,198817,ASD VISMARA ACADEMY,Calcio (a 11),Calcio
coni:198824,198824,"A.S.D. ""SOAP HILL FOOTBALL CLUB""",Calcio (a 11),Calcio
coni:198826,198826,VIBO ACADEMY,Calcio (a 11),Calcio
coni:198826,198826,VIBO ACADEMY,Calcio (a 8),Calcio
coni:198826,198826,VIBO ACADEMY,Futsal (calcio da sala - calcio a 5),Futsal
coni:198826,198826,VIBO ACADEMY,Calcio (a 7),Calcio
coni:198827,198827,ASD ATLETICO CARSOLI,Calcio (a 11),Calcio
coni:198840,198840,ASSOCIAZIONE SPORTIVA DILETTANTISTICA QUINTO F.C.,Calcio (a 11),Calcio
coni:19886,19886,UNIONE SPORTIVA DILETTANTISTICA BURAGHESE,Calcio (a 11),Calcio
coni:19886,19886,UNIONE SPORTIVA DILETTANTISTICA BURAGHESE,Calcio (a 7),Calcio
coni:198869,198869,ASSOCIAZIONE SPORTIVA DILETTANTISTICA REAL GRANOS,Calcio (a 11),Calcio
coni:198879,198879,A.S.D. ACADEMY CORONA,Calcio (a 11),Calcio
coni:198879,198879,A.S.D. ACADEMY CORONA,Calcio (a 8),Calcio
coni:198879,198879,A.S.D. ACADEMY CORONA,Futsal (calcio da sala - calcio a 5),Futsal
coni:198879,198879,A.S.D. ACADEMY CORONA,Calcio (a 7),Calcio
coni:198880,198880,ASSOCIAZIONE SPORTIVA DILETTANTISTICA ATLETICO DRAGONI,Futsal (calcio da sala - calcio a 5),Futsal
coni:198882,198882,A.S.D. SCUOLA CALCIO FORESE,Calcio (a 11),Calcio
coni:198883,198883,A.S.D. CASTEL DI IUDICA,Calcio (a 11),Calcio
coni:198884,198884,AQUILOTTI LICATA A.S.D.,Calcio (a 11),Calcio
coni:198886,198886,A.S.D. PELLEGRINO,Calcio (a 11),Calcio
coni:198887,198887,ASSOCIAZIONE SPORTIVA DILETTANTISTICA REAL CASTELTERMINESE,Calcio (a 11),Calcio
coni:198888,198888,ASSOCIAZIONE SPORTIVA DILETTANTISTICA CLUB ATLETICO CARLENTINI,Calcio (a 11),Calcio
coni:19890,19890,A.S.D. SPORTING CLUB MESSINA,Calcio (a 11),Calcio
coni:19890,19890,A.S.D. SPORTING CLUB MESSINA,Futsal (calcio da sala - calcio a 5),Futsal
coni:19890,19890,A.S.D. SPORTING CLUB MESSINA,Calcio (a 7),Calcio
coni:198907,198907,ROBUR MERGO A.S.D.,Futsal (calcio da sala - calcio a 5),Futsal
coni:198910,198910,"ASSOCIAZIONE SPORTIVA DILETTANTISTICA ""FOOTBALL CLUB ROSOLINI 25""",Calcio (a 11),Calcio
coni:198910,198910,"ASSOCIAZIONE SPORTIVA DILETTANTISTICA ""FOOTBALL CLUB ROSOLINI 25""",Futsal (calcio da sala - calcio a 5),Futsal
coni:198930,198930,ATLETICO BENEVENTO D.C. A.S.D.,Calcio (a 11),Calcio
coni:198931,198931,MOLINELLA ROSSOBLU CALCIO 5 ASD,Futsal (calcio da sala - calcio a 5),Futsal
coni:198932,198932,UNIONE SPORTIVA SAN PAOLO,Calcio (a 11),Calcio
coni:198932,198932,UNIONE SPORTIVA SAN PAOLO,Futsal (calcio da sala - calcio a 5),Futsal
coni:198938,198938,ASSOCIAZIONE SPORTIVA DILETTANTISTICA CALCIO A 5 MILANO,Futsal (calcio da sala - calcio a 5),Futsal
coni:198942,198942,ASD FRENTANA LARINO,Calcio (a 11),Calcio
coni:198959,198959,ASD ATLETICO TRANI,Calcio (a 11),Calcio
coni:198959,198959,ASD ATLETICO TRANI,Calcio (a 8),Calcio
coni:198959,198959,ASD ATLETICO TRANI,Futsal (calcio da sala - calcio a 5),Futsal
coni:198959,198959,ASD ATLETICO TRANI,Calcio (a 7),Calcio
coni:198960,198960,ASD VIRTUS LATIANO,Calcio (a 11),Calcio
coni:198961,198961,A.S.D. SAN GIULIANO,Calcio (a 11),Calcio
coni:198962,198962,A.S.D. JAC,Calcio (a 11),Calcio
coni:198963,198963,ASSOCIAZIONE SPORTIVA DILETTANTISTICA CASSANO DUE VALLI,Calcio (a 11),Calcio
coni:198974,198974,A.S.D. PELLEZZANO,Calcio (a 11),Calcio
coni:198978,198978,ASP SALA CONSILINA C5 ASSOCIAZIONE SPORTIVA DILETTANTISTICA,Futsal (calcio da sala - calcio a 5),Futsal
coni:198982,198982,ASSOCIAZIONE SPORTIVA DILETTANTISTICA REAL OGLIASTRO,Calcio (a 11),Calcio
coni:198986,198986,ASD ATLETICO GINOSA,Calcio (a 11),Calcio
coni:198989,198989,ASSOCIAZIONE SPORTIVA DILETTANTISTICA FUTSAL MESAGNE,Futsal (calcio da sala - calcio a 5),Futsal
coni:198991,198991,A.S.D. CIMITILE FUTSAL,Futsal (calcio da sala - calcio a 5),Futsal
coni:198992,198992,A.S.D. VALDILANA NEXT-GEN,Calcio (a 11),Calcio
coni:198993,198993,ASD VIGOR BORGETTO,Calcio (a 11),Calcio
coni:198995,198995,VICENZA CALCIO A CINQUE S.S.D. A R.L.,Futsal (calcio da sala - calcio a 5),Futsal
coni:198997,198997,A.S.D. ATLETICO SUPERBA,Futsal (calcio da sala - calcio a 5),Futsal
coni:198998,198998,ROYAL ASD,Calcio (a 11),Calcio
coni:199002,199002,SANTU DIADORU,Calcio (a 11),Calcio
coni:199003,199003,ASSOCIAZIONE SPORTIVA DILETTANTISTICA CEULA 2025,Calcio (a 11),Calcio
coni:199024,199024,NUOVA SANGIMIGNANESE CALCIO ASD,Calcio (a 11),Calcio
coni:199027,199027,ASD SPORTING CAMAIORE 2022,Calcio (a 11),Calcio
coni:185734,185734,A.S.D. BIANCAZZURRI TORRICELLA,Calcio (a 11),Calcio
coni:185755,185755,A.S.D. ACADEMY AFRAGOLESE,Calcio (a 11),Calcio
coni:185762,185762,A.S.D. GIALLONERI PONTEVOMANO,Calcio (a 11),Calcio
coni:185768,185768,A.S.D. TIRIOLO 2023,Calcio (a 11),Calcio
coni:185772,185772,A.S.D. ACADEMY UNIPOMEZIA,Calcio (a 11),Calcio
coni:187626,187626,ASD MARINA DI PALMA,Calcio (a 11),Calcio
coni:191177,191177,SEREGNO FBC - SOCIETA' SPORTIVA DILETTANTISTICA A R.L. IN ACRONIM O SEREGNO FBC SSD,Calcio (a 11),Calcio
coni:191183,191183,A.S.D. REAL AZZURRA PAGANI,Calcio (a 11),Calcio
coni:191196,191196,ASD TONCO CALCIO,Calcio (a 11),Calcio
coni:191620,191620,A.S.D. PADUA CITY,Calcio (a 11),Calcio
coni:191659,191659,A.S.D. DEPORTIVO MONTENERO,Calcio (a 11),Calcio
coni:191685,191685,ASD ACADEMY REAL DOR,Calcio (a 11),Calcio
coni:191767,191767,A.S.D. CORTENUOVA FOOTBALL CLUB,Calcio (a 11),Calcio
coni:191767,191767,A.S.D. CORTENUOVA FOOTBALL CLUB,Futsal (calcio da sala - calcio a 5),Futsal
coni:191769,191769,ASD DEIVA MARINA CALCIO,Calcio (a 11),Calcio
coni:191830,191830,A.S.D. BARAGAZZA,Calcio (a 11),Calcio
coni:191834,191834,FUTSALESI CASALE ASSOCIAZIONE SPORTIVA DILETTANTISTICA,Futsal (calcio da sala - calcio a 5),Futsal
coni:191884,191884,ASD FUTSAL PARMA CITY,Futsal (calcio da sala - calcio a 5),Futsal
coni:192076,192076,CALCIO A 5 ISOLA VICENTINA,Futsal (calcio da sala - calcio a 5),Futsal
coni:192112,192112,ACADEMY FORMIA CALCIO ASSOCIAZIONE SPORTIVA DILETTANTISTICA,Calcio (a 11),Calcio
coni:192205,192205,ASD FUTSAL CEGLIE,Futsal (calcio da sala - calcio a 5),Futsal
coni:192512,192512,A S D BAFIA,Futsal (calcio da sala - calcio a 5),Futsal
coni:192703,192703,A.S.D. COLFELICE,Calcio (a 11),Calcio
coni:192711,192711,A.S.D. MOLA FUTURA,Calcio (a 11),Calcio
coni:192856,192856,ASSOCIAZIONE SPORTIVA DILETTANTISTICA ATLETICO GATTOPARDO F.C.,Calcio (a 11),Calcio
coni:193265,193265,A.S.D. CIAPPAZZI,Calcio (a 11),Calcio
coni:193266,193266,ASSOCIAZIONE SPORTIVA DILETTANTISTICA BILLONA COMISO,Futsal (calcio da sala - calcio a 5),Futsal
coni:193266,193266,ASSOCIAZIONE SPORTIVA DILETTANTISTICA BILLONA COMISO,Calcio (a 11),Calcio
coni:193266,193266,ASSOCIAZIONE SPORTIVA DILETTANTISTICA BILLONA COMISO,Calcio (a 7),Calcio
coni:193271,193271,A.S.D.FC UNITED GUASILA,Calcio (a 11),Calcio
coni:193422,193422,ASD CS KAMARINA,Futsal (calcio da sala - calcio a 5),Futsal
coni:193428,193428,ASSOCIAZIONE SPORTIVA DILETTANTISTICA MOIANO,Calcio (a 11),Calcio
coni:193588,193588,FC MASCALUCIA A.S.D.,Calcio (a 11),Calcio
coni:193623,193623,ASD REAL STELLA CILENTO,Calcio (a 11),Calcio
coni:1953,1953,ASSOCIAZIONE SPORTIVA DILETTANTISTICA ALTA - MAREMMA,Calcio (a 11),Calcio
coni:1956,1956,A.S.D.POLISPORTIVA ORATORIO CLUSONE,Calcio (a 11),Calcio
coni:1956,1956,A.S.D.POLISPORTIVA ORATORIO CLUSONE,Pallacanestro,Basket
coni:1956,1956,A.S.D.POLISPORTIVA ORATORIO CLUSONE,Pallavolo,Volley
coni:195974,195974,HAPPY FC SOCIETA' SPORTIVA DILETTANTISTICA A RESPONSABILITA' LIMITATA,Futsal (calcio da sala - calcio a 5),Futsal
coni:196709,196709,CORTOCIRCUITO,Calcio (a 11),Calcio
coni:196709,196709,CORTOCIRCUITO,Calcio (a 7),Calcio
coni:196709,196709,CORTOCIRCUITO,Pallavolo,Volley
coni:196709,196709,CORTOCIRCUITO,Pallacanestro,Basket
coni:19671,19671,U.S.D. ARCE 1932,Calcio (a 11),Calcio
coni:19695,19695,A.S.D. POLISPORTIVA LA VETTA,Calcio (a 11),Calcio
coni:197460,197460,TAURUS BELLARIA ASD,Futsal (calcio da sala - calcio a 5),Futsal
coni:19751,19751,"""A.S.D. ATELLANA VOLLEY & SPORTS""",Calcio (a 11),Calcio
coni:197574,197574,ASSOCIAZIONE SPORTIVA DILETTAN TISTICA IDOLO CALCIO ARZANA,Calcio (a 11),Calcio
coni:197816,197816,1959 PARTINICAUDACE,Calcio (a 11),Calcio
coni:197817,197817,REAL ASTIGIANA ASSOCIAZIONE SPORTIVA DILETTANTISTICA,Calcio (a 11),Calcio
coni:197817,197817,REAL ASTIGIANA ASSOCIAZIONE SPORTIVA DILETTANTISTICA,Futsal (calcio da sala - calcio a 5),Futsal
coni:197817,197817,REAL ASTIGIANA ASSOCIAZIONE SPORTIVA DILETTANTISTICA,Calcio (a 7),Calcio
coni:197858,197858,ASSOCIAZIONE SPORTIVA DILETTANTISTICA CALCIO CURNO,Calcio (a 11),Calcio
coni:197935,197935,FOOTBALL CLUB TAORMINA ASD,Calcio (a 11),Calcio
coni:198037,198037,ASSOCIAZIONE SPORTIVA DILETTANTISTICA VI RAZZI,Calcio (a 11),Calcio
coni:198130,198130,ADIGE CAVARZERE ACADEMY A.S.D.,Calcio (a 11),Calcio
coni:198131,198131,ASSOCIAZIONE SPORTIVA DILETTANTISTICA POLISPORTIVA BERGAMO,Calcio (a 11),Calcio
coni:198152,198152,SOVICO CALCIO ACCADEMY SOCIETA' SPORTIVA DILETTANTISTICA A R.L.,Calcio (a 11),Calcio
coni:198156,198156,ASSOCIAZIONE SPORTIVA DILETTANTISTICA VILLA FASTIGGI CALCIO,Calcio (a 11),Calcio
coni:198219,198219,ASD ECLANESE,Calcio (a 11),Calcio
coni:198219,198219,ASD ECLANESE,Calcio (a 8),Calcio
coni:198219,198219,ASD ECLANESE,Futsal (calcio da sala - calcio a 5),Futsal
coni:198219,198219,ASD ECLANESE,Calcio (a 7),Calcio
coni:198276,198276,A.S.D. ATHLETIC FOOTBALL CAMPI,Calcio (a 11),Calcio
coni:198300,198300,OTESIA SANT'AGATA F.C. A.S.D.,Calcio (a 11),Calcio
coni:198488,198488,ASD CALCIO POPOLARE FL,Calcio (a 11),Calcio
coni:198489,198489,A.S.D. SAVIGLIANO 81,Calcio (a 11),Calcio
coni:19850,19850,ASSOCIAZIONE SPORTIVA DILETTANTISTICA VILLA CARCINA F.C.,Calcio (a 11),Calcio
coni:198842,198842,ASSOCIAZIONE SPORTIVA DILETTANTISTICA FEDELE ABBONDANZA ELITE ACADEMY,Calcio (a 11),Calcio
coni:19885,19885,A.S.D. BRESCIA CALCIO 5,Futsal (calcio da sala - calcio a 5),Futsal
coni:198851,198851,A.S.D. NEW TEAM SCICLI,Calcio (a 8),Calcio
coni:198851,198851,A.S.D. NEW TEAM SCICLI,Futsal (calcio da sala - calcio a 5),Futsal
coni:198851,198851,A.S.D. NEW TEAM SCICLI,Calcio (a 7),Calcio
coni:198851,198851,A.S.D. NEW TEAM SCICLI,Calcio (a 11),Calcio
coni:199029,199029,ASD BOLSENA CALCIO,Calcio (a 11),Calcio
coni:199037,199037,A.S.D. FILATTIERA CALCIO,Calcio (a 11),Calcio
coni:199038,199038,ASD TECNICAMENTE FELICE,Calcio (a 11),Calcio
coni:199038,199038,ASD TECNICAMENTE FELICE,Calcio (a 8),Calcio
coni:199038,199038,ASD TECNICAMENTE FELICE,Futsal (calcio da sala - calcio a 5),Futsal
coni:199038,199038,ASD TECNICAMENTE FELICE,Calcio (a 7),Calcio
coni:199039,199039,ASSOCIAZIONE SPORTIVA DILETTANTISTICA PALAZZO ADRIANO,Calcio (a 11),Calcio
coni:199050,199050,JB FUTSAL CALCIO A 5 A.S.D.,Futsal (calcio da sala - calcio a 5),Futsal
coni:199051,199051,AMENO ASD,Calcio (a 11),Calcio
coni:199053,199053,ASSOCIAZIONE SPORTIVA DILETTANTISTICA ATLETICO CAPOTERRA 2025,Calcio (a 11),Calcio
coni:199053,199053,ASSOCIAZIONE SPORTIVA DILETTANTISTICA ATLETICO CAPOTERRA 2025,Futsal (calcio da sala - calcio a 5),Futsal
coni:199054,199054,A.S.D. ACADEMY SAMBENEDETTESE,Calcio (a 11),Calcio
coni:199133,199133,UNIONE SPORTIVA DILETTANTISTICA CALDANA,Calcio (a 11),Calcio
coni:199134,199134,A.S.D. MARMESE,Calcio (a 11),Calcio
coni:19914,19914,ASSOCIAZIONE CALCIO DILETTANTISTICA JULIA SAGITTARIA,Calcio (a 11),Calcio
coni:199145,199145,ASSOCIAZIONE SPORTIVA DILETTANTISTICA DAVIAN ACADEMY,Calcio (a 11),Calcio
coni:199147,199147,A.S.D. PRO BROSSASCO CALCIO,Calcio (a 11),Calcio
coni:199149,199149,A.S.D. PENTA,Futsal (calcio da sala - calcio a 5),Futsal
coni:199150,199150,A.S.D. MARINA DI SAN SALVO CALCIO,Calcio (a 11),Calcio
coni:199156,199156,ASD INVICTA CAPISTRELLO,Calcio (a 11),Calcio
coni:199157,199157,A.S.D. ATLETICO CERCAST,Futsal (calcio da sala - calcio a 5),Futsal
coni:199161,199161,POLISPORTIVA MOCONESI 1992,Calcio (a 11),Calcio
coni:199162,199162,CAVALLEGGERI FOOTBALL ACADEMY A.S.D.,Calcio (a 11),Calcio
coni:199163,199163,ASSOCIAZIONE SPORTIVA DILETTANTISTICA SOCCER MONTI AUSONI,Calcio (a 11),Calcio
coni:199164,199164,ZETA NAPOLI S.S.D. A R.L.,Calcio (a 11),Calcio
coni:199165,199165,AFRORENZE,Calcio (a 11),Calcio
coni:199178,199178,ASD ACADEMY MARZIO LEPRI TORRES,Calcio (a 11),Calcio
coni:199181,199181,ASD DG,Futsal (calcio da sala - calcio a 5),Futsal
coni:199186,199186,MORNESE OLTREGIOGO ASD,Calcio (a 11),Calcio
coni:199205,199205,ASD FUTSAL QUARTIERI DEI POETI,Futsal (calcio da sala - calcio a 5),Futsal
coni:199237,199237,ASD RIEDIL HAMOK FUTSAL,Futsal (calcio da sala - calcio a 5),Futsal
coni:199240,199240,ASSOCIAZIONE SPORTIVA DILETTANTISTICA DI RICCA,Calcio (a 11),Calcio
coni:199248,199248,A.S.D. NEXT GEN BISCEGLIE,Calcio (a 11),Calcio
coni:199249,199249,GIGLIO VECCHIO ASSOCIAZIONE SPORTIVA DILETTANTISTICA,Calcio (a 11),Calcio
coni:199250,199250,ADRIA FC ROMAGNA S.S.D. A R.L.,Calcio (a 11),Calcio
coni:199251,199251,A.S.D. ATINA,Calcio (a 11),Calcio
coni:199252,199252,A.S.D. ERBITA 2025,Calcio (a 11),Calcio
coni:199254,199254,ASD BASSANO CALCIO,Calcio (a 11),Calcio
coni:199259,199259,MEDIATRICE ASSOCIAZIONE SPORTIVA DILETTANTISTICA,Futsal (calcio da sala - calcio a 5),Futsal
coni:199261,199261,A.S.D. DINAMO SORA,Calcio (a 11),Calcio
coni:199264,199264,A.S.D. AQUARA,Futsal (calcio da sala - calcio a 5),Futsal
coni:199266,199266,A.S.D. ATHLETIC S.RITA AUDAX,Calcio (a 11),Calcio
coni:199298,199298,F.C. CASTELBUONO - ASSOCIAZIONE DI PROMOZIONE SOCIALE-ASD,Calcio (a 11),Calcio
coni:199308,199308,ATLETICO ORSOGNA ASS. SPORTIVA DILETT.,Calcio (a 11),Calcio
coni:199327,199327,A.S.D. VIRTUS SAN PIETRO 2025,Calcio (a 11),Calcio
coni:199328,199328,TICINIA NOVARA APS ASD,Calcio (a 7),Calcio
coni:199329,199329,ATHLETIC MA'MA A.S.D.,Calcio (a 7),Calcio
coni:199333,199333,NAPLES' OLD BOYS A.S.D.,Futsal (calcio da sala - calcio a 5),Futsal
coni:199334,199334,A.S.D. FUTSAL SAN MICHELE DI SERINO 2025,Futsal (calcio da sala - calcio a 5),Futsal
coni:199335,199335,ACCADEMIA VALNERINA,Calcio (a 11),Calcio
coni:199338,199338,ASD CITTA' DI CATANZARO,Calcio (a 11),Calcio
coni:199338,199338,ASD CITTA' DI CATANZARO,Calcio (a 8),Calcio
coni:199338,199338,ASD CITTA' DI CATANZARO,Futsal (calcio da sala - calcio a 5),Futsal
coni:199338,199338,ASD CITTA' DI CATANZARO,Calcio (a 7),Calcio
coni:199358,199358,ACADEMY SAN GIOVANNI TEATINO A.S.D.,Calcio (a 11),Calcio
coni:199359,199359,ASD DEA FUTSAL,Futsal (calcio da sala - calcio a 5),Futsal
coni:199360,199360,LIFE SIMERI CRICHI 2025,Calcio (a 11),Calcio
coni:199371,199371,ASSOCIAZIONE SPORTIVA DILETTANTISTICA COLONNATA 1965,Calcio (a 11),Calcio
coni:199401,199401,CLUB 98055 LIPARI CALCIO ASD,Futsal (calcio da sala - calcio a 5),Futsal
coni:19941,19941,A.S.D. OLIMPIC FERRONE,Calcio (a 11),Calcio
coni:19941,19941,A.S.D. OLIMPIC FERRONE,Calcio (a 7),Calcio
coni:19941,19941,A.S.D. OLIMPIC FERRONE,Futsal (calcio da sala - calcio a 5),Futsal
coni:199413,199413,A.S.D. THE EAGLE F.C.,Calcio (a 11),Calcio
coni:199452,199452,A.S.D. PERTOSANA,Futsal (calcio da sala - calcio a 5),Futsal
coni:199453,199453,A.S.D. ROSSOSTELLATO GIORGIONE,Calcio (a 11),Calcio
coni:199455,199455,ASOCIAZIONE SPORTIVA DILETTANTISTICA TEAM CALCIO,Calcio (a 11),Calcio
coni:199455,199455,ASOCIAZIONE SPORTIVA DILETTANTISTICA TEAM CALCIO,Calcio (a 8),Calcio
coni:199455,199455,ASOCIAZIONE SPORTIVA DILETTANTISTICA TEAM CALCIO,Futsal (calcio da sala - calcio a 5),Futsal
coni:199455,199455,ASOCIAZIONE SPORTIVA DILETTANTISTICA TEAM CALCIO,Calcio (a 7),Calcio
coni:199495,199495,ASD MASSA MARTANA FC,Futsal (calcio da sala - calcio a 5),Futsal
coni:199495,199495,ASD MASSA MARTANA FC,Calcio (a 11),Calcio
coni:199501,199501,IMPERO SANT'ANNA,Calcio (a 11),Calcio
coni:199503,199503,ASD ATLETICO ORTE,Calcio (a 11),Calcio
coni:199504,199504,A.S.D. PONTE ROSSO ANGELANA,Calcio (a 11),Calcio
coni:199505,199505,ASD REAL SANSEVERINO,Calcio (a 11),Calcio
coni:199519,199519,ASSOCIAZIONE SPORTIVA DILETTANTISTICA ATLETICO LUCERA,Calcio (a 11),Calcio
coni:199519,199519,ASSOCIAZIONE SPORTIVA DILETTANTISTICA ATLETICO LUCERA,Calcio (a 8),Calcio
coni:199519,199519,ASSOCIAZIONE SPORTIVA DILETTANTISTICA ATLETICO LUCERA,Futsal (calcio da sala - calcio a 5),Futsal
coni:199519,199519,ASSOCIAZIONE SPORTIVA DILETTANTISTICA ATLETICO LUCERA,Calcio (a 7),Calcio
coni:199521,199521,A.S.D. CHORIANA,Calcio (a 11),Calcio
coni:199532,199532,ASSOCIAZIONE SPORTIVA DILETTANTISTICA NOCERA SUPERIORE,Calcio (a 11),Calcio
coni:199537,199537,ASD GIORGIO DI VICINO ACADEMY,Calcio (a 11),Calcio
coni:199537,199537,ASD GIORGIO DI VICINO ACADEMY,Calcio (a 8),Calcio
coni:199537,199537,ASD GIORGIO DI VICINO ACADEMY,Calcio (a 7),Calcio
coni:199565,199565,ASD UNITED MONTESILVANO,Calcio (a 11),Calcio
coni:199566,199566,ASD STADIUM CROCE GIALLA,Futsal (calcio da sala - calcio a 5),Futsal
coni:199577,199577,ASSOCIAZIONE DILETTANTISTICA MONACILIONI C 5,Futsal (calcio da sala - calcio a 5),Futsal
coni:199580,199580,SPORT CLUB SORTINO ASD,Calcio (a 11),Calcio
coni:199581,199581,ARMERINA 2000 ASD,Calcio (a 11),Calcio
coni:199581,199581,ARMERINA 2000 ASD,Futsal (calcio da sala - calcio a 5),Futsal
coni:199582,199582,ATLETICO LEONFORTESE ASD,Calcio (a 11),Calcio
coni:199593,199593,ASSOCIAZIONE SPORTIVA DILETTANTISTICA LIFE SC 2021,Calcio (a 11),Calcio
coni:199593,199593,ASSOCIAZIONE SPORTIVA DILETTANTISTICA LIFE SC 2021,Futsal (calcio da sala - calcio a 5),Futsal
coni:199593,199593,ASSOCIAZIONE SPORTIVA DILETTANTISTICA LIFE SC 2021,Calcio (a 7),Calcio
coni:199595,199595,ASSOCIAZIONE SPORTIVA DILETTANTISTICA CITTA' ARPINO,Calcio (a 11),Calcio
coni:199596,199596,F.C.CAMSTRA A.S.D.,Calcio (a 11),Calcio
coni:199597,199597,A.S.D. PACECO CALCIO,Calcio (a 11),Calcio
coni:199602,199602,ACCADEMIA CALCIO FIUGGI TERME SSD SRLSS,Calcio (a 11),Calcio
coni:199603,199603,A.S.D. VELLETRI CALCIO A 5 D.L.G.,Futsal (calcio da sala - calcio a 5),Futsal
coni:199614,199614,A.S.D. ACCADEMIA PROGETTO GIOVANI,Calcio (a 11),Calcio
coni:199634,199634,A.S.D. OFANTINA CALCIO,Calcio (a 11),Calcio
coni:199666,199666,ASD ORATORIO ZOGNO,Futsal (calcio da sala - calcio a 5),Futsal
coni:199709,199709,CATANZARO SOCIAL CLUB ASD,Calcio (a 11),Calcio
coni:199711,199711,A.S.D. TEMPESTA ASSOCIAZIONE SPORTIVA DILETTANTISTICA,Futsal (calcio da sala - calcio a 5),Futsal
coni:199712,199712,A.S.D. ANDROMEDA SIURGUS DONIGALA,Calcio (a 11),Calcio
coni:199715,199715,APD PGS SPORT,Futsal (calcio da sala - calcio a 5),Futsal
coni:199716,199716,FUTSAL LAERRU ASSOCIAZIONE SPORTIVA DILETTANTISTICA,Futsal (calcio da sala - calcio a 5),Futsal
coni:199730,199730,A.S.D. REAL SECONDIGLIANO FOOTBALL CLUB 2025,Calcio (a 11),Calcio
coni:199731,199731,"ASSOCIAZIONE SPORTIVA DILETTANTISTICA ""BANZANO FOOTBALL CLUB""",Calcio (a 11),Calcio
coni:199732,199732,ROYAL DALLAS ASSOCIAZIONE SPORTIVA DILETTANTISTICA,Calcio (a 11),Calcio
coni:199733,199733,A.S.D. TIBURTINO FUTSAL,Futsal (calcio da sala - calcio a 5),Futsal
coni:199749,199749,ASD RUTINO NG 2025,Calcio (a 11),Calcio
coni:199755,199755,ASD SANTA PAOLINA,Calcio (a 11),Calcio
coni:199757,199757,A.S.D. ENNA CALCIO ACADEMY,Calcio (a 11),Calcio
coni:199762,199762,A.S.D. CASTELNUOVO CILENTO,Calcio (a 11),Calcio
coni:199790,199790,A.C.D. WOMEN VIRTUS PADOVA,Calcio (a 11),Calcio
coni:199791,199791,A.S.D. FUTSAL ORFEA CABRAS,Futsal (calcio da sala - calcio a 5),Futsal
coni:19982,19982,A.S.D. MONARI - NASI,Pallavolo,Volley
coni:19982,19982,A.S.D. MONARI - NASI,Calcio (a 11),Calcio
coni:19982,19982,A.S.D. MONARI - NASI,Calcio (a 7),Calcio
coni:199833,199833,SANT'ANGELO A CUPOLO ASD,Calcio (a 11),Calcio
coni:199833,199833,SANT'ANGELO A CUPOLO ASD,Beach Soccer,Calcio
coni:199833,199833,SANT'ANGELO A CUPOLO ASD,Futsal (calcio da sala - calcio a 5),Futsal
coni:199833,199833,SANT'ANGELO A CUPOLO ASD,Calcio (a 7),Calcio
coni:199834,199834,ATLETICO PONTEROMITO,Futsal (calcio da sala - calcio a 5),Futsal
coni:199837,199837,ASD POLISPORTIVA CENTOLA 2025,Calcio (a 11),Calcio
coni:199841,199841,ASD ALBA PARTENOPEA CALCIO FEMMINILE,Calcio (a 11),Calcio
coni:199841,199841,ASD ALBA PARTENOPEA CALCIO FEMMINILE,Calcio (a 7),Calcio
coni:199841,199841,ASD ALBA PARTENOPEA CALCIO FEMMINILE,Calcio (a 8),Calcio
coni:199841,199841,ASD ALBA PARTENOPEA CALCIO FEMMINILE,Futsal (calcio da sala - calcio a 5),Futsal
coni:199842,199842,A.S.D. SPORTING PAUPISI,Calcio (a 11),Calcio
coni:199843,199843,U.S. VILLAMAINA,Calcio (a 11),Calcio
coni:199844,199844,"ASSOCIAZIONE SPORTIVA DILETTANTISTICA ""LUPI BASCHI""",Futsal (calcio da sala - calcio a 5),Futsal
coni:199845,199845,ASD NEW TEAM QUARTUCCIU,Calcio (a 11),Calcio
coni:199847,199847,ASSOCIAZIONE SPORTIVA DILETTANTISTICA ATLETICO VENA 2025,Calcio (a 11),Calcio
coni:199848,199848,LAMEZIA FUTSAL,Futsal (calcio da sala - calcio a 5),Futsal
coni:199850,199850,ASD AUDACE DECOLLATURA 1920,Calcio (a 11),Calcio
coni:199850,199850,ASD AUDACE DECOLLATURA 1920,Calcio (a 8),Calcio
coni:199850,199850,ASD AUDACE DECOLLATURA 1920,Futsal (calcio da sala - calcio a 5),Futsal
coni:199850,199850,ASD AUDACE DECOLLATURA 1920,Calcio (a 7),Calcio
coni:199851,199851,ASSOCIAZIONE SPORTIVA DILETTANTISTICA FULMINE SORIANELLO,Calcio (a 11),Calcio
coni:199854,199854,A.S.D. SPORTING PISCOPIO,Calcio (a 11),Calcio
coni:199856,199856,"""1VALLE"" ASSOCIAZIONE SPORTIVA DILETTANTISTICA",Futsal (calcio da sala - calcio a 5),Futsal
coni:199877,199877,A.S.D. ECUADOR,Calcio (a 11),Calcio
coni:199878,199878,A.S.D. F.C. RISTOR LETTERE,Calcio (a 11),Calcio
coni:199880,199880,ACIBONACCORSI CALCIO ASD,Calcio (a 11),Calcio
coni:199880,199880,ACIBONACCORSI CALCIO ASD,Futsal (calcio da sala - calcio a 5),Futsal
coni:199892,199892,MORTILLI A.S.D.,Futsal (calcio da sala - calcio a 5),Futsal
coni:199896,199896,ASSOCIAZIONE SPORTIVA DILETTANTISTICA UNION 25 CALCIO A 5,Futsal (calcio da sala - calcio a 5),Futsal
coni:199897,199897,ASD SALAMANCA FOOTBALL CLUB,Calcio (a 11),Calcio
coni:199900,199900,ASSOCIAZIONE SPORTIVA DILETTANTISTICA NOTTI MAGICHE,Futsal (calcio da sala - calcio a 5),Futsal
coni:199901,199901,REAL FAVARA A.S.D.,Calcio (a 11),Calcio
coni:199903,199903,CLUB CALCIO CAMPOFRANCO 2025,Calcio (a 11),Calcio
coni:199903,199903,CLUB CALCIO CAMPOFRANCO 2025,Futsal (calcio da sala - calcio a 5),Futsal
coni:199905,199905,A.S.D. S.C. STEFANESE,Calcio (a 11),Calcio
coni:199905,199905,A.S.D. S.C. STEFANESE,Futsal (calcio da sala - calcio a 5),Futsal
coni:199906,199906,ASSOCIAZIONE SPORTIVA DILETTANTISTICA CENTRO SPORTIVO SARACENO SCUOLA CALCIO RAVANUSA CAMPOBELLO,Futsal (calcio da sala - calcio a 5),Futsal
coni:199908,199908,ASD FOOTBALL CLUB TERRASINI,Calcio (a 11),Calcio
coni:199913,199913,UNION C.S. ACADEMY,Calcio (a 11),Calcio
coni:199960,199960,A.S.D. GODRANO FIVE,Futsal (calcio da sala - calcio a 5),Futsal
coni:199962,199962,BUCCHERESE A.S.D.,Calcio (a 11),Calcio
coni:199983,199983,A.S.D. MONTASOLA,Calcio (a 11),Calcio
coni:199989,199989,A.S.D. CAMPOROTONDO ETNEO,Futsal (calcio da sala - calcio a 5),Futsal
coni:199995,199995,ASSOCIAZIONE SPORTIVA DILETTANTISTICA MEMEREALE,Futsal (calcio da sala - calcio a 5),Futsal
coni:199998,199998,A.S.D. ATLETICO BARONIA NEXT GEN,Calcio (a 11),Calcio
coni:2000,2000,POL. D. ALMA JUVENTUS FANO,Futsal (calcio da sala - calcio a 5),Futsal
coni:200014,200014,A.S.D. SCHOOL PROJECT TAU,Calcio (a 11),Calcio
coni:200018,200018,A.S.D. VIRTUS FUMONE,Calcio (a 11),Calcio
coni:200021,200021,SAN GIOVANNI - ASSOCIAZIONE SPORTIVA DILETTANTISTICA,Futsal (calcio da sala - calcio a 5),Futsal
coni:200023,200023,CARLIN'S BOYS ASD,Calcio (a 11),Calcio
coni:200023,200023,CARLIN'S BOYS ASD,Futsal (calcio da sala - calcio a 5),Futsal
coni:200024,200024,ASSOCIAZIONE SPORTIVA DILETTANTISTICA REAL LIMBADI 2004,Calcio (a 11),Calcio
coni:200025,200025,MARTELLETTO-SETTINGIANO CALCIO 5,Futsal (calcio da sala - calcio a 5),Futsal
coni:20006,20006,ASD F.C.MOREVILLA,Calcio (a 11),Calcio
coni:200063,200063,A.S.D. FM10 ROMA,Calcio (a 11),Calcio
coni:200064,200064,ASSOCIAZIONE CENTRO STORICO CATANZARO,Calcio (a 11),Calcio
coni:200065,200065,A.S.D. FC GDZ CAMPAGNANO,Calcio (a 11),Calcio
coni:20007,20007,A.S.D. FONDI CALCIO,Calcio (a 11),Calcio
coni:200086,200086,NUOVO CARLENTINI,Calcio (a 11),Calcio
coni:200087,200087,A.S.D. SARD FUTSAL,Futsal (calcio da sala - calcio a 5),Futsal
coni:200091,200091,ASD US SANT'ANGELO A SCALA,Calcio (a 11),Calcio
coni:200091,200091,ASD US SANT'ANGELO A SCALA,Futsal (calcio da sala - calcio a 5),Futsal
coni:200092,200092,A.S.D. SPORTING GIARRE 2025,Calcio (a 11),Calcio
coni:200093,200093,"""ASD GRUPPO SPORTIVO HERA 2025""",Calcio (a 11),Calcio
coni:200094,200094,ASD MATEL CALCIO,Calcio (a 11),Calcio
coni:200095,200095,A.S.D. S.AGATA CALCIO 2025,Calcio (a 11),Calcio
coni:200097,200097,ASSOCIAZIONE POLISPORTIVA DILETTANTISTICA TRECASE CALCIO 2025,Calcio (a 11),Calcio
coni:200099,200099,ASSOCIAZIONE SPORTIVA DILETTANTISTICA NEXT GOAL ACADEMY,Calcio (a 11),Calcio
coni:2001,2001,A.S.D. - DURANTINA SANTA CECILIA,Calcio (a 11),Calcio
coni:2001,2001,A.S.D. - DURANTINA SANTA CECILIA,Futsal (calcio da sala - calcio a 5),Futsal
coni:200100,200100,BOTRICELLO SPORTIVA APS,Calcio (a 11),Calcio
coni:200117,200117,STROMBOLI ASD,Calcio (a 11),Calcio
coni:200146,200146,"""ALTLETICO CASAVATORE""",Calcio (a 11),Calcio
coni:200163,200163,"""ASSOCIAZIONE SPORTIVA DILETTANTISTICA ACADEMY MONTI DELLA TOLFA""",Calcio (a 11),Calcio
coni:200164,200164,A.S.D. GIOVANI MONTORIO CALCIO,Calcio (a 11),Calcio
coni:200180,200180,A.S.D. REAL CALCIO MONTEROSSO,Calcio (a 11),Calcio
coni:200188,200188,F.C. GROTTE A.S.D.,Futsal (calcio da sala - calcio a 5),Futsal
coni:200197,200197,ASSOCIAZIONE SPORTIVA DILETTANTISTICA COLONNELLA UNITED,Calcio (a 11),Calcio
coni:200197,200197,ASSOCIAZIONE SPORTIVA DILETTANTISTICA COLONNELLA UNITED,Futsal (calcio da sala - calcio a 5),Futsal
coni:200206,200206,ASD PORTO ROTONDO 1986,Calcio (a 11),Calcio
coni:200224,200224,ASSOCIAZIONE SPORTIVA DILETTANTISTICA CELLE BULGHERIA 2025,Calcio (a 11),Calcio
coni:200243,200243,ASD ORSOGNA CALCIO,Calcio (a 11),Calcio
coni:200244,200244,ASD TUSCANIA CALCIO 1923,Calcio (a 11),Calcio
coni:200246,200246,OLIVARELLA CALCIO ASD,Calcio (a 11),Calcio
coni:200280,200280,A.S.D. NUOVA EDERA 1954,Calcio (a 11),Calcio
coni:200281,200281,A.S.D. G.S BONARCADESE,Calcio (a 11),Calcio
coni:2003,2003,C.G.S. CASTELNUOVO DON BOSCO,Calcio (a 11),Calcio
coni:2003,2003,C.G.S. CASTELNUOVO DON BOSCO,Futsal (calcio da sala - calcio a 5),Futsal
coni:2003,2003,C.G.S. CASTELNUOVO DON BOSCO,Pallavolo,Volley
coni:200352,200352,A.S.D. CITTA' DI FROSINONE,Calcio (a 11),Calcio
coni:20036,20036,CONCORDIA CALCIO ASSOCIAZIONE SPORTIVA DILETTANTISTICA,Calcio (a 11),Calcio
coni:200361,200361,ASD CAVA UNITED FOOTBALL CLUB,Calcio (a 11),Calcio
coni:200416,200416,ATLETICO ACERRA,Calcio (a 11),Calcio
coni:200570,200570,ASD CARLOPOLI,Calcio (a 11),Calcio
coni:200570,200570,ASD CARLOPOLI,Calcio (a 8),Calcio
coni:200570,200570,ASD CARLOPOLI,Futsal (calcio da sala - calcio a 5),Futsal
coni:200570,200570,ASD CARLOPOLI,Calcio (a 7),Calcio
coni:200571,200571,FUTSAL ZAGARISE,Futsal (calcio da sala - calcio a 5),Futsal
coni:200733,200733,ASD BORGO VERCELLI 2022,Calcio (a 11),Calcio
coni:200733,200733,ASD BORGO VERCELLI 2022,Calcio (a 8),Calcio
coni:200733,200733,ASD BORGO VERCELLI 2022,Futsal (calcio da sala - calcio a 5),Futsal
coni:200733,200733,ASD BORGO VERCELLI 2022,Calcio (a 7),Calcio
coni:200734,200734,ASSOCIAZIONE SPORTIVA DILETTANTISTICA CALCIO SCALA 2025,Calcio (a 11),Calcio
coni:200735,200735,MELANIA MAIDA,Futsal (calcio da sala - calcio a 5),Futsal
coni:200736,200736,ASSOCIAZIONE SPORTIVA DILETTANTISTICA CACCAMO 2025,Calcio (a 11),Calcio
coni:200753,200753,ACADEMY MONTECARLO ASSOCIAZIONE SPORTIVA DILETTANTISTICA,Calcio (a 11),Calcio
coni:200771,200771,ASD CITTA' DI CHIARAVALLE C5,Futsal (calcio da sala - calcio a 5),Futsal
coni:20079,20079,"ASSOCIAZIONE SPORTIVA DILETTANTISTICA ""FUTURA MARTINA""",Calcio (a 11),Calcio
coni:20079,20079,"ASSOCIAZIONE SPORTIVA DILETTANTISTICA ""FUTURA MARTINA""",Calcio (a 8),Calcio
coni:20079,20079,"ASSOCIAZIONE SPORTIVA DILETTANTISTICA ""FUTURA MARTINA""",Futsal (calcio da sala - calcio a 5),Futsal
coni:20079,20079,"ASSOCIAZIONE SPORTIVA DILETTANTISTICA ""FUTURA MARTINA""",Calcio (a 7),Calcio
coni:2008,2008,F.C.D. SAN GIUSEPPE CALCIO ASD,Calcio (a 11),Calcio
coni:200852,200852,A.S.D. ZENIT HERA LACINA,Futsal (calcio da sala - calcio a 5),Futsal
coni:20086,20086,A.S.D.REAL CANNARA CALCIO A5,Futsal (calcio da sala - calcio a 5),Futsal
coni:200933,200933,A.S.D. VIGOR,Calcio (a 11),Calcio
coni:201024,201024,FC GANACETO,Calcio (a 7),Calcio
coni:201024,201024,FC GANACETO,Calcio (a 11),Calcio
coni:20119,20119,A.S.D. CALCIO CALMASINO 2003,Calcio (a 11),Calcio
coni:20121,20121,A.C.D. POVEGLIANO,Calcio (a 11),Calcio
coni:20121,20121,A.C.D. POVEGLIANO,Futsal (calcio da sala - calcio a 5),Futsal
coni:201300,201300,REAL NISSORIA A.S.D.,Calcio (a 11),Calcio
coni:20175,20175,A.S.D. S.S. POSTA FIBRENO,Calcio (a 11),Calcio
coni:20199,20199,A.S.D.CITTA' DI CEPRANO CALCIO,Calcio (a 11),Calcio
coni:20225,20225,U.S.D. MIRANESE,Calcio (a 11),Calcio
coni:202260,202260,ASSOCIAZIONE SPORTIVA DILETTANTISTICA LO SCHIOPPO,Calcio (a 11),Calcio
coni:202353,202353,A.S.D.REAL CELLINO CALCIO,Calcio (a 11),Calcio
coni:20240,20240,A.S.D. RAGAZZI SPRINT CRISPIANO,Calcio (a 11),Calcio
coni:20240,20240,A.S.D. RAGAZZI SPRINT CRISPIANO,Calcio (a 8),Calcio
coni:20240,20240,A.S.D. RAGAZZI SPRINT CRISPIANO,Futsal (calcio da sala - calcio a 5),Futsal
coni:20240,20240,A.S.D. RAGAZZI SPRINT CRISPIANO,Calcio (a 7),Calcio
coni:2026,2026,ASSOCIAZIONE SPORTIVA DILETTANTISTICA SAN CARLO CREMA,Calcio (a 11),Calcio
coni:20263,20263,ASSOCIAZIONE DILETTANTISTICA ORANGE CERVERE,Calcio (a 11),Calcio
coni:202981,202981,ASD FUTSAL ALL BECKS,Futsal (calcio da sala - calcio a 5),Futsal
coni:20329,20329,FUTSAL CORNEDO A.S.D.,Futsal (calcio da sala - calcio a 5),Futsal
coni:20329,20329,FUTSAL CORNEDO A.S.D.,Calcio (a 11),Calcio
coni:20331,20331,ASSOCIAZIONE MAGRETA ASSOCIAZIONE SPORTIVA DILETTANTISTICA,Calcio (a 11),Calcio
coni:20331,20331,ASSOCIAZIONE MAGRETA ASSOCIAZIONE SPORTIVA DILETTANTISTICA,Calcio (a 7),Calcio
coni:20331,20331,ASSOCIAZIONE MAGRETA ASSOCIAZIONE SPORTIVA DILETTANTISTICA,Pallacanestro,Basket
coni:20331,20331,ASSOCIAZIONE MAGRETA ASSOCIAZIONE SPORTIVA DILETTANTISTICA,Pallavolo,Volley
coni:20338,20338,POLISPORTIVA COMUNALE TORBOLE CASAGLIA ASD,Calcio (a 11),Calcio
coni:20338,20338,POLISPORTIVA COMUNALE TORBOLE CASAGLIA ASD,Pallavolo,Volley
coni:20378,20378,ASSOCIAZIONE CALCIO DILETTANTISTICA SAMMARGHERITESE 1903,Calcio (a 11),Calcio
coni:20380,20380,A.S.D. JUNIOR SANTA SABINA,Calcio (a 11),Calcio
coni:20389,20389,A.S.D. VIS NOVA GIUSSANO,Calcio (a 11),Calcio
coni:20418,20418,POLISPORTIVA DI BRENDOLA ASSOCIAZIONE SPORTIVA DILETTANTISTICA,Calcio (a 11),Calcio
coni:20418,20418,POLISPORTIVA DI BRENDOLA ASSOCIAZIONE SPORTIVA DILETTANTISTICA,Pallacanestro,Basket
coni:20418,20418,POLISPORTIVA DI BRENDOLA ASSOCIAZIONE SPORTIVA DILETTANTISTICA,Futsal (calcio da sala - calcio a 5),Futsal
coni:20418,20418,POLISPORTIVA DI BRENDOLA ASSOCIAZIONE SPORTIVA DILETTANTISTICA,Pallavolo,Volley
coni:20466,20466,ASSOCIAZIONE SPORTIVA DILETTANTISTICA CONCORDIA BASSANO,Calcio (a 11),Calcio
coni:20470,20470,F.C. LEGNAGO SALUS S.R.L.,Calcio (a 11),Calcio
coni:20472,20472,A.S.D. PGS CLUB SAN PAOLO,Calcio (a 11),Calcio
coni:20472,20472,A.S.D. PGS CLUB SAN PAOLO,Calcio (a 7),Calcio
coni:20480,20480,A.S.D. CITTA' DI VILLAFRANCA,Calcio (a 11),Calcio
coni:20487,20487,A.S.D. SAGGINALE,Calcio (a 11),Calcio
coni:20527,20527,A.S.D. SAN CHIAFFREDO,Calcio (a 11),Calcio
coni:20528,20528,MEDITERRANEA CAGLIARI SOCIETA' SPORTIVA DILETTANTISTICA A R.L.,Futsal (calcio da sala - calcio a 5),Futsal
coni:20535,20535,ASSOCIAZIONE SPORTIVA DILETTANTISTICA SANTANGIOLESE,Calcio (a 11),Calcio
coni:20536,20536,ASSOCIAZIONE SPORTIVA DILETTANTISTICA LAGNASCO CALCIO,Calcio (a 11),Calcio
coni:2059,2059,A.S.D. POLISPORTIVA CASTELNUOVO,Calcio (a 11),Calcio
coni:2059,2059,A.S.D. POLISPORTIVA CASTELNUOVO,Futsal (calcio da sala - calcio a 5),Futsal
coni:20618,20618,USO UNITED ASD,Calcio (a 11),Calcio
coni:20619,20619,A.C.D. OPPEANO ASSOCIAZONE SPORTIVA DILETTANTISTICA,Calcio (a 11),Calcio
coni:20622,20622,"ASSOCIAZIONE SPORTIVA ""VIS SAN PROSPERO""",Calcio (a 11),Calcio
coni:20629,20629,CAMPONOGARESE ASSOCIAZIONE CALCISTICA DILETTANTISTICA,Calcio (a 11),Calcio
coni:20631,20631,A.S.D. F.C. VALSA SAVIGNANO,Calcio (a 11),Calcio
coni:20631,20631,A.S.D. F.C. VALSA SAVIGNANO,Calcio (a 8),Calcio
coni:20631,20631,A.S.D. F.C. VALSA SAVIGNANO,Futsal (calcio da sala - calcio a 5),Futsal
coni:20645,20645,U.S. MONTIRONE,Calcio (a 11),Calcio
coni:20665,20665,ASSOCIAZIONE DILETTANTI SETTEVALLI PILA,Calcio (a 11),Calcio
coni:20684,20684,MARTINA CALCIO 1947 S.S.D. A R.L.,Calcio (a 11),Calcio
coni:20717,20717,AS CUSINATI ASD,Calcio (a 11),Calcio
coni:2074,2074,SPORTING LUGO PSA 1984 ASD,Calcio (a 11),Calcio
coni:2075,2075,CELLE VARAZZE F.B.C. SSD A RL,Futsal (calcio da sala - calcio a 5),Futsal
coni:2075,2075,CELLE VARAZZE F.B.C. SSD A RL,Calcio (a 7),Calcio
coni:2075,2075,CELLE VARAZZE F.B.C. SSD A RL,Pallacanestro,Basket
coni:2075,2075,CELLE VARAZZE F.B.C. SSD A RL,Calcio (a 11),Calcio
coni:20776,20776,POLISPORTIVA ORATORIO LIVRAGA A.S.D.,Calcio (a 11),Calcio
coni:20776,20776,POLISPORTIVA ORATORIO LIVRAGA A.S.D.,Pallavolo,Volley
coni:208,208,ASSOCIAZIONE SPORTIVA DILETTANTISTICA POLISPORTIVA VASTOGIRARDI,Calcio (a 11),Calcio
coni:20800,20800,ASS.SPORT.DILETTAN.GIOVANIL.CENT,Calcio (a 11),Calcio
coni:20803,20803,U.S.D. ORATORIO SAN MICHELE,Calcio (a 11),Calcio
coni:2081,2081,UNIONE SPORTIVA VALLE DI OTTAVO,Calcio (a 11),Calcio
coni:20811,20811,A.S.D. SPORTROERO,Calcio (a 11),Calcio
coni:20811,20811,A.S.D. SPORTROERO,Futsal (calcio da sala - calcio a 5),Futsal
coni:20811,20811,A.S.D. SPORTROERO,Calcio (a 7),Calcio
coni:20842,20842,"A.C. PALAZZOLO 1913 - SOCIETA' SPORTIVA DILETTANTISTICA A RESPONSABILITA' LIMITATA, IN BREVE A.C. PALAZZOLO 1913 S.S.D. A R.L.",Calcio (a 11),Calcio
coni:20857,20857,SANFA CALCIO A.S.D,Calcio (a 11),Calcio
coni:2087,2087,A.S.D. FBC FINALE,Calcio (a 11),Calcio
coni:20874,20874,ASD SAN SEBASTIANO,Futsal (calcio da sala - calcio a 5),Futsal
coni:20875,20875,ASD SAVIGNONE,Calcio (a 11),Calcio
coni:20880,20880,ASSOCIAZIONE SPORTIVA DILETTANTISTICA VIRTUS FERALPI LONATO,Calcio (a 11),Calcio
coni:20884,20884,A.C. VIRTUS SAN MAURO A MARE,Calcio (a 11),Calcio
coni:20912,20912,A.S.D. PUNTO FOGGIA,Calcio (a 11),Calcio
coni:20912,20912,A.S.D. PUNTO FOGGIA,Futsal (calcio da sala - calcio a 5),Futsal
coni:20914,20914,A.S.D. POLISPORTIVA OZZANESE,Calcio (a 11),Calcio
coni:20922,20922,F. C. CASALE ASSOCIAZIONE SPORTIVA DILETTANTISTICA,Calcio (a 11),Calcio
coni:20931,20931,GRUPPO SPORTIVO DILETTANTISTICO ORATORIO MERONE,Calcio (a 11),Calcio
coni:20933,20933,A.S.D. GRUPPO SPORTIVO ORATORIO AZZANO MELLA,Calcio (a 11),Calcio
coni:20938,20938,NUOVA E. TERRANEO 1974 - ASSOCIAZIONE SPORTIVA DILETTANTISTICA,Calcio (a 11),Calcio
coni:20938,20938,NUOVA E. TERRANEO 1974 - ASSOCIAZIONE SPORTIVA DILETTANTISTICA,Futsal (calcio da sala - calcio a 5),Futsal
coni:20938,20938,NUOVA E. TERRANEO 1974 - ASSOCIAZIONE SPORTIVA DILETTANTISTICA,Calcio (a 7),Calcio
coni:20942,20942,U.S.D. BARBISANO ECLISSE ASSOCIAZIONE SPORTIVA DILETTANTISTICA,Calcio (a 11),Calcio
coni:20951,20951,OROBICA CALCIO BERGAMO SOCIETA' SPORTIVA DILETTANTISTICA A RESPONSABILITA' LIMITATA IN BREVE ENUNCIABILE OROBICA CALCIO BERGAMO S.S.D.R.L.,Calcio (a 11),Calcio
coni:20951,20951,OROBICA CALCIO BERGAMO SOCIETA' SPORTIVA DILETTANTISTICA A RESPONSABILITA' LIMITATA IN BREVE ENUNCIABILE OROBICA CALCIO BERGAMO S.S.D.R.L.,Futsal (calcio da sala - calcio a 5),Futsal
coni:2099,2099,A.S.D. PIAN DI ROSE,Calcio (a 11),Calcio
coni:2099,2099,A.S.D. PIAN DI ROSE,Futsal (calcio da sala - calcio a 5),Futsal
coni:21000,21000,A.S.D. RIVARA,Calcio (a 11),Calcio
coni:21000,21000,A.S.D. RIVARA,Calcio (a 7),Calcio
coni:21003,21003,POLISPORTIVA CILIVERGHE ASD,Calcio (a 11),Calcio
coni:2102,2102,ASSOCIAZIONE SPORTIVA DILETTANTISTICA SPARTAK CLUB,Calcio (a 11),Calcio
coni:21050,21050,ASSOCIAZIONE CALCIO DILETTANTISTICA FRATTA TERME,Futsal (calcio da sala - calcio a 5),Futsal
coni:21050,21050,ASSOCIAZIONE CALCIO DILETTANTISTICA FRATTA TERME,Calcio (a 11),Calcio
coni:21058,21058,ASSOCIAZIONE SPORTIVA DILETTANTISTICA DUCATO SPOLETO,Calcio (a 11),Calcio
coni:21058,21058,ASSOCIAZIONE SPORTIVA DILETTANTISTICA DUCATO SPOLETO,Futsal (calcio da sala - calcio a 5),Futsal
coni:21067,21067,UNIONE SPORTIVA DILETTANTISTICA SAN GOTTARDO,Calcio (a 11),Calcio
coni:21078,21078,POLISPORTIVA CITT? DI NORCIA-ASSOCIAZIONE SPORTIVA DILETTANTISTICA,Futsal (calcio da sala - calcio a 5),Futsal
coni:21078,21078,POLISPORTIVA CITT? DI NORCIA-ASSOCIAZIONE SPORTIVA DILETTANTISTICA,Calcio (a 11),Calcio
coni:2109,2109,ASD ISM GRADISCA,Calcio (a 11),Calcio
coni:21094,21094,ACNOVE STEFANI CONSULTING SOCIETA' SPORTIVA DILETTANTISTICA A RESPONSABILITA' LIMITATA,Calcio (a 11),Calcio
coni:211,211,ASSOCIAZIONE SPORTIVA DILETTANTISTICA VIRTUS TRENTO,Calcio (a 11),Calcio
coni:2110,2110,A.S.D. MONTALBANO CECINA,Calcio (a 11),Calcio
coni:21132,21132,POLISPORTIVA SESTO IMOLESE ASSOCIAZIONE SPORTIVA DILETTANTISTICA,Calcio (a 11),Calcio
coni:21149,21149,S.S.D. - NOGARA CALCIO S.R.L.,Calcio (a 11),Calcio
coni:21276,21276,A.S.D USD GONNOSFANADIGA,Calcio (a 11),Calcio
coni:21276,21276,A.S.D USD GONNOSFANADIGA,Calcio (a 7),Calcio
coni:21288,21288,A.S.D. LA SPORTIVA-OME,Calcio (a 11),Calcio
coni:21288,21288,A.S.D. LA SPORTIVA-OME,Futsal (calcio da sala - calcio a 5),Futsal
coni:21328,21328,A.S.D. USO NUVOLENTO,Calcio (a 11),Calcio
coni:21329,21329,ASSOCIAZIONE SPORTIVA DILETTANTISTICA CDG ERBA,Calcio (a 11),Calcio
coni:21329,21329,ASSOCIAZIONE SPORTIVA DILETTANTISTICA CDG ERBA,Calcio (a 7),Calcio
coni:21329,21329,ASSOCIAZIONE SPORTIVA DILETTANTISTICA CDG ERBA,Pallavolo,Volley
coni:21358,21358,A.S.D ANGELANA 1930,Calcio (a 11),Calcio
coni:21358,21358,A.S.D ANGELANA 1930,Calcio (a 7),Calcio
coni:2137,2137,ASSOCIAZIONE SPORTIVA DILETTANTISTICA A.S. BARGA,Calcio (a 11),Calcio
coni:2138,2138,A.S.D. MONTERRA SPORT,Calcio (a 11),Calcio
coni:21380,21380,ASD SASSO MARCONI 1924 SRL,Calcio (a 11),Calcio
coni:21396,21396,ASSOCIAZIONE SPORTIVA DILETTANTISTICA F.C.D. GORGHENSE,Calcio (a 11),Calcio
coni:21417,21417,A.S.D. FUTSAL GATTEO,Futsal (calcio da sala - calcio a 5),Futsal
coni:21419,21419,ASSOCIAZIONE SPORTIVA DELETTANTISTICA VAL MAIRA,Calcio (a 11),Calcio
coni:21436,21436,A.S.D. MORCIANO CALCIO,Calcio (a 11),Calcio
coni:21453,21453,U.S.D. SCANZOROSCIATE CALCIO A.S.D.,Calcio (a 11),Calcio
coni:21471,21471,ASSOCIAZIONE SPORTIVA DILETTANTISTICA NUOVA VALCAVALLINA CALCIO,Calcio (a 11),Calcio
coni:21471,21471,ASSOCIAZIONE SPORTIVA DILETTANTISTICA NUOVA VALCAVALLINA CALCIO,Futsal (calcio da sala - calcio a 5),Futsal
coni:21489,21489,ASSOCIAZ.SP.DILETTANTISTICA SAN LEONE,Calcio (a 11),Calcio
coni:21489,21489,ASSOCIAZ.SP.DILETTANTISTICA SAN LEONE,Futsal (calcio da sala - calcio a 5),Futsal
coni:21489,21489,ASSOCIAZ.SP.DILETTANTISTICA SAN LEONE,Pallavolo,Volley
coni:21499,21499,A.S. DILETTANTISTICA U.S. BONARUBIANA,Calcio (a 11),Calcio
coni:21499,21499,A.S. DILETTANTISTICA U.S. BONARUBIANA,Futsal (calcio da sala - calcio a 5),Futsal
coni:21499,21499,A.S. DILETTANTISTICA U.S. BONARUBIANA,Pallavolo,Volley
coni:21524,21524,POLISPORTIVA 1980 A.S.D,Futsal (calcio da sala - calcio a 5),Futsal
coni:21540,21540,ASD ORATORIO CALVENZANO,Calcio (a 11),Calcio
coni:21540,21540,ASD ORATORIO CALVENZANO,Calcio (a 7),Calcio
coni:21544,21544,ASSOCIAZIONE CALCIO DILETTANTISTICO FELLETTE,Calcio (a 11),Calcio
coni:21572,21572,ASSOCIAZIONE SPORTIVA DILETTANTISTICA CALCINATELLO FOOTBALL CLUB,Calcio (a 11),Calcio
coni:21590,21590,A.S.D. RIVEREEL SOSSANO,Calcio (a 11),Calcio
coni:21598,21598,POLISPORTIVA JUVENTINA ASS NE SPORTIVA DILETTANTIS,Calcio (a 11),Calcio
coni:21598,21598,POLISPORTIVA JUVENTINA ASS NE SPORTIVA DILETTANTIS,Pallavolo,Volley
coni:21603,21603,ASSOCIAZIONE SPORTIVA DILETT.POLISPORTIVA ASIGLIANESE,Calcio (a 11),Calcio
coni:21617,21617,U.S. FLAMINIA ASD,Futsal (calcio da sala - calcio a 5),Futsal
coni:21637,21637,ASD ALBANO CALCIO,Calcio (a 11),Calcio
coni:21637,21637,ASD ALBANO CALCIO,Futsal (calcio da sala - calcio a 5),Futsal
coni:21637,21637,ASD ALBANO CALCIO,Calcio (a 7),Calcio
coni:21652,21652,A.S.D. SILVER CITY,Calcio (a 11),Calcio
coni:21656,21656,CENTRO UNIVERSITARIO SPORTIVO - C.U.S. FOGGIA A.S.D.,Futsal (calcio da sala - calcio a 5),Futsal
coni:21656,21656,CENTRO UNIVERSITARIO SPORTIVO - C.U.S. FOGGIA A.S.D.,Pallacanestro,Basket
coni:21656,21656,CENTRO UNIVERSITARIO SPORTIVO - C.U.S. FOGGIA A.S.D.,Calcio (a 11),Calcio
coni:21656,21656,CENTRO UNIVERSITARIO SPORTIVO - C.U.S. FOGGIA A.S.D.,Rugby a 15,Rugby
coni:21656,21656,CENTRO UNIVERSITARIO SPORTIVO - C.U.S. FOGGIA A.S.D.,Pallavolo,Volley
coni:21656,21656,CENTRO UNIVERSITARIO SPORTIVO - C.U.S. FOGGIA A.S.D.,Rugby a 7,Rugby
coni:21656,21656,CENTRO UNIVERSITARIO SPORTIVO - C.U.S. FOGGIA A.S.D.,Tag Rugby,Rugby
coni:21671,21671,ROYAL TEAM LAMEZIA,Futsal (calcio da sala - calcio a 5),Futsal
coni:21716,21716,VALBASCA LIPOMO - ASS.SPORTIVA DILETTANTISTICA,Calcio (a 11),Calcio
coni:21724,21724,ASSOCIAZIONE SPORTIVA DILETTANTISTICA CASTEL DEL PIANO 1966,Calcio (a 11),Calcio
coni:21747,21747,A.S.D. VALLE STURA CALCIO,Calcio (a 11),Calcio
coni:21747,21747,A.S.D. VALLE STURA CALCIO,Futsal (calcio da sala - calcio a 5),Futsal
coni:21747,21747,A.S.D. VALLE STURA CALCIO,Calcio (a 7),Calcio
coni:21754,21754,ASSOCIAZIONE CALCIO DIL.MONTONE,Calcio (a 11),Calcio
coni:21769,21769,A.S.D. ATHLETIC CLUB BASTIA,Calcio (a 11),Calcio
coni:2177,2177,A.S.D. UNIONE FINCANTIERI MONFALCONE,Calcio (a 11),Calcio
coni:21771,21771,ASSOCIAZIONE SPORTIVA DILETTANTISTICA MURAZZO 1996,Calcio (a 11),Calcio
coni:21771,21771,ASSOCIAZIONE SPORTIVA DILETTANTISTICA MURAZZO 1996,Calcio (a 7),Calcio
coni:21794,21794,ASD PONTECHIASSO 1995,Calcio (a 7),Calcio
coni:21794,21794,ASD PONTECHIASSO 1995,Calcio (a 11),Calcio
coni:218,218,UNIONE SPORTIVA OFFANENGHESE A.S.D.,Calcio (a 11),Calcio
coni:21821,21821,ASD MURRI CALCIO,Calcio (a 11),Calcio
coni:21828,21828,SIEPELUNGA BELLARIA A.S.D.,Calcio (a 11),Calcio
coni:21835,21835,ASSOCIAZIONE SPORTIVA DILETTANTISTICA U.S. PONTEVICHESE CALCIO,Calcio (a 11),Calcio
coni:21860,21860,ASSOC.SPORTIVA DILL.C.B. SPORT CARAMAGNA,Calcio (a 11),Calcio
coni:21860,21860,ASSOC.SPORTIVA DILL.C.B. SPORT CARAMAGNA,Futsal (calcio da sala - calcio a 5),Futsal
coni:21860,21860,ASSOC.SPORTIVA DILL.C.B. SPORT CARAMAGNA,Pallavolo,Volley
coni:21868,21868,POLISPORTIVA VALSANTERNO 2009 A.P.D.,Calcio (a 11),Calcio
coni:21868,21868,POLISPORTIVA VALSANTERNO 2009 A.P.D.,Futsal (calcio da sala - calcio a 5),Futsal
coni:2188,2188,POLISPORTIVA STELLA ROSSA,Calcio (a 11),Calcio
coni:21885,21885,SPORTING PIANORESE 1955 A.S.D.,Calcio (a 11),Calcio
coni:21885,21885,SPORTING PIANORESE 1955 A.S.D.,Calcio (a 8),Calcio
coni:21885,21885,SPORTING PIANORESE 1955 A.S.D.,Calcio (a 7),Calcio
coni:21920,21920,ASSOCIAZIONE SPORTIVA DILETTANTISTICA ORATORIO BRUSAPORTO,Calcio (a 11),Calcio
coni:21920,21920,ASSOCIAZIONE SPORTIVA DILETTANTISTICA ORATORIO BRUSAPORTO,Futsal (calcio da sala - calcio a 5),Futsal
coni:21962,21962,POL. D. ORATORIO DI STEZZANO 2006,Calcio (a 11),Calcio
coni:21962,21962,POL. D. ORATORIO DI STEZZANO 2006,Futsal (calcio da sala - calcio a 5),Futsal
coni:21962,21962,POL. D. ORATORIO DI STEZZANO 2006,Pallavolo,Volley
coni:21982,21982,A.S.D. DOMUS - CHIA CALCIO A 5,Futsal (calcio da sala - calcio a 5),Futsal
coni:2200,2200,A.S.D. CALCIO CAVRIAGO,Calcio (a 11),Calcio
coni:22004,22004,ASSOCIAZIONE SPORTIVA DILETTANTISTICA VIRTUS CALCIO CERMENATE,Calcio (a 11),Calcio
coni:2201,2201,U.S.D. LAURENTINA 1974 ASS.SP.D.,Calcio (a 11),Calcio
coni:22019,22019,A.S.D. COSMOS NOVE,Futsal (calcio da sala - calcio a 5),Futsal
coni:2202,2202,A.S.D. ASTI,Calcio (a 11),Calcio
coni:22034,22034,A.S.D. S. LAZZARO SERENISSIMA,Calcio (a 11),Calcio
coni:22040,22040,A.S. VESTENANOVA,Calcio (a 11),Calcio
coni:22044,22044,U.S.D ORSIANA,Calcio (a 11),Calcio
coni:22045,22045,UNIONE SPORTIVA DILETTANTISTICA ZERMEGHEDO,Calcio (a 11),Calcio
coni:22048,22048,A.C.F. BRESCIA CALCIO FEMMINILE SOCIETA' SPORTIVA DILETTANTISTICA A RESPONSABILITA LIMITATA,Calcio (a 11),Calcio
coni:22048,22048,A.C.F. BRESCIA CALCIO FEMMINILE SOCIETA' SPORTIVA DILETTANTISTICA A RESPONSABILITA LIMITATA,Calcio (a 7),Calcio
coni:2205,2205,A.S.D.GRUPPO SPORTIVO SAVORGNANESE,Calcio (a 11),Calcio
coni:22052,22052,POLISPORTIVA TEAM S.LORENZO,Calcio (a 11),Calcio
coni:22084,22084,BAGNASCO CALCIO - ASSOCIAZIONE SPORTIVA DILETTANTISTICA,Calcio (a 11),Calcio
coni:22097,22097,ASSOCIAZIONE SPORTIVA DILETTANTISTICA CASTELMELLA 1963,Calcio (a 7),Calcio
coni:22097,22097,ASSOCIAZIONE SPORTIVA DILETTANTISTICA CASTELMELLA 1963,Calcio (a 11),Calcio
coni:22105,22105,ASD GUSSAGO CALCIO 1981,Calcio (a 11),Calcio
coni:2212,2212,A.S.D EPITAFFIO VIRTUS CALCIOLANDIA,Calcio (a 11),Calcio
coni:2212,2212,A.S.D EPITAFFIO VIRTUS CALCIOLANDIA,Futsal (calcio da sala - calcio a 5),Futsal
coni:2212,2212,A.S.D EPITAFFIO VIRTUS CALCIOLANDIA,Calcio (a 7),Calcio
coni:2212,2212,A.S.D EPITAFFIO VIRTUS CALCIOLANDIA,Calcio (a 8),Calcio
coni:22121,22121,A.S.D. ORATORIO BEATO FRASSATI,Calcio (a 11),Calcio
coni:22185,22185,A.S.D. UNION DESE,Calcio (a 11),Calcio
coni:22265,22265,"VIRTUS RONDINELLE SOCIETA' SPORTIVA DILETTANTISTICA A RESPONSABILITA' LIMITATA IN FORMA ABBREVIATA ""VIRTUS RONDINELLE S.S.D. A R.L.""",Calcio (a 11),Calcio
coni:22270,22270,ASSOCIAZIONE SPORTIVA DILETTANTISTICA ASAR ACCADEMIA CALCIO,Calcio (a 11),Calcio
coni:223,223,ASSOCIAZIONE SPORTIVA DILETTANTISTICA ALTARESE 1929,Calcio (a 11),Calcio
coni:22307,22307,A.S.D AMARANTO CASTEL GUELFO,Calcio (a 11),Calcio
coni:2236,2236,ASSOCIAZIONE SPORTIVA DILETTANTISTICA OSINI,Calcio (a 11),Calcio
coni:22366,22366,A.S.D. NUOVA JUVE SAMMARITANA,Calcio (a 11),Calcio
coni:22366,22366,A.S.D. NUOVA JUVE SAMMARITANA,Futsal (calcio da sala - calcio a 5),Futsal
coni:22366,22366,A.S.D. NUOVA JUVE SAMMARITANA,Calcio (a 7),Calcio
coni:22375,22375,A.S.D. SPORTING MANDAS,Calcio (a 11),Calcio
coni:22411,22411,OZZANO CLATERNA ASSOCIAZIONE SPORTIVA DILETTANTIST,Calcio (a 11),Calcio
coni:22450,22450,GIAVERA CALCIO ASSOCIAZIONE SPORTIVA DILETTANTISTICA,Calcio (a 11),Calcio
coni:22473,22473,A.S.D VIGOR N.GUALDO BASTARDO,Calcio (a 11),Calcio
coni:22491,22491,A.S.D. POLISPORTIVA COMONTE,Calcio (a 11),Calcio
coni:22499,22499,ASSOCIAZIONE SPORTIVA DILETTANTISTICA AMBROSIANA-SAMBRUSON,Calcio (a 11),Calcio
coni:22525,22525,A.S.D. LUISAGO GRANDATE,Calcio (a 11),Calcio
coni:22530,22530,F.C. SAN GIULIANO CITY S.S.D. A R.L.,Calcio (a 11),Calcio
coni:22538,22538,SOCIETA' SPORTIVA DILETTANTISTICA UNION EUROCASSOLA A RESPONSABILITA' LIMITATA,Calcio (a 11),Calcio
coni:22542,22542,NEXT GEN L.R. VICENZA SSD A R.L. - CON UNICO SOCIO,Calcio (a 11),Calcio
coni:22565,22565,ASD MULTEDO 1930,Calcio (a 11),Calcio
coni:22565,22565,ASD MULTEDO 1930,Futsal (calcio da sala - calcio a 5),Futsal
coni:22565,22565,ASD MULTEDO 1930,ATTIVITA' SUBACQUEE E NUOTO PINNATO Basket con le pinne (Finswimming Basket),Basket
coni:22565,22565,ASD MULTEDO 1930,Pallanuoto con le pinne (Finswimming Ball),Pallanuoto
coni:22565,22565,ASD MULTEDO 1930,Rugby subacqueo,Rugby
coni:22599,22599,ASSOCIAZIONE SPORTIVA DILETTANTISTICA FONTANELLA,Calcio (a 11),Calcio
coni:22632,22632,CLUB SPORTIVO ALLEANZA GIOVANILE DICOMANO ASD,Calcio (a 11),Calcio
coni:22633,22633,POLISPORTIVA ORATORIO 2B,Calcio (a 11),Calcio
coni:22633,22633,POLISPORTIVA ORATORIO 2B,Futsal (calcio da sala - calcio a 5),Futsal
coni:22633,22633,POLISPORTIVA ORATORIO 2B,Calcio (a 7),Calcio
coni:22633,22633,POLISPORTIVA ORATORIO 2B,Pallavolo,Volley
coni:22691,22691,ASSOCIAZIONE SPORTIVA DILETTANTISTICA AURORA MILANO,Calcio (a 11),Calcio
coni:22691,22691,ASSOCIAZIONE SPORTIVA DILETTANTISTICA AURORA MILANO,Calcio (a 7),Calcio
coni:22691,22691,ASSOCIAZIONE SPORTIVA DILETTANTISTICA AURORA MILANO,Pallacanestro,Basket
coni:22691,22691,ASSOCIAZIONE SPORTIVA DILETTANTISTICA AURORA MILANO,Pallavolo,Volley
coni:22698,22698,S.S. KAGGI ASSOCIAZIONE SPORTIVA DILETTANTISTICA,Futsal (calcio da sala - calcio a 5),Futsal
coni:227,227,A.C. ROMANENGO A.S.D.,Calcio (a 11),Calcio
coni:2273,2273,UNIONE SPORTIVA DILETTANTISTICA SAN ROCCO A.S.D.,Calcio (a 11),Calcio
coni:22739,22739,CASTELCOVATI CALCIO ASSOCIAZIONE SPORTIVA DILETTANTISTICA,Calcio (a 11),Calcio
coni:22770,22770,A.S.D. GIALETO 1909,Calcio (a 11),Calcio
coni:22770,22770,A.S.D. GIALETO 1909,Calcio (a 8),Calcio
coni:22770,22770,A.S.D. GIALETO 1909,Futsal (calcio da sala - calcio a 5),Futsal
coni:22770,22770,A.S.D. GIALETO 1909,Calcio (a 7),Calcio
coni:22785,22785,REAL CASTENEDOLO ASSOCIAZIONE DILETTANTISTICA SPORTIVA,Calcio (a 11),Calcio
coni:22803,22803,A.S.D. TORRESAVIO,Calcio (a 11),Calcio
coni:22820,22820,A.S.D. NARZOLE CALCIO,Calcio (a 11),Calcio
coni:22851,22851,CALCIO SAN GIORGIO IN BOSCO - ASSOCIAZIONE SPORTIVA DILETTANTISTICA,Calcio (a 11),Calcio
coni:22858,22858,ASD FUTSAL FORTUNA,Futsal (calcio da sala - calcio a 5),Futsal
coni:22877,22877,CAMPESE F.B.C. ASSOCIAZIONE SPORTIVA,Calcio (a 11),Calcio
coni:22894,22894,ASD PIERANTONIO SPORT,Calcio (a 11),Calcio
coni:2292,2292,ASSOCIAZIONE SPORTIVA DILETTANTISTICA SALVIROLA,Calcio (a 11),Calcio
coni:2292,2292,ASSOCIAZIONE SPORTIVA DILETTANTISTICA SALVIROLA,Futsal (calcio da sala - calcio a 5),Futsal
coni:2292,2292,ASSOCIAZIONE SPORTIVA DILETTANTISTICA SALVIROLA,Calcio (a 7),Calcio
coni:2292,2292,ASSOCIAZIONE SPORTIVA DILETTANTISTICA SALVIROLA,Pallavolo,Volley
coni:22925,22925,SASSOLEONE 2015 ASSOCIAZIONE POLISPORTIVA DILETTAN,Futsal (calcio da sala - calcio a 5),Futsal
coni:22925,22925,SASSOLEONE 2015 ASSOCIAZIONE POLISPORTIVA DILETTAN,Calcio (a 11),Calcio
coni:22925,22925,SASSOLEONE 2015 ASSOCIAZIONE POLISPORTIVA DILETTAN,Pallavolo,Volley
coni:2294,2294,GSDFC LUNIGIANAPONTREMOLESE1919,Calcio (a 11),Calcio
coni:22968,22968,SPORTING AIRONE ASSOCIAZIONE SPORTIVA DILETTANTIST,Calcio (a 11),Calcio
coni:22968,22968,SPORTING AIRONE ASSOCIAZIONE SPORTIVA DILETTANTIST,Calcio (a 8),Calcio
coni:22969,22969,ASD GAZZERA OLIMPIA CHIRIGNAGO,Calcio (a 11),Calcio
coni:22969,22969,ASD GAZZERA OLIMPIA CHIRIGNAGO,Futsal (calcio da sala - calcio a 5),Futsal
coni:22969,22969,ASD GAZZERA OLIMPIA CHIRIGNAGO,Calcio (a 7),Calcio
coni:2297,2297,U.S.D. SAN MARCO AVENZA 1926,Calcio (a 11),Calcio
coni:22976,22976,A.S.D. MSP CALCIO,Calcio (a 11),Calcio
coni:22979,22979,JUNIOR CORTICELLA 70 ASSOCIAZIONE SPORTIVA DILETTANTISTICA,Calcio (a 11),Calcio
coni:2302,2302,GREGO PADOVA ASSOCIAZIONE SPORTIVA DILETTANTISTICA,Calcio (a 11),Calcio
coni:2302,2302,GREGO PADOVA ASSOCIAZIONE SPORTIVA DILETTANTISTICA,Futsal (calcio da sala - calcio a 5),Futsal
coni:23023,23023,A.S.D. CITTA' DI CARINI,Calcio (a 11),Calcio
coni:23023,23023,A.S.D. CITTA' DI CARINI,Calcio (a 8),Calcio
coni:23023,23023,A.S.D. CITTA' DI CARINI,Futsal (calcio da sala - calcio a 5),Futsal
coni:23023,23023,A.S.D. CITTA' DI CARINI,Calcio (a 7),Calcio
coni:2303,2303,ASD DOLOMITI ACADEMY,Calcio (a 11),Calcio
coni:2303,2303,ASD DOLOMITI ACADEMY,Pallamano,Pallamano
coni:2303,2303,ASD DOLOMITI ACADEMY,Calcio (a 8),Calcio
coni:2303,2303,ASD DOLOMITI ACADEMY,Futsal (calcio da sala - calcio a 5),Futsal
coni:2303,2303,ASD DOLOMITI ACADEMY,Calcio (a 7),Calcio
coni:2303,2303,ASD DOLOMITI ACADEMY,Pallacanestro,Basket
coni:2303,2303,ASD DOLOMITI ACADEMY,Pallavolo,Volley
coni:23030,23030,A.S.D. FUTURA CALCIO SALES,Calcio (a 11),Calcio
coni:2304,2304,S.S.D. SAN LORENZO DELLA COSTA,Calcio (a 11),Calcio
coni:23063,23063,ASSOCIAZIONE SPORTIVA DILETTANTISTICA SILVA MARANO,Calcio (a 11),Calcio
coni:23126,23126,A.S. DILETTANTISTICA FOOTBALL VALBRENTA,Calcio (a 11),Calcio
coni:23143,23143,SINNAI CALCIO A 11 ASSOCIAZIONE SPORTIVA DILETTANTISTICA,Calcio (a 11),Calcio
coni:23143,23143,SINNAI CALCIO A 11 ASSOCIAZIONE SPORTIVA DILETTANTISTICA,Calcio (a 7),Calcio
coni:23152,23152,A.S.D. ROMANO CALCIO A 5,Futsal (calcio da sala - calcio a 5),Futsal
coni:23194,23194,A.S.D. POLISPORTIVA BERBENNO,Calcio (a 11),Calcio
coni:23194,23194,A.S.D. POLISPORTIVA BERBENNO,Futsal (calcio da sala - calcio a 5),Futsal
coni:23194,23194,A.S.D. POLISPORTIVA BERBENNO,Pallavolo,Volley
coni:23206,23206,ASS.SPORTIVA DILETTANTISTICA A.C.5 TEAM VALPOLICELLA,Futsal (calcio da sala - calcio a 5),Futsal
coni:23213,23213,ACCADEMIA CALCIO ALBA - A.S.D.,Calcio (a 11),Calcio
coni:23213,23213,ACCADEMIA CALCIO ALBA - A.S.D.,Futsal (calcio da sala - calcio a 5),Futsal
coni:23213,23213,ACCADEMIA CALCIO ALBA - A.S.D.,Calcio (a 7),Calcio
coni:23244,23244,ASD BOLZANETESE VIRTUS,Calcio (a 11),Calcio
coni:23244,23244,ASD BOLZANETESE VIRTUS,Calcio (a 7),Calcio
coni:23273,23273,ASSOCIAZIONE SPORTIVA DILETTANTISTICA CALCIO CASACORBA,Calcio (a 11),Calcio
coni:23299,23299,ASD CIVATE,Calcio (a 11),Calcio
coni:23308,23308,ASD VIRTUS COLLINA,Calcio (a 11),Calcio
coni:23312,23312,A.S.D. BOYS GAZZO,Calcio (a 11),Calcio
coni:2333,2333,RITTEN SPORT - AMATEURSPORTVEREIN,Hockey su ghiaccio,Hockey su ghiaccio
coni:2333,2333,RITTEN SPORT - AMATEURSPORTVEREIN,Calcio (a 11),Calcio
coni:23335,23335,A.S.D. LUCA ROSI - RAMAZZANO,Calcio (a 11),Calcio
coni:23350,23350,A.P.D. BELLARIA IGEA MARINA 1956,Calcio (a 11),Calcio
coni:23350,23350,A.P.D. BELLARIA IGEA MARINA 1956,Calcio (a 7),Calcio
coni:2337,2337,ASSOCIAZIONE SPORTIVA CORLO - A.S.D.,Calcio (a 11),Calcio
coni:2337,2337,ASSOCIAZIONE SPORTIVA CORLO - A.S.D.,Futsal (calcio da sala - calcio a 5),Futsal
coni:2337,2337,ASSOCIAZIONE SPORTIVA CORLO - A.S.D.,Calcio (a 7),Calcio
coni:2337,2337,ASSOCIAZIONE SPORTIVA CORLO - A.S.D.,Pallavolo,Volley
coni:23394,23394,U.S. R.E.A.L. PADOVA ASS. SPORTIVA DILETTANT.,Calcio (a 11),Calcio
coni:23394,23394,U.S. R.E.A.L. PADOVA ASS. SPORTIVA DILETTANT.,Pallavolo,Volley
coni:23394,23394,U.S. R.E.A.L. PADOVA ASS. SPORTIVA DILETTANT.,Futsal (calcio da sala - calcio a 5),Futsal
coni:23394,23394,U.S. R.E.A.L. PADOVA ASS. SPORTIVA DILETTANT.,Calcio (a 7),Calcio
coni:23394,23394,U.S. R.E.A.L. PADOVA ASS. SPORTIVA DILETTANT.,Beach volley,Volley
coni:23399,23399,USD ACADEMY CASATESE MERATE,Calcio (a 11),Calcio
coni:23410,23410,A.P.D. J. MONNET - XENIASPORT,Calcio (a 11),Calcio
coni:23412,23412,ASSOCIAZIONE DILETTANTISTICA POLISPORTIVA LAME,Calcio (a 11),Calcio
coni:23412,23412,ASSOCIAZIONE DILETTANTISTICA POLISPORTIVA LAME,Futsal (calcio da sala - calcio a 5),Futsal
coni:23412,23412,ASSOCIAZIONE DILETTANTISTICA POLISPORTIVA LAME,Pallacanestro,Basket
coni:23412,23412,ASSOCIAZIONE DILETTANTISTICA POLISPORTIVA LAME,Pallavolo,Volley
coni:23430,23430,A.S.D. CALCIO CERTALDO,Calcio (a 11),Calcio
coni:23434,23434,A.S.D. POLISPORTIVA MONTE SAN PIETRO,Calcio (a 11),Calcio
coni:23434,23434,A.S.D. POLISPORTIVA MONTE SAN PIETRO,Pallacanestro,Basket
coni:23434,23434,A.S.D. POLISPORTIVA MONTE SAN PIETRO,Pallavolo,Volley
coni:23456,23456,ASSOCIAZIONE SPORTIVA DILETTANTISTICA 3TEAM BRESCIA CALCIO,Calcio (a 11),Calcio
coni:23465,23465,EDU IN-FORMA(ZIONE) BOLOGNA ASD SCUOLA CALCIO A.I.A.C. RENZO CERE',Calcio (a 11),Calcio
coni:23465,23465,EDU IN-FORMA(ZIONE) BOLOGNA ASD SCUOLA CALCIO A.I.A.C. RENZO CERE',Futsal (calcio da sala - calcio a 5),Futsal
coni:23465,23465,EDU IN-FORMA(ZIONE) BOLOGNA ASD SCUOLA CALCIO A.I.A.C. RENZO CERE',Calcio (a 7),Calcio
coni:23482,23482,ASD REMEDELLO CALCIO,Calcio (a 11),Calcio
coni:23499,23499,LIBERTAS CEGGIA 1910 F.C. DILETTANTISTICA,Calcio (a 11),Calcio
coni:23562,23562,FOSSOLO 76 CALCIO ASSOCIAZIONE SPORTIVA DILETTANTISTICA,Calcio (a 11),Calcio
coni:23562,23562,FOSSOLO 76 CALCIO ASSOCIAZIONE SPORTIVA DILETTANTISTICA,Futsal (calcio da sala - calcio a 5),Futsal
coni:23562,23562,FOSSOLO 76 CALCIO ASSOCIAZIONE SPORTIVA DILETTANTISTICA,Calcio (a 8),Calcio
coni:23563,23563,A.S.D. FOOTBALL CLUB SANT' AGNELLO,Calcio (a 11),Calcio
coni:23565,23565,A.S.D. REAL SALABOLOGNESE,Calcio (a 11),Calcio
coni:23565,23565,A.S.D. REAL SALABOLOGNESE,Futsal (calcio da sala - calcio a 5),Futsal
coni:23565,23565,A.S.D. REAL SALABOLOGNESE,Pallavolo,Volley
coni:23565,23565,A.S.D. REAL SALABOLOGNESE,Calcio (a 8),Calcio
coni:23565,23565,A.S.D. REAL SALABOLOGNESE,Calcio (a 7),Calcio
coni:23565,23565,A.S.D. REAL SALABOLOGNESE,Pallacanestro,Basket
coni:23571,23571,ASD FUTSAL BUSCA,Futsal (calcio da sala - calcio a 5),Futsal
coni:23571,23571,ASD FUTSAL BUSCA,Calcio (a 7),Calcio
coni:2358,2358,A.S.D. POLISPORTIVA VALTESINO,Calcio (a 11),Calcio
coni:23596,23596,FLY SANT'ANTONIO 1929 SSD a R.L.,Calcio (a 11),Calcio
coni:23598,23598,BARICELLA CALCIO 1917 ASSOCIAZIONE SPORTIVA DILETT,Calcio (a 11),Calcio
coni:23606,23606,A.C. PERSICETANA SOCIETA' SPORTIVA DILETTANTISTICA - S.R.L.,Calcio (a 11),Calcio
coni:23623,23623,ASSOCIAZIONE SPORTIVA DILETTANTISTICA ATLETICO BASSANO,Futsal (calcio da sala - calcio a 5),Futsal
coni:23647,23647,ASD GIORGIONE 1911,Calcio (a 11),Calcio
coni:23714,23714,ALTOVICENTINO FUTSAL ASD,Futsal (calcio da sala - calcio a 5),Futsal
coni:2372,2372,SOCIETA' SPORTIVA DILETTANTISTICA MONTICELLI CALCIO S.R.L.,Calcio (a 11),Calcio
coni:2372,2372,SOCIETA' SPORTIVA DILETTANTISTICA MONTICELLI CALCIO S.R.L.,Calcio (a 8),Calcio
coni:2372,2372,SOCIETA' SPORTIVA DILETTANTISTICA MONTICELLI CALCIO S.R.L.,Futsal (calcio da sala - calcio a 5),Futsal
coni:2372,2372,SOCIETA' SPORTIVA DILETTANTISTICA MONTICELLI CALCIO S.R.L.,Calcio (a 7),Calcio
coni:2372,2372,SOCIETA' SPORTIVA DILETTANTISTICA MONTICELLI CALCIO S.R.L.,Calcio Balilla,Calcio
coni:23769,23769,FULGINIUM ASD,Calcio (a 11),Calcio
coni:23775,23775,ARCADE CALCIO A5 ASSOCIAZIONE SPORTIVA DILETTANTISTICA,Calcio (a 11),Calcio
coni:23775,23775,ARCADE CALCIO A5 ASSOCIAZIONE SPORTIVA DILETTANTISTICA,Futsal (calcio da sala - calcio a 5),Futsal
coni:23843,23843,ASSOCIAZIONE SPORTIVA DILETTANTISTICA PONTISOLA CALCIO,Calcio (a 11),Calcio
coni:2385,2385,POLISPORTIVA P. CARLI SALVIANO CALCIO A.S.D.,Calcio (a 11),Calcio
coni:2385,2385,POLISPORTIVA P. CARLI SALVIANO CALCIO A.S.D.,Calcio (a 8),Calcio
coni:2385,2385,POLISPORTIVA P. CARLI SALVIANO CALCIO A.S.D.,Futsal (calcio da sala - calcio a 5),Futsal
coni:2385,2385,POLISPORTIVA P. CARLI SALVIANO CALCIO A.S.D.,Calcio (a 7),Calcio
coni:23851,23851,A.S.D. REAL BOLGARE,Calcio (a 11),Calcio
coni:23851,23851,A.S.D. REAL BOLGARE,Futsal (calcio da sala - calcio a 5),Futsal
coni:23854,23854,JUNIOR GATTEO ASS.SPORTIVA DILETTANTISTICA,Calcio (a 11),Calcio
coni:23861,23861,A.S.D. SAMZ EUPILIO LONGONE,Futsal (calcio da sala - calcio a 5),Futsal
coni:23861,23861,A.S.D. SAMZ EUPILIO LONGONE,Calcio (a 7),Calcio
coni:23861,23861,A.S.D. SAMZ EUPILIO LONGONE,Calcio (a 11),Calcio
coni:23861,23861,A.S.D. SAMZ EUPILIO LONGONE,Pallavolo,Volley
coni:2387,2387,ASSOCIAZIONE SPORTIVA DILETTANTISTICA FALKGALILEO,Calcio (a 11),Calcio
coni:2387,2387,ASSOCIAZIONE SPORTIVA DILETTANTISTICA FALKGALILEO,Futsal (calcio da sala - calcio a 5),Futsal
coni:2387,2387,ASSOCIAZIONE SPORTIVA DILETTANTISTICA FALKGALILEO,Calcio (a 7),Calcio
coni:23896,23896,POLISPORTIVA ROCCHESE ASSOCIAZIONE SPORTIVA DILETTANTISTICA,Calcio (a 11),Calcio
coni:239,239,U.S. BAGNOLO UNIONE SPORTIVA BAGNOLO,Calcio (a 11),Calcio
coni:23906,23906,"ASSOCIAZIONE SPORTIVA DILETTANTISTICA ""ARCOBALENO CALCIO""",Calcio (a 7),Calcio
coni:23930,23930,ASSOCIAZIONE DILETTANTISTICA POLISPORTIVA SANTA SOFIA,Calcio (a 11),Calcio
coni:23930,23930,ASSOCIAZIONE DILETTANTISTICA POLISPORTIVA SANTA SOFIA,Futsal (calcio da sala - calcio a 5),Futsal
coni:23930,23930,ASSOCIAZIONE DILETTANTISTICA POLISPORTIVA SANTA SOFIA,Calcio (a 7),Calcio
coni:23938,23938,A.S.D. NUOVA BREMBILLESE,Calcio (a 11),Calcio
coni:23956,23956,A.C. CHIEVOVERONA WOMEN SOCIETA' SPORTIVA DILETTANTISTICA A RESPONSABILITA' LIMITATA,Calcio (a 11),Calcio
coni:23966,23966,ASSOCIAZIONE POLISPORTIVA DILETTANTISTICA BELFIORESE,Calcio (a 11),Calcio
coni:23978,23978,US PASTRENGO 2006 ASSOCIAZIONE SPORTIVA DILETTANTISTICA,Calcio (a 11),Calcio
coni:23991,23991,A.S.D. BOYS BUTTAPEDRA 2006,Calcio (a 11),Calcio
coni:23998,23998,A.S.D. MONTEFORTE - VALDALPONE,Calcio (a 11),Calcio
coni:24037,24037,ACADEMY VIGASIO A.S.D.,Calcio (a 11),Calcio
coni:24045,24045,ASSOCIAZIONE SPORTIVA DILETTANTISTICA IBLA,Calcio (a 11),Calcio
coni:24045,24045,ASSOCIAZIONE SPORTIVA DILETTANTISTICA IBLA,Calcio (a 7),Calcio
coni:2405,2405,GRUPPO POLISPORTIVA CAVAZZANA,Calcio (a 11),Calcio
coni:24073,24073,A.S.D. MONTEBALDINA SONA UNITED,Calcio (a 11),Calcio
coni:24075,24075,A.S.D. COMPAGNIA MALO C5,Futsal (calcio da sala - calcio a 5),Futsal
coni:24076,24076,FELSINA - SOCIETA' SPORTIVA DILETTANTISTICA A RESPONSABILITA' LIMITATA,Calcio (a 11),Calcio
coni:24076,24076,FELSINA - SOCIETA' SPORTIVA DILETTANTISTICA A RESPONSABILITA' LIMITATA,Futsal (calcio da sala - calcio a 5),Futsal
coni:24076,24076,FELSINA - SOCIETA' SPORTIVA DILETTANTISTICA A RESPONSABILITA' LIMITATA,Calcio (a 7),Calcio
coni:24089,24089,FCD TRANSVECTOR ASSOCIAZIONE SPORTIVA DILETTANTISTICA,Calcio (a 11),Calcio
coni:24102,24102,ASD FUTSAL MASON VICENTINO,Futsal (calcio da sala - calcio a 5),Futsal
coni:24104,24104,A.S.D. ISOLA CASTELNOVO,Calcio (a 11),Calcio
coni:24133,24133,NUOVO SAN PIETRO ASSOCIAZIONE SPORTIVA DILETTANTISTICA,Calcio (a 11),Calcio
coni:24148,24148,SPORTING VALSANTERNO ASSOCIAZIONE POLISPORTIVA DIL,Calcio (a 11),Calcio
coni:24148,24148,SPORTING VALSANTERNO ASSOCIAZIONE POLISPORTIVA DIL,Futsal (calcio da sala - calcio a 5),Futsal
coni:24148,24148,SPORTING VALSANTERNO ASSOCIAZIONE POLISPORTIVA DIL,Pallacanestro,Basket
coni:24148,24148,SPORTING VALSANTERNO ASSOCIAZIONE POLISPORTIVA DIL,Calcio (a 7),Calcio
coni:24163,24163,CAZZAGOBORNATO CALCIO SOCIETA' SPORTIVA DILETTANTISTICA A RESPONSABILITA' LIMITATA,Calcio (a 11),Calcio
coni:24198,24198,ASSOCIAZIONE SPORTIVA DILETTANTISTICA ACADEMY TERRE DI CASTELLI,Calcio (a 11),Calcio
coni:24198,24198,ASSOCIAZIONE SPORTIVA DILETTANTISTICA ACADEMY TERRE DI CASTELLI,Futsal (calcio da sala - calcio a 5),Futsal
coni:2420,2420,ASD C.S.I. DELFINO FANO,Calcio (a 11),Calcio
coni:2420,2420,ASD C.S.I. DELFINO FANO,Futsal (calcio da sala - calcio a 5),Futsal
coni:2420,2420,ASD C.S.I. DELFINO FANO,Calcio (a 7),Calcio
coni:24200,24200,A.S.D. CAMPIGO,Calcio (a 11),Calcio
coni:24214,24214,ASD GRUPPO SPORTIVO J.F. KENNEDY,Calcio (a 11),Calcio
coni:24236,24236,ASD SERRAMAZZONI SETTORE GIOVANILE,Calcio (a 11),Calcio
coni:24236,24236,ASD SERRAMAZZONI SETTORE GIOVANILE,Futsal (calcio da sala - calcio a 5),Futsal
coni:24236,24236,ASD SERRAMAZZONI SETTORE GIOVANILE,Calcio (a 7),Calcio
coni:24253,24253,ASD VIGOREAL C5,Futsal (calcio da sala - calcio a 5),Futsal
coni:2427,2427,CALCIO PONTELAGOSCURO S.S.D A R.L.,Calcio (a 11),Calcio
coni:2434,2434,SANGIORGESE ASD,Calcio (a 11),Calcio
coni:24355,24355,A.S.D. CENE CALCIO,Calcio (a 11),Calcio
coni:24356,24356,ASSOCIAZIONE SPORTING VOLLA LIBERTAS,Calcio (a 11),Calcio
coni:24357,24357,ASSOCIAZIONE SPORTIVA DILETTANTISTICA CITTA' DEL RUBICONE,Futsal (calcio da sala - calcio a 5),Futsal
coni:24367,24367,G.S.D. ASSEMINESE S.S.D. A R.L.,Calcio (a 11),Calcio
coni:24369,24369,SIGMA CAGLIARI - SOCIETA' SPORTIVA DILENTANTISTICA ARL,Calcio (a 11),Calcio
coni:24372,24372,ASD CENATE SOTTO ASSOCIAZIONE SPORTIVA DILETTANTISTICA,Calcio (a 11),Calcio
coni:24373,24373,ESSECI SIGMA CAGLIARI - SSD ARL,Calcio (a 11),Calcio
coni:24409,24409,A.S.D. ELMAS C5,Futsal (calcio da sala - calcio a 5),Futsal
coni:24437,24437,POLISPORTIVA FUNO A.S.D.,Calcio (a 11),Calcio
coni:24437,24437,POLISPORTIVA FUNO A.S.D.,Futsal (calcio da sala - calcio a 5),Futsal
coni:24459,24459,A.S.D. RINASCITA CAVA 2000,Calcio (a 11),Calcio
coni:24459,24459,A.S.D. RINASCITA CAVA 2000,Calcio (a 8),Calcio
coni:24459,24459,A.S.D. RINASCITA CAVA 2000,Futsal (calcio da sala - calcio a 5),Futsal
coni:24459,24459,A.S.D. RINASCITA CAVA 2000,Calcio (a 7),Calcio
coni:24460,24460,A.S.D. CASERTA ACADEMY,Calcio (a 11),Calcio
coni:24460,24460,A.S.D. CASERTA ACADEMY,Calcio (a 8),Calcio
coni:24460,24460,A.S.D. CASERTA ACADEMY,Futsal (calcio da sala - calcio a 5),Futsal
coni:24460,24460,A.S.D. CASERTA ACADEMY,Calcio (a 7),Calcio
coni:24486,24486,ASSOCIAZIONE SPORTIVA DILETTANTISTICA BIBIONE,Calcio (a 11),Calcio
coni:24495,24495,A.S.D. CALCARA SAMOGGIA,Calcio (a 11),Calcio
coni:24515,24515,ASSOCIAZIONE SPORTIVA DILETTANTISTICA FC RONCOFREDDO 2003,Calcio (a 11),Calcio
coni:24515,24515,ASSOCIAZIONE SPORTIVA DILETTANTISTICA FC RONCOFREDDO 2003,Futsal (calcio da sala - calcio a 5),Futsal
coni:24515,24515,ASSOCIAZIONE SPORTIVA DILETTANTISTICA FC RONCOFREDDO 2003,Calcio (a 7),Calcio
coni:24531,24531,POLISPORTIVA ZOLA ASS. SPORT. DILETT.,Calcio (a 11),Calcio
coni:24548,24548,UNION CLODIENSE CHIOGGIA FC S.R.L. SOCIETA' SPORTIVA DILETTANTISTICA,Calcio (a 11),Calcio
coni:24585,24585,ASSOCIAZIONE SPORTIVA DILETTANTISTICA BCF,Calcio (a 11),Calcio
coni:24585,24585,ASSOCIAZIONE SPORTIVA DILETTANTISTICA BCF,Calcio (a 7),Calcio
coni:24585,24585,ASSOCIAZIONE SPORTIVA DILETTANTISTICA BCF,Pallavolo,Volley
coni:24585,24585,ASSOCIAZIONE SPORTIVA DILETTANTISTICA BCF,Pallacanestro,Basket
coni:24593,24593,ASSOCIAZIONE SPORTIVA DILETTANTISTICA DORIAL,Calcio (a 11),Calcio
coni:24610,24610,ASD VALLE VARAITA CALCIO,Calcio (a 11),Calcio
coni:24639,24639,A.S.D. SAN BIAGIO,Calcio (a 11),Calcio
coni:2466,2466,A.S.D. U.S. IRGOLESE 1976,Calcio (a 11),Calcio
coni:24672,24672,ASSOCIAZIONE SPORTIVA DILETTANTISTICA UNIONE SPORTIVA ORATORIO POMPIANO,Calcio (a 11),Calcio
coni:24672,24672,ASSOCIAZIONE SPORTIVA DILETTANTISTICA UNIONE SPORTIVA ORATORIO POMPIANO,Calcio (a 7),Calcio
coni:24696,24696,ASSOCIAZIONE SPORTIVA DILETTANTISTICA MONREALE CALCIO,Calcio (a 11),Calcio
coni:24696,24696,ASSOCIAZIONE SPORTIVA DILETTANTISTICA MONREALE CALCIO,Futsal (calcio da sala - calcio a 5),Futsal
coni:24696,24696,ASSOCIAZIONE SPORTIVA DILETTANTISTICA MONREALE CALCIO,Calcio (a 7),Calcio
coni:24700,24700,ASSOCIAZIONE SPORTIVA DILETTANTISTICA SAN VINCENZO A TORRI,Calcio (a 11),Calcio
coni:24702,24702,A.S.D. ACADEMY CASTENEDOLESE,Calcio (a 11),Calcio
coni:24709,24709,NUOVA CAMUNIA 2015 ASD,Calcio (a 11),Calcio
coni:24721,24721,POLISPORTIVA CERETOLESE ASSOCIAZIONE DILETTANTISTICA,Calcio (a 11),Calcio
coni:24721,24721,POLISPORTIVA CERETOLESE ASSOCIAZIONE DILETTANTISTICA,Futsal (calcio da sala - calcio a 5),Futsal
coni:24721,24721,POLISPORTIVA CERETOLESE ASSOCIAZIONE DILETTANTISTICA,Calcio (a 7),Calcio
coni:24721,24721,POLISPORTIVA CERETOLESE ASSOCIAZIONE DILETTANTISTICA,Pallavolo,Volley
coni:24738,24738,A.S.D. CAZZAGOBORNATO CAL. GIOV.,Calcio (a 11),Calcio
coni:24754,24754,A.S.D. CORTEFRANCA CALCIO,Calcio (a 11),Calcio
coni:2476,2476,GRUPPO SPORTIVO DILETTANTISTICO REAL CALCETTO RAPOLANO,Futsal (calcio da sala - calcio a 5),Futsal
coni:248,248,POLISPORTIVA SPORTED MARIS A.S.D.,Calcio (a 11),Calcio
coni:24808,24808,A.S.D. ATHLETIC POGGIO,Calcio (a 11),Calcio
coni:24808,24808,A.S.D. ATHLETIC POGGIO,Calcio (a 7),Calcio
coni:24814,24814,ASSOCIAZIONE CALCIO PONTECORR ASD,Calcio (a 11),Calcio
coni:24815,24815,S.S.D. MASCALUCIA C5 A R.L.,Futsal (calcio da sala - calcio a 5),Futsal
coni:24817,24817,A.S.D. POLISPORTIVA TRIBANO,Calcio (a 11),Calcio
coni:2482,2482,ASD POLISPORTIVA AC GROPPARELLO,Calcio (a 11),Calcio
coni:24837,24837,A.C.D. CAMPODARSEGO S.S.D. A R.L.,Calcio (a 11),Calcio
coni:24842,24842,ASSOCIAZIONE SPORTIVA DILETTANTISTICA ACCADEMIA VALSABBIA,Calcio (a 11),Calcio
coni:24860,24860,ASSOCIAZIONE SPORTIVA DILETANTISTICA VILLA VERUCCHIO,Calcio (a 11),Calcio
coni:24867,24867,ASSOC. DILETTANTISTICA POLISPORTIVA GRUPPO SPORTIVO CASTEL DEL RIO,Calcio (a 11),Calcio
coni:24921,24921,ASSOC. SPORT. DILETT. ORATORIO SAN MARCO,Calcio (a 11),Calcio
coni:24921,24921,ASSOC. SPORT. DILETT. ORATORIO SAN MARCO,Futsal (calcio da sala - calcio a 5),Futsal
coni:24921,24921,ASSOC. SPORT. DILETT. ORATORIO SAN MARCO,Calcio Balilla,Calcio
coni:24921,24921,ASSOC. SPORT. DILETT. ORATORIO SAN MARCO,Pallavolo,Volley
coni:24922,24922,U.S. PIANICO A.S.D.,Calcio (a 11),Calcio
coni:24925,24925,"A.C.D. SOMMACUSTOZA ""08""",Calcio (a 11),Calcio
coni:24928,24928,REAL VALDAGNO S.R.L. SOCIETA' SPORTIVA DILETTANTISTICA,Calcio (a 11),Calcio
coni:24956,24956,A.S.D. MARCHI MARANO GALAXY,Calcio (a 11),Calcio
coni:25010,25010,A.C. CHIEVOVERONA SOCIETA' SPORTIVA DILETTANTISTICA A RESPONSABIL ITA' LIMITATA,Calcio (a 11),Calcio
coni:25029,25029,ASSOCIAZIONE SPORTIVA DILETTANTISTICA CIVITELLA CALCIO,Calcio (a 11),Calcio
coni:25031,25031,CENTRO SPORTIVO DEL MONTE,Futsal (calcio da sala - calcio a 5),Futsal
coni:25031,25031,CENTRO SPORTIVO DEL MONTE,Calcio (a 11),Calcio
coni:25038,25038,A.S.D. HERDONIA CALCIO,Calcio (a 11),Calcio
coni:25038,25038,A.S.D. HERDONIA CALCIO,Calcio (a 8),Calcio
coni:25038,25038,A.S.D. HERDONIA CALCIO,Futsal (calcio da sala - calcio a 5),Futsal
coni:25038,25038,A.S.D. HERDONIA CALCIO,Calcio (a 7),Calcio
coni:25078,25078,B.O.CA.(BOLTIERE ORATORIO CALCIO) ASD,Calcio (a 11),Calcio
coni:25084,25084,A.S.D. SANTA GIUSTINA,Calcio (a 11),Calcio
coni:25089,25089,RAMBLA SOCIETA' SPORTIVA DILETTANTISTICA A RESPONSABILITA' LIMITATA,Calcio (a 11),Calcio
coni:25089,25089,RAMBLA SOCIETA' SPORTIVA DILETTANTISTICA A RESPONSABILITA' LIMITATA,Futsal (calcio da sala - calcio a 5),Futsal
coni:25091,25091,A.S.D. SCUOLA CALCIO SPES,Calcio (a 11),Calcio
coni:25092,25092,ASSOCIAZIONE SPORTIVA DILETTANTISTICA BORGHIGIANA,Calcio (a 11),Calcio
coni:25092,25092,ASSOCIAZIONE SPORTIVA DILETTANTISTICA BORGHIGIANA,Futsal (calcio da sala - calcio a 5),Futsal
coni:25092,25092,ASSOCIAZIONE SPORTIVA DILETTANTISTICA BORGHIGIANA,Calcio (a 7),Calcio
coni:25099,25099,A.S.D. PONTECARREGA CALCIO,Calcio (a 11),Calcio
coni:25116,25116,A.S.D. TORRE DEL MORO,Calcio (a 11),Calcio
coni:2514,2514,ASSOCIAZIONE SPORTIVA DILETTANTISTICA PADERNO CALCIO,Calcio (a 11),Calcio
coni:25141,25141,VIGHENZI CALCIO ASSOCIAZIONE SPORTIVA DILETTANTISTICA,Calcio (a 11),Calcio
coni:25172,25172,A.S.D. BENACO SALO',Calcio (a 11),Calcio
coni:25211,25211,ASD FUTSAL CITTA' MURATA,Futsal (calcio da sala - calcio a 5),Futsal
coni:25224,25224,ASSOCIAZIONE SPORTIVA DILETTANTISTICA CALCIO LEFFE,Calcio (a 11),Calcio
coni:2523,2523,ASSOCIAZIONE SPORTIVA DILETTAN TISTICA GRUPPO SPORTIVO CONDO,Calcio (a 11),Calcio
coni:25231,25231,UNION LC SOC. SPORTIVA DILETTANTISTICA A R.L.,Calcio (a 11),Calcio
coni:25235,25235,ASSOCIAZIONE SPORTIVA DILETTANTISTICA CALUSCO CALCIO,Calcio (a 11),Calcio
coni:25236,25236,CITTA' DI ALBINO S.S.D. A R.L.,Calcio (a 11),Calcio
coni:25263,25263,A.S.D. VILLA ESTENSE 2003,Calcio (a 11),Calcio
coni:2531,2531,ASSOCIAZIONE POLISPORTIVA DILETT.CA SAN GIMIGNANO,Futsal (calcio da sala - calcio a 5),Futsal
coni:2536,2536,A.S.D. GEMELLE 2015,Futsal (calcio da sala - calcio a 5),Futsal
coni:25362,25362,A.S.D. SPORTING CAIVANO 94,Calcio (a 11),Calcio
coni:25362,25362,A.S.D. SPORTING CAIVANO 94,Calcio (a 8),Calcio
coni:25362,25362,A.S.D. SPORTING CAIVANO 94,Futsal (calcio da sala - calcio a 5),Futsal
coni:25362,25362,A.S.D. SPORTING CAIVANO 94,Calcio (a 7),Calcio
coni:2537,2537,GRUPPO SPORTIVO PISTOIA NORD S.S.D. A R.L.,Calcio (a 11),Calcio
coni:25406,25406,NUOVA COMETA SANTA MARIA ASD,Calcio (a 11),Calcio
coni:25424,25424,ASSOCIAZIONE SPORTIVA DILETTANTISTICA G.GALLOZZI PORTO DI SALERNO,Calcio (a 11),Calcio
coni:25424,25424,ASSOCIAZIONE SPORTIVA DILETTANTISTICA G.GALLOZZI PORTO DI SALERNO,Calcio (a 8),Calcio
coni:25424,25424,ASSOCIAZIONE SPORTIVA DILETTANTISTICA G.GALLOZZI PORTO DI SALERNO,Futsal (calcio da sala - calcio a 5),Futsal
coni:25424,25424,ASSOCIAZIONE SPORTIVA DILETTANTISTICA G.GALLOZZI PORTO DI SALERNO,Calcio (a 7),Calcio
coni:25425,25425,A.S.D. AURORA RIVEREEL,Calcio (a 11),Calcio
coni:25437,25437,A.S.D F.C.D. LA QUERCE 2009,Calcio (a 11),Calcio
coni:25455,25455,A.S.D ALFERO CALCIO,Calcio (a 11),Calcio
coni:25464,25464,A.S.D. SAN VITO,Calcio (a 11),Calcio
coni:25469,25469,A.S.D. SPORTING CLUB LECCE,Calcio (a 11),Calcio
coni:25477,25477,ASSOCIAZIONE SPORTIVA DILETTANTISTICA POOL FORLI' JUNIOR,Calcio (a 11),Calcio
coni:25477,25477,ASSOCIAZIONE SPORTIVA DILETTANTISTICA POOL FORLI' JUNIOR,Futsal (calcio da sala - calcio a 5),Futsal
coni:25477,25477,ASSOCIAZIONE SPORTIVA DILETTANTISTICA POOL FORLI' JUNIOR,Calcio (a 7),Calcio
coni:25480,25480,POL. DILETTANTISTICA BOYS MELITO,Calcio (a 11),Calcio
coni:25480,25480,POL. DILETTANTISTICA BOYS MELITO,Calcio (a 8),Calcio
coni:25480,25480,POL. DILETTANTISTICA BOYS MELITO,Futsal (calcio da sala - calcio a 5),Futsal
coni:25480,25480,POL. DILETTANTISTICA BOYS MELITO,Calcio (a 7),Calcio
coni:25482,25482,C.A.S. POLISPORTIVA PONZANO ASD,Calcio (a 11),Calcio
coni:25485,25485,UNIONE LA ROCCA ALTAVILLA SOCIETA' SPORTIVA DILETTANTISTICA A RESPONSABILITA' LIMITATA,Calcio (a 11),Calcio
coni:25486,25486,LEODARI CALDOGNO ASSOCIAZIONE SPORTIVA DILETTANTISTICA,Calcio (a 11),Calcio
coni:25491,25491,A.S.D. SAN VITO DI LEG. 1921,Calcio (a 11),Calcio
coni:25499,25499,UNIONE SPORTIVA DILETTANTISTICA RECOARO,Calcio (a 11),Calcio
coni:25509,25509,A.S.D. VIRTUS AURORA TRAVAGLIATO,Calcio (a 11),Calcio
coni:25510,25510,LIVENTINA SSD A RL,Calcio (a 11),Calcio
coni:2552,2552,A.S.D. LA FORTEZZA GRADISCA,Calcio (a 11),Calcio
coni:25541,25541,G.S.D. REAL BROGLIANO A.S.D.,Calcio (a 11),Calcio
coni:25548,25548,A.S.D. TARZO REVINE LAGO ASSOCIAZIONE SPORTIVA DILETTANTISTICA,Calcio (a 11),Calcio
coni:25579,25579,SOCIETA' SPORTIVA DILETTANTISTICA VALCALEPIO F.C. A R.L.,Calcio (a 11),Calcio
coni:25579,25579,SOCIETA' SPORTIVA DILETTANTISTICA VALCALEPIO F.C. A R.L.,Futsal (calcio da sala - calcio a 5),Futsal
coni:25582,25582,ASD ORATORIO RIVOLTELLA,Calcio (a 11),Calcio
coni:25582,25582,ASD ORATORIO RIVOLTELLA,Calcio (a 7),Calcio
coni:25582,25582,ASD ORATORIO RIVOLTELLA,Pallavolo,Volley
coni:25595,25595,A.S.D. CAPRIOLO 1912,Calcio (a 11),Calcio
coni:25612,25612,A.S.D. MITI VICINALIS CALCIO A 5,Futsal (calcio da sala - calcio a 5),Futsal
coni:25634,25634,ASSOCIAZIONE SPORTIVA DILETTANTISTICA CASTEGNATO,Calcio (a 8),Calcio
coni:25634,25634,ASSOCIAZIONE SPORTIVA DILETTANTISTICA CASTEGNATO,Calcio (a 7),Calcio
coni:25634,25634,ASSOCIAZIONE SPORTIVA DILETTANTISTICA CASTEGNATO,Calcio (a 11),Calcio
coni:25638,25638,A.S.D. VIRESCIT,Calcio (a 11),Calcio
coni:25646,25646,BORGO SAN GIOVANNI A.S.D.,Calcio (a 11),Calcio
coni:25668,25668,ASD UNIONE SPORTIVA GAMBASSI TERME,Calcio (a 11),Calcio
coni:25672,25672,U.S. BRUSEGANA S. STEFANO,Calcio (a 11),Calcio
coni:25673,25673,ASSOCIAZIONE POLISPORTIVA DUE STELLE ASSOCIAZIONE SPORTIVA DILETTANTISTICA,Calcio (a 11),Calcio
coni:25673,25673,ASSOCIAZIONE POLISPORTIVA DUE STELLE ASSOCIAZIONE SPORTIVA DILETTANTISTICA,Futsal (calcio da sala - calcio a 5),Futsal
coni:25673,25673,ASSOCIAZIONE POLISPORTIVA DUE STELLE ASSOCIAZIONE SPORTIVA DILETTANTISTICA,Pallavolo,Volley
coni:25681,25681,A.S.D. BORGARO NOBIS 1965,Calcio (a 11),Calcio
coni:25763,25763,A.S.D. MELDOLA,Calcio (a 11),Calcio
coni:25763,25763,A.S.D. MELDOLA,Calcio (a 7),Calcio
coni:25775,25775,A.S.D. S.ERMETE 1970,Calcio (a 11),Calcio
coni:258,258,A.S.D. GUARDEA,Calcio (a 11),Calcio
coni:258,258,A.S.D. GUARDEA,Pallavolo,Volley
coni:258,258,A.S.D. GUARDEA,Calcio (a 8),Calcio
coni:25810,25810,S.S.D. A R.L. U.S. ALTO ASTICO COGOLLO,Calcio (a 11),Calcio
coni:25815,25815,ASD INDOMITA VIGODARZERE,Calcio (a 11),Calcio
coni:25817,25817,LAKOTA SOCIETA' SPORTIVA DILETTANTISTICA A RESPONSABILITA' LIMITATA,Calcio (a 11),Calcio
coni:25817,25817,LAKOTA SOCIETA' SPORTIVA DILETTANTISTICA A RESPONSABILITA' LIMITATA,Futsal (calcio da sala - calcio a 5),Futsal
coni:25822,25822,A.S.D. CALCIO TRISSINO,Calcio (a 11),Calcio
coni:25822,25822,A.S.D. CALCIO TRISSINO,Pallamano,Pallamano
coni:25822,25822,A.S.D. CALCIO TRISSINO,Rugby a 7,Rugby
coni:25822,25822,A.S.D. CALCIO TRISSINO,Baseball - Softball,Baseball
coni:25822,25822,A.S.D. CALCIO TRISSINO,Rugby a 15,Rugby
coni:25822,25822,A.S.D. CALCIO TRISSINO,Calcio (a 7),Calcio
coni:25822,25822,A.S.D. CALCIO TRISSINO,Pallacanestro,Basket
coni:25822,25822,A.S.D. CALCIO TRISSINO,Pallavolo,Volley
coni:25824,25824,A.S.D. VIRTUS CORNEDO,Calcio (a 11),Calcio
coni:25826,25826,A.S.D. BISSARESE,Calcio (a 11),Calcio
coni:25826,25826,A.S.D. BISSARESE,Futsal (calcio da sala - calcio a 5),Futsal
coni:25842,25842,ASSOCIAZIONE SPORTIVA DILETTANTISTICA CALCIO COLCERESA,Calcio (a 11),Calcio
coni:25842,25842,ASSOCIAZIONE SPORTIVA DILETTANTISTICA CALCIO COLCERESA,Futsal (calcio da sala - calcio a 5),Futsal
coni:2585,2585,ASSOCIAZIONE SPORTIVA DILETTANTISTICA ASSOCIAZIONE CALCIO CORVA,Calcio (a 11),Calcio
coni:25873,25873,ASSOCIAZIONE SPORTIVA DILETTANTISTICA SAN GREGORIO PAPA,Futsal (calcio da sala - calcio a 5),Futsal
coni:25873,25873,ASSOCIAZIONE SPORTIVA DILETTANTISTICA SAN GREGORIO PAPA,Calcio (a 11),Calcio
coni:25873,25873,ASSOCIAZIONE SPORTIVA DILETTANTISTICA SAN GREGORIO PAPA,Calcio (a 8),Calcio
coni:25873,25873,ASSOCIAZIONE SPORTIVA DILETTANTISTICA SAN GREGORIO PAPA,Calcio (a 7),Calcio
coni:25893,25893,ASSOCIAZIONE SPORTIVA DILETTANTISTICA CLUB CALCIO A CINQUE CASTEL SAN PIETRO TERME,Calcio (a 11),Calcio
coni:25905,25905,ASSOCIAZIONE SPORTIVA DILETTANTISTICA CITTA' DI ERACLEA,Calcio (a 11),Calcio
coni:25933,25933,ASSOCIAZIONE SPORTIVA DILETTANTISTICA CALCIO SAN STINO,Calcio (a 11),Calcio
coni:25954,25954,FUTSAL MARCO POLO SOCIETA' SPORTIVA DILETTANTISTICA A RESPONSABILITA' LIMITATA,Futsal (calcio da sala - calcio a 5),Futsal
coni:25975,25975,ASD JUVENES PRADALUNGHESE,Calcio (a 11),Calcio
coni:25982,25982,ASSOCIAZIONE SPORTIVA DILETTANTISTICA PER SANTA MARIA,Calcio (a 11),Calcio
coni:25982,25982,ASSOCIAZIONE SPORTIVA DILETTANTISTICA PER SANTA MARIA,Futsal (calcio da sala - calcio a 5),Futsal
coni:25982,25982,ASSOCIAZIONE SPORTIVA DILETTANTISTICA PER SANTA MARIA,Pallavolo,Volley
coni:26004,26004,CAME TREVISO C5 SOCIETA' SPORTIVA DILETTANTISTICA A R.L.,Futsal (calcio da sala - calcio a 5),Futsal
coni:26033,26033,SPORTING CLUB ASSOCIAZIONE SPORTIVA DILETTANTISTICA,Calcio (a 11),Calcio
coni:26082,26082,ASSOCIAZIONE SPORTIVA LAURINO,Calcio (a 11),Calcio
coni:26096,26096,A.S.D. REAL SAN CLEMENTE,Calcio (a 11),Calcio
coni:26099,26099,ASSOCIAZIONE SPORTIVA DILETTANTISTICA POLISPORTIVA NIKE PELLEZZANO,Calcio (a 11),Calcio
coni:261,261,A.S.D. ASSOCIAZIONE SPORTIVA DILETTANTISTICA PERSICO DOSIMO,Calcio (a 11),Calcio
coni:26113,26113,ASD POLISPORTIVA VILLAFONTANA,Futsal (calcio da sala - calcio a 5),Futsal
coni:26113,26113,ASD POLISPORTIVA VILLAFONTANA,Calcio (a 11),Calcio
coni:2612,2612,FRUTTETI A.S.D.,Calcio (a 11),Calcio
coni:26135,26135,F.B.C. CASTELFIORENTINO UNITED ASSOCIAZIONE SPORTIVA DILETTANTISTICA,Calcio (a 11),Calcio
coni:26146,26146,A.C.D. CASSOLA,Calcio (a 11),Calcio
coni:26155,26155,ASSOCIAZIONE SPORTIVA DILETTANTISTICA LE TORRI FC,Calcio (a 11),Calcio
coni:26164,26164,A.S.D. CALCIO BUSSOLENGO,Calcio (a 11),Calcio
coni:26171,26171,ASSOCIAZIONE SPORTIVA DILETTANTISTICA CERIANO LAGHETTO,Calcio (a 11),Calcio
coni:26177,26177,A.C.TRESCHE' CONCA A.S.D.,Calcio (a 11),Calcio
coni:26200,26200,ASSOCIAZIONE SPORTIVA DILETTANTISTICA OLIMPIA VETERNIGO F.C.,Futsal (calcio da sala - calcio a 5),Futsal
coni:26213,26213,ASSOCIAZIONE SPORTIVA DILETTANTISTICA ORIO PEGU,Calcio (a 11),Calcio
coni:26255,26255,CALCIO CONTEA ASSOCIAZIONE SPORTIVA DILETTANTISTICA,Calcio (a 11),Calcio
coni:26303,26303,A.S.D. ORATORIO URGNANESE CALCIO,Calcio (a 11),Calcio
coni:26303,26303,A.S.D. ORATORIO URGNANESE CALCIO,Pallacanestro,Basket
coni:2631,2631,ASD PALAZZO PIGNANO,Calcio (a 11),Calcio
coni:26311,26311,A.S.D. PROATHLETIC,Calcio (a 11),Calcio
coni:26347,26347,UNIONE SPORTIVA MELZO 1908,Calcio (a 11),Calcio
coni:26347,26347,UNIONE SPORTIVA MELZO 1908,Calcio (a 7),Calcio
coni:26360,26360,BOCCONI SPORT TEAM SOCIETA' SPORTIVA DILETTANTISTICA A RESPONSABILITA' LIMITATA,Futsal (calcio da sala - calcio a 5),Futsal
coni:26360,26360,BOCCONI SPORT TEAM SOCIETA' SPORTIVA DILETTANTISTICA A RESPONSABILITA' LIMITATA,Pallacanestro,Basket
coni:26360,26360,BOCCONI SPORT TEAM SOCIETA' SPORTIVA DILETTANTISTICA A RESPONSABILITA' LIMITATA,Calcio (a 11),Calcio
coni:26360,26360,BOCCONI SPORT TEAM SOCIETA' SPORTIVA DILETTANTISTICA A RESPONSABILITA' LIMITATA,Pallanuoto,Pallanuoto
coni:26360,26360,BOCCONI SPORT TEAM SOCIETA' SPORTIVA DILETTANTISTICA A RESPONSABILITA' LIMITATA,Rugby a 15,Rugby
coni:26360,26360,BOCCONI SPORT TEAM SOCIETA' SPORTIVA DILETTANTISTICA A RESPONSABILITA' LIMITATA,Lacrosse,Lacrosse
coni:26360,26360,BOCCONI SPORT TEAM SOCIETA' SPORTIVA DILETTANTISTICA A RESPONSABILITA' LIMITATA,Pallavolo,Volley
coni:26389,26389,GANDINESE 2015 ASSOCIAZIONE SPORTIVA DILETTANTISTICA,Calcio (a 11),Calcio
coni:26429,26429,GSR SOLAGNA ASD,Calcio (a 11),Calcio
coni:2643,2643,ASS.SPORTIVA DILETT.S.C ALTOPOLESINE,Calcio (a 11),Calcio
coni:26431,26431,LOVI SPRESIANO - ASSOCIAZIONE SPORTIVA DILETTANTISTICA,Calcio (a 11),Calcio
coni:26452,26452,A.S.D. MONTEVALDO,Calcio (a 11),Calcio
coni:26481,26481,SCALIGERA SPORT CLUB S.R.L. - SOCIETA' SPORTIVA DILETTANTISTICA A RESPONSABILITA' LIMITATA,Calcio (a 11),Calcio
coni:26483,26483,RIVIERA BERICA ASD,Calcio (a 11),Calcio
coni:26486,26486,ALTO ACADEMY SOCIETA' SPORTIVA DILETTANTISTICA A RESPONSABILITA' LIMITATA,Calcio (a 11),Calcio
coni:26516,26516,A.S.D. C5 VALDAGNO,Futsal (calcio da sala - calcio a 5),Futsal
coni:26568,26568,ASSOCIAZIONE SPORTIVA DILETT. POLISPORTIVA TERRAZZO,Calcio (a 11),Calcio
coni:26574,26574,UNIONE SPORTIVA DILETTANTISTICA RUFOLI,Calcio (a 11),Calcio
coni:26577,26577,A.S.D. MUSILE MILLE,Calcio (a 11),Calcio
coni:26579,26579,U.S.SPERANZA PIO XI ASSOCIAZIONE SPORTIVA DILETTANTISTICA,Calcio (a 11),Calcio
coni:26579,26579,U.S.SPERANZA PIO XI ASSOCIAZIONE SPORTIVA DILETTANTISTICA,Calcio (a 7),Calcio
coni:26579,26579,U.S.SPERANZA PIO XI ASSOCIAZIONE SPORTIVA DILETTANTISTICA,Pallacanestro,Basket
coni:26579,26579,U.S.SPERANZA PIO XI ASSOCIAZIONE SPORTIVA DILETTANTISTICA,Pallavolo,Volley
coni:26597,26597,A.S.D. SAN BENEDETTO,Calcio (a 11),Calcio
coni:26602,26602,A.S.D. SPORTING SCORZE'-PESEGGIA,Calcio (a 11),Calcio
coni:26602,26602,A.S.D. SPORTING SCORZE'-PESEGGIA,Futsal (calcio da sala - calcio a 5),Futsal
coni:26603,26603,UNIONE SPORTIVA DILETTANTISTICA PELAGO,Calcio (a 11),Calcio
coni:26624,26624,ASS.SPORTIVA DILETTANTISTICA ASD COLOGNA VENETA 1919,Calcio (a 11),Calcio
coni:2664,2664,ASD CITTA' DI MASSA CALCIO A 5,Futsal (calcio da sala - calcio a 5),Futsal
coni:26678,26678,A.S.D JUVENES GIANNI RADICI,Calcio (a 11),Calcio
coni:26704,26704,ASSOCIAZIONE SPORTIVA DILETTANTISTICA ALTA VALCONCA,Calcio (a 11),Calcio
coni:26704,26704,ASSOCIAZIONE SPORTIVA DILETTANTISTICA ALTA VALCONCA,Calcio (a 7),Calcio
coni:26704,26704,ASSOCIAZIONE SPORTIVA DILETTANTISTICA ALTA VALCONCA,Pallavolo,Volley
coni:26728,26728,A. F. FIRENZE CALCIO A 5,Futsal (calcio da sala - calcio a 5),Futsal
coni:26743,26743,S.S.D. VALCALEPIO JUNIOR S.R.L.,Calcio (a 11),Calcio
coni:26743,26743,S.S.D. VALCALEPIO JUNIOR S.R.L.,Futsal (calcio da sala - calcio a 5),Futsal
coni:26743,26743,S.S.D. VALCALEPIO JUNIOR S.R.L.,Calcio (a 7),Calcio
coni:26745,26745,ASSOCIAZIONE SPORTIVA DILETTANTISTICA ATLETICO CONEGLIANO CALCIO A 5,Futsal (calcio da sala - calcio a 5),Futsal
coni:26764,26764,U.S.D. TEAM LeO ACADEMY,Calcio (a 11),Calcio
coni:268,268,POLISPORTIVA DILETTANTISTICA CASALBUTTANO,Calcio (a 11),Calcio
coni:26822,26822,A.S.D. CALCIO CAERANO,Calcio (a 11),Calcio
coni:2687,2687,A.S.D. POLISPORTIVA SALICETESE,Calcio (a 11),Calcio
coni:26872,26872,UNIONE SPORTIVA S. AGATA ASSOCIAZIONE SPORTIVA DILETTANTISTICA,Calcio (a 11),Calcio
coni:26892,26892,A.S.D. PESCANTINA SETTIMO,Calcio (a 11),Calcio
coni:26897,26897,PORTOGRUARO CALCIO ASSOCIAZION E SPORTIVA DILETTANTISTICA,Calcio (a 11),Calcio
coni:269,269,G.S. CASALETTO CEREDANO ASD,Calcio (a 11),Calcio
coni:2690,2690,A.S.D. U.S. TRAMATZA 1972,Calcio (a 11),Calcio
coni:2690,2690,A.S.D. U.S. TRAMATZA 1972,Futsal (calcio da sala - calcio a 5),Futsal
coni:26901,26901,U.S.D. FULGOR MASSANZAGO,Calcio (a 11),Calcio
coni:26906,26906,SSD SAN ZENO VERONA 1919 AR.L.,Calcio (a 11),Calcio
coni:27010,27010,SPORTING PREDAPPIO A.S.D.,Calcio (a 11),Calcio
coni:27040,27040,A.S.D. POLISPORTIVA SAN PRECARIO,Calcio (a 11),Calcio
coni:27040,27040,A.S.D. POLISPORTIVA SAN PRECARIO,Futsal (calcio da sala - calcio a 5),Futsal
coni:27040,27040,A.S.D. POLISPORTIVA SAN PRECARIO,Rugby a 15,Rugby
coni:27040,27040,A.S.D. POLISPORTIVA SAN PRECARIO,Beach volley,Volley
coni:27040,27040,A.S.D. POLISPORTIVA SAN PRECARIO,Pallacanestro,Basket
coni:27040,27040,A.S.D. POLISPORTIVA SAN PRECARIO,Pallavolo,Volley
coni:27043,27043,A.C.D. ACADEMY CAMPODARSEGO,Calcio (a 11),Calcio
coni:27065,27065,ASSOCIAZIONE SPORTIVA CALCISTICA DILETTANTISTICA MITTICI,Futsal (calcio da sala - calcio a 5),Futsal
coni:27065,27065,ASSOCIAZIONE SPORTIVA CALCISTICA DILETTANTISTICA MITTICI,Calcio (a 11),Calcio
coni:27091,27091,A.S.D. CALCIO MONTEGROTTO T.,Calcio (a 11),Calcio
coni:27096,27096,ASSOCIAZIONE SPORTIVA DILETTANTISTICA COSTA DI MEZZATE,Calcio (a 11),Calcio
coni:27099,27099,REAL CALEPINA F.C. SOCIETA' SPORTIVA DILETTANTISTICA,Calcio (a 11),Calcio
coni:27153,27153,ASSOCIAZIONE SPORTIVA DILETTANTISTICA MONTICANO CALCIO A 5,Futsal (calcio da sala - calcio a 5),Futsal
coni:27217,27217,PETRONIANO IDEA CALCIO A.S.D.,Calcio (a 11),Calcio
coni:27217,27217,PETRONIANO IDEA CALCIO A.S.D.,Calcio (a 7),Calcio
coni:27238,27238,POLISPORTIVA GONZAGA S.S.D. A R.L.,Calcio (a 11),Calcio
coni:27238,27238,POLISPORTIVA GONZAGA S.S.D. A R.L.,Pallacanestro,Basket
coni:27245,27245,ASS.POLIS.DILETT.PONTEVECCHIO SEZ.AUT. CALCIO,Calcio (a 11),Calcio
coni:27249,27249,A.S.D. 1998 AUDACE C5 VERONA,Futsal (calcio da sala - calcio a 5),Futsal
coni:27262,27262,MONTORIO FC SOCIETA' SPORTIVA DILETTANTISTICA A R.L.,Calcio (a 11),Calcio
coni:27262,27262,MONTORIO FC SOCIETA' SPORTIVA DILETTANTISTICA A R.L.,Calcio (a 7),Calcio
coni:27283,27283,LOVERS PALAZZOLO ASD,Calcio (a 11),Calcio
coni:27290,27290,OLIMPIA VERONA A.S.D.,Calcio (a 11),Calcio
coni:27290,27290,OLIMPIA VERONA A.S.D.,Futsal (calcio da sala - calcio a 5),Futsal
coni:27333,27333,ASSOCIAZIONE SPORTIVA DILETTANTISTICA ATHENA RIMINI,Calcio (a 11),Calcio
coni:27333,27333,ASSOCIAZIONE SPORTIVA DILETTANTISTICA ATHENA RIMINI,Calcio (a 8),Calcio
coni:27333,27333,ASSOCIAZIONE SPORTIVA DILETTANTISTICA ATHENA RIMINI,Futsal (calcio da sala - calcio a 5),Futsal
coni:27333,27333,ASSOCIAZIONE SPORTIVA DILETTANTISTICA ATHENA RIMINI,Calcio (a 7),Calcio
coni:27333,27333,ASSOCIAZIONE SPORTIVA DILETTANTISTICA ATHENA RIMINI,Pallavolo,Volley
coni:27333,27333,ASSOCIAZIONE SPORTIVA DILETTANTISTICA ATHENA RIMINI,Beach volley,Volley
coni:27345,27345,NUOVA VIRTUS CESENA A.S.D.,Calcio (a 11),Calcio
coni:27345,27345,NUOVA VIRTUS CESENA A.S.D.,Futsal (calcio da sala - calcio a 5),Futsal
coni:27345,27345,NUOVA VIRTUS CESENA A.S.D.,Calcio (a 7),Calcio
coni:27345,27345,NUOVA VIRTUS CESENA A.S.D.,Pallacanestro,Basket
coni:27353,27353,BOTTAGISIO CHIEVO CENTER - VERONA SOCIETA' SPORTIVA DILETTANTISTI CA A RESPONSABILITA' LIMITATA,Calcio (a 11),Calcio
coni:27353,27353,BOTTAGISIO CHIEVO CENTER - VERONA SOCIETA' SPORTIVA DILETTANTISTI CA A RESPONSABILITA' LIMITATA,Calcio (a 7),Calcio
coni:27460,27460,A.S.D. NOVACALCIO SACCOLONGO,Calcio (a 11),Calcio
coni:27469,27469,U.S. SANMARTINOCOLLE ASSOCIAZIONE SPORTIVA DILETTANTISTICA,Calcio (a 11),Calcio
coni:27506,27506,A.S.D. REAL TREMIGNON,Calcio (a 11),Calcio
coni:27518,27518,A.S.D. FABRIZIO MICCOLI,Calcio (a 11),Calcio
coni:27521,27521,ASSOCIAZIONE SPORTIVA DILETTANTISTICA ZERMAN,Calcio (a 11),Calcio
coni:27539,27539,A.S.D. SPORTING RIVER QUINTO,Futsal (calcio da sala - calcio a 5),Futsal
coni:27547,27547,A.S.D. JUNIOR GAMBETTOLA,Calcio (a 11),Calcio
coni:27547,27547,A.S.D. JUNIOR GAMBETTOLA,Calcio (a 7),Calcio
coni:27579,27579,ASD REAL MINERBE 2014,Calcio (a 11),Calcio
coni:27589,27589,USD BONAVIGO 1961,Calcio (a 11),Calcio
coni:27596,27596,ASD UNION BEST CALCIO,Calcio (a 11),Calcio
coni:27596,27596,ASD UNION BEST CALCIO,Futsal (calcio da sala - calcio a 5),Futsal
coni:27663,27663,A.C.JUVENTINA MARGHERA,Calcio (a 11),Calcio
coni:27680,27680,A.S.D. CALCIO LIDO DI JESOLO,Calcio (a 11),Calcio
coni:27682,27682,A.S.D. POLISPORTIVA AVANE,Calcio (a 11),Calcio
coni:27714,27714,A.S.D. SANVE MILLE,Futsal (calcio da sala - calcio a 5),Futsal
coni:27723,27723,ASSOCIAZIONE SPORTIVA DILETTANTISTICA LONGOBARDA SALERNO,Calcio (a 11),Calcio
coni:27732,27732,SAN GAETANO CALCIO ASSOC.SPORTIVA DILETTANTISTICA,Calcio (a 11),Calcio
coni:27739,27739,ASSOCIAZIONE CULTURALE E SPORTIVA DILETTANTISTICA MATERDEI,Calcio (a 11),Calcio
coni:27758,27758,SOCIETA' SPORTIVA DILETTANTISTICA FELDI EBOLI A RESP.LIMITA,Futsal (calcio da sala - calcio a 5),Futsal
coni:27775,27775,PETRARCA CALCIO A CINQUE SRL SSD,Futsal (calcio da sala - calcio a 5),Futsal
coni:27792,27792,ASSOCIAZIONE SPORTIVA DILETTANTISTICA VIS BORGO NUOVO,Calcio (a 11),Calcio
coni:2780,2780,U.S. DILETTANTISTICA LUCIGNANO,Calcio (a 11),Calcio
coni:27801,27801,ASD TIEFFE CLUB,Calcio (a 11),Calcio
coni:27805,27805,ASSOCIAZIONE SPORTIVA DILETTANTISTICA ALBAREDO INSIEME,Calcio (a 11),Calcio
coni:27805,27805,ASSOCIAZIONE SPORTIVA DILETTANTISTICA ALBAREDO INSIEME,Pallacanestro,Basket
coni:27820,27820,ASSOCIAZIONE CALCIO DILETTANTISTICA SCALIGERA,Calcio (a 11),Calcio
coni:27820,27820,ASSOCIAZIONE CALCIO DILETTANTISTICA SCALIGERA,Calcio (a 7),Calcio
coni:27927,27927,ASSOCIAZIONE SPORTIVA DILETTANTISTICA SAN FRUTTUOSO CALCIO,Calcio (a 11),Calcio
coni:27927,27927,ASSOCIAZIONE SPORTIVA DILETTANTISTICA SAN FRUTTUOSO CALCIO,Calcio (a 7),Calcio
coni:27948,27948,ASSOCIAZIONE SPORTIVA DILETTANTISTICA MONTELLO,Calcio (a 11),Calcio
coni:27975,27975,ACD RONCHI MGA,Calcio (a 11),Calcio
coni:27975,27975,ACD RONCHI MGA,Calcio (a 7),Calcio
coni:2800,2800,UNIONE SPORTIVA PORTA A PIAGGE ASSOCIAZIONE SPORTIVA DILETTANTISTICA,Calcio (a 11),Calcio
coni:28002,28002,JUNIOR PETRARCA CALCIO A CINQUE SRL SSD,Futsal (calcio da sala - calcio a 5),Futsal
coni:28002,28002,JUNIOR PETRARCA CALCIO A CINQUE SRL SSD,Calcio (a 11),Calcio
coni:28004,28004,TRE PINI CALCIO A CINQUE SRL SPORTIVA DILETTANTISTICA,Calcio (a 11),Calcio
coni:28008,28008,ASSOCIAZIONE SPORTIVA DILETANTISTICA VIRTUS BAGNOLI ARRE,Calcio (a 11),Calcio
coni:28010,28010,A.S.D. LEGNARO 84,Calcio (a 11),Calcio
coni:28017,28017,MESTRINO UNITED F.C. SSD A RL,Calcio (a 11),Calcio
coni:28045,28045,A.S.D. BALDO JUNIOR TEAM,Calcio (a 11),Calcio
coni:28045,28045,A.S.D. BALDO JUNIOR TEAM,Calcio (a 7),Calcio
coni:28051,28051,ASD VILLA BARTOLOMEA,Calcio (a 11),Calcio
coni:28105,28105,ASSOCIAZIONE SPORTIVA DILETTANTISTICA REFRONTOLO CALCIO,Calcio (a 11),Calcio
coni:28121,28121,POLISPORTIVA DIL.CALCIO SICILIA,Calcio (a 11),Calcio
coni:28121,28121,POLISPORTIVA DIL.CALCIO SICILIA,Calcio (a 7),Calcio
coni:28121,28121,POLISPORTIVA DIL.CALCIO SICILIA,Calcio (a 8),Calcio
coni:28121,28121,POLISPORTIVA DIL.CALCIO SICILIA,Futsal (calcio da sala - calcio a 5),Futsal
coni:28124,28124,COSTA D'AMALFI SOCIETA' SPORTIVA DILETTANTISTICA A RESPONSABILITA' LIMITATA,Calcio (a 11),Calcio
coni:28124,28124,COSTA D'AMALFI SOCIETA' SPORTIVA DILETTANTISTICA A RESPONSABILITA' LIMITATA,Futsal (calcio da sala - calcio a 5),Futsal
coni:28132,28132,NUOVA POLISPORTIVA K2 CASELLE A.S.D.,Calcio (a 11),Calcio
coni:28140,28140,SF PONTECAGNANO ASD,Calcio (a 11),Calcio
coni:2820,2820,POLISPORTIVA PIETRALUNGHESE,Calcio (a 11),Calcio
coni:2820,2820,POLISPORTIVA PIETRALUNGHESE,Pallavolo,Volley
coni:28202,28202,ASSOCIAZIONE SPORTIVA DILETTANTISTICA OLYMPIC SALERNO,Calcio (a 11),Calcio
coni:28202,28202,ASSOCIAZIONE SPORTIVA DILETTANTISTICA OLYMPIC SALERNO,Calcio (a 8),Calcio
coni:28202,28202,ASSOCIAZIONE SPORTIVA DILETTANTISTICA OLYMPIC SALERNO,Beach Soccer,Calcio
coni:28202,28202,ASSOCIAZIONE SPORTIVA DILETTANTISTICA OLYMPIC SALERNO,Futsal (calcio da sala - calcio a 5),Futsal
coni:28202,28202,ASSOCIAZIONE SPORTIVA DILETTANTISTICA OLYMPIC SALERNO,Calcio (a 7),Calcio
coni:28241,28241,A.S.D. FORKLIFT,Futsal (calcio da sala - calcio a 5),Futsal
coni:28243,28243,MARENO GIALLOBLU S.S.D. A R.L. UNIPERSONALE,Calcio (a 11),Calcio
coni:28286,28286,ASSOCIAZIONE SPORTIVA DILETTANTISTICA POLISPORTIVA SAN CLEMENTE,Calcio (a 11),Calcio
coni:28300,28300,A.S.D. CITTA' DI GALLIPOLI,Calcio (a 11),Calcio
coni:28334,28334,A.S.D. TEAM GIORGIONE C5,Futsal (calcio da sala - calcio a 5),Futsal
coni:28336,28336,A.S.D. SAN VENDEMIANO CALCIO,Calcio (a 11),Calcio
coni:28343,28343,A.C.D. RAMON 1980,Calcio (a 11),Calcio
coni:28345,28345,A.S.D. UNIONGAIA F.G. ASSOCIAZIONE SPORTIVA DILETTANTISTICA,Calcio (a 11),Calcio
coni:2836,2836,POLISPORTIVA 2000 CALCIO ASSOCIAZIONE DILETTANTISTICA,Calcio (a 11),Calcio
coni:28377,28377,A.S.D. SCUOLA CALCIO EMANUELE BELARDI ASSOCIAZIONE SPORTIVA DILET TANTISTICA,Calcio (a 11),Calcio
coni:28394,28394,A.S.D. FUTSAL GIORGIONE,Futsal (calcio da sala - calcio a 5),Futsal
coni:28469,28469,A.S.D. VALSUGANA CALCIO,Calcio (a 11),Calcio
coni:28491,28491,A.S.D. SAN FIDENZIO POLVERARA,Calcio (a 11),Calcio
coni:28504,28504,A.S.D. FLORENCE SPORTING CLUB,Calcio (a 11),Calcio
coni:28514,28514,S.S.D. SAN LORENZO CAMPI GIOVANI A R.L.,Calcio (a 11),Calcio
coni:28518,28518,FUTSAL VILLORBA S.S.D A R.L.,Futsal (calcio da sala - calcio a 5),Futsal
coni:28519,28519,ASSOCIAZIONE SPORTIVA DILETTANTISTICA CALCIO SANTA LUCIA,Calcio (a 11),Calcio
coni:28525,28525,REAL BIANCOCELESTE SOCIETA' SPORTIVA DILETTANTISTICA A R.L.,Futsal (calcio da sala - calcio a 5),Futsal
coni:28539,28539,CENTRO SPORTIVO PORTA ROMANA,Calcio (a 11),Calcio
coni:28627,28627,CLUB SAN PAOLO - ASSOCIAZIONE SPORTIVA DILETTANTISTICA,Futsal (calcio da sala - calcio a 5),Futsal
coni:28627,28627,CLUB SAN PAOLO - ASSOCIAZIONE SPORTIVA DILETTANTISTICA,Calcio (a 7),Calcio
coni:28627,28627,CLUB SAN PAOLO - ASSOCIAZIONE SPORTIVA DILETTANTISTICA,Pallavolo,Volley
coni:28639,28639,A.S.D. MEDIATEC LUPARENSE C5,Futsal (calcio da sala - calcio a 5),Futsal
coni:28668,28668,LEO SOCCER SOCIETA' SPORTIVA DILETTANTISTICA A R.L,Calcio (a 11),Calcio
coni:28668,28668,LEO SOCCER SOCIETA' SPORTIVA DILETTANTISTICA A R.L,Calcio (a 8),Calcio
coni:28668,28668,LEO SOCCER SOCIETA' SPORTIVA DILETTANTISTICA A R.L,Futsal (calcio da sala - calcio a 5),Futsal
coni:28668,28668,LEO SOCCER SOCIETA' SPORTIVA DILETTANTISTICA A R.L,Calcio (a 7),Calcio
coni:28677,28677,SPORTING CLUB TROPICAL ASSOCIAZIONE SPORTIVA DILETTANTISTICA,Calcio (a 11),Calcio
coni:28681,28681,A.S.D. CENTRO STORICO SALERNO,Calcio (a 11),Calcio
coni:28686,28686,A.S.D. GIANT'S,Calcio (a 11),Calcio
coni:28690,28690,ACADEMY VIGONTINA SOCIETA' SPORTIVA DILETTANTISTICA A RESPONSABILITA' LIMITATA,Calcio (a 11),Calcio
coni:28696,28696,A.S.D. AMBROSIANA-TREBASELEGHE,Calcio (a 11),Calcio
coni:28704,28704,A.S.D. GALLIANESE,Calcio (a 11),Calcio
coni:28705,28705,ASSOCIAZIONE SPORTIVA DILETTANTISTICA ASSOCALCIO SALERNO,Calcio (a 11),Calcio
coni:28708,28708,FOOTBALL CLUB DILETTANTISTICO UNION EZZELINA,Calcio (a 11),Calcio
coni:28708,28708,FOOTBALL CLUB DILETTANTISTICO UNION EZZELINA,Futsal (calcio da sala - calcio a 5),Futsal
coni:28741,28741,ASS. SPORTIVA DILETTANTISTICA WONDERFUL - BARI SANTO SPIRITO,Calcio (a 11),Calcio
coni:28741,28741,ASS. SPORTIVA DILETTANTISTICA WONDERFUL - BARI SANTO SPIRITO,Calcio (a 7),Calcio
coni:28741,28741,ASS. SPORTIVA DILETTANTISTICA WONDERFUL - BARI SANTO SPIRITO,Calcio (a 8),Calcio
coni:28741,28741,ASS. SPORTIVA DILETTANTISTICA WONDERFUL - BARI SANTO SPIRITO,Futsal (calcio da sala - calcio a 5),Futsal
coni:28743,28743,ASSOCIAZIONE SPORTIVA DILETTANTISTICA SESTOESE CALCIO A 5,Calcio (a 11),Calcio
coni:28743,28743,ASSOCIAZIONE SPORTIVA DILETTANTISTICA SESTOESE CALCIO A 5,Futsal (calcio da sala - calcio a 5),Futsal
coni:2888,2888,POLISPORTIVA XII MORELLI ASSOCIAZIONE SPORTIVA DILETTANTISTICA,Calcio (a 11),Calcio
coni:28881,28881,VIGONTINA SAN PAOLO FOOTBALL CLUB SOCIETA' SPORTIVA DILETTANTISTICA A RESPONSABILITA' LIMITATA,Calcio (a 11),Calcio
coni:28881,28881,VIGONTINA SAN PAOLO FOOTBALL CLUB SOCIETA' SPORTIVA DILETTANTISTICA A RESPONSABILITA' LIMITATA,Futsal (calcio da sala - calcio a 5),Futsal
coni:28881,28881,VIGONTINA SAN PAOLO FOOTBALL CLUB SOCIETA' SPORTIVA DILETTANTISTICA A RESPONSABILITA' LIMITATA,Calcio (a 7),Calcio
coni:28882,28882,ASSOCIAZIONE SPORTIVA DILETTANTISTICA CALCIO GAZZO,Calcio (a 11),Calcio
coni:28922,28922,A.S.D.CASENUOVE GAMBASSI TERME,Calcio (a 11),Calcio
coni:28922,28922,A.S.D.CASENUOVE GAMBASSI TERME,Futsal (calcio da sala - calcio a 5),Futsal
coni:28922,28922,A.S.D.CASENUOVE GAMBASSI TERME,Calcio (a 7),Calcio
coni:28925,28925,VIRTUS ACADEMY SVS ASD,Calcio (a 11),Calcio
coni:28932,28932,SSD SALERNUM BARONISSI,Calcio (a 11),Calcio
coni:28937,28937,ASSOCIAZIONE SPORTIVA DILETTANTISTICA IMPRUNETA TAVARNUZZE,Calcio (a 11),Calcio
coni:28963,28963,ASD POLISPORTIVA SPORTING CLUB PICENTIA,Calcio (a 11),Calcio
coni:28985,28985,A.S.D. CAMPAGNA LUDISPORT,Calcio (a 11),Calcio
coni:28990,28990,ASSOCIAZIONE SPORTIVA DILETTANTISTICA SPORT CLUB 85' TRAMONTI,Calcio (a 11),Calcio
coni:29019,29019,A.S.D. UNIONE SPORTIVA META,Calcio (a 11),Calcio
coni:29019,29019,A.S.D. UNIONE SPORTIVA META,Calcio (a 8),Calcio
coni:29019,29019,A.S.D. UNIONE SPORTIVA META,Beach Soccer,Calcio
coni:29019,29019,A.S.D. UNIONE SPORTIVA META,Futsal (calcio da sala - calcio a 5),Futsal
coni:29019,29019,A.S.D. UNIONE SPORTIVA META,Calcio (a 7),Calcio
coni:29019,29019,A.S.D. UNIONE SPORTIVA META,Beach volley,Volley
coni:29051,29051,MONTEGRAPPA S.S.D.A.R.L.,Calcio (a 11),Calcio
coni:29051,29051,MONTEGRAPPA S.S.D.A.R.L.,Futsal (calcio da sala - calcio a 5),Futsal
coni:29051,29051,MONTEGRAPPA S.S.D.A.R.L.,Calcio (a 7),Calcio
coni:29051,29051,MONTEGRAPPA S.S.D.A.R.L.,Pallavolo,Volley
coni:29115,29115,AQS BORGO VENETO ASD,Calcio (a 11),Calcio
coni:29197,29197,SOCIETA' COOPERATIVA SPORTIVA DILETTANTISTICA AUSONIA 1931 A RESP ONSABILITA' LIMITATA IN FORMA ABBREVIATA S.S.D. AUSONIA 1931 S.C.A.R.L.,Calcio (a 11),Calcio
coni:292,292,ASD CAMPESE 1969,Calcio (a 11),Calcio
coni:2921,2921,ASSOCIAZIONE SPORTIVA DILETTANTISTICA SESTO BAGNAROLA,Calcio (a 11),Calcio
coni:2922,2922,USD SANROMANESE VALDARNO,Calcio (a 11),Calcio
coni:29225,29225,SOCIETA' SPORTIVA DILETTANTISTICA CALCIOPADOVA C5 A RESPONSABILITA' LIMITATA,Futsal (calcio da sala - calcio a 5),Futsal
coni:29225,29225,SOCIETA' SPORTIVA DILETTANTISTICA CALCIOPADOVA C5 A RESPONSABILITA' LIMITATA,Calcio (a 7),Calcio
coni:29235,29235,S.S. DRESANO A.S.D.,Calcio (a 11),Calcio
coni:29238,29238,PADOVA FOOTBALL ACADEMY - SOCIETA' SPORTIVA DILETTANTISTICA A RES PONSABILITA' LIMITATA,Calcio (a 11),Calcio
coni:29239,29239,F.C. SCANDICCI 1908 S.S.D. A R.L.,Calcio (a 11),Calcio
coni:29240,29240,G.S. MOCCHETTI S.V.O. ASSOCIAZIONE SPORTIVA DILETTANTISTICA,Calcio (a 11),Calcio
coni:2926,2926,U.S.D.MANCIANO,Calcio (a 11),Calcio
coni:29263,29263,A.S.D. NUOVA LOREGGIA CALCIO,Calcio (a 11),Calcio
coni:29270,29270,ASSOCIAZIONE SPORTIVA DILETTANTISTICA CARPINE 2016,Calcio (a 11),Calcio
coni:29282,29282,SSD PRO LISSONE CALCIO,Calcio (a 11),Calcio
coni:29282,29282,SSD PRO LISSONE CALCIO,Calcio (a 7),Calcio
coni:29293,29293,ASSOCIAZIONE SPORTIVA DILETTANTISTICA LA DOMINANTE,Calcio (a 11),Calcio
coni:293,293,UNIONE SPORTIVA SAN VINCENZO CALCIO ASSOCIAZIONE SPORTIVA DILETTANTISTICA,Calcio (a 11),Calcio
coni:29300,29300,RAGAZZINI RED SOCIETA' DILETTANTISTICA A RESPONSABILITA' LIM,Calcio (a 11),Calcio
coni:29300,29300,RAGAZZINI RED SOCIETA' DILETTANTISTICA A RESPONSABILITA' LIM,Calcio (a 8),Calcio
coni:29300,29300,RAGAZZINI RED SOCIETA' DILETTANTISTICA A RESPONSABILITA' LIM,Futsal (calcio da sala - calcio a 5),Futsal
coni:29300,29300,RAGAZZINI RED SOCIETA' DILETTANTISTICA A RESPONSABILITA' LIM,Calcio (a 7),Calcio
coni:29325,29325,A.C. BORGHETTO DILETTANTISTICA,Calcio (a 11),Calcio
coni:29334,29334,UNIONE SPORTIVA BOLLATESE,Calcio (a 11),Calcio
coni:29355,29355,A.S.D. U.S.D. VILLARBASSE,Calcio (a 11),Calcio
coni:29364,29364,ASSOCIAZIONE SPORTIVA DILETTANTISTICA AQUILOTTI IRNO,Calcio (a 11),Calcio
coni:29364,29364,ASSOCIAZIONE SPORTIVA DILETTANTISTICA AQUILOTTI IRNO,Futsal (calcio da sala - calcio a 5),Futsal
coni:29364,29364,ASSOCIAZIONE SPORTIVA DILETTANTISTICA AQUILOTTI IRNO,Calcio (a 8),Calcio
coni:29364,29364,ASSOCIAZIONE SPORTIVA DILETTANTISTICA AQUILOTTI IRNO,Calcio (a 7),Calcio
coni:2937,2937,ASSOCIAZIONE SPORTIVA DILETTANTISTICA CASTELSANGIORGIO,Calcio (a 11),Calcio
coni:29383,29383,ASSOCIAZIONE POLISPORTIVA SAN ROCCO CALCIO A.S.D.,Calcio (a 11),Calcio
coni:29393,29393,SAN MARTINO SAONARA ASSOCIAZIONE SPORTIVA DILETTANTISTICA,Calcio (a 11),Calcio
coni:29414,29414,PREZIOSISSIMO SANGUE ASSOCIAZIONE SPORTIVA DILETTANTISTICA,Calcio (a 11),Calcio
coni:29414,29414,PREZIOSISSIMO SANGUE ASSOCIAZIONE SPORTIVA DILETTANTISTICA,Calcio (a 7),Calcio
coni:29501,29501,ASSOCIAZIONE DILETTANTISTICA POLISPORTIVA BRUINESE,Calcio (a 11),Calcio
coni:29501,29501,ASSOCIAZIONE DILETTANTISTICA POLISPORTIVA BRUINESE,Pallacanestro,Basket
coni:29501,29501,ASSOCIAZIONE DILETTANTISTICA POLISPORTIVA BRUINESE,Futsal (calcio da sala - calcio a 5),Futsal
coni:29501,29501,ASSOCIAZIONE DILETTANTISTICA POLISPORTIVA BRUINESE,Pallavolo,Volley
coni:29543,29543,ASSOCIAZIONE SPORTIVA DILETTANTISTICA INVICTUS FOOTBALL CLUB 2014,Calcio (a 11),Calcio
coni:29544,29544,A.S.D. SPORTING FIUMEFREDDO,Calcio (a 11),Calcio
coni:29544,29544,A.S.D. SPORTING FIUMEFREDDO,Calcio (a 8),Calcio
coni:29544,29544,A.S.D. SPORTING FIUMEFREDDO,Futsal (calcio da sala - calcio a 5),Futsal
coni:29544,29544,A.S.D. SPORTING FIUMEFREDDO,Calcio (a 7),Calcio
coni:29598,29598,POLISPORTIVA CHIANTI NORD ASSO CIAZIONE SPORTIVA DILETTANTIS,Calcio (a 11),Calcio
coni:29608,29608,"VIRTUS VOLLA A.S.D. SPORT. DILETT.,",Calcio (a 11),Calcio
coni:29608,29608,"VIRTUS VOLLA A.S.D. SPORT. DILETT.,",Calcio (a 7),Calcio
coni:29626,29626,U.S. FAIANO 1965,Calcio (a 11),Calcio
coni:29635,29635,APD UNITED ANGRI,Calcio (a 11),Calcio
coni:29635,29635,APD UNITED ANGRI,Calcio (a 8),Calcio
coni:29635,29635,APD UNITED ANGRI,Calcio (a 7),Calcio
coni:29636,29636,F.S.A. SOCIETA' SPORTIVA DILETTANTISTICA A RESPONSABILITA' LIMITATA,Futsal (calcio da sala - calcio a 5),Futsal
coni:29645,29645,CAVA UNITED FOOTBALL CLUB SOC. COOP. SPORTIVA PER AZIONI IN LIQUIDAZIONE,Calcio (a 11),Calcio
coni:2965,2965,U.S.D. AMBRA,Calcio (a 11),Calcio
coni:29661,29661,ASSOCIAZIONE SPORTIVA DILETTANTISTICA SOCCER VALLO DI DIANO,Calcio (a 11),Calcio
coni:29661,29661,ASSOCIAZIONE SPORTIVA DILETTANTISTICA SOCCER VALLO DI DIANO,Calcio (a 8),Calcio
coni:29661,29661,ASSOCIAZIONE SPORTIVA DILETTANTISTICA SOCCER VALLO DI DIANO,Futsal (calcio da sala - calcio a 5),Futsal
coni:29661,29661,ASSOCIAZIONE SPORTIVA DILETTANTISTICA SOCCER VALLO DI DIANO,Calcio (a 7),Calcio
coni:29664,29664,ASSOCIAZIONE SPORTIVA DILETTANTISTICA NEW G. CLUB,Calcio (a 11),Calcio
coni:29714,29714,A.S.D. DEPORTIVO CHIESANUOVA V.P C5,Futsal (calcio da sala - calcio a 5),Futsal
coni:29736,29736,GIOVANI CALCIO VINCI - ASSOCIAZIONE SPORTIVA DILETTANTISTICA,Calcio (a 11),Calcio
coni:29753,29753,ASSOCIAZIONE SPORTIVA DILETTANTISTICA ACD BOVISIO MASCIAGO CALCIO,Calcio (a 11),Calcio
coni:29760,29760,ATL CT 1994 VIAGRANDE A.S.D.,Calcio (a 11),Calcio
coni:29766,29766,A.S.D. ACADEMY KATANE SCHOOL,Calcio (a 11),Calcio
coni:29781,29781,A.S.D. SAN BIAGIO MONZA 1995,Futsal (calcio da sala - calcio a 5),Futsal
coni:29783,29783,ASD POLISPORTIVA SANTA MARIA CILENTO,Calcio (a 11),Calcio
coni:29837,29837,A.S.D. VOMERO AMINEI,Calcio (a 11),Calcio
coni:29859,29859,ASSOCIAZIONE SPORTIVA DILETTANTISTICA PALERMO CALCIO A5,Futsal (calcio da sala - calcio a 5),Futsal
coni:29859,29859,ASSOCIAZIONE SPORTIVA DILETTANTISTICA PALERMO CALCIO A5,Calcio (a 11),Calcio
coni:29859,29859,ASSOCIAZIONE SPORTIVA DILETTANTISTICA PALERMO CALCIO A5,Calcio (a 7),Calcio
coni:29859,29859,ASSOCIAZIONE SPORTIVA DILETTANTISTICA PALERMO CALCIO A5,Calcio (a 8),Calcio
coni:2986,2986,OLIMPIACOLLE - SOCIETA' SPORTIVA DILETTANTISTICA S.R.L.,Futsal (calcio da sala - calcio a 5),Futsal
coni:29864,29864,CITTA' DI MONREALE ASD,Calcio (a 11),Calcio
coni:29864,29864,CITTA' DI MONREALE ASD,Calcio (a 8),Calcio
coni:29864,29864,CITTA' DI MONREALE ASD,Futsal (calcio da sala - calcio a 5),Futsal
coni:29864,29864,CITTA' DI MONREALE ASD,Calcio (a 7),Calcio
coni:29873,29873,A.S.D. U.S. PONTE A ELSA 2005,Calcio (a 11),Calcio
coni:29873,29873,A.S.D. U.S. PONTE A ELSA 2005,Futsal (calcio da sala - calcio a 5),Futsal
coni:29873,29873,A.S.D. U.S. PONTE A ELSA 2005,Calcio (a 7),Calcio
coni:29874,29874,PREFERISCO VIVERE ASSOCIAZIONE SPORTIVA DILETTANTISTICA,Calcio (a 11),Calcio
coni:29878,29878,CSI JUNIOR CALCIO ASSOCIAZIONE SPORTIVA DILETTANTISTICA,Calcio (a 11),Calcio
coni:29881,29881,U.S. PIGNA CALCIO ASSOCIAZIONE SPORTIVA DILETTANTISTICA,Calcio (a 11),Calcio
coni:29891,29891,A.S.D. CANALICCHIO B.S. CATANIA,Calcio (a 11),Calcio
coni:29901,29901,ASSOCIAZIONE POLISPORTIVA DILETTANTISTICA S.C. VICTORIA MARRA,Calcio (a 11),Calcio
coni:29901,29901,ASSOCIAZIONE POLISPORTIVA DILETTANTISTICA S.C. VICTORIA MARRA,Calcio (a 8),Calcio
coni:29901,29901,ASSOCIAZIONE POLISPORTIVA DILETTANTISTICA S.C. VICTORIA MARRA,Futsal (calcio da sala - calcio a 5),Futsal
coni:29901,29901,ASSOCIAZIONE POLISPORTIVA DILETTANTISTICA S.C. VICTORIA MARRA,Calcio (a 7),Calcio
coni:29916,29916,REAL CERRETESE ASSOCIAZIONE SPORTIVA DILETTANTISTICA,Calcio (a 11),Calcio
coni:29919,29919,ASSOCIAZIONE SPORTIVA DILETTANTISTICA (A.S.D.) CANTIERI CALCIO 1956,Calcio (a 11),Calcio
coni:29923,29923,A.S.D. S.O.R.M.S. SAN MAURO CALCIO,Calcio (a 11),Calcio
coni:29923,29923,A.S.D. S.O.R.M.S. SAN MAURO CALCIO,Futsal (calcio da sala - calcio a 5),Futsal
coni:2995,2995,UNIONE SPORTIVA VILLA ROMANO',Calcio (a 7),Calcio
coni:2995,2995,UNIONE SPORTIVA VILLA ROMANO',Calcio (a 11),Calcio
coni:2995,2995,UNIONE SPORTIVA VILLA ROMANO',Pallavolo,Volley
coni:30009,30009,A.S.D. PRO SANGIORGESE,Calcio (a 11),Calcio
coni:30011,30011,ASD BUCCINO VOLCEI CALCIO,Calcio (a 11),Calcio
coni:30014,30014,SPORTING LAZZERETTO ASS.SPORT.DILETT.,Calcio (a 11),Calcio
coni:30017,30017,SALERNO GUISCARDS ASSOCIAZIONE SPORTIVA DILETTANTISTICA,Calcio (a 11),Calcio
coni:30017,30017,SALERNO GUISCARDS ASSOCIAZIONE SPORTIVA DILETTANTISTICA,Futsal (calcio da sala - calcio a 5),Futsal
coni:30017,30017,SALERNO GUISCARDS ASSOCIAZIONE SPORTIVA DILETTANTISTICA,Calcio (a 7),Calcio
coni:30017,30017,SALERNO GUISCARDS ASSOCIAZIONE SPORTIVA DILETTANTISTICA,Pallavolo,Volley
coni:30029,30029,SAN DONATO TAVARNELLE S.S.D. R.L.,Calcio (a 11),Calcio
coni:30042,30042,A.S.D. TOSI,Calcio (a 11),Calcio
coni:30061,30061,A.S.D. SCUOLA CALCIO TORRIONE,Calcio (a 11),Calcio
coni:30127,30127,BRESSO CALCIO SOCIETA' SPORTIVA DILETTANTISTICA A RESPONSABILITA' LIMITATA,Calcio (a 11),Calcio
coni:30140,30140,POLISPORTIVA ARDOR BOLLATE ASS.SPORT.DILETTANTISTICA,Calcio (a 11),Calcio
coni:30140,30140,POLISPORTIVA ARDOR BOLLATE ASS.SPORT.DILETTANTISTICA,Pallacanestro,Basket
coni:30140,30140,POLISPORTIVA ARDOR BOLLATE ASS.SPORT.DILETTANTISTICA,Pallavolo,Volley
coni:30140,30140,POLISPORTIVA ARDOR BOLLATE ASS.SPORT.DILETTANTISTICA,Calcio (a 7),Calcio
coni:30140,30140,POLISPORTIVA ARDOR BOLLATE ASS.SPORT.DILETTANTISTICA,Futsal (calcio da sala - calcio a 5),Futsal
coni:30145,30145,ASSOCIAZIONE SPORTIVA DILETTANTISTICA RIONE TERRA,Calcio (a 11),Calcio
coni:3015,3015,G.S. VALENZATICO CALCIO,Calcio (a 11),Calcio
coni:30192,30192,MPF FUTSAL A.S.D.,Futsal (calcio da sala - calcio a 5),Futsal
coni:3020,3020,RG SOCIETA' SPORTIVA DILETTANTISTICA A RESPONSABILITA' LIMITATA,Calcio (a 11),Calcio
coni:30215,30215,ASSOCIAZIONE SPORTIVA DILETTANTISTICA CAMPANIA SOCCER,Calcio (a 11),Calcio
coni:30215,30215,ASSOCIAZIONE SPORTIVA DILETTANTISTICA CAMPANIA SOCCER,Calcio (a 8),Calcio
coni:30215,30215,ASSOCIAZIONE SPORTIVA DILETTANTISTICA CAMPANIA SOCCER,Futsal (calcio da sala - calcio a 5),Futsal
coni:30215,30215,ASSOCIAZIONE SPORTIVA DILETTANTISTICA CAMPANIA SOCCER,Calcio (a 7),Calcio
coni:30234,30234,U.S. DILETTANTISTICA PANORMUS SOC. SPORTIVA DILETTANTISTICA A RESPONSABILITA' LIMITATA,Calcio (a 11),Calcio
coni:30248,30248,ASD POLISPORTIVA SOLESE,Calcio (a 11),Calcio
coni:30248,30248,ASD POLISPORTIVA SOLESE,Calcio (a 7),Calcio
coni:30268,30268,A.S.D. MAPPANESE,Calcio (a 11),Calcio
coni:30273,30273,PONTE A CAPPIANO F.C. A.S.D.,Calcio (a 11),Calcio
coni:30273,30273,PONTE A CAPPIANO F.C. A.S.D.,Pallavolo,Volley
coni:30278,30278,AFF 16 CIRO CARUSO ASSOCIAZIONE SPORTIVA DILETTANTISTICA,Calcio (a 11),Calcio
coni:30278,30278,AFF 16 CIRO CARUSO ASSOCIAZIONE SPORTIVA DILETTANTISTICA,Calcio (a 8),Calcio
coni:30278,30278,AFF 16 CIRO CARUSO ASSOCIAZIONE SPORTIVA DILETTANTISTICA,Futsal (calcio da sala - calcio a 5),Futsal
coni:30278,30278,AFF 16 CIRO CARUSO ASSOCIAZIONE SPORTIVA DILETTANTISTICA,Calcio (a 7),Calcio
coni:30290,30290,ASSOCIAZIONE CALCIO DILETTANTI BAGNO A RIPOLI,Calcio (a 11),Calcio
coni:30312,30312,A.S.D. F.C.D. BORGO SAN LORENZO,Calcio (a 11),Calcio
coni:30333,30333,ASSOCIAZIONE SPORTIVA DILETTANTISTICA SAN GIOVANNI BATTISTA,Calcio (a 11),Calcio
coni:30344,30344,A.S.D. PALESE,Calcio (a 11),Calcio
coni:30344,30344,A.S.D. PALESE,Calcio (a 8),Calcio
coni:30344,30344,A.S.D. PALESE,Futsal (calcio da sala - calcio a 5),Futsal
coni:30344,30344,A.S.D. PALESE,Calcio (a 7),Calcio
coni:30351,30351,A.S.D. FUTSAL CISTERNA,Futsal (calcio da sala - calcio a 5),Futsal
coni:30364,30364,"A.S.D. VIGOR CALCIO FEMMINILE""",Calcio (a 11),Calcio
coni:30365,30365,CENTRO STORICO LEBOWSKI S.C.S.D.,Calcio (a 11),Calcio
coni:30365,30365,CENTRO STORICO LEBOWSKI S.C.S.D.,Futsal (calcio da sala - calcio a 5),Futsal
coni:30365,30365,CENTRO STORICO LEBOWSKI S.C.S.D.,Calcio (a 7),Calcio
coni:30377,30377,A.S.D. BALSIGNANO SOCCER SCHOOL,Calcio (a 11),Calcio
coni:30377,30377,A.S.D. BALSIGNANO SOCCER SCHOOL,Calcio (a 8),Calcio
coni:30377,30377,A.S.D. BALSIGNANO SOCCER SCHOOL,Futsal (calcio da sala - calcio a 5),Futsal
coni:30377,30377,A.S.D. BALSIGNANO SOCCER SCHOOL,Calcio (a 7),Calcio
coni:30398,30398,ASSOCIAZIONE SPORTIVA DILETTANTISTICA GESCAL 2008,Calcio (a 11),Calcio
coni:30398,30398,ASSOCIAZIONE SPORTIVA DILETTANTISTICA GESCAL 2008,Calcio (a 8),Calcio
coni:30398,30398,ASSOCIAZIONE SPORTIVA DILETTANTISTICA GESCAL 2008,Calcio (a 7),Calcio
coni:30465,30465,A.S.D PELLEGRINO SPORT CALCIO A5,Calcio (a 11),Calcio
coni:30465,30465,A.S.D PELLEGRINO SPORT CALCIO A5,Calcio (a 8),Calcio
coni:30465,30465,A.S.D PELLEGRINO SPORT CALCIO A5,Futsal (calcio da sala - calcio a 5),Futsal
coni:30465,30465,A.S.D PELLEGRINO SPORT CALCIO A5,Calcio (a 7),Calcio
coni:3047,3047,POLISPORTIVA ARCI ZAMBRA SANVICO ASD,Calcio (a 11),Calcio
coni:30488,30488,A.S.D.AVANTI ALTAMURA 1972,Calcio (a 11),Calcio
coni:30508,30508,ASSOCIAZIONE SPORTIVA DILETTANTISTICA ORATORIO DON GUANELLA,Calcio (a 11),Calcio
coni:30513,30513,ASSOCIAZIONE SPORTIVA DILETTANTISTICA J. CUSANO 1913 IN BREVE A.S .D. J.CUSANO 1913,Calcio (a 11),Calcio
coni:30528,30528,ASSOCIAZIONE POLISPORTIVA DILETTANTISTICA CITTA' DI PETRALIA SOTTANA,Calcio (a 11),Calcio
coni:30533,30533,ASSOCIAZIONE SCUOLA CALCIO DILETTANTISTICA REAL STABIA,Calcio (a 11),Calcio
coni:30534,30534,US VIRTUS BINASCO CALCIO ASD,Calcio (a 11),Calcio
coni:30541,30541,A.C.D.SEDRIANO-ASSOCIAZIONE CALCISTICA DILETTANTISTICA SEDRIANO,Calcio (a 11),Calcio
coni:30541,30541,A.C.D.SEDRIANO-ASSOCIAZIONE CALCISTICA DILETTANTISTICA SEDRIANO,Calcio (a 7),Calcio
coni:30544,30544,ASSOC.SPORTIVA DILETT. BARBERINO CALCIO 1927,Calcio (a 11),Calcio
coni:30551,30551,ROZZANO CALCIO SRL SOCIETA' SPORTIVA DILETTANTISTICA,Calcio (a 11),Calcio
coni:30554,30554,A.S.D. FIGLINE 1965,Calcio (a 11),Calcio
coni:30649,30649,A.S.D. ARES CASORIA 2009 ASSOCIAZIONE SPORTIVA DILETTANTISTICA,Calcio (a 11),Calcio
coni:30698,30698,ACD MACALLESI 1927 ASSOCIAZIONE SPORTIVA DILETTANTISTICA,Calcio (a 11),Calcio
coni:30699,30699,VICTOR RHO A.S.D.,Calcio (a 11),Calcio
coni:30699,30699,VICTOR RHO A.S.D.,Calcio (a 7),Calcio
coni:30702,30702,ASSOCIAZIONE SPORTIVA DILETTANTISTICA ATLETICO PORTICI,Calcio (a 11),Calcio
coni:30702,30702,ASSOCIAZIONE SPORTIVA DILETTANTISTICA ATLETICO PORTICI,Calcio (a 8),Calcio
coni:30702,30702,ASSOCIAZIONE SPORTIVA DILETTANTISTICA ATLETICO PORTICI,Calcio (a 7),Calcio
coni:30710,30710,U.S.D. CASALPUSTERLENGO 1947,Calcio (a 11),Calcio
coni:30711,30711,UNIONE SPORTIVA ALDINI SOCIETA SPORTIVA DILETTANTISTICA ARL,Calcio (a 11),Calcio
coni:30711,30711,UNIONE SPORTIVA ALDINI SOCIETA SPORTIVA DILETTANTISTICA ARL,Calcio (a 7),Calcio
coni:30718,30718,A.S.D.POLISPORTIVA SAINT JOSEPH,Calcio (a 11),Calcio
coni:30720,30720,I PUMA ROBERTO FREZZA POLISPORTIVA A.S.D.,Rugby a 7,Rugby
coni:30720,30720,I PUMA ROBERTO FREZZA POLISPORTIVA A.S.D.,Calcio (a 11),Calcio
coni:30721,30721,ASSOCIAZIONE SPORTIVA DILETTANTISTICA CITTA' DI PETRALIA SOPRANA,Calcio (a 11),Calcio
coni:30726,30726,A.S.D. CAMBIAGHESE,Calcio (a 11),Calcio
coni:30741,30741,ASSOCIAZIONE SPORTIVA DILETTANTISTICA BUON PASTORE,Calcio (a 11),Calcio
coni:30741,30741,ASSOCIAZIONE SPORTIVA DILETTANTISTICA BUON PASTORE,Calcio (a 8),Calcio
coni:30741,30741,ASSOCIAZIONE SPORTIVA DILETTANTISTICA BUON PASTORE,Calcio (a 7),Calcio
coni:30743,30743,ASSOCIAZIONE SPORTIVA DILETTANTISTICA CALCIO PETRARCA NAPOLI,Calcio (a 11),Calcio
coni:30743,30743,ASSOCIAZIONE SPORTIVA DILETTANTISTICA CALCIO PETRARCA NAPOLI,Calcio (a 8),Calcio
coni:30743,30743,ASSOCIAZIONE SPORTIVA DILETTANTISTICA CALCIO PETRARCA NAPOLI,Calcio (a 7),Calcio
coni:3075,3075,A.S.D. FIVIZZANESE,Calcio (a 11),Calcio
coni:30764,30764,A.S.D. A.C.D. SANTA MARIA LA CARITA',Calcio (a 11),Calcio
coni:30778,30778,FIESOLE CALCIO SOCIETA' SPORTIVA DILETTANTISTICA A RESPONSABILITA' LIMITATA,Calcio (a 11),Calcio
coni:30778,30778,FIESOLE CALCIO SOCIETA' SPORTIVA DILETTANTISTICA A RESPONSABILITA' LIMITATA,Futsal (calcio da sala - calcio a 5),Futsal
coni:30778,30778,FIESOLE CALCIO SOCIETA' SPORTIVA DILETTANTISTICA A RESPONSABILITA' LIMITATA,Calcio (a 7),Calcio
coni:30781,30781,CENTRO AVV.TO SPORT DIL. FERRUCCIO VALCAREGGI,Calcio (a 11),Calcio
coni:30794,30794,A.S.D. POLISPORTIVA NOCI,Calcio (a 11),Calcio
coni:30794,30794,A.S.D. POLISPORTIVA NOCI,Calcio (a 7),Calcio
coni:30794,30794,A.S.D. POLISPORTIVA NOCI,Calcio (a 8),Calcio
coni:30794,30794,A.S.D. POLISPORTIVA NOCI,Futsal (calcio da sala - calcio a 5),Futsal
coni:30824,30824,ASD CALCIOMANIA,Calcio (a 11),Calcio
coni:30824,30824,ASD CALCIOMANIA,Calcio (a 8),Calcio
coni:30824,30824,ASD CALCIOMANIA,Futsal (calcio da sala - calcio a 5),Futsal
coni:30824,30824,ASD CALCIOMANIA,Calcio (a 7),Calcio
coni:30852,30852,S.S.D.ACADEMY PALERMO CALCIO SRL,Calcio (a 11),Calcio
coni:30875,30875,RECCA SPORTING CLUB ASSOCIAZIONE SPORTIVA DILETTANTISTICA,Calcio (a 11),Calcio
coni:30875,30875,RECCA SPORTING CLUB ASSOCIAZIONE SPORTIVA DILETTANTISTICA,Calcio (a 8),Calcio
coni:30875,30875,RECCA SPORTING CLUB ASSOCIAZIONE SPORTIVA DILETTANTISTICA,Futsal (calcio da sala - calcio a 5),Futsal
coni:30875,30875,RECCA SPORTING CLUB ASSOCIAZIONE SPORTIVA DILETTANTISTICA,Calcio (a 7),Calcio
coni:30922,30922,LEONE XIII SPORT SOCIETA' SPORTIVA DILETTANTISTICA A R.L,Calcio (a 11),Calcio
coni:30922,30922,LEONE XIII SPORT SOCIETA' SPORTIVA DILETTANTISTICA A R.L,Pallamano,Pallamano
coni:30922,30922,LEONE XIII SPORT SOCIETA' SPORTIVA DILETTANTISTICA A R.L,Rugby a 7,Rugby
coni:30922,30922,LEONE XIII SPORT SOCIETA' SPORTIVA DILETTANTISTICA A R.L,Calcio (a 7),Calcio
coni:30922,30922,LEONE XIII SPORT SOCIETA' SPORTIVA DILETTANTISTICA A R.L,Pallacanestro 3 contro 3,Basket
coni:30922,30922,LEONE XIII SPORT SOCIETA' SPORTIVA DILETTANTISTICA A R.L,Pallacanestro,Basket
coni:30922,30922,LEONE XIII SPORT SOCIETA' SPORTIVA DILETTANTISTICA A R.L,Pallavolo,Volley
coni:30934,30934,S.S.D. RIOZZESE A R.L.,Calcio (a 11),Calcio
coni:30969,30969,AVANTI TUTTA - SOCIETA' SPORTIVA DILETTANTISTICA A R.L.,Calcio (a 11),Calcio
coni:30969,30969,AVANTI TUTTA - SOCIETA' SPORTIVA DILETTANTISTICA A R.L.,Calcio (a 8),Calcio
coni:30969,30969,AVANTI TUTTA - SOCIETA' SPORTIVA DILETTANTISTICA A R.L.,Futsal (calcio da sala - calcio a 5),Futsal
coni:30969,30969,AVANTI TUTTA - SOCIETA' SPORTIVA DILETTANTISTICA A R.L.,Calcio (a 7),Calcio
coni:30975,30975,U.S. FISSIRAGA A.S.D.,Calcio (a 11),Calcio
coni:30975,30975,U.S. FISSIRAGA A.S.D.,Calcio (a 7),Calcio
coni:30993,30993,ASD AUDACE MOLFETTA CALCIO,Calcio (a 11),Calcio
coni:31002,31002,CALENZANO CALCIO SOCIETA SPORTIVO DILETTANTISTICA RL,Calcio (a 11),Calcio
coni:31002,31002,CALENZANO CALCIO SOCIETA SPORTIVO DILETTANTISTICA RL,Futsal (calcio da sala - calcio a 5),Futsal
coni:31016,31016,IRIS 1914 A.S.D.,Calcio (a 11),Calcio
coni:31028,31028,ASD SUPREMA ODB SCHIAFFINO,Calcio (a 11),Calcio
coni:3109,3109,A.S.D. PRO FAGNIGOLA,Calcio (a 11),Calcio
coni:3109,3109,A.S.D. PRO FAGNIGOLA,Futsal (calcio da sala - calcio a 5),Futsal
coni:31113,31113,ANTHARES SPORTING CLUB,Calcio (a 11),Calcio
coni:31113,31113,ANTHARES SPORTING CLUB,Calcio (a 7),Calcio
coni:31113,31113,ANTHARES SPORTING CLUB,Calcio (a 8),Calcio
coni:31113,31113,ANTHARES SPORTING CLUB,Futsal (calcio da sala - calcio a 5),Futsal
coni:31178,31178,USD LACCHIARELLA 1963 ASSOCIAZIONE SPORTIVA DILETTANTISTICA,Calcio (a 11),Calcio
coni:31210,31210,SAN GIUSEPPE SOCIETA' SPORTIVA DILETTANTISTICA A R.L.,Calcio (a 11),Calcio
coni:31210,31210,SAN GIUSEPPE SOCIETA' SPORTIVA DILETTANTISTICA A R.L.,Pallacanestro,Basket
coni:31210,31210,SAN GIUSEPPE SOCIETA' SPORTIVA DILETTANTISTICA A R.L.,Pallanuoto,Pallanuoto
coni:31220,31220,UNIONE SPORTIVA DILETTANTISTICA CARNATESE 1980,Calcio (a 11),Calcio
coni:31232,31232,ASD ARLUNO CALCIO 2010 ASSOC. SPORTIVA DILETTANTISTICA,Calcio (a 11),Calcio
coni:31251,31251,ASSOC SPORTIVA DILETTANTISTICA SANT'AGNELLO CALCIO,Calcio (a 11),Calcio
coni:31315,31315,MEP CALCIO SOCIETA' SPORTIVA DILETTANTISTICA A R.L.,Calcio (a 11),Calcio
coni:3133,3133,POLISPORTIVA TRECASTELLI - SOCIETA' SPORTIVA DILETTANTISTICA A R. L.,Calcio (a 11),Calcio
coni:31342,31342,ASSOCIAZIONE POLISPORTIVA DILETTANTISTICA C.EG. OLIVIERO,Calcio (a 11),Calcio
coni:31342,31342,ASSOCIAZIONE POLISPORTIVA DILETTANTISTICA C.EG. OLIVIERO,Calcio (a 8),Calcio
coni:31342,31342,ASSOCIAZIONE POLISPORTIVA DILETTANTISTICA C.EG. OLIVIERO,Calcio (a 7),Calcio
coni:31349,31349,SAN CARLO SPORT SOCIETA' SPORTIVA DILETTANTISTICA A RESPONSABILIT A' LIMITATA,Futsal (calcio da sala - calcio a 5),Futsal
coni:31349,31349,SAN CARLO SPORT SOCIETA' SPORTIVA DILETTANTISTICA A RESPONSABILIT A' LIMITATA,Pallacanestro,Basket
coni:31349,31349,SAN CARLO SPORT SOCIETA' SPORTIVA DILETTANTISTICA A RESPONSABILIT A' LIMITATA,Pallavolo,Volley
coni:31349,31349,SAN CARLO SPORT SOCIETA' SPORTIVA DILETTANTISTICA A RESPONSABILIT A' LIMITATA,Pallanuoto,Pallanuoto
coni:31378,31378,"UNIONE SPORTIVA VIGHIGNOLO SOCIETA' SPORTIVA DILETTANTISTICA A RESPONSABILITA' LIMITATA O, IN BREVE, UNIONE SPORTIVA VIGHIGNOLO S.S.D. A R.L.",Calcio (a 11),Calcio
coni:31378,31378,"UNIONE SPORTIVA VIGHIGNOLO SOCIETA' SPORTIVA DILETTANTISTICA A RESPONSABILITA' LIMITATA O, IN BREVE, UNIONE SPORTIVA VIGHIGNOLO S.S.D. A R.L.",Futsal (calcio da sala - calcio a 5),Futsal
coni:31378,31378,"UNIONE SPORTIVA VIGHIGNOLO SOCIETA' SPORTIVA DILETTANTISTICA A RESPONSABILITA' LIMITATA O, IN BREVE, UNIONE SPORTIVA VIGHIGNOLO S.S.D. A R.L.",Calcio (a 7),Calcio
coni:31391,31391,POLISPORTIVA CGB SOCIETA' SPORTIVA DILETTANTISTICA A R.L.,Calcio (a 11),Calcio
coni:31391,31391,POLISPORTIVA CGB SOCIETA' SPORTIVA DILETTANTISTICA A R.L.,Calcio (a 7),Calcio
coni:31391,31391,POLISPORTIVA CGB SOCIETA' SPORTIVA DILETTANTISTICA A R.L.,Pallacanestro,Basket
coni:31391,31391,POLISPORTIVA CGB SOCIETA' SPORTIVA DILETTANTISTICA A R.L.,Pallavolo,Volley
coni:31399,31399,ASSOCIAZIONE SPORTIVA DILETTANTISTICA MEDA 1913,Calcio (a 11),Calcio
coni:31408,31408,F.C.D REAL CRESCENZAGO,Calcio (a 11),Calcio
coni:31414,31414,ASSOCIAZIONE SPORTIVA DILETTANTISTICA LIBERTY CANOSA,Calcio (a 11),Calcio
coni:31414,31414,ASSOCIAZIONE SPORTIVA DILETTANTISTICA LIBERTY CANOSA,Calcio (a 8),Calcio
coni:31414,31414,ASSOCIAZIONE SPORTIVA DILETTANTISTICA LIBERTY CANOSA,Futsal (calcio da sala - calcio a 5),Futsal
coni:31414,31414,ASSOCIAZIONE SPORTIVA DILETTANTISTICA LIBERTY CANOSA,Calcio (a 7),Calcio
coni:31420,31420,UNIONE SPORTIVA SOMAGLIA ASD,Calcio (a 11),Calcio
coni:31423,31423,A.S.D. POLISPORTIVA VIGOR PERCONTI,Calcio (a 11),Calcio
coni:31423,31423,A.S.D. POLISPORTIVA VIGOR PERCONTI,Futsal (calcio da sala - calcio a 5),Futsal
coni:31423,31423,A.S.D. POLISPORTIVA VIGOR PERCONTI,Pallanuoto,Pallanuoto
coni:31423,31423,A.S.D. POLISPORTIVA VIGOR PERCONTI,Calcio (a 8),Calcio
coni:31423,31423,A.S.D. POLISPORTIVA VIGOR PERCONTI,Calcio (a 7),Calcio
coni:31425,31425,A.S.D. CARPIANESE,Calcio (a 11),Calcio
coni:31425,31425,A.S.D. CARPIANESE,Calcio (a 7),Calcio
coni:31426,31426,A.S.D. CITTA' DI MONZA,Calcio (a 11),Calcio
coni:31429,31429,A.S.D. POZZO CALCIO,Calcio (a 11),Calcio
coni:31429,31429,A.S.D. POZZO CALCIO,Calcio (a 7),Calcio
coni:31433,31433,A.S.D. DREAM TEAM,Futsal (calcio da sala - calcio a 5),Futsal
coni:31433,31433,A.S.D. DREAM TEAM,Calcio (a 11),Calcio
coni:31433,31433,A.S.D. DREAM TEAM,Calcio (a 8),Calcio
coni:31433,31433,A.S.D. DREAM TEAM,Calcio (a 7),Calcio
coni:3145,3145,APD INTERCOMUNALE BEVERINO,Calcio (a 11),Calcio
coni:31452,31452,A.S.D. REAL BISCEGLIE,Calcio (a 11),Calcio
coni:31452,31452,A.S.D. REAL BISCEGLIE,Calcio (a 8),Calcio
coni:31452,31452,A.S.D. REAL BISCEGLIE,Futsal (calcio da sala - calcio a 5),Futsal
coni:31452,31452,A.S.D. REAL BISCEGLIE,Calcio (a 7),Calcio
coni:31464,31464,A.S.D. UNIVERSAL SOLARO,Calcio (a 11),Calcio
coni:31479,31479,U.S.D. REAL VANZAGHESEMANTEGAZZA,Calcio (a 11),Calcio
coni:31520,31520,A.S.D. SOCCER ALTAMURA,Futsal (calcio da sala - calcio a 5),Futsal
coni:31520,31520,A.S.D. SOCCER ALTAMURA,Calcio (a 11),Calcio
coni:31520,31520,A.S.D. SOCCER ALTAMURA,Calcio (a 8),Calcio
coni:31520,31520,A.S.D. SOCCER ALTAMURA,Calcio (a 7),Calcio
coni:31530,31530,A.S.D. GIOVANI AQUILE RUTIGLIANO,Calcio (a 11),Calcio
coni:31530,31530,A.S.D. GIOVANI AQUILE RUTIGLIANO,Calcio (a 8),Calcio
coni:31530,31530,A.S.D. GIOVANI AQUILE RUTIGLIANO,Futsal (calcio da sala - calcio a 5),Futsal
coni:31530,31530,A.S.D. GIOVANI AQUILE RUTIGLIANO,Calcio (a 7),Calcio
coni:3155,3155,ASSOCIAZIONE SPORTIVA DILETTANTISTICA BARICETTA,Calcio (a 11),Calcio
coni:31566,31566,ASD ATLETICO NOCI,Calcio (a 11),Calcio
coni:3160,3160,A.S.D. CALCIO PORTO VIRO,Calcio (a 11),Calcio
coni:31615,31615,ASD GIOVANI MURIALDINI,Calcio (a 11),Calcio
coni:31615,31615,ASD GIOVANI MURIALDINI,Calcio (a 8),Calcio
coni:31615,31615,ASD GIOVANI MURIALDINI,Calcio (a 7),Calcio
coni:31615,31615,ASD GIOVANI MURIALDINI,Futsal (calcio da sala - calcio a 5),Futsal
coni:31658,31658,CIRCOLO ILVA BAGNOLI ASSOCIAZIONE SPORTIVA DILETTANTISTICA,Calcio (a 11),Calcio
coni:31658,31658,CIRCOLO ILVA BAGNOLI ASSOCIAZIONE SPORTIVA DILETTANTISTICA,Calcio (a 8),Calcio
coni:31658,31658,CIRCOLO ILVA BAGNOLI ASSOCIAZIONE SPORTIVA DILETTANTISTICA,Futsal (calcio da sala - calcio a 5),Futsal
coni:31669,31669,ASD FC PALAZZOLO MILANESE,Calcio (a 11),Calcio
coni:31669,31669,ASD FC PALAZZOLO MILANESE,Calcio (a 7),Calcio
coni:31680,31680,ASSOCIAZIONE SPORTIVA DILETTANTISTICA ACADEMY SPINESI DI RAZZA,Calcio (a 11),Calcio
coni:31693,31693,A.S.D. REAL OLIMPIA TERLIZZI,Calcio (a 11),Calcio
coni:31698,31698,UNIONE SPORTIVA ORIESE ASSOCIAZIONE SPORTIVA DILETTANTISTICA,Calcio (a 11),Calcio
coni:317,317,SAV STEINHAUS,Calcio (a 11),Calcio
coni:31710,31710,A.S.D. FOOTBALLITE ADELFIA,Calcio (a 11),Calcio
coni:3174,3174,ASSOCIAZIONE DILETTANTISTICA CALCIO LENO,Calcio (a 11),Calcio
coni:31742,31742,SSD S.R.L. VIRTUS JUNIOR STABIA FR.,Calcio (a 11),Calcio
coni:3175,3175,PONTEBUGGIANESE - SOCIETA' SPORTIVA DILETTANTISTICA A RESPONSABILITA' LIMITATA,Calcio (a 11),Calcio
coni:31785,31785,A.S.D. ASSOCIAZIONE CALCIO GARIBALDINA 1932,Calcio (a 11),Calcio
coni:31811,31811,A.S.D. FOOTBALL CLUB PARABIAGO,Calcio (a 11),Calcio
coni:31822,31822,CENTRO SCHIAFFINO 1988 SOCIETA' SPORTIVA DILETTANTISTICA A RESPON,Calcio (a 11),Calcio
coni:31825,31825,CITTA' DI OPERA SSD A R.L.,Calcio (a 11),Calcio
coni:31825,31825,CITTA' DI OPERA SSD A R.L.,Calcio (a 7),Calcio
coni:31825,31825,CITTA' DI OPERA SSD A R.L.,Pallacanestro,Basket
coni:31825,31825,CITTA' DI OPERA SSD A R.L.,Pallavolo,Volley
coni:31825,31825,CITTA' DI OPERA SSD A R.L.,Rugby a 7,Rugby
coni:31825,31825,CITTA' DI OPERA SSD A R.L.,Baseball - Softball,Baseball
coni:31825,31825,CITTA' DI OPERA SSD A R.L.,Rugby a 15,Rugby
coni:31825,31825,CITTA' DI OPERA SSD A R.L.,Futsal (calcio da sala - calcio a 5),Futsal
coni:31825,31825,CITTA' DI OPERA SSD A R.L.,Pallacanestro 3 contro 3,Basket
coni:31835,31835,A.C.D. MEDIGLIESE,Calcio (a 11),Calcio
coni:31852,31852,A.S.D. AQUILE MOLFETTA,Futsal (calcio da sala - calcio a 5),Futsal
coni:31852,31852,A.S.D. AQUILE MOLFETTA,Calcio (a 11),Calcio
coni:31872,31872,A.S.D. SAN SEBASTIANO CALCIO MAZZEO,Calcio (a 11),Calcio
coni:3190,3190,ASSOCIAZIONE CALCIO PINE' SPORTIVA DILETTANTISTICA,Calcio (a 11),Calcio
coni:31911,31911,A.S.D. NEW TEAM SANGIOVANNI,Calcio (a 11),Calcio
coni:31919,31919,GRUPPO SPORTIVO ASSAGO ASD,Calcio (a 11),Calcio
coni:3193,3193,A.S.D. COLLESALVETTI F.C.,Calcio (a 11),Calcio
coni:31932,31932,CARAVAGGIO SPORTING VILLAGE AQUA & FITNESS SSD A R.L.,Calcio (a 11),Calcio
coni:31932,31932,CARAVAGGIO SPORTING VILLAGE AQUA & FITNESS SSD A R.L.,Pallanuoto,Pallanuoto
coni:31932,31932,CARAVAGGIO SPORTING VILLAGE AQUA & FITNESS SSD A R.L.,Calcio (a 8),Calcio
coni:31932,31932,CARAVAGGIO SPORTING VILLAGE AQUA & FITNESS SSD A R.L.,Futsal (calcio da sala - calcio a 5),Futsal
coni:31932,31932,CARAVAGGIO SPORTING VILLAGE AQUA & FITNESS SSD A R.L.,Calcio (a 7),Calcio
coni:31932,31932,CARAVAGGIO SPORTING VILLAGE AQUA & FITNESS SSD A R.L.,ATTIVITA' SUBACQUEE E NUOTO PINNATO Basket con le pinne (Finswimming Basket),Basket
coni:31932,31932,CARAVAGGIO SPORTING VILLAGE AQUA & FITNESS SSD A R.L.,Pallanuoto con le pinne (Finswimming Ball),Pallanuoto
coni:31932,31932,CARAVAGGIO SPORTING VILLAGE AQUA & FITNESS SSD A R.L.,Rugby subacqueo,Rugby
coni:3202,3202,GRUPPO SPORTIVO ROMAGNA ASSOCIAZIONE SPORTIVA DILETTANTISTICA,Calcio (a 11),Calcio
coni:32039,32039,ACD BUSNAGO - ASSOCIAZIONE CALCIO DILETTATISTICA,Calcio (a 11),Calcio
coni:32047,32047,ASD POGGIORSINI CALCIO,Futsal (calcio da sala - calcio a 5),Futsal
coni:32068,32068,GOLDEN TOP ASSOCIAZIONE SPORTIVA DILETTANTISTICA,Calcio (a 11),Calcio
coni:32068,32068,GOLDEN TOP ASSOCIAZIONE SPORTIVA DILETTANTISTICA,Calcio (a 8),Calcio
coni:32068,32068,GOLDEN TOP ASSOCIAZIONE SPORTIVA DILETTANTISTICA,Calcio (a 7),Calcio
coni:32088,32088,INTERNAPOLI SOCIETA' SPORTIVA DILETTANTISTICA A R.L.,Calcio (a 11),Calcio
coni:32088,32088,INTERNAPOLI SOCIETA' SPORTIVA DILETTANTISTICA A R.L.,Futsal (calcio da sala - calcio a 5),Futsal
coni:32088,32088,INTERNAPOLI SOCIETA' SPORTIVA DILETTANTISTICA A R.L.,Calcio (a 7),Calcio
coni:32088,32088,INTERNAPOLI SOCIETA' SPORTIVA DILETTANTISTICA A R.L.,Calcio (a 8),Calcio
coni:32126,32126,POLISPORTIVA SAN BIAGIO A.S.D.,Calcio (a 11),Calcio
coni:32144,32144,SOCIETA' SPORTIVA BAGGIO SECONDO,Calcio (a 11),Calcio
coni:32167,32167,A.S.D. ARBORIS BELLI 1979,Calcio (a 11),Calcio
coni:32170,32170,A.S.D. JUST MOLA,Futsal (calcio da sala - calcio a 5),Futsal
coni:32178,32178,TOP PLAYER MINERVINO ASSOCIAZIONE SPORTIVA DILETTANTISTICA,Calcio (a 11),Calcio
coni:32178,32178,TOP PLAYER MINERVINO ASSOCIAZIONE SPORTIVA DILETTANTISTICA,Calcio (a 8),Calcio
coni:32178,32178,TOP PLAYER MINERVINO ASSOCIAZIONE SPORTIVA DILETTANTISTICA,Futsal (calcio da sala - calcio a 5),Futsal
coni:32178,32178,TOP PLAYER MINERVINO ASSOCIAZIONE SPORTIVA DILETTANTISTICA,Calcio (a 7),Calcio
coni:322,322,ASSOCIAZIONE SPORTIVA DILETTANTISTICA SAMPAOLESE CALCIO,Calcio (a 11),Calcio
coni:32208,32208,ASD F.G. CALCIO,Calcio (a 11),Calcio
coni:32208,32208,ASD F.G. CALCIO,Calcio (a 7),Calcio
coni:32209,32209,A.S.D. FRANCESCO MADONNA,Calcio (a 11),Calcio
coni:32213,32213,OLD FOOTBALL ACADEMY A.S.D.,Calcio (a 11),Calcio
coni:32213,32213,OLD FOOTBALL ACADEMY A.S.D.,Calcio (a 8),Calcio
coni:32213,32213,OLD FOOTBALL ACADEMY A.S.D.,Calcio (a 7),Calcio
coni:32224,32224,A.S.D. CERCOLA CALCIO FOX,Calcio (a 11),Calcio
coni:32224,32224,A.S.D. CERCOLA CALCIO FOX,Calcio (a 7),Calcio
coni:32224,32224,A.S.D. CERCOLA CALCIO FOX,Calcio (a 8),Calcio
coni:32224,32224,A.S.D. CERCOLA CALCIO FOX,Beach Soccer,Calcio
coni:32224,32224,A.S.D. CERCOLA CALCIO FOX,Futsal (calcio da sala - calcio a 5),Futsal
coni:32227,32227,ASD BOCA SOCCER,Calcio (a 11),Calcio
coni:32227,32227,ASD BOCA SOCCER,Calcio (a 8),Calcio
coni:32227,32227,ASD BOCA SOCCER,Calcio (a 7),Calcio
coni:32228,32228,ASD REAL POGGIOMARINO,Futsal (calcio da sala - calcio a 5),Futsal
coni:3223,3223,POLISPORTIVA LA PERLA A.S.D.,Calcio (a 11),Calcio
coni:3223,3223,POLISPORTIVA LA PERLA A.S.D.,Pallacanestro,Basket
coni:3223,3223,POLISPORTIVA LA PERLA A.S.D.,Pallavolo,Volley
coni:32230,32230,OLYMPIC ITALY ASSOCIAZIONE SPORTICA DILETTANTISTICA,Calcio (a 11),Calcio
coni:32246,32246,REAL AGEROLA FUTSAL ASD,Futsal (calcio da sala - calcio a 5),Futsal
coni:32246,32246,REAL AGEROLA FUTSAL ASD,Calcio (a 11),Calcio
coni:32246,32246,REAL AGEROLA FUTSAL ASD,Calcio (a 8),Calcio
coni:32246,32246,REAL AGEROLA FUTSAL ASD,Calcio (a 7),Calcio
coni:32261,32261,ASSOCIAZIONE SPORTIVA DILETTANTISTICA REAL MARANO,Calcio (a 11),Calcio
coni:32261,32261,ASSOCIAZIONE SPORTIVA DILETTANTISTICA REAL MARANO,Calcio (a 8),Calcio
coni:32261,32261,ASSOCIAZIONE SPORTIVA DILETTANTISTICA REAL MARANO,Futsal (calcio da sala - calcio a 5),Futsal
coni:32261,32261,ASSOCIAZIONE SPORTIVA DILETTANTISTICA REAL MARANO,Calcio (a 7),Calcio
coni:32269,32269,ATLETICO CHIAIANO A.S.D.,Futsal (calcio da sala - calcio a 5),Futsal
coni:3227,3227,ASSOCIAZIONE SPORTIVA DILETTANTISTICA LUCIANO MANARA 1909,Calcio (a 11),Calcio
coni:32276,32276,"ASSOCIAIZONE POLISPORTIVA DILETTANTISTICA ""LA LOCOMOTIVA""",Calcio (a 11),Calcio
coni:32277,32277,A.S.D. FOOTBALL ACQUAVIVA,Calcio (a 11),Calcio
coni:32278,32278,GRUPPO SPORTIVO ORATORIANO DILETTANTISTICO GERUNDIA FOOTBALL,Calcio (a 11),Calcio
coni:32280,32280,POLISPORTIVA LOMBARDIA 1 SRL S.D.,Calcio (a 11),Calcio
coni:32283,32283,A.S.D. DIMATEAM,Calcio (a 11),Calcio
coni:32283,32283,A.S.D. DIMATEAM,Calcio (a 8),Calcio
coni:32283,32283,A.S.D. DIMATEAM,Futsal (calcio da sala - calcio a 5),Futsal
coni:32283,32283,A.S.D. DIMATEAM,Calcio (a 7),Calcio
coni:32288,32288,A.S.D. ARENACCIA A.P.S.,Calcio (a 11),Calcio
coni:32288,32288,A.S.D. ARENACCIA A.P.S.,Calcio (a 8),Calcio
coni:32288,32288,A.S.D. ARENACCIA A.P.S.,Futsal (calcio da sala - calcio a 5),Futsal
coni:32288,32288,A.S.D. ARENACCIA A.P.S.,Calcio (a 7),Calcio
coni:32295,32295,U.S. DILETT. SANTO STEFANO TICINO,Calcio (a 11),Calcio
coni:32380,32380,A.S.D. SAN PAOLO LEVANTE AZZURRO,Calcio (a 11),Calcio
coni:32380,32380,A.S.D. SAN PAOLO LEVANTE AZZURRO,Calcio (a 7),Calcio
coni:32380,32380,A.S.D. SAN PAOLO LEVANTE AZZURRO,Calcio (a 8),Calcio
coni:32380,32380,A.S.D. SAN PAOLO LEVANTE AZZURRO,Futsal (calcio da sala - calcio a 5),Futsal
coni:3242,3242,POLISPORTIVA APOLLOSA,Calcio (a 11),Calcio
coni:32456,32456,VELA MESERO A.S.D.,Calcio (a 11),Calcio
coni:32469,32469,A.S.D. FOOTBALL SANNICANDRO CON PERSONALITA' GIURIDICA,Calcio (a 11),Calcio
coni:32469,32469,A.S.D. FOOTBALL SANNICANDRO CON PERSONALITA' GIURIDICA,Calcio (a 8),Calcio
coni:32469,32469,A.S.D. FOOTBALL SANNICANDRO CON PERSONALITA' GIURIDICA,Futsal (calcio da sala - calcio a 5),Futsal
coni:32469,32469,A.S.D. FOOTBALL SANNICANDRO CON PERSONALITA' GIURIDICA,Calcio (a 7),Calcio
coni:32513,32513,A.S.D. INCONTRO AFRAGOAL,Calcio (a 11),Calcio
coni:32513,32513,A.S.D. INCONTRO AFRAGOAL,Calcio (a 8),Calcio
coni:32513,32513,A.S.D. INCONTRO AFRAGOAL,Futsal (calcio da sala - calcio a 5),Futsal
coni:32513,32513,A.S.D. INCONTRO AFRAGOAL,Calcio (a 7),Calcio
coni:32529,32529,ASD SOCCER OTTAVIANO,Calcio (a 11),Calcio
coni:32529,32529,ASD SOCCER OTTAVIANO,Calcio (a 8),Calcio
coni:32529,32529,ASD SOCCER OTTAVIANO,Calcio (a 7),Calcio
coni:32552,32552,MAURIZIO LANZARO A.S.D.,Calcio (a 11),Calcio
coni:32556,32556,POLISPORTIVA SIBILLA BACOLI,Calcio (a 11),Calcio
coni:32556,32556,POLISPORTIVA SIBILLA BACOLI,Calcio (a 8),Calcio
coni:32556,32556,POLISPORTIVA SIBILLA BACOLI,Futsal (calcio da sala - calcio a 5),Futsal
coni:32556,32556,POLISPORTIVA SIBILLA BACOLI,Calcio (a 7),Calcio
coni:32556,32556,POLISPORTIVA SIBILLA BACOLI,Pallacanestro,Basket
coni:32556,32556,POLISPORTIVA SIBILLA BACOLI,Pallavolo,Volley
coni:3256,3256,ASSOCIAZIONE SPORTIVA DILETTANTISTICA CESARE VENTURA,Calcio (a 11),Calcio
coni:3256,3256,ASSOCIAZIONE SPORTIVA DILETTANTISTICA CESARE VENTURA,Futsal (calcio da sala - calcio a 5),Futsal
coni:3256,3256,ASSOCIAZIONE SPORTIVA DILETTANTISTICA CESARE VENTURA,Calcio (a 7),Calcio
coni:3256,3256,ASSOCIAZIONE SPORTIVA DILETTANTISTICA CESARE VENTURA,Calcio (a 8),Calcio
coni:3257,3257,U.S.D. CASTELLAZZO,Calcio (a 11),Calcio
coni:3266,3266,NUOVA POLISPORTIVA SAN MARCO LA SELLA,Calcio (a 11),Calcio
coni:3266,3266,NUOVA POLISPORTIVA SAN MARCO LA SELLA,Futsal (calcio da sala - calcio a 5),Futsal
coni:3266,3266,NUOVA POLISPORTIVA SAN MARCO LA SELLA,Calcio (a 7),Calcio
coni:32673,32673,A.S.D. PRO VICTORIA 1906,Calcio (a 11),Calcio
coni:32680,32680,A.P.D. PAULLESE CALCIO,Calcio (a 11),Calcio
coni:32682,32682,SOCIETA' SPORTIVA DILETTANTISTICA SANGIULIANO C.V.S. ARL,Calcio (a 11),Calcio
coni:32682,32682,SOCIETA' SPORTIVA DILETTANTISTICA SANGIULIANO C.V.S. ARL,Calcio (a 7),Calcio
coni:32690,32690,A.S.D. G.S. FORNO,Calcio (a 11),Calcio
coni:32707,32707,F.C.D. RHODENSE SOCIETA' SPORTIVA DILETTANTISTICA A R.L.,Calcio (a 11),Calcio
coni:3271,3271,Q4 PADOVA ASSOCIAZIONE SPORTIVA DILETTANTISTICA,Calcio (a 11),Calcio
coni:32711,32711,A.S.D. SPERANZA AGRATE,Calcio (a 11),Calcio
coni:32724,32724,VI.BE. RONCHESE ASD,Calcio (a 11),Calcio
coni:32728,32728,U.S.D. NUOVA FRONTIERA,Calcio (a 11),Calcio
coni:32732,32732,ASD REAL FIVE RHO,Futsal (calcio da sala - calcio a 5),Futsal
coni:32741,32741,FOOTBALL MILAN LADIES SOCIETA' SPORTIVA DILETTANTISTICA A RESPONS ABILITA' LIMITA,Calcio (a 11),Calcio
coni:32777,32777,A.S.D. SPORTING SOCCER CARDITO,Calcio (a 11),Calcio
coni:32777,32777,A.S.D. SPORTING SOCCER CARDITO,Calcio (a 8),Calcio
coni:32777,32777,A.S.D. SPORTING SOCCER CARDITO,Futsal (calcio da sala - calcio a 5),Futsal
coni:32777,32777,A.S.D. SPORTING SOCCER CARDITO,Calcio (a 7),Calcio
coni:3278,3278,ASD CARPANETO CHERO 1922,Calcio (a 11),Calcio
coni:32785,32785,A.S.D. ACCADEMIA BUSTESE,Calcio (a 11),Calcio
coni:32785,32785,A.S.D. ACCADEMIA BUSTESE,Calcio (a 7),Calcio
coni:32817,32817,LAGO PATRIA SOCIETA' SPORTIVA DILETTANTISTICA A RESPONSABILITA' LIMITATA,Calcio (a 11),Calcio
coni:32828,32828,ASSOCIAZIONE SPORTIVA DILETTANTISTICA GIANCARLO VINDICE CALCIO,Calcio (a 11),Calcio
coni:3288,3288,ASSOCIAZIONE SPORTIVA VILLACLARENSE,Calcio (a 11),Calcio
coni:32996,32996,A.S.D. SPORTING CLUB MARCONI,Futsal (calcio da sala - calcio a 5),Futsal
coni:33044,33044,A.S.D NAPOLI FOX,Calcio (a 11),Calcio
coni:33050,33050,A.S.D. R.C. CODOGNO 1908,Calcio (a 11),Calcio
coni:33052,33052,GIARDINO ORATORIO SGB A.S.D.,Calcio (a 11),Calcio
coni:33052,33052,GIARDINO ORATORIO SGB A.S.D.,Calcio (a 7),Calcio
coni:33062,33062,BOFFALORELLO S.S.D. A R.L.,Calcio (a 11),Calcio
coni:33062,33062,BOFFALORELLO S.S.D. A R.L.,Pallacanestro,Basket
coni:33071,33071,POLISPORTIVA SAN GIOVANNI BOSCO A.S.D.,Calcio (a 11),Calcio
coni:33071,33071,POLISPORTIVA SAN GIOVANNI BOSCO A.S.D.,Pallavolo,Volley
coni:33080,33080,A.S.D. ACCADEMIA DIECI E LODE F.C.,Calcio (a 11),Calcio
coni:33080,33080,A.S.D. ACCADEMIA DIECI E LODE F.C.,Calcio (a 8),Calcio
coni:33080,33080,A.S.D. ACCADEMIA DIECI E LODE F.C.,Calcio (a 7),Calcio
coni:3314,3314,ASSOCIAZIONE SPORTIVA DILETTANTISTICA U.C.D. SOLESINESE,Futsal (calcio da sala - calcio a 5),Futsal
coni:3314,3314,ASSOCIAZIONE SPORTIVA DILETTANTISTICA U.C.D. SOLESINESE,Calcio (a 11),Calcio
coni:33169,33169,U.S.D. AURORA CANTALUPO,Calcio (a 11),Calcio
coni:33189,33189,ASD SAN BERNARDO CALCIO - ASSOCIAZIONE SPORTIVA DILETTANTISTICA,Calcio (a 11),Calcio
coni:333,333,ASSOCIAZIONE SPORTIVA DILETTANTISTICA SALE,Calcio (a 11),Calcio
coni:33332,33332,A.S.D. ZELOBUONPERSICO1974,Calcio (a 11),Calcio
coni:33333,33333,A.S.D. TURBIGHESE 1921,Calcio (a 11),Calcio
coni:33351,33351,ASSOCIAZIONE POLISPORTIVA DILETTANTISTICA PECETTO,Calcio (a 11),Calcio
coni:33353,33353,A.S.D. CIRCOLO DREAM TEAM,Calcio (a 11),Calcio
coni:33357,33357,A.S.D. RIVER 1951,Calcio (a 11),Calcio
coni:33362,33362,ASSOCIAZIONE SPORTIVA DILETTANTISTICA G.S. AZZURRA 1939,Calcio (a 11),Calcio
coni:33372,33372,A.S.D. CHISONE CALCIO,Calcio (a 11),Calcio
coni:3341,3341,GS PETTORAZZA SAN MARTINO a.s.d.,Calcio (a 11),Calcio
coni:33467,33467,GRUPPO CALCISTICO DEL CENTRO GIOVANILE BOFFALORESE,Calcio (a 11),Calcio
coni:33490,33490,USD TRIBIANO,Calcio (a 11),Calcio
coni:33559,33559,UNIONE SPORTIVA QUINTO ROMANO ASSOCIAZIONE SPORTIVA DILETTANTISTICA,Calcio (a 11),Calcio
coni:3364,3364,ASSOCIAZIONE SPORTIVA DILETTANTISTICA MONTECASTELLO VIBIO,Calcio (a 11),Calcio
coni:33650,33650,ASD FOOTBALL CLUB VIGONE,Calcio (a 11),Calcio
coni:33669,33669,S.S.D. TRITIUM CALCIO 1908 A R.L.,Calcio (a 11),Calcio
coni:33697,33697,A.S.D. VALENTIA,Futsal (calcio da sala - calcio a 5),Futsal
coni:33714,33714,ASSOCIAZIONE SPORTIVA DILETTANTISTICA CALCIO CARUGATE,Calcio (a 11),Calcio
coni:33714,33714,ASSOCIAZIONE SPORTIVA DILETTANTISTICA CALCIO CARUGATE,Futsal (calcio da sala - calcio a 5),Futsal
coni:33714,33714,ASSOCIAZIONE SPORTIVA DILETTANTISTICA CALCIO CARUGATE,Calcio (a 7),Calcio
coni:33732,33732,ASD CALCIO CANEGRATE,Calcio (a 11),Calcio
coni:33732,33732,ASD CALCIO CANEGRATE,Futsal (calcio da sala - calcio a 5),Futsal
coni:33746,33746,FC LESMO SOCIETA' SPORTIVA DILETTANTISTICA A RESPONSABILITA' LIMI,Calcio (a 11),Calcio
coni:33747,33747,TEAMSPORT SOCIETA' SPORTIVA DILETTANTISTICA A RESPONSABILITA' LIMITATA,Calcio (a 11),Calcio
coni:33747,33747,TEAMSPORT SOCIETA' SPORTIVA DILETTANTISTICA A RESPONSABILITA' LIMITATA,Calcio (a 7),Calcio
coni:33785,33785,A.S.D. BACIGALUPO,Calcio (a 11),Calcio
coni:33812,33812,S.C. UNITED ASSOCIAZIONE SPORTIVA DILETTANTISTICA,Calcio (a 11),Calcio
coni:33812,33812,S.C. UNITED ASSOCIAZIONE SPORTIVA DILETTANTISTICA,Calcio (a 7),Calcio
coni:33812,33812,S.C. UNITED ASSOCIAZIONE SPORTIVA DILETTANTISTICA,Calcio (a 8),Calcio
coni:33812,33812,S.C. UNITED ASSOCIAZIONE SPORTIVA DILETTANTISTICA,Beach Soccer,Calcio
coni:33812,33812,S.C. UNITED ASSOCIAZIONE SPORTIVA DILETTANTISTICA,Futsal (calcio da sala - calcio a 5),Futsal
coni:33812,33812,S.C. UNITED ASSOCIAZIONE SPORTIVA DILETTANTISTICA,Pallacanestro,Basket
coni:33830,33830,F.C.D. COLOGNO,Calcio (a 11),Calcio
coni:33833,33833,A.S.D. SERENISSIMA 1964,Calcio (a 11),Calcio
coni:33837,33837,A.S.D. ROBUR RUGINELLO 1948,Calcio (a 11),Calcio
coni:33915,33915,A.S.D. COLLEGNO PARADISO,Calcio (a 11),Calcio
coni:33925,33925,A.S.D. CSF CARMAGNOLA QUEEN CAR,Calcio (a 11),Calcio
coni:33925,33925,A.S.D. CSF CARMAGNOLA QUEEN CAR,Calcio (a 8),Calcio
coni:33925,33925,A.S.D. CSF CARMAGNOLA QUEEN CAR,Calcio (a 7),Calcio
coni:33944,33944,SEMPIONE HALF 1919 SOCIETA' SPORTIVA DILETTANTISTICA S.R.L.,Calcio (a 11),Calcio
coni:33970,33970,POLISPORTIVA ORATORIANA VITTUONE,Calcio (a 11),Calcio
coni:33979,33979,A.S.D. FIDENE,Calcio (a 11),Calcio
coni:33979,33979,A.S.D. FIDENE,Futsal (calcio da sala - calcio a 5),Futsal
coni:34026,34026,A.D.P. BSR GRUGLIASCO ASSOCIAZIONE SPORTIVA DILETTANTISTICA,Calcio (a 11),Calcio
coni:34058,34058,ASD POLISPORTIVA FULGOR LODI VECCHIO,Calcio (a 11),Calcio
coni:34058,34058,ASD POLISPORTIVA FULGOR LODI VECCHIO,Pallavolo,Volley
coni:34058,34058,ASD POLISPORTIVA FULGOR LODI VECCHIO,Pallacanestro 3 contro 3,Basket
coni:34058,34058,ASD POLISPORTIVA FULGOR LODI VECCHIO,Pallacanestro,Basket
coni:34110,34110,A.S.D. ATHLETIC SOCCER ACADEMY 2012,Calcio (a 11),Calcio
coni:3412,3412,A.S.D. TIRRENIA 1973,Calcio (a 11),Calcio
coni:34166,34166,A.S.D. ROCCA PRIORA RDP CALCIO,Calcio (a 11),Calcio
coni:34172,34172,SPERANZA PRIMULE A.S.D.,Calcio (a 11),Calcio
coni:34172,34172,SPERANZA PRIMULE A.S.D.,Pallavolo,Volley
coni:34194,34194,ASSOCIAZIONE CALCIO ROBUR A.S.D.,Calcio (a 11),Calcio
coni:3420,3420,A.S.D. UNION PASIANO,Calcio (a 11),Calcio
coni:34206,34206,ASD USSA ROZZANO,Calcio (a 11),Calcio
coni:34206,34206,ASD USSA ROZZANO,Futsal (calcio da sala - calcio a 5),Futsal
coni:34206,34206,ASD USSA ROZZANO,Calcio (a 7),Calcio
coni:34206,34206,ASD USSA ROZZANO,Pallacanestro,Basket
coni:34206,34206,ASD USSA ROZZANO,Pallavolo,Volley
coni:3423,3423,ASSOCIAZIONE SPORTIVA DILETTANTISTICA CONSANDOLO CALCIO,Calcio (a 11),Calcio
coni:34238,34238,A.S.D. SCIOLZE,Calcio (a 11),Calcio
coni:34242,34242,UNIONE SPORTIVA VIRTUS MALEO A.S.D.,Calcio (a 11),Calcio
coni:34247,34247,NUOVO TRULLO 84 JOLLY CLUB SSD,Calcio (a 11),Calcio
coni:34247,34247,NUOVO TRULLO 84 JOLLY CLUB SSD,Calcio (a 8),Calcio
coni:34247,34247,NUOVO TRULLO 84 JOLLY CLUB SSD,Futsal (calcio da sala - calcio a 5),Futsal
coni:34247,34247,NUOVO TRULLO 84 JOLLY CLUB SSD,Calcio (a 7),Calcio
coni:34250,34250,A.S.D. BRICTENSE,Calcio (a 11),Calcio
coni:3429,3429,POLISPORTIVA DILETTANTISTICA OLIPIC SARTEANO,Calcio (a 11),Calcio
coni:34308,34308,G.S. S. ILARIO MILANESE ASD,Calcio (a 11),Calcio
coni:34308,34308,G.S. S. ILARIO MILANESE ASD,Pallacanestro,Basket
coni:34310,34310,POLISPORTIVA ARGENTIA ASSOCIAZIONE SPORTIVA DILETTANTISTICA,Calcio (a 11),Calcio
coni:34310,34310,POLISPORTIVA ARGENTIA ASSOCIAZIONE SPORTIVA DILETTANTISTICA,Calcio (a 7),Calcio
coni:34310,34310,POLISPORTIVA ARGENTIA ASSOCIAZIONE SPORTIVA DILETTANTISTICA,Pallavolo,Volley
coni:34343,34343,A.S.D. DRUENTINA,Calcio (a 11),Calcio
coni:34351,34351,A.S.D. PONTE MILVIO F.C.,Calcio (a 11),Calcio
coni:34425,34425,POLISPORTIVA CIRCOLO GIOVANILE BRESSO ASSOCIAZONE SPORTIVA DILETTANTISTICA,Calcio (a 11),Calcio
coni:34425,34425,POLISPORTIVA CIRCOLO GIOVANILE BRESSO ASSOCIAZONE SPORTIVA DILETTANTISTICA,Calcio (a 7),Calcio
coni:34425,34425,POLISPORTIVA CIRCOLO GIOVANILE BRESSO ASSOCIAZONE SPORTIVA DILETTANTISTICA,Pallavolo,Volley
coni:34476,34476,SOCIETA SPORTIVA DILETTANTISTICA A RESPONSABILITA LIMITATA REAL MILANO,Calcio (a 11),Calcio
coni:34498,34498,CALCIO SAN GIORGIO ASSOCIAZION E SPORTIVA DILENTATTISTICA,Calcio (a 11),Calcio
coni:3451,3451,ASSOCIAZIONE SPORTIVA DILETTANTISTICA ROTALIANA,Calcio (a 11),Calcio
coni:34522,34522,POLISPORTIVA DILETTANTISTICA CASSINA NUOVA,Calcio (a 11),Calcio
coni:34522,34522,POLISPORTIVA DILETTANTISTICA CASSINA NUOVA,Calcio (a 7),Calcio
coni:34522,34522,POLISPORTIVA DILETTANTISTICA CASSINA NUOVA,Pallacanestro,Basket
coni:34522,34522,POLISPORTIVA DILETTANTISTICA CASSINA NUOVA,Pallavolo,Volley
coni:3454,3454,ASSOCIAZIONE SPORTIVA DILETTANTISTICA TODI CALCIO,Calcio (a 11),Calcio
coni:3454,3454,ASSOCIAZIONE SPORTIVA DILETTANTISTICA TODI CALCIO,Futsal (calcio da sala - calcio a 5),Futsal
coni:34570,34570,ASS.SP.DIL. ATLETICO VOLVERA CALCIO,Calcio (a 11),Calcio
coni:34648,34648,A.S.D. FUTBOL MONTESACRO,Calcio (a 11),Calcio
coni:34659,34659,A.S.D. GRIFONE CALCIO,Calcio (a 11),Calcio
coni:34691,34691,ACCADEMIA INTERNAZIONALE CALCI O SSDRL,Calcio (a 11),Calcio
coni:34709,34709,A.S.D. ATLETICO MIRAFIORI,Calcio (a 11),Calcio
coni:34737,34737,POLISPORTIVA ROSATESE A.S.D.,Calcio (a 11),Calcio
coni:34793,34793,A.S.D. ROSTA CALCIO,Calcio (a 11),Calcio
coni:3482,3482,U.S. MONTODINESE A.S.D.,Calcio (a 11),Calcio
coni:34863,34863,POLISPORTIVA BUCCINASCO ASSOCIAZIONE SPORTIVA DILETTANTISTICA,Calcio (a 11),Calcio
coni:34871,34871,A.S.D. SANT'ANGELO,Calcio (a 11),Calcio
coni:34924,34924,A.S.D. MONTE MARIO,Calcio (a 11),Calcio
coni:34927,34927,GRUPPO SPORTIVO ARCONATESE 192 6 - SOCIETA' SPORTIVA DILETTA,Calcio (a 11),Calcio
coni:3495,3495,A.S.D. SAN VITO 83 L.D.N.,Calcio (a 11),Calcio
coni:34991,34991,ASSOCIAZIONE SPORTIVA DILETTANTISTICA GSD PREGNANESE,Calcio (a 11),Calcio
coni:34997,34997,ASD CENTRO SPORTIVO ORATORIO S. GAETANO,Calcio (a 11),Calcio
coni:34997,34997,ASD CENTRO SPORTIVO ORATORIO S. GAETANO,Pallavolo,Volley
coni:35004,35004,F.C.D. BONOLA CALCIO,Calcio (a 11),Calcio
coni:35018,35018,A.S. POZZUOLO CALCIO,Calcio (a 11),Calcio
coni:3505,3505,UNIONE POLISPORTIVA MASSESE ASD,Calcio (a 11),Calcio
coni:3505,3505,UNIONE POLISPORTIVA MASSESE ASD,Pallavolo,Volley
coni:35069,35069,A.S.D. ATLETICO MONTEPORZIO,Calcio (a 11),Calcio
coni:35076,35076,A.S.D. PROCALCIO CECCHINA,Calcio (a 11),Calcio
coni:35076,35076,A.S.D. PROCALCIO CECCHINA,Futsal (calcio da sala - calcio a 5),Futsal
coni:35089,35089,A.C.D. REAL CAMPAGNANO,Calcio (a 11),Calcio
coni:3509,3509,AGAZZANESE SOCIETA' SPORTIVA DILETTANTISTICA A RESPONSABILITA' LIMITATA ENUNCIABILE IN BREVE ANCHE AGAZZANESE SSD A RL,Calcio (a 11),Calcio
coni:35096,35096,A.S.D. LAURENTINO FUTSAL ACADEMY,Futsal (calcio da sala - calcio a 5),Futsal
coni:351,351,ARCI SARRIPOLI CALCIO-ASS.DIL.SPORTIVA,Calcio (a 11),Calcio
coni:35208,35208,ASPES SOCIETA' SPORTIVA DILETTANTISTICA SRL,Calcio (a 7),Calcio
coni:35208,35208,ASPES SOCIETA' SPORTIVA DILETTANTISTICA SRL,Pallavolo,Volley
coni:3527,3527,A.S.D. RAGUSA CALCIO,Calcio (a 11),Calcio
coni:3529,3529,UNIONE SPORTIVA DILETTANTISTICA PRADA,Calcio (a 11),Calcio
coni:35383,35383,A.S. MASSERONI MARCHESE SSDRL,Calcio (a 11),Calcio
coni:35445,35445,FIVE TO SEVEN SOC.COOP.SPORTIVA DIL.A.R.L.,Calcio (a 11),Calcio
coni:35459,35459,A.S.D. ACCADEMIA R.TUSCOLANO CALCIO,Calcio (a 11),Calcio
coni:3551,3551,A.S.D ACADEMY MASSA MONTIGNOSO,Calcio (a 11),Calcio
coni:35654,35654,"A.S.D. E DI PROMOZIONE SOCIALE ""PRO CALCIO CASTEL MADAMA""",Calcio (a 11),Calcio
coni:35807,35807,A.S.D. DREAMING FOOTBALL ACADE MY,Calcio (a 11),Calcio
coni:3586,3586,ASD STRASSOLDO,Calcio (a 11),Calcio
coni:35905,35905,UNIONE SPORTIVA AZZURRA,Calcio (a 11),Calcio
coni:35905,35905,UNIONE SPORTIVA AZZURRA,Futsal (calcio da sala - calcio a 5),Futsal
coni:35905,35905,UNIONE SPORTIVA AZZURRA,Pallavolo,Volley
coni:3591,3591,A.S.D. VIRTUS,Futsal (calcio da sala - calcio a 5),Futsal
coni:35954,35954,CENTRO UNIVERSITARIO SPORTIVO DI SASSARI A.S.D.,Calcio (a 11),Calcio
coni:35954,35954,CENTRO UNIVERSITARIO SPORTIVO DI SASSARI A.S.D.,Futsal (calcio da sala - calcio a 5),Futsal
coni:35954,35954,CENTRO UNIVERSITARIO SPORTIVO DI SASSARI A.S.D.,Pallacanestro,Basket
coni:35954,35954,CENTRO UNIVERSITARIO SPORTIVO DI SASSARI A.S.D.,Calcio (a 7),Calcio
coni:35955,35955,A.S.D. RICORTOLA 192,Calcio (a 11),Calcio
coni:35970,35970,ASSOCIAZIONE SPORTIVA DILETTANTISTICA-AMATERSKO SPORTNO DRUSTVO JUVENTINA,Calcio (a 11),Calcio
coni:35974,35974,A.S.D. GSD SCHIARA,Calcio (a 11),Calcio
coni:35978,35978,SOCIETA' SPORTIVA DILETTANTISTICA A.S.D. SOVODNJE,Calcio (a 11),Calcio
coni:35985,35985,CENTRO UNIVERSITARIO SPORTIVO PISA - ASSOCIAZIONE SPORTIVA DILETTANTISTICA C.U.S. PISA A.S.D.,Futsal (calcio da sala - calcio a 5),Futsal
coni:35985,35985,CENTRO UNIVERSITARIO SPORTIVO PISA - ASSOCIAZIONE SPORTIVA DILETTANTISTICA C.U.S. PISA A.S.D.,Rugby a 15,Rugby
coni:35985,35985,CENTRO UNIVERSITARIO SPORTIVO PISA - ASSOCIAZIONE SPORTIVA DILETTANTISTICA C.U.S. PISA A.S.D.,Calcio (a 11),Calcio
coni:35985,35985,CENTRO UNIVERSITARIO SPORTIVO PISA - ASSOCIAZIONE SPORTIVA DILETTANTISTICA C.U.S. PISA A.S.D.,Pallacanestro,Basket
coni:35985,35985,CENTRO UNIVERSITARIO SPORTIVO PISA - ASSOCIAZIONE SPORTIVA DILETTANTISTICA C.U.S. PISA A.S.D.,Pallavolo,Volley
coni:35985,35985,CENTRO UNIVERSITARIO SPORTIVO PISA - ASSOCIAZIONE SPORTIVA DILETTANTISTICA C.U.S. PISA A.S.D.,Lacrosse,Lacrosse
coni:35985,35985,CENTRO UNIVERSITARIO SPORTIVO PISA - ASSOCIAZIONE SPORTIVA DILETTANTISTICA C.U.S. PISA A.S.D.,Beach volley,Volley
coni:35985,35985,CENTRO UNIVERSITARIO SPORTIVO PISA - ASSOCIAZIONE SPORTIVA DILETTANTISTICA C.U.S. PISA A.S.D.,Rugby a 7,Rugby
coni:35985,35985,CENTRO UNIVERSITARIO SPORTIVO PISA - ASSOCIAZIONE SPORTIVA DILETTANTISTICA C.U.S. PISA A.S.D.,Baseball - Softball,Baseball
coni:35985,35985,CENTRO UNIVERSITARIO SPORTIVO PISA - ASSOCIAZIONE SPORTIVA DILETTANTISTICA C.U.S. PISA A.S.D.,Tag Rugby,Rugby
coni:35985,35985,CENTRO UNIVERSITARIO SPORTIVO PISA - ASSOCIAZIONE SPORTIVA DILETTANTISTICA C.U.S. PISA A.S.D.,Touch Rugby,Rugby
coni:35985,35985,CENTRO UNIVERSITARIO SPORTIVO PISA - ASSOCIAZIONE SPORTIVA DILETTANTISTICA C.U.S. PISA A.S.D.,Calcio (a 8),Calcio
coni:35985,35985,CENTRO UNIVERSITARIO SPORTIVO PISA - ASSOCIAZIONE SPORTIVA DILETTANTISTICA C.U.S. PISA A.S.D.,Beach Soccer,Calcio
coni:35985,35985,CENTRO UNIVERSITARIO SPORTIVO PISA - ASSOCIAZIONE SPORTIVA DILETTANTISTICA C.U.S. PISA A.S.D.,Calcio (a 7),Calcio
coni:35990,35990,A.S.D. AUDAX SANROCCHESE,Calcio (a 11),Calcio
coni:35992,35992,ASD FRECCIA AZZURRA,Calcio (a 11),Calcio
coni:35992,35992,ASD FRECCIA AZZURRA,Calcio (a 7),Calcio
coni:35992,35992,ASD FRECCIA AZZURRA,Futsal (calcio da sala - calcio a 5),Futsal
coni:36009,36009,ASSOCIAZIONE SPORTIVA DILETTANTISTICA G.S. URAGANO PIRRI,Calcio (a 11),Calcio
coni:36013,36013,ASSOCIAZIONE SPORTIVA DILETTANTISTICA AGIRA,Calcio (a 11),Calcio
coni:36013,36013,ASSOCIAZIONE SPORTIVA DILETTANTISTICA AGIRA,Futsal (calcio da sala - calcio a 5),Futsal
coni:36015,36015,SV MOELTEN AMATEURSPORTVEREIN,Calcio (a 11),Calcio
coni:36018,36018,A.S.D. CAVARZANO BELLUNO,Calcio (a 11),Calcio
coni:36018,36018,A.S.D. CAVARZANO BELLUNO,Calcio (a 8),Calcio
coni:36018,36018,A.S.D. CAVARZANO BELLUNO,Beach Soccer,Calcio
coni:36018,36018,A.S.D. CAVARZANO BELLUNO,Futsal (calcio da sala - calcio a 5),Futsal
coni:36018,36018,A.S.D. CAVARZANO BELLUNO,Calcio (a 7),Calcio
coni:3602,3602,A.C. CAPOSTRADA BELVEDERE ASSOCIAZIONE SPORTIVA DILETTANTISTICA,Calcio (a 11),Calcio
coni:36022,36022,U.S.D. CASTION,Calcio (a 11),Calcio
coni:36022,36022,U.S.D. CASTION,Calcio (a 8),Calcio
coni:36022,36022,U.S.D. CASTION,Futsal (calcio da sala - calcio a 5),Futsal
coni:36022,36022,U.S.D. CASTION,Calcio (a 7),Calcio
coni:36023,36023,UNIONE SPORTIVA RUSSI SRL SOCI ETA' SPORTIVA DILETTANTISTICA,Calcio (a 11),Calcio
coni:36025,36025,ASSOCIAZIONE POLISPORTIVA DILETTANTISTICA COMUNALE CHIONS,Calcio (a 11),Calcio
coni:36025,36025,ASSOCIAZIONE POLISPORTIVA DILETTANTISTICA COMUNALE CHIONS,Pallacanestro,Basket
coni:36027,36027,ASSOCIAZIONE SPORTIVA DILETTANTISTICA CALCIO LIMANA LENTIAI,Calcio (a 11),Calcio
coni:36027,36027,ASSOCIAZIONE SPORTIVA DILETTANTISTICA CALCIO LIMANA LENTIAI,Pallamano,Pallamano
coni:36027,36027,ASSOCIAZIONE SPORTIVA DILETTANTISTICA CALCIO LIMANA LENTIAI,Calcio (a 8),Calcio
coni:36027,36027,ASSOCIAZIONE SPORTIVA DILETTANTISTICA CALCIO LIMANA LENTIAI,Beach Soccer,Calcio
coni:36027,36027,ASSOCIAZIONE SPORTIVA DILETTANTISTICA CALCIO LIMANA LENTIAI,Calcio (a 7),Calcio
coni:36027,36027,ASSOCIAZIONE SPORTIVA DILETTANTISTICA CALCIO LIMANA LENTIAI,Pallacanestro,Basket
coni:36027,36027,ASSOCIAZIONE SPORTIVA DILETTANTISTICA CALCIO LIMANA LENTIAI,Pallavolo,Volley
coni:3603,3603,A.S.D. ZINGONIA VERDELLINO,Calcio (a 11),Calcio
coni:36036,36036,U.S.D. SOIS,Calcio (a 11),Calcio
coni:36058,36058,POLISPORTIVA POMPEI A. S . D.,Calcio (a 11),Calcio
coni:36066,36066,ASSOCIAZIONE SPORTIVA DILETTANTISTICA C.U.S. CAGLIARI,Calcio (a 11),Calcio
coni:36066,36066,ASSOCIAZIONE SPORTIVA DILETTANTISTICA C.U.S. CAGLIARI,Futsal (calcio da sala - calcio a 5),Futsal
coni:36066,36066,ASSOCIAZIONE SPORTIVA DILETTANTISTICA C.U.S. CAGLIARI,Pallacanestro,Basket
coni:36068,36068,G.S.D. FIORI BARP MAS,Calcio (a 11),Calcio
coni:36080,36080,ASSOCIAZIONE SPORTIVA DILETTANTISTICA LONGARONEALPINA CALCIO,Calcio (a 11),Calcio
coni:36080,36080,ASSOCIAZIONE SPORTIVA DILETTANTISTICA LONGARONEALPINA CALCIO,Beach volley,Volley
coni:36080,36080,ASSOCIAZIONE SPORTIVA DILETTANTISTICA LONGARONEALPINA CALCIO,Pallavolo,Volley
coni:36080,36080,ASSOCIAZIONE SPORTIVA DILETTANTISTICA LONGARONEALPINA CALCIO,Calcio (a 8),Calcio
coni:36080,36080,ASSOCIAZIONE SPORTIVA DILETTANTISTICA LONGARONEALPINA CALCIO,Beach Soccer,Calcio
coni:36080,36080,ASSOCIAZIONE SPORTIVA DILETTANTISTICA LONGARONEALPINA CALCIO,Futsal (calcio da sala - calcio a 5),Futsal
coni:36080,36080,ASSOCIAZIONE SPORTIVA DILETTANTISTICA LONGARONEALPINA CALCIO,Calcio (a 7),Calcio
coni:36094,36094,G.S.D. COLONIA JULIA,Calcio (a 11),Calcio
coni:3611,3611,A.S.D. VIDALENGO,Calcio (a 11),Calcio
coni:36128,36128,U.S.D. CAPOLONA QUARATA,Calcio (a 11),Calcio
coni:36132,36132,CENTRO UNIVERSITARIO SPORTIVO DI ANCONA,Futsal (calcio da sala - calcio a 5),Futsal
coni:36132,36132,CENTRO UNIVERSITARIO SPORTIVO DI ANCONA,Pallamano,Pallamano
coni:36132,36132,CENTRO UNIVERSITARIO SPORTIVO DI ANCONA,Beach Handball,Pallamano
coni:36132,36132,CENTRO UNIVERSITARIO SPORTIVO DI ANCONA,Pallacanestro,Basket
coni:36141,36141,UNIONE SPORTIVA PAGANICO,Calcio (a 11),Calcio
coni:36153,36153,A.P.D. . ATLETICO NUORO,Calcio (a 11),Calcio
coni:36159,36159,ASD POLISPORTIVA BITTESE,Calcio (a 11),Calcio
coni:36173,36173,A.S.D. CENTRO UNIVERSITARIO SPORTIVO CATANIA,Rugby a 7,Rugby
coni:36173,36173,A.S.D. CENTRO UNIVERSITARIO SPORTIVO CATANIA,Rugby a 15,Rugby
coni:36173,36173,A.S.D. CENTRO UNIVERSITARIO SPORTIVO CATANIA,Beach Rugby,Rugby
coni:36173,36173,A.S.D. CENTRO UNIVERSITARIO SPORTIVO CATANIA,Calcio (a 11),Calcio
coni:36173,36173,A.S.D. CENTRO UNIVERSITARIO SPORTIVO CATANIA,Pallacanestro,Basket
coni:36173,36173,A.S.D. CENTRO UNIVERSITARIO SPORTIVO CATANIA,Pallavolo,Volley
coni:36173,36173,A.S.D. CENTRO UNIVERSITARIO SPORTIVO CATANIA,Futsal (calcio da sala - calcio a 5),Futsal
coni:36173,36173,A.S.D. CENTRO UNIVERSITARIO SPORTIVO CATANIA,Beach volley,Volley
coni:36173,36173,A.S.D. CENTRO UNIVERSITARIO SPORTIVO CATANIA,Pallacanestro 3 contro 3,Basket
coni:36173,36173,A.S.D. CENTRO UNIVERSITARIO SPORTIVO CATANIA,Beach Basket,Basket
coni:36173,36173,A.S.D. CENTRO UNIVERSITARIO SPORTIVO CATANIA,Baseball - Softball,Baseball
coni:36173,36173,A.S.D. CENTRO UNIVERSITARIO SPORTIVO CATANIA,Calcio (a 8),Calcio
coni:36173,36173,A.S.D. CENTRO UNIVERSITARIO SPORTIVO CATANIA,Calcio (a 7),Calcio
coni:36175,36175,ASSOCIAZIONE SPORTIVA DILETTANTISTICA POZZOMAGGIORE,Calcio (a 11),Calcio
coni:36178,36178,POLISPORTIVA ' SUPRAMONTE',Calcio (a 11),Calcio
coni:36178,36178,POLISPORTIVA ' SUPRAMONTE',Baseball - Softball,Baseball
coni:36179,36179,CENTRO UNIVERSITARIO SPORTIVO - C.U.S. FERRARA - ASSOCIAZIONE SPORTIVA DILETTANTISTICA,Calcio (a 11),Calcio
coni:36179,36179,CENTRO UNIVERSITARIO SPORTIVO - C.U.S. FERRARA - ASSOCIAZIONE SPORTIVA DILETTANTISTICA,Rugby a 7,Rugby
coni:36179,36179,CENTRO UNIVERSITARIO SPORTIVO - C.U.S. FERRARA - ASSOCIAZIONE SPORTIVA DILETTANTISTICA,Rugby a 15,Rugby
coni:36179,36179,CENTRO UNIVERSITARIO SPORTIVO - C.U.S. FERRARA - ASSOCIAZIONE SPORTIVA DILETTANTISTICA,Tag Rugby,Rugby
coni:36179,36179,CENTRO UNIVERSITARIO SPORTIVO - C.U.S. FERRARA - ASSOCIAZIONE SPORTIVA DILETTANTISTICA,Beach volley,Volley
coni:36179,36179,CENTRO UNIVERSITARIO SPORTIVO - C.U.S. FERRARA - ASSOCIAZIONE SPORTIVA DILETTANTISTICA,Pallavolo,Volley
coni:36179,36179,CENTRO UNIVERSITARIO SPORTIVO - C.U.S. FERRARA - ASSOCIAZIONE SPORTIVA DILETTANTISTICA,Pallamano,Pallamano
coni:36179,36179,CENTRO UNIVERSITARIO SPORTIVO - C.U.S. FERRARA - ASSOCIAZIONE SPORTIVA DILETTANTISTICA,Pallanuoto,Pallanuoto
coni:36179,36179,CENTRO UNIVERSITARIO SPORTIVO - C.U.S. FERRARA - ASSOCIAZIONE SPORTIVA DILETTANTISTICA,Touch Rugby,Rugby
coni:36179,36179,CENTRO UNIVERSITARIO SPORTIVO - C.U.S. FERRARA - ASSOCIAZIONE SPORTIVA DILETTANTISTICA,Calcio (a 8),Calcio
coni:36179,36179,CENTRO UNIVERSITARIO SPORTIVO - C.U.S. FERRARA - ASSOCIAZIONE SPORTIVA DILETTANTISTICA,Beach Soccer,Calcio
coni:36179,36179,CENTRO UNIVERSITARIO SPORTIVO - C.U.S. FERRARA - ASSOCIAZIONE SPORTIVA DILETTANTISTICA,Futsal (calcio da sala - calcio a 5),Futsal
coni:36179,36179,CENTRO UNIVERSITARIO SPORTIVO - C.U.S. FERRARA - ASSOCIAZIONE SPORTIVA DILETTANTISTICA,Calcio (a 7),Calcio
coni:36179,36179,CENTRO UNIVERSITARIO SPORTIVO - C.U.S. FERRARA - ASSOCIAZIONE SPORTIVA DILETTANTISTICA,Snow Rugby,Rugby
coni:36179,36179,CENTRO UNIVERSITARIO SPORTIVO - C.U.S. FERRARA - ASSOCIAZIONE SPORTIVA DILETTANTISTICA,Pallacanestro 3 contro 3,Basket
coni:36179,36179,CENTRO UNIVERSITARIO SPORTIVO - C.U.S. FERRARA - ASSOCIAZIONE SPORTIVA DILETTANTISTICA,Beach Rugby,Rugby
coni:36179,36179,CENTRO UNIVERSITARIO SPORTIVO - C.U.S. FERRARA - ASSOCIAZIONE SPORTIVA DILETTANTISTICA,Pallacanestro,Basket
coni:36192,36192,G.S. MURAGLIA SOCIETA' SPORTIVA DILETTANTISTICA A R.L. IN FORMA ABBREVIATA GS MURAGLIA,Calcio (a 11),Calcio
coni:36192,36192,G.S. MURAGLIA SOCIETA' SPORTIVA DILETTANTISTICA A R.L. IN FORMA ABBREVIATA GS MURAGLIA,Calcio (a 7),Calcio
coni:36197,36197,C.U.S. SIENA ASS.SPORT.DILETT.,Rugby a 15,Rugby
coni:36197,36197,C.U.S. SIENA ASS.SPORT.DILETT.,Pallacanestro,Basket
coni:36197,36197,C.U.S. SIENA ASS.SPORT.DILETT.,Calcio (a 11),Calcio
coni:36197,36197,C.U.S. SIENA ASS.SPORT.DILETT.,Futsal (calcio da sala - calcio a 5),Futsal
coni:36197,36197,C.U.S. SIENA ASS.SPORT.DILETT.,Pallacanestro 3 contro 3,Basket
coni:36197,36197,C.U.S. SIENA ASS.SPORT.DILETT.,Pallavolo,Volley
coni:3620,3620,ASSOCIAZIONE SPORTIVA DILETTANTISTICA PORDENONE CALCIO A 5,Futsal (calcio da sala - calcio a 5),Futsal
coni:36216,36216,ASSOCIAZIONE SPORTIVA DILETTANTISTICA FIESSESE,Calcio (a 11),Calcio
coni:36222,36222,ASSOCIAZIONE SPORTIVA DILETTANTISTICA UNIONE SPORTIVA MIANO,Calcio (a 11),Calcio
coni:36224,36224,ASSOCIAZIONE POLISPORTIVA DILETTANTISTICA FULGATORE,Calcio (a 11),Calcio
coni:36242,36242,A.S.D. G.S. BERARDENGA,Calcio (a 11),Calcio
coni:36242,36242,A.S.D. G.S. BERARDENGA,Futsal (calcio da sala - calcio a 5),Futsal
coni:36242,36242,A.S.D. G.S. BERARDENGA,Calcio (a 7),Calcio
coni:36242,36242,A.S.D. G.S. BERARDENGA,Pallavolo,Volley
coni:36252,36252,S.P. OFFIDA ASSOCIAZIONE SPORTIVA DILETTANTISTICA,Calcio (a 11),Calcio
coni:36262,36262,A.S.D. PERTICARA CALCIO,Calcio (a 11),Calcio
coni:36268,36268,A.S.D. LA SORBA,Futsal (calcio da sala - calcio a 5),Futsal
coni:36283,36283,A.S.D. POLISPORTIVA GIOVANILE SALESIANA VIGOR SAN CATALDO,Futsal (calcio da sala - calcio a 5),Futsal
coni:36283,36283,A.S.D. POLISPORTIVA GIOVANILE SALESIANA VIGOR SAN CATALDO,Calcio (a 11),Calcio
coni:36283,36283,A.S.D. POLISPORTIVA GIOVANILE SALESIANA VIGOR SAN CATALDO,Calcio Balilla,Calcio
coni:36283,36283,A.S.D. POLISPORTIVA GIOVANILE SALESIANA VIGOR SAN CATALDO,Pallacanestro,Basket
coni:36283,36283,A.S.D. POLISPORTIVA GIOVANILE SALESIANA VIGOR SAN CATALDO,Pallavolo,Volley
coni:36306,36306,U.S.FILOTTRANESE A.S.D.,Calcio (a 11),Calcio
coni:36314,36314,ASSOCIAZIONE SPORTIVA DILETTANTISTICA POLISPORTIVA NISSENA,Calcio (a 11),Calcio
coni:36314,36314,ASSOCIAZIONE SPORTIVA DILETTANTISTICA POLISPORTIVA NISSENA,Futsal (calcio da sala - calcio a 5),Futsal
coni:36325,36325,ASSOCIAZIONE SPORTIVA DILETTANTISTICA TORRE,Calcio (a 11),Calcio
coni:36331,36331,ASSOCIAZIONE SPORTIVA DILETTANTISTICA POLISPORTIVA 'SANTU PREDU',Calcio (a 11),Calcio
coni:36332,36332,ASSOCIAZIONE SPORTIVA DILETTISTICA MORUZZO,Calcio (a 11),Calcio
coni:36340,36340,A.S.D. S.A.P. RAMUSCELLESE,Calcio (a 11),Calcio
coni:36345,36345,UN. SP. S. PIV ASD,Calcio (a 11),Calcio
coni:36352,36352,ASSOCIAZ.SPORTIVA DILETTANTISTICA GRUPPO SPORTIVO CHIAVRIS,Calcio (a 11),Calcio
coni:36357,36357,CLUB SPORTIVO FIRNZE P.D.,Calcio (a 11),Calcio
coni:36358,36358,AMATEURSPORTVEREIN MONTAN RAIFFEISEN,Calcio (a 11),Calcio
coni:36417,36417,MANZANESE CALCIO S.S.D. A R.L.,Calcio (a 11),Calcio
coni:36432,36432,GRUPPO SPORTIVO DILETTANTISTICO PIANELLA ASSOCIAZIONE SPORTIVA DILETTANTISTICA,Calcio (a 11),Calcio
coni:36441,36441,CENTRO UNIVERSITARIO SPORTIVO - C.U.S. (ANCHE CUS) TRENTO ASSOCIAZIONE SPORTIVA DILETTANTISTICA,Futsal (calcio da sala - calcio a 5),Futsal
coni:36441,36441,CENTRO UNIVERSITARIO SPORTIVO - C.U.S. (ANCHE CUS) TRENTO ASSOCIAZIONE SPORTIVA DILETTANTISTICA,Pallacanestro,Basket
coni:36441,36441,CENTRO UNIVERSITARIO SPORTIVO - C.U.S. (ANCHE CUS) TRENTO ASSOCIAZIONE SPORTIVA DILETTANTISTICA,Baseball - Softball,Baseball
coni:36446,36446,A.S.D PRO PATRIA,Calcio (a 11),Calcio
coni:36451,36451,ASD UNIONE SPORTIVA COMUNANZA 1958,Calcio (a 11),Calcio
coni:36461,36461,"ASSOCIAZIONE SPORTIVA DILETTANTISTICA ""GIOVANE ITALIA POLESELLA""",Calcio (a 11),Calcio
coni:36474,36474,ASSOCIAZIONE POLISPORTIVA IL CERVO,Calcio (a 11),Calcio
coni:36474,36474,ASSOCIAZIONE POLISPORTIVA IL CERVO,Calcio (a 7),Calcio
coni:36474,36474,ASSOCIAZIONE POLISPORTIVA IL CERVO,Futsal (calcio da sala - calcio a 5),Futsal
coni:36476,36476,AMATEURSPORTVEREIN KLAUSEN,Calcio (a 11),Calcio
coni:36477,36477,A.S.D. UNIONE POLISPORTIVA REANESE,Calcio (a 11),Calcio
coni:36490,36490,ASSOCIAZIONE SPORTIVA DILETTANTISTICA GRUPPO SPORTIVO BUONCONVENTO,Calcio (a 11),Calcio
coni:36495,36495,FOOT-BALL CLUB LUIGI MERONI A.S.D.,Calcio (a 11),Calcio
coni:36498,36498,ASSOCIAZIONE SPORTIVA DILETTANTISTICA MARRA,Calcio (a 11),Calcio
coni:36514,36514,GRUPPO SPORTIVO FADIGATI-ASSOCIAZIONE SPORTIVA DILETTANTISTI,Calcio (a 11),Calcio
coni:36514,36514,GRUPPO SPORTIVO FADIGATI-ASSOCIAZIONE SPORTIVA DILETTANTISTI,Calcio (a 7),Calcio
coni:36514,36514,GRUPPO SPORTIVO FADIGATI-ASSOCIAZIONE SPORTIVA DILETTANTISTI,Pallacanestro,Basket
coni:36517,36517,ASSOCIAZIONE POLISPORTIVA DILETTANTISTICA SPINA,Calcio (a 11),Calcio
coni:36536,36536,UNIONE SPORTIVA DILETTANTISTICA TRAVESE,Calcio (a 11),Calcio
coni:36554,36554,UNION TRENTO RAVINENSE A.S.D.,Calcio (a 11),Calcio
coni:36554,36554,UNION TRENTO RAVINENSE A.S.D.,Futsal (calcio da sala - calcio a 5),Futsal
coni:36554,36554,UNION TRENTO RAVINENSE A.S.D.,Calcio (a 7),Calcio
coni:36564,36564,A.S.D. VICIOMAGGIO,Calcio (a 11),Calcio
coni:3658,3658,A.C.D. TUSCAR,Calcio (a 11),Calcio
coni:36580,36580,ASD UNIONE SPORTIVA VALVASONE ARZENE-SAN MARTINO AL TAGLIAMENTO,Calcio (a 11),Calcio
coni:36580,36580,ASD UNIONE SPORTIVA VALVASONE ARZENE-SAN MARTINO AL TAGLIAMENTO,Calcio (a 8),Calcio
coni:36580,36580,ASD UNIONE SPORTIVA VALVASONE ARZENE-SAN MARTINO AL TAGLIAMENTO,Futsal (calcio da sala - calcio a 5),Futsal
coni:36580,36580,ASD UNIONE SPORTIVA VALVASONE ARZENE-SAN MARTINO AL TAGLIAMENTO,Calcio (a 7),Calcio
coni:36588,36588,ASSOCIAZIONE SPORTIVA DILETTANTISTICA TAGLIAMENTO,Calcio (a 11),Calcio
coni:36593,36593,POLISPORTIVA GAGGIO ASD APS,Calcio (a 11),Calcio
coni:36593,36593,POLISPORTIVA GAGGIO ASD APS,Calcio (a 7),Calcio
coni:36602,36602,A.S.D. GARIBALDINA,Calcio (a 11),Calcio
coni:36620,36620,POLISPORTIVA NONANTOLA ASSOCIAZIONE DILETTANTISCA,Calcio (a 11),Calcio
coni:36620,36620,POLISPORTIVA NONANTOLA ASSOCIAZIONE DILETTANTISCA,Pallavolo,Volley
coni:36620,36620,POLISPORTIVA NONANTOLA ASSOCIAZIONE DILETTANTISCA,Pallamano,Pallamano
coni:36620,36620,POLISPORTIVA NONANTOLA ASSOCIAZIONE DILETTANTISCA,Baseball - Softball,Baseball
coni:36620,36620,POLISPORTIVA NONANTOLA ASSOCIAZIONE DILETTANTISCA,Futsal (calcio da sala - calcio a 5),Futsal
coni:36620,36620,POLISPORTIVA NONANTOLA ASSOCIAZIONE DILETTANTISCA,ATTIVITA' SUBACQUEE E NUOTO PINNATO Basket con le pinne (Finswimming Basket),Basket
coni:36620,36620,POLISPORTIVA NONANTOLA ASSOCIAZIONE DILETTANTISCA,Pallanuoto con le pinne (Finswimming Ball),Pallanuoto
coni:36620,36620,POLISPORTIVA NONANTOLA ASSOCIAZIONE DILETTANTISCA,Rugby subacqueo,Rugby
coni:36620,36620,POLISPORTIVA NONANTOLA ASSOCIAZIONE DILETTANTISCA,Pallacanestro,Basket
coni:36638,36638,ASSOCIAZIONE SPORTIVA DILETTANTISTICA PRODOLONESE,Calcio (a 11),Calcio
coni:36660,36660,A.S.D. G.S. VALLENONCELLO,Calcio (a 11),Calcio
coni:36660,36660,A.S.D. G.S. VALLENONCELLO,Pallacanestro,Basket
coni:36660,36660,A.S.D. G.S. VALLENONCELLO,Calcio (a 8),Calcio
coni:36660,36660,A.S.D. G.S. VALLENONCELLO,Futsal (calcio da sala - calcio a 5),Futsal
coni:36660,36660,A.S.D. G.S. VALLENONCELLO,Calcio (a 7),Calcio
coni:36663,36663,ASD US MOLVENOSPOR,Calcio (a 11),Calcio
coni:36666,36666,A.S.D.C. VIRTUS BOLZANO,Calcio (a 11),Calcio
coni:36666,36666,A.S.D.C. VIRTUS BOLZANO,Calcio (a 8),Calcio
coni:36666,36666,A.S.D.C. VIRTUS BOLZANO,Futsal (calcio da sala - calcio a 5),Futsal
coni:36666,36666,A.S.D.C. VIRTUS BOLZANO,Calcio (a 7),Calcio
coni:36668,36668,CENTRO UNIVERSITARIO SPORTIVO PALERMO A.S.D.,Calcio (a 11),Calcio
coni:36668,36668,CENTRO UNIVERSITARIO SPORTIVO PALERMO A.S.D.,Futsal (calcio da sala - calcio a 5),Futsal
coni:36668,36668,CENTRO UNIVERSITARIO SPORTIVO PALERMO A.S.D.,Pallacanestro,Basket
coni:36668,36668,CENTRO UNIVERSITARIO SPORTIVO PALERMO A.S.D.,Pallanuoto,Pallanuoto
coni:36668,36668,CENTRO UNIVERSITARIO SPORTIVO PALERMO A.S.D.,Beach Handball,Pallamano
coni:36668,36668,CENTRO UNIVERSITARIO SPORTIVO PALERMO A.S.D.,Pallavolo,Volley
coni:36668,36668,CENTRO UNIVERSITARIO SPORTIVO PALERMO A.S.D.,Pallacanestro 3 contro 3,Basket
coni:36688,36688,ASSOCIAZIONE SPORTIVA DILETTAN TISTICA A.C. VIRTUS ROVEREDO,Calcio (a 11),Calcio
coni:36702,36702,LAGHETTI ASD UNIONE SPORTIVA DILETTANTI RAIFFEISEN,Calcio (a 11),Calcio
coni:36723,36723,AMATEURSPORTVEREIN STEINEGG,Calcio (a 11),Calcio
coni:36735,36735,AMATEURSPORTVEREIN KSV FUSSBALL,Calcio (a 11),Calcio
coni:36749,36749,ASSOCIAZIONE SPORTIVA DILETTANTISTICA FLUMIGNANO,Calcio (a 11),Calcio
coni:36755,36755,A.S.D. LA PALMA CAGLIARI,Calcio (a 11),Calcio
coni:3676,3676,FOOTBALL CLUB DILETTANTISTICA RIVERNIVIANO,Calcio (a 11),Calcio
coni:36765,36765,A.S.D. FULGOR,Calcio (a 11),Calcio
coni:36767,36767,ASSOCIAZIONE SPORTIVA DILETTANTISTICA SAN GOTTARDO,Calcio (a 11),Calcio
coni:36768,36768,A.S.D. MAGIONE,Calcio (a 11),Calcio
coni:36769,36769,ASSOCIAZIONE SPORTIVA DILETTANTISTICA RIVOLTO,Calcio (a 11),Calcio
coni:36775,36775,ASSOCIAZIONE SPORTIVA DILETTANTISTICA ASSOSANGIORGINA,Calcio (a 11),Calcio
coni:36802,36802,AMATEURSPORTCLUB BARBIAN,Calcio (a 11),Calcio
coni:36812,36812,A.S.D. REAL BOLZANO,Calcio (a 11),Calcio
coni:36815,36815,ASSOCIAZIONE SPORTIVA DILETTANTISTICA LARIOINTELVI - ASD 2023,Calcio (a 11),Calcio
coni:36815,36815,ASSOCIAZIONE SPORTIVA DILETTANTISTICA LARIOINTELVI - ASD 2023,Calcio (a 7),Calcio
coni:36815,36815,ASSOCIAZIONE SPORTIVA DILETTANTISTICA LARIOINTELVI - ASD 2023,Pallavolo,Volley
coni:3682,3682,A.S.D.SCUOLA CALCIO VALLE TELESINA-TELESE T.,Calcio (a 11),Calcio
coni:3682,3682,A.S.D.SCUOLA CALCIO VALLE TELESINA-TELESE T.,Futsal (calcio da sala - calcio a 5),Futsal
coni:3682,3682,A.S.D.SCUOLA CALCIO VALLE TELESINA-TELESE T.,Calcio (a 7),Calcio
coni:36820,36820,ASSOCIAZIONE SPORTIVA DILETTANTISTICA RISANESE,Calcio (a 11),Calcio
coni:36823,36823,U.S. LAVIS A.S.D,Calcio (a 11),Calcio
coni:36823,36823,U.S. LAVIS A.S.D,Pallavolo,Volley
coni:36842,36842,AMATEURSPORTCLUB SARNTAL,Calcio (a 11),Calcio
coni:36842,36842,AMATEURSPORTCLUB SARNTAL,Hockey su ghiaccio,Hockey su ghiaccio
coni:36850,36850,SALICETA POLISPORTIVA ASD APS,Calcio (a 11),Calcio
coni:36850,36850,SALICETA POLISPORTIVA ASD APS,Calcio (a 7),Calcio
coni:36858,36858,GRUPPO SPORTIVO CALCIO CRISTO RE,Calcio (a 11),Calcio
coni:36869,36869,A.S.D. ZOMPICCHIA,Calcio (a 11),Calcio
coni:36872,36872,ASD POLISPORTIVA FLAMBRO,Calcio (a 11),Calcio
coni:36908,36908,A.S.D. SORGENTE,Calcio (a 11),Calcio
coni:36913,36913,AMATEURFUSSBALLCLUB ST. PAULS,Calcio (a 11),Calcio
coni:36930,36930,ASD U.S. PRIAMAR 1942 LIGURIA,Calcio (a 7),Calcio
coni:36930,36930,ASD U.S. PRIAMAR 1942 LIGURIA,Calcio (a 11),Calcio
coni:36938,36938,A.S.D. VIATEK SAN PAOLO ARISTON,Calcio (a 11),Calcio
coni:36943,36943,AMATEURSPORTVEREIN MAGREID,Calcio (a 11),Calcio
coni:36949,36949,UNIONE SPORTIVA SARDAGNA,Calcio (a 11),Calcio
coni:3695,3695,POLISPORTIVA CASTION ASSOCIAZIONE SPORTIVA DILETTANTISTICA,Calcio (a 11),Calcio
coni:36952,36952,POLISPORTIVA PINETA,Futsal (calcio da sala - calcio a 5),Futsal
coni:36953,36953,UNIONE SPORTIVA SOPRAMONTE ASSOCIAZIONE SPORTIVA DILETTANTISTICA,Calcio (a 11),Calcio
coni:36953,36953,UNIONE SPORTIVA SOPRAMONTE ASSOCIAZIONE SPORTIVA DILETTANTISTICA,Beach volley,Volley
coni:36953,36953,UNIONE SPORTIVA SOPRAMONTE ASSOCIAZIONE SPORTIVA DILETTANTISTICA,Pallavolo,Volley
coni:36957,36957,A.S.D. SEDEGLIANO,Calcio (a 11),Calcio
coni:36965,36965,A.S.D. AUDAX CASINALBO,Calcio (a 11),Calcio
coni:36965,36965,A.S.D. AUDAX CASINALBO,Futsal (calcio da sala - calcio a 5),Futsal
coni:36965,36965,A.S.D. AUDAX CASINALBO,Calcio (a 7),Calcio
coni:36967,36967,ASSOCIAZIONE SPORTIVA DILETTANTISTICA TOBLINO CALCIO,Calcio (a 11),Calcio
coni:36971,36971,A.S.D. CAMERI CALCIO,Calcio (a 11),Calcio
coni:36977,36977,A.S.D. COLLOREDO DI MONTE ALBANO,Calcio (a 11),Calcio
coni:36982,36982,ASSOCIAZIONE SPORTIVA DILETTANTISTICA UNIONE SPORTIVA PRO FAGAGNA,Calcio (a 11),Calcio
coni:36992,36992,GS VILLA GUARDIA SOC. COOP AR.L. S.D.,Calcio (a 11),Calcio
coni:36992,36992,GS VILLA GUARDIA SOC. COOP AR.L. S.D.,Pallavolo,Volley
coni:36992,36992,GS VILLA GUARDIA SOC. COOP AR.L. S.D.,Pallacanestro,Basket
coni:37006,37006,AMATEURSPORTVEREIN JENESIEN,Calcio (a 11),Calcio
coni:37026,37026,A.S.D. SOVIZZO CALCIO,Calcio (a 11),Calcio
coni:37032,37032,ASD VALNATISONE CALCIO,Calcio (a 11),Calcio
coni:37037,37037,USD CASTELDAZZANO,Calcio (a 11),Calcio
coni:37041,37041,ASSOCIAZIONE SPORTIVA DILETTANTISTICA GRUPPO SPORTIVO MARACALAGONIS,Calcio (a 11),Calcio
coni:37041,37041,ASSOCIAZIONE SPORTIVA DILETTANTISTICA GRUPPO SPORTIVO MARACALAGONIS,Futsal (calcio da sala - calcio a 5),Futsal
coni:37072,37072,USD MONTECCHIO PRECALCINO,Calcio (a 11),Calcio
coni:37106,37106,CENTRO SPORTIVO GIGI RIVA - ASSOCIAZIONE SPORTIVA DILETTANTISTICA,Calcio (a 11),Calcio
coni:37116,37116,A.S.D. SAN PAOLO SANTOS,Calcio (a 11),Calcio
coni:37127,37127,CURTAROLESE 97ACD,Calcio (a 11),Calcio
coni:37140,37140,A.S.D. CALCIO ROLO,Calcio (a 11),Calcio
coni:37163,37163,SOCIETA' SPORTIVA DILETTANTISTICA VALENTANO,Calcio (a 11),Calcio
coni:37167,37167,A.S.D. LEVATE,Calcio (a 11),Calcio
coni:37167,37167,A.S.D. LEVATE,Futsal (calcio da sala - calcio a 5),Futsal
coni:37168,37168,POLISPORTIVA SIECI A.S.D.,Calcio (a 11),Calcio
coni:37168,37168,POLISPORTIVA SIECI A.S.D.,Pallacanestro,Basket
coni:37168,37168,POLISPORTIVA SIECI A.S.D.,Rugby a 7,Rugby
coni:37168,37168,POLISPORTIVA SIECI A.S.D.,Touch Rugby,Rugby
coni:37168,37168,POLISPORTIVA SIECI A.S.D.,Pallavolo,Volley
coni:37168,37168,POLISPORTIVA SIECI A.S.D.,Rugby a 15,Rugby
coni:37168,37168,POLISPORTIVA SIECI A.S.D.,Futsal (calcio da sala - calcio a 5),Futsal
coni:37187,37187,GRUPPO SPORTIVO TERRALBA CALCIO - FRANCESCO BELLU A.S.D.,Calcio (a 11),Calcio
coni:37220,37220,G.S. NOVILARA CALCIO A.S.D.,Calcio (a 11),Calcio
coni:37225,37225,U.P.D. ISOLOTTO,Calcio (a 11),Calcio
coni:37226,37226,ASSOCIAZIONE SPORTIVA DILETTANTISTICA MONTESPERTOLI,Calcio (a 11),Calcio
coni:3723,3723,ASSOCIAZIONE SPORTIVA DILETTANTISTICA S.S. DILETTANTISTICA IL MELOGRANO,Calcio (a 11),Calcio
coni:37232,37232,A.S.D.NARBOLIESE,Calcio (a 11),Calcio
coni:37238,37238,U. S. OTHOCA - CAPPUCCINI,Calcio (a 11),Calcio
coni:37238,37238,U. S. OTHOCA - CAPPUCCINI,Calcio (a 8),Calcio
coni:37238,37238,U. S. OTHOCA - CAPPUCCINI,Futsal (calcio da sala - calcio a 5),Futsal
coni:37238,37238,U. S. OTHOCA - CAPPUCCINI,Calcio (a 7),Calcio
coni:37242,37242,U.P.D.NORBELLO,Calcio (a 11),Calcio
coni:37276,37276,A.S.D. LA TORRE CALCIO,Calcio (a 11),Calcio
coni:37284,37284,POLISPORTIVA CELADINA ASSOCIAZIONE SPORTIVA DILETTANTISTICA,Calcio (a 11),Calcio
coni:37284,37284,POLISPORTIVA CELADINA ASSOCIAZIONE SPORTIVA DILETTANTISTICA,Futsal (calcio da sala - calcio a 5),Futsal
coni:37356,37356,UNIONE SPORTIVA DILETTANTISTICA U.S. MONFERRATO,Calcio (a 11),Calcio
coni:37374,37374,ASSOCIAZIONE DILETTANTISTICA CALCIO MARIO RIGAMONTI,Calcio (a 11),Calcio
coni:374,374,ASD VIRTUS VILLAURBANA,Calcio (a 11),Calcio
coni:37434,37434,A.C. MILANESE CORVETTO 1920 ASSOCIAZIONE SPORTIVA DILETTANTISTICA,Calcio (a 11),Calcio
coni:3744,3744,UNIONE SPORTIVA OLIMPIA ASSOCIAZIONE SPORTIVA DILETTANTISTICA,Calcio (a 11),Calcio
coni:3744,3744,UNIONE SPORTIVA OLIMPIA ASSOCIAZIONE SPORTIVA DILETTANTISTICA,Futsal (calcio da sala - calcio a 5),Futsal
coni:3744,3744,UNIONE SPORTIVA OLIMPIA ASSOCIAZIONE SPORTIVA DILETTANTISTICA,Pallavolo,Volley
coni:37462,37462,ASSOC.SPORTIVA DILETT.CENTRO UNIV.SPORTIVO TORINO,Pallacanestro,Basket
coni:37462,37462,ASSOC.SPORTIVA DILETT.CENTRO UNIV.SPORTIVO TORINO,Futsal (calcio da sala - calcio a 5),Futsal
coni:37462,37462,ASSOC.SPORTIVA DILETT.CENTRO UNIV.SPORTIVO TORINO,Pallavolo,Volley
coni:37462,37462,ASSOC.SPORTIVA DILETT.CENTRO UNIV.SPORTIVO TORINO,Beach volley,Volley
coni:37462,37462,ASSOC.SPORTIVA DILETT.CENTRO UNIV.SPORTIVO TORINO,Rugby a 15,Rugby
coni:37462,37462,ASSOC.SPORTIVA DILETT.CENTRO UNIV.SPORTIVO TORINO,Pallacanestro 3 contro 3,Basket
coni:37462,37462,ASSOC.SPORTIVA DILETT.CENTRO UNIV.SPORTIVO TORINO,Rugby a 7,Rugby
coni:37462,37462,ASSOC.SPORTIVA DILETT.CENTRO UNIV.SPORTIVO TORINO,Beach Rugby,Rugby
coni:37485,37485,A.S.D. BENTIVOGLIO CALCIO,Calcio (a 11),Calcio
coni:375,375,SP SOCIETA' POLISPORTIVA POZZONOVO,Calcio (a 11),Calcio
coni:37521,37521,A.S.D. POL.RENO S.ALBERTO,Calcio (a 11),Calcio
coni:37552,37552,POLISPORTIVA FIRENZE OVEST,Calcio (a 11),Calcio
coni:37554,37554,GRUPPO SPORTIVO S.GODENZO ASD,Calcio (a 11),Calcio
coni:37556,37556,UNIONE SPORTIVA SETTIGNANESE,Calcio (a 11),Calcio
coni:37557,37557,UNIONE SPORTIVA CERBAIA ASSOCIAZIONE SPORTIVA DILETTANTISTICA,Calcio (a 11),Calcio
coni:37557,37557,UNIONE SPORTIVA CERBAIA ASSOCIAZIONE SPORTIVA DILETTANTISTICA,Futsal (calcio da sala - calcio a 5),Futsal
coni:37558,37558,ASSOCIAZIONE SPORTIVA DILETTANTISTICA POLISPORTIVA STELLA ROSSA CASALBORSETTI,Calcio (a 11),Calcio
coni:37558,37558,ASSOCIAZIONE SPORTIVA DILETTANTISTICA POLISPORTIVA STELLA ROSSA CASALBORSETTI,Pallacanestro,Basket
coni:37568,37568,ASSOCIAZIONE SPORTIVA DILETT. FOSSO GHIAIA ASD,Calcio (a 11),Calcio
coni:37576,37576,SOCIETA' SPORTIVA FRANCO SCARIONI 1925 SOCIETA' SPORTIVA DIL,Calcio (a 11),Calcio
coni:3758,3758,POLISPORTIVA A.R.S.(ASSOCIAZIONE ROVAGNATE SPORT) ASSOCIAZIO,Calcio (a 11),Calcio
coni:3758,3758,POLISPORTIVA A.R.S.(ASSOCIAZIONE ROVAGNATE SPORT) ASSOCIAZIO,Calcio (a 7),Calcio
coni:3758,3758,POLISPORTIVA A.R.S.(ASSOCIAZIONE ROVAGNATE SPORT) ASSOCIAZIO,Pallacanestro,Basket
coni:37580,37580,ASSOCOCIAZIONE SPORTIVA DILETTANTISTICA CENTRO GIOVANILE CARDINAL SCHUSTER,Calcio (a 11),Calcio
coni:37580,37580,ASSOCOCIAZIONE SPORTIVA DILETTANTISTICA CENTRO GIOVANILE CARDINAL SCHUSTER,Calcio (a 7),Calcio
coni:37580,37580,ASSOCOCIAZIONE SPORTIVA DILETTANTISTICA CENTRO GIOVANILE CARDINAL SCHUSTER,Pallacanestro,Basket
coni:37580,37580,ASSOCOCIAZIONE SPORTIVA DILETTANTISTICA CENTRO GIOVANILE CARDINAL SCHUSTER,Pallavolo,Volley
coni:37588,37588,SOCIETA' GINNASTICA MILANESE FORZA E CORAGGIO A.S.D.,Calcio (a 11),Calcio
coni:37588,37588,SOCIETA' GINNASTICA MILANESE FORZA E CORAGGIO A.S.D.,Pallavolo,Volley
coni:37588,37588,SOCIETA' GINNASTICA MILANESE FORZA E CORAGGIO A.S.D.,Beach volley,Volley
coni:3759,3759,ASSOCIAZIONE SPORTIVA DILETTANTISTICA ELICESE,Calcio (a 11),Calcio
coni:37618,37618,G.S.D. LA SPEZIA CALCIO,Calcio (a 11),Calcio
coni:3762,3762,ASSOCIAZIONE SPORTIVA DILETTANTISTICA REGGIO UNITED,Calcio (a 11),Calcio
coni:3762,3762,ASSOCIAZIONE SPORTIVA DILETTANTISTICA REGGIO UNITED,Futsal (calcio da sala - calcio a 5),Futsal
coni:3762,3762,ASSOCIAZIONE SPORTIVA DILETTANTISTICA REGGIO UNITED,Calcio (a 7),Calcio
coni:37628,37628,ASSOCIAZIONE SPORTIVA DILETTANTISTICA UNIONE SPORTIVA DON BOSCO,Calcio (a 11),Calcio
coni:37640,37640,BARONA SPORTING 1971 S.S.D. A R.L.,Calcio (a 11),Calcio
coni:37640,37640,BARONA SPORTING 1971 S.S.D. A R.L.,Calcio (a 7),Calcio
coni:3767,3767,ASSOCIAZIONE SPORTIVA DILETTANTISTICA U.S. RAMINI,Calcio (a 11),Calcio
coni:37690,37690,"""ASSOCIAZIONE SPORTIVA DILETTANTISTICA ALMAS ROMA S.R.L."" IN SIGLA ""A.S.D. ALMAS ROMA S.R.L.""",Calcio (a 11),Calcio
coni:3771,3771,G.S. BELLARIA CAPPUCCINI A.S.D.,Calcio (a 11),Calcio
coni:3771,3771,G.S. BELLARIA CAPPUCCINI A.S.D.,Rugby a 7,Rugby
coni:3771,3771,G.S. BELLARIA CAPPUCCINI A.S.D.,Rugby a 15,Rugby
coni:3771,3771,G.S. BELLARIA CAPPUCCINI A.S.D.,Touch Rugby,Rugby
coni:3771,3771,G.S. BELLARIA CAPPUCCINI A.S.D.,Pallacanestro,Basket
coni:3771,3771,G.S. BELLARIA CAPPUCCINI A.S.D.,Pallavolo,Volley
coni:3771,3771,G.S. BELLARIA CAPPUCCINI A.S.D.,Futsal (calcio da sala - calcio a 5),Futsal
coni:3771,3771,G.S. BELLARIA CAPPUCCINI A.S.D.,Calcio (a 7),Calcio
coni:37713,37713,ASSOCIAZIONE SPORTIVA DILETTANTISTICA CHIAMPO,Calcio (a 11),Calcio
coni:37722,37722,ASSOCIAZIONE SPORTIVA DILETTANTISTICA LAZISE,Calcio (a 11),Calcio
coni:37722,37722,ASSOCIAZIONE SPORTIVA DILETTANTISTICA LAZISE,Futsal (calcio da sala - calcio a 5),Futsal
coni:37725,37725,RINASCITA 1970 A.S.D. E A.P.S.,Calcio (a 11),Calcio
coni:37735,37735,U.S.FIORENZUOLA 1922 SSD A RL,Calcio (a 11),Calcio
coni:37737,37737,A.S.D. PALLERONESE,Calcio (a 11),Calcio
coni:37739,37739,UNIONE SPORTIVA SANTERENZINA,Calcio (a 11),Calcio
coni:37739,37739,UNIONE SPORTIVA SANTERENZINA,Calcio (a 7),Calcio
coni:37741,37741,CIRCOLO SPORTIVO SANT'AGOSTINO A.S.D.,Calcio (a 11),Calcio
coni:37741,37741,CIRCOLO SPORTIVO SANT'AGOSTINO A.S.D.,Futsal (calcio da sala - calcio a 5),Futsal
coni:37752,37752,ASSOCIAZIONE SPORTIVA DILETTANTISTICA CASUMARO FOOTBALL CLUB,Calcio (a 11),Calcio
coni:37754,37754,US TONARA ASD,Calcio (a 11),Calcio
coni:37755,37755,POLISPORTIVA RENO CENTESE ASSOCIAZIONE SPORTIVA DILETTANTISTICA,Calcio (a 11),Calcio
coni:37755,37755,POLISPORTIVA RENO CENTESE ASSOCIAZIONE SPORTIVA DILETTANTISTICA,Calcio (a 7),Calcio
coni:37756,37756,UNIONE SPORTIVA DILETTANTISTICA FORNACI 1928 ASSOCIAZIONE SPORTIVA DILETTANTISTICA,Calcio (a 11),Calcio
coni:37767,37767,A.S.D. PIEVE FOSCIANA,Calcio (a 11),Calcio
coni:37781,37781,ASSOCIAZIONE SPORTIVA RONCHI CALCIO,Calcio (a 11),Calcio
coni:37789,37789,A.S.D. VALTARESE CALCIO,Calcio (a 11),Calcio
coni:37791,37791,UNIONE SPORTIVA DILETTANTISTICA SALVATRONDA - ASSOCIAZIONE SPORTIVA DILETTANTISTICA,Calcio (a 11),Calcio
coni:37796,37796,U.C. SINALUNGHESE,Calcio (a 11),Calcio
coni:37810,37810,A.S.D. COMUNALE GONARS,Calcio (a 11),Calcio
coni:37812,37812,TREVILLE - S.ANDREA CALCIO ASSOCIAZIONE SPORTIVA DILETTANTISTICA,Calcio (a 11),Calcio
coni:37816,37816,A.S.D. G.S. MEANA SARDO,Calcio (a 11),Calcio
coni:37818,37818,ASSOCIAZIONE POLISPORTIVA DILETTANTISTICA LENTIGIONE,Calcio (a 11),Calcio
coni:37818,37818,ASSOCIAZIONE POLISPORTIVA DILETTANTISTICA LENTIGIONE,Calcio (a 7),Calcio
coni:37845,37845,U.S. DILETTANTISTICA LEVICO TERME,Calcio (a 11),Calcio
coni:37845,37845,U.S. DILETTANTISTICA LEVICO TERME,Futsal (calcio da sala - calcio a 5),Futsal
coni:37849,37849,A.S.D. CASTIONSESE,Calcio (a 11),Calcio
coni:37851,37851,A.S.D. MODICA AIRONE,Calcio (a 11),Calcio
coni:37851,37851,A.S.D. MODICA AIRONE,Calcio (a 8),Calcio
coni:37851,37851,A.S.D. MODICA AIRONE,Beach Soccer,Calcio
coni:37851,37851,A.S.D. MODICA AIRONE,Futsal (calcio da sala - calcio a 5),Futsal
coni:37851,37851,A.S.D. MODICA AIRONE,Calcio (a 7),Calcio
coni:37854,37854,UNIONE SPORTIVA VILLANOVESE - ASSOCIAZIONE SPORTIVA DILETTANTISTICA,Calcio (a 11),Calcio
coni:37864,37864,ASD TORVISCOSA,Calcio (a 11),Calcio
coni:3787,3787,A.S.D. REAL AVIGLIANO,Calcio (a 11),Calcio
coni:3787,3787,A.S.D. REAL AVIGLIANO,Futsal (calcio da sala - calcio a 5),Futsal
coni:37872,37872,BOCAR JUNIORS SOCIETA' SPORTIVA DILETTANTISTICA A R.L.,Calcio (a 11),Calcio
coni:37877,37877,ASD SANTAMARIA,Calcio (a 11),Calcio
coni:37878,37878,SOC.SPORTIVA SANGIORGINA,Calcio (a 11),Calcio
coni:37900,37900,ASSOCIAZIONE SPORTIVA DILETTANTISTICA MANIAGO,Calcio (a 11),Calcio
coni:37909,37909,ASSOCIAZIONE RIOLESE SPORTIVA DILETTANTISITICA,Calcio (a 11),Calcio
coni:37917,37917,ASD GRANTORTO,Calcio (a 11),Calcio
coni:37923,37923,FC FORSEMPRONESE 1949 SSD RL,Calcio (a 11),Calcio
coni:37929,37929,U.S. PRIMIERO A.S.D.,Calcio (a 11),Calcio
coni:37929,37929,U.S. PRIMIERO A.S.D.,Pallavolo,Volley
coni:37929,37929,U.S. PRIMIERO A.S.D.,Pallacanestro,Basket
coni:37937,37937,GRUPPO SPORTIVO DILETTANTISTICO SAN QUIRICO,Calcio (a 11),Calcio
coni:37938,37938,ASSOCIAZIONE SPORTIVA DILETTANTISTICA CALCIO SAN LEONARDO,Calcio (a 11),Calcio
coni:37945,37945,FAENZA CALCIO S.S.D. A R.L.,Calcio (a 11),Calcio
coni:37950,37950,ASS.SPORT.DIL.U.S.D.FACCA,Calcio (a 11),Calcio
coni:37951,37951,POLISPORTIVA PIENZA A.S.D.,Calcio (a 11),Calcio
coni:37959,37959,GRUPPO SPORTIVO PETROIO,Calcio (a 11),Calcio
coni:37972,37972,U.S.D. VIRTUS FAENZA S.S.D. A R.L.,Calcio (a 11),Calcio
coni:37972,37972,U.S.D. VIRTUS FAENZA S.S.D. A R.L.,Futsal (calcio da sala - calcio a 5),Futsal
coni:37972,37972,U.S.D. VIRTUS FAENZA S.S.D. A R.L.,Calcio (a 7),Calcio
coni:37976,37976,ASS. SPORT. DILETT. USD TAGLIOLESE,Calcio (a 11),Calcio
coni:37979,37979,POLISPORTIVA MONTESERRA ASSOCIAZIONE SPORTIVA DILETTANTISTICA,Calcio (a 11),Calcio
coni:37979,37979,POLISPORTIVA MONTESERRA ASSOCIAZIONE SPORTIVA DILETTANTISTICA,Pallacanestro,Basket
coni:37979,37979,POLISPORTIVA MONTESERRA ASSOCIAZIONE SPORTIVA DILETTANTISTICA,Pallavolo,Volley
coni:37994,37994,A.S.D. BRISIGHELLA VAL LAMONE,Calcio (a 11),Calcio
coni:37998,37998,AMATEURSPORTVEREIN FELDTHURNS,Calcio (a 11),Calcio
coni:37999,37999,SSV AHRNTAL AMATEURSPORTVEREIN,Calcio (a 11),Calcio
coni:38002,38002,ASSOCIAZIONE SPORTIVA DILETTANTISTICA A.S.D. SPORTING ISSOGNE 2001,Calcio (a 11),Calcio
coni:38004,38004,AMATEURSPORTCLUB ST. GEORGEN,Calcio (a 11),Calcio
coni:38014,38014,GRUPPO SPORTIVO OLTRERA S.R.L. - SOCIETA' SPORTIVA DILETTANTISTICA,Calcio (a 11),Calcio
coni:38014,38014,GRUPPO SPORTIVO OLTRERA S.R.L. - SOCIETA' SPORTIVA DILETTANTISTICA,Futsal (calcio da sala - calcio a 5),Futsal
coni:38014,38014,GRUPPO SPORTIVO OLTRERA S.R.L. - SOCIETA' SPORTIVA DILETTANTISTICA,Calcio (a 7),Calcio
coni:38015,38015,AMATEURSPORTVEREIN ST. LORENZEN,Calcio (a 11),Calcio
coni:38021,38021,AMATEURSPORTVEREIN STEGEN,Calcio (a 11),Calcio
coni:38024,38024,POLISPORTIVA ROVERETANA ASD APS,Calcio (a 11),Calcio
coni:38024,38024,POLISPORTIVA ROVERETANA ASD APS,Calcio (a 7),Calcio
coni:38024,38024,POLISPORTIVA ROVERETANA ASD APS,Pallacanestro,Basket
coni:38024,38024,POLISPORTIVA ROVERETANA ASD APS,Pallavolo,Volley
coni:38027,38027,SOCIETA' SPORTIVA CORTILESE A.S.DILETTANTISTICA,Calcio (a 11),Calcio
coni:38028,38028,AMATEURSPORTVEREIN TAISTEN,Calcio (a 11),Calcio
coni:38029,38029,SEXTUM BIENTINA SOCIETA' SPORTIVA DILETTANTISTICA A RESPONSABILITA' LIMITATA,Calcio (a 11),Calcio
coni:38037,38037,ASD VAGGIO PIANDISCO' 1932,Calcio (a 11),Calcio
coni:38040,38040,SSV MUEHLWALD AMATEURSPORTVEREIN,Calcio (a 11),Calcio
coni:38042,38042,SPORT CLUB AMATORIALE MAREO,Calcio (a 11),Calcio
coni:38043,38043,AMATEURSPORTVEREIN KIENS,Calcio (a 11),Calcio
coni:38046,38046,URBINO TACCOLA U.S.D.,Calcio (a 11),Calcio
coni:38048,38048,GRUPPO SPORTIVO TREGGIAIA IL ROMITO ASD,Calcio (a 11),Calcio
coni:38061,38061,SSV TAUFERS AMATEURSPORTVEREIN,Calcio (a 11),Calcio
coni:38066,38066,AMATEURSPORTVEREIN UTTENHEIM,Calcio (a 11),Calcio
coni:38079,38079,A.S.D. SAN FILIPPO NERI ALBENGA,Calcio (a 11),Calcio
coni:38086,38086,ASSOCIAZIONE SPORTIVA DILETTANTISTICA U.S.BARBEANO,Calcio (a 11),Calcio
coni:38096,38096,AMATEURSPORTVEREIN NATZ,Calcio (a 11),Calcio
coni:38097,38097,AMATEURSPORTVEREIN VAHRN,Calcio (a 11),Calcio
coni:38098,38098,AMATEURSPORT CLUB PLOSE,Calcio (a 11),Calcio
coni:38101,38101,AMATEURSPORTVEREIN MILLAND - ASSOCIAZIONE SPORTIVA DILETTANTISTICA MILLAND,Calcio (a 11),Calcio
coni:38102,38102,AMATEURSPORTVEREIN SSV BRIXEN,Calcio (a 11),Calcio
coni:38102,38102,AMATEURSPORTVEREIN SSV BRIXEN,Pallacanestro,Basket
coni:38113,38113,AMATEURSPORTVEREIN FREIENFELD,Calcio (a 11),Calcio
coni:38115,38115,AMATEURSPORTVEREIN LUESEN,Calcio (a 11),Calcio
coni:38129,38129,A.S.D. BUJESE CALCIO,Calcio (a 11),Calcio
coni:3813,3813,ASSOCIAZIONE SPORTIVA DILETTANTISTICA OSPEDALIER CALCIO PISA,Calcio (a 11),Calcio
coni:38132,38132,ASSOCIAZIONE SPORTIVA DILETTANTISTICA GEMONESE,Calcio (a 11),Calcio
coni:38140,38140,ASD S.MINIATO ROMAIANO,Calcio (a 11),Calcio
coni:38143,38143,ASSOCIAZIONE SPORTIVA DILETTANTISTICA POLISPORTIVA SULPIZIA,Calcio (a 11),Calcio
coni:38147,38147,G.S. STAFFOLI ASD,Calcio (a 11),Calcio
coni:3816,3816,U.S.D. GUANZATESE,Calcio (a 11),Calcio
coni:38204,38204,SANMARTINESE ASSOCIAZIONE SPORTIVA DILETTANTISTICA,Calcio (a 11),Calcio
coni:3821,3821,ASSOCIAZIONE SPORTIVA DILETTANTISTICA POLISPORTIVA CALCIO BUDONI,Calcio (a 11),Calcio
coni:38217,38217,U.S. SAN VITTORE ASD,Calcio (a 11),Calcio
coni:38217,38217,U.S. SAN VITTORE ASD,Futsal (calcio da sala - calcio a 5),Futsal
coni:38245,38245,ASSOCIAZIONE SPORTIVA DILETTANTISTICA UNIONE SPORTIVA SPES JESI,Calcio (a 11),Calcio
coni:38246,38246,ASSOCIAZIONE SPORTIVA DILETTANTISTICA FONTEBLANDA,Calcio (a 11),Calcio
coni:38267,38267,SOCIETA' SPORTIVA DILETTANTISTICA STAFFOLO,Calcio (a 11),Calcio
coni:38269,38269,A.S.D. BORGHETTO,Calcio (a 11),Calcio
coni:38297,38297,U.S. EXCELSIOR A.S.DILETTANTISTICA,Calcio (a 11),Calcio
coni:3830,3830,A.C. QUARRATA -OLIMPIA ASSOCIAZIONE SPORTIVA DILETTANTISTICA,Calcio (a 11),Calcio
coni:38309,38309,ASD POLISPORTIVA REAL TERME,Calcio (a 11),Calcio
coni:38315,38315,ASD G.S.D.ARCELLASCO CITTA' DI ERBA,Calcio (a 11),Calcio
coni:38322,38322,A.S.D.C. GOZZANO SOCIETA' SPORTIVA DILETTANTISTICA A RESPONSABILI TA' LIMITATA,Calcio (a 11),Calcio
coni:38327,38327,U.S.D. SAMPIETRINA,Calcio (a 11),Calcio
coni:38328,38328,A.S.D. CONCORDIA,Calcio (a 11),Calcio
coni:38329,38329,SSV NATURNS ASV/ASD,Calcio (a 11),Calcio
coni:38329,38329,SSV NATURNS ASV/ASD,Hockey su ghiaccio,Hockey su ghiaccio
coni:38331,38331,AMATEURSPORTVEREIN RIFFIAN-KUENS,Calcio (a 11),Calcio
coni:38333,38333,GRUPPO SPORTIVO DILETTANTISTICO LUISIANA,Calcio (a 11),Calcio
coni:38336,38336,ASSOCIAZIONE SPORTIVA DILETTANTISTICA POLISPORTIVA LIBERTAS BARUMINI,Calcio (a 11),Calcio
coni:38340,38340,ASSOCIAZIONE SPORTIVA DILETTANTISTICA RIVASAMBA H.C.A.,Calcio (a 11),Calcio
coni:38352,38352,AMATEURSPORTVEREIN PASSEIER,Calcio (a 11),Calcio
coni:38353,38353,AMATEURSPORTVEREIN PRAD RAIFFEISEN WERBERING,Hockey su ghiaccio,Hockey su ghiaccio
coni:38353,38353,AMATEURSPORTVEREIN PRAD RAIFFEISEN WERBERING,Calcio (a 11),Calcio
coni:38360,38360,AMATEUR-SPORTCLUB LAUGEN,Calcio (a 11),Calcio
coni:38365,38365,AMATEUR - SPORTVEREIN GARGAZON - GARGAZZONE,Calcio (a 11),Calcio
coni:38365,38365,AMATEUR - SPORTVEREIN GARGAZON - GARGAZZONE,Futsal (calcio da sala - calcio a 5),Futsal
coni:38375,38375,AMATEURSPORTVEREIN NALS,Calcio (a 11),Calcio
coni:38377,38377,ASV ANDRIAN RAIFFEISEN,Calcio (a 11),Calcio
coni:38381,38381,U.S. DILETTANTISTICA SPINESE ORATORIO,Calcio (a 11),Calcio
coni:38381,38381,U.S. DILETTANTISTICA SPINESE ORATORIO,Pallavolo,Volley
coni:38394,38394,AMATEUER SPORTCLUB SCHENNA,Calcio (a 11),Calcio
coni:38397,38397,SC CENTRO GIOVANI CALCIATORI ASD,Calcio (a 11),Calcio
coni:38405,38405,AMATEURFUSSBALLCLUB ST. MARTIN MOOS I.P.,Calcio (a 11),Calcio
coni:38413,38413,UNIONE SPORTIVA CAMPOCROCE ASS. SPORT. DILETT.,Calcio (a 11),Calcio
coni:38416,38416,GALAXY FC ASD,Calcio (a 11),Calcio
coni:38434,38434,POLISPORTIVA SANGES A.S.D.,Calcio (a 11),Calcio
coni:38436,38436,UNIONE SPORTIVA ZIANIGO ASSOCIAZIONE SPORTIVA DILETTANTISTICA,Calcio (a 11),Calcio
coni:38437,38437,FC CALVI NOALE S.S.D. A R.L.,Calcio (a 11),Calcio
coni:38459,38459,A.S.V. LATSCH RAIFFEISEN - A.S. DILETTANTISTICA LACES RAIFFEISEN,Calcio (a 11),Calcio
coni:38460,38460,AMATEURSPORTCLUB LAAS RAIFFEISEN,Calcio (a 11),Calcio
coni:38462,38462,AMATEURSPORTCLUB SCHLANDERS/RAIFFEISEN,Calcio (a 11),Calcio
coni:38463,38463,AMATEURSPORTVEREIN EYRS,Calcio (a 11),Calcio
coni:38469,38469,AMATEURSPORTVEREIN MALS,Calcio (a 11),Calcio
coni:38487,38487,GRUPPO SPORTIVO PONTEGINORI 1929 A.S.D.,Calcio (a 11),Calcio
coni:38487,38487,GRUPPO SPORTIVO PONTEGINORI 1929 A.S.D.,Futsal (calcio da sala - calcio a 5),Futsal
coni:38496,38496,POLISPORTIVA MACOMERESE CALCIO,Calcio (a 11),Calcio
coni:38496,38496,POLISPORTIVA MACOMERESE CALCIO,Calcio (a 7),Calcio
coni:38497,38497,UNIONE SPORTIVA RIVIGNANO,Calcio (a 11),Calcio
coni:38509,38509,POLISPORTIVA SAN PIERO A SIEVE,Calcio (a 11),Calcio
coni:38509,38509,POLISPORTIVA SAN PIERO A SIEVE,Calcio (a 8),Calcio
coni:38509,38509,POLISPORTIVA SAN PIERO A SIEVE,Futsal (calcio da sala - calcio a 5),Futsal
coni:38509,38509,POLISPORTIVA SAN PIERO A SIEVE,Calcio (a 7),Calcio
coni:38509,38509,POLISPORTIVA SAN PIERO A SIEVE,Pallavolo,Volley
coni:3852,3852,ASSOC. SPORTIVA DILETTANTISTICA LIDO ADRIANO,Calcio (a 11),Calcio
coni:38521,38521,UNIONE SPORTIVA DOGATESE,Calcio (a 11),Calcio
coni:38530,38530,ASD CALCIO TEOR,Calcio (a 11),Calcio
coni:38534,38534,UNIONE SPORTIVA TIRANESE,Calcio (a 11),Calcio
coni:38534,38534,UNIONE SPORTIVA TIRANESE,Calcio (a 7),Calcio
coni:38535,38535,A.S.D. VIRTUS VILLADOSSOLA,Calcio (a 11),Calcio
coni:38544,38544,ASSOCIAZIONE SPORTIVA DILETTANTISTICA POLISPORTIVA LUCO,Calcio (a 11),Calcio
coni:38569,38569,ASD PIEDIMULERA CALCIO,Calcio (a 11),Calcio
coni:38574,38574,ASSOCIAZIONE SPORTIVA DILETTANTISTICA VALLI,Calcio (a 11),Calcio
coni:38574,38574,ASSOCIAZIONE SPORTIVA DILETTANTISTICA VALLI,Futsal (calcio da sala - calcio a 5),Futsal
coni:38574,38574,ASSOCIAZIONE SPORTIVA DILETTANTISTICA VALLI,Beach volley,Volley
coni:38578,38578,ASSOCIAZIONE SPORTIVA DILETTANTISTICA CITTA' DI COSSATO,Calcio (a 11),Calcio
coni:38588,38588,ASSOCIAZIONE SPORTIVA DILETTANTISTICA G.S.D. CRODO,Calcio (a 11),Calcio
coni:38593,38593,A.P.D. VIGOR,Calcio (a 11),Calcio
coni:38623,38623,U.S. FULGOR TREVIGNANO ASSOCIAZIONE SPORTIVA DILETTANTISTICA,Calcio (a 11),Calcio
coni:38636,38636,ASSOCIAZIONE SPORTIVA DILETTANTISTICA POLISPORTIVA MANDELLO DEL LARIO,Calcio (a 11),Calcio
coni:38636,38636,ASSOCIAZIONE SPORTIVA DILETTANTISTICA POLISPORTIVA MANDELLO DEL LARIO,Pallacanestro,Basket
coni:38636,38636,ASSOCIAZIONE SPORTIVA DILETTANTISTICA POLISPORTIVA MANDELLO DEL LARIO,Pallavolo,Volley
coni:38667,38667,ASSOCIAZIONE SPORTIVA DILET TA NTISTICA FONTANELLE,Calcio (a 11),Calcio
coni:38667,38667,ASSOCIAZIONE SPORTIVA DILET TA NTISTICA FONTANELLE,Futsal (calcio da sala - calcio a 5),Futsal
coni:38668,38668,ASSOCIAZIONE CALCIO ALTA ANAUNIA,Calcio (a 11),Calcio
coni:38668,38668,ASSOCIAZIONE CALCIO ALTA ANAUNIA,Futsal (calcio da sala - calcio a 5),Futsal
coni:38678,38678,POL. MOLINELLO A.S.D.,Calcio (a 11),Calcio
coni:38679,38679,A.C.D. LENTATESE,Calcio (a 11),Calcio
coni:38688,38688,SSD BENACENSE 1905 RIVA DEL GARDA,Calcio (a 11),Calcio
coni:38696,38696,U.S. BAONE - A.S.D.,Calcio (a 11),Calcio
coni:38698,38698,ASSOCIAZIONE SPORTIVA DILETTANTISTICA U.S.D. ITLAS S. GIUSTINA SERRAVALLE,Calcio (a 11),Calcio
coni:38702,38702,USD TORRE DI MOSTO,Calcio (a 11),Calcio
coni:38703,38703,ASSOCIAZIONE SPORTIVA DILETTANTISTICA FOLLINESE,Calcio (a 11),Calcio
coni:38731,38731,A.S.D. US ROVIZZA SIRMIONE,Calcio (a 11),Calcio
coni:38731,38731,A.S.D. US ROVIZZA SIRMIONE,Futsal (calcio da sala - calcio a 5),Futsal
coni:38731,38731,A.S.D. US ROVIZZA SIRMIONE,Calcio (a 7),Calcio
coni:38755,38755,A.S.D. CLITUNNO-DUCATO,Calcio (a 11),Calcio
coni:38785,38785,GRUPPO SPORTIVO MEZZANA ASD,Calcio (a 11),Calcio
coni:38787,38787,A.S.D. S.S.D. GALCIANESE,Calcio (a 11),Calcio
coni:38818,38818,U.S.D. LIZZANA C.S.I.,Calcio (a 11),Calcio
coni:38818,38818,U.S.D. LIZZANA C.S.I.,Futsal (calcio da sala - calcio a 5),Futsal
coni:38818,38818,U.S.D. LIZZANA C.S.I.,Calcio (a 7),Calcio
coni:38829,38829,U.S.D. ALENSE,Calcio (a 11),Calcio
coni:38834,38834,U.S. NOMI A.S.D.,Futsal (calcio da sala - calcio a 5),Futsal
coni:38847,38847,U.S. MARCO ASSOCIAZIONE SPORTIVA DILETTA,Calcio (a 11),Calcio
coni:38876,38876,U S D S. ALBINO S. DAMIANO,Calcio (a 11),Calcio
coni:38886,38886,SOCIETA' SPORTIVA DILETTANTISTICA CONDINESE,Calcio (a 11),Calcio
coni:38887,38887,VALENZANA-MADO S.R.L. - SOCIET A' SPORTIVA DILETTANTISTICA,Calcio (a 11),Calcio
coni:38889,38889,ASSICIAZIONE SPORTIVA DILETTANTISTICA CALCIO MAGENTA,Calcio (a 11),Calcio
coni:38893,38893,A.C. OSSONA ASSOCIAZIONESPORTI VA DILETTANTISTICA,Calcio (a 11),Calcio
coni:38893,38893,A.C. OSSONA ASSOCIAZIONESPORTI VA DILETTANTISTICA,Calcio (a 7),Calcio
coni:38895,38895,UNIONE SPORTIVA PIEVE DI BONO A.S.D.,Calcio (a 11),Calcio
coni:38897,38897,A.S.D. ACC.CALCIO VITTUONE,Calcio (a 11),Calcio
coni:38899,38899,A.S.D. UNIONE SPORTIVA TIONE,Calcio (a 11),Calcio
coni:3890,3890,ATLANTE GROSSETO ASD,Futsal (calcio da sala - calcio a 5),Futsal
coni:38908,38908,A.P.D. PRO COLLEGNO COLLEGNESE,Calcio (a 11),Calcio
coni:38913,38913,A.S.D. PIOSSASCO,Calcio (a 11),Calcio
coni:38952,38952,UNIONE SPORTIVA TESINO ASSOCIAZIONE SPORTIVA DILETTANTISTICA,Calcio (a 11),Calcio
coni:38952,38952,UNIONE SPORTIVA TESINO ASSOCIAZIONE SPORTIVA DILETTANTISTICA,Futsal (calcio da sala - calcio a 5),Futsal
coni:38964,38964,GRUPPO SPORTIVO ROMEO MENTI,Calcio (a 11),Calcio
coni:38964,38964,GRUPPO SPORTIVO ROMEO MENTI,Futsal (calcio da sala - calcio a 5),Futsal
coni:38971,38971,POLISPORTIVA CENTESE A.S.D.,Calcio (a 11),Calcio
coni:38971,38971,POLISPORTIVA CENTESE A.S.D.,Pallanuoto,Pallanuoto
coni:38971,38971,POLISPORTIVA CENTESE A.S.D.,Pallacanestro,Basket
coni:38971,38971,POLISPORTIVA CENTESE A.S.D.,Pallavolo,Volley
coni:38973,38973,UNIONE SPORTIVA DILETTANTISTICA MOLAZZANA ASSOCIAZIONE SPORTIVA DILETTANTISTICA,Calcio (a 11),Calcio
coni:38983,38983,ASSOCIAZIONE SPORTIVA DILETTANTISTICA MUTIGNANO,Calcio (a 11),Calcio
coni:38987,38987,ASSOCIAZIONE POLISPORTIVA DILETTANTISTICA PALENA,Calcio (a 11),Calcio
coni:39002,39002,A.S.D. VIRTUS CANELLI,Calcio (a 11),Calcio
coni:39016,39016,ASSOCIAZIONE SPORTIVA DILETT S.VENANZO,Calcio (a 11),Calcio
coni:39018,39018,UNIONE SPORTIVA PONTESASSO A.S.D.,Calcio (a 11),Calcio
coni:39025,39025,ASSOCIAZIONE SPORTIVA DILETTANTISTICA RONTESE,Calcio (a 11),Calcio
coni:39034,39034,A.S.D. P.G.S. OR.SA,Calcio (a 11),Calcio
coni:39034,39034,A.S.D. P.G.S. OR.SA,Futsal (calcio da sala - calcio a 5),Futsal
coni:39034,39034,A.S.D. P.G.S. OR.SA,Calcio (a 7),Calcio
coni:39034,39034,A.S.D. P.G.S. OR.SA,Pallavolo,Volley
coni:3904,3904,UNIONE SPORTIVA ALBA CREMA -ASD-,Calcio (a 11),Calcio
coni:3904,3904,UNIONE SPORTIVA ALBA CREMA -ASD-,Calcio (a 7),Calcio
coni:39043,39043,ASD POLISPORTIVA MAGLIANESE,Calcio (a 11),Calcio
coni:39059,39059,A.S.D. SOLIERESE CALCIO,Calcio (a 11),Calcio
coni:3906,3906,A.S.D. POLISPORTIVA VIGOR ACQUAPENDENTE,Calcio (a 11),Calcio
coni:39080,39080,A.S.D. U.S. CHIAVENNESE - POLISPORTIVA,Hockey su ghiaccio,Hockey su ghiaccio
coni:39080,39080,A.S.D. U.S. CHIAVENNESE - POLISPORTIVA,Calcio (a 11),Calcio
coni:39080,39080,A.S.D. U.S. CHIAVENNESE - POLISPORTIVA,Futsal (calcio da sala - calcio a 5),Futsal
coni:39080,39080,A.S.D. U.S. CHIAVENNESE - POLISPORTIVA,Calcio (a 7),Calcio
coni:39080,39080,A.S.D. U.S. CHIAVENNESE - POLISPORTIVA,Pallavolo,Volley
coni:39088,39088,POLISPORTIVA QUATTRO STRADE ASD,Futsal (calcio da sala - calcio a 5),Futsal
coni:39088,39088,POLISPORTIVA QUATTRO STRADE ASD,Calcio (a 11),Calcio
coni:39088,39088,POLISPORTIVA QUATTRO STRADE ASD,Pallavolo,Volley
coni:39092,39092,U.S.D. TELVE,Calcio (a 11),Calcio
coni:39106,39106,UNIONE SPORTIVA ROVETTA A.S.D.,Calcio (a 11),Calcio
coni:39119,39119,ASSOCIAZIONE SPORTIVA DILETTANTISTICA FERMASSENTI S. GIOVANNI,Calcio (a 11),Calcio
coni:39130,39130,SCARDOVARI A.S.D.,Calcio (a 11),Calcio
coni:39166,39166,ASSOCIAZIONE SPORTIVA DILETTANTISTICA POLISPORTIVA ISILI,Calcio (a 11),Calcio
coni:39194,39194,"ASSOCIAZIONE SPORTIVA DILETTANTISTICA ""POLISPORTIVA ORROLESE""",Calcio (a 11),Calcio
coni:39195,39195,A.S.D. PGS SAN GIUSTO,Calcio (a 11),Calcio
coni:39213,39213,ASD GRUPPO SPORTIVO RICREATIVO TAGLIO DI DONADA,Calcio (a 11),Calcio
coni:39231,39231,ASSOCIAZIONE SPORTIVA DILETTANTISTICA POLISPORTIVA MONTIFERRU A.S.D.,Calcio (a 11),Calcio
coni:39251,39251,U. S. D. MONTEROTONDO M.MO,Calcio (a 11),Calcio
coni:3926,3926,A.S.D. REAL AZZURRA,Calcio (a 11),Calcio
coni:3926,3926,A.S.D. REAL AZZURRA,Pallacanestro,Basket
coni:3926,3926,A.S.D. REAL AZZURRA,Pallavolo,Volley
coni:39262,39262,ASSOCIAZIONE SPORTIVA DILETTANTE ATLETICO PIAZZE,Calcio (a 11),Calcio
coni:39270,39270,ASSOCIAZIONE SPORTIVA DILETTANTISTICA P.G.S. DON BOSCO,Calcio (a 11),Calcio
coni:39270,39270,ASSOCIAZIONE SPORTIVA DILETTANTISTICA P.G.S. DON BOSCO,Calcio (a 8),Calcio
coni:39270,39270,ASSOCIAZIONE SPORTIVA DILETTANTISTICA P.G.S. DON BOSCO,Futsal (calcio da sala - calcio a 5),Futsal
coni:39270,39270,ASSOCIAZIONE SPORTIVA DILETTANTISTICA P.G.S. DON BOSCO,Calcio (a 7),Calcio
coni:39313,39313,ASSOCIAZIONE SPORTIVA DILETTANTISTICA PIER GIORGIO FRASSATI,Calcio (a 11),Calcio
coni:39313,39313,ASSOCIAZIONE SPORTIVA DILETTANTISTICA PIER GIORGIO FRASSATI,Calcio (a 8),Calcio
coni:39313,39313,ASSOCIAZIONE SPORTIVA DILETTANTISTICA PIER GIORGIO FRASSATI,Futsal (calcio da sala - calcio a 5),Futsal
coni:39313,39313,ASSOCIAZIONE SPORTIVA DILETTANTISTICA PIER GIORGIO FRASSATI,Calcio (a 7),Calcio
coni:39313,39313,ASSOCIAZIONE SPORTIVA DILETTANTISTICA PIER GIORGIO FRASSATI,Beach Soccer,Calcio
coni:39314,39314,ASSOCIAZIONE SPORTIVA DILETTANTISTICA CAVAGLIA',Futsal (calcio da sala - calcio a 5),Futsal
coni:39353,39353,POLISPORTIVA GUAZZINO,Calcio (a 11),Calcio
coni:39388,39388,"ASSOCIAZIONE SPORTIVA DILETTANTISTICA ""ARIS SAN POLO CALCIO""",Calcio (a 11),Calcio
coni:39396,39396,A.S.D. CANTU' SAN PAOLO,Calcio (a 11),Calcio
coni:39399,39399,ASSOCIAZIONE CALCIO MESE ASD,Calcio (a 11),Calcio
coni:39399,39399,ASSOCIAZIONE CALCIO MESE ASD,Futsal (calcio da sala - calcio a 5),Futsal
coni:39399,39399,ASSOCIAZIONE CALCIO MESE ASD,Calcio (a 7),Calcio
coni:39414,39414,STELLA AZZURRA SOCIETA' SPORTIVA DILETTANTISTICA A RESPONSABILITA' LIMITATA,Calcio (a 11),Calcio
coni:39414,39414,STELLA AZZURRA SOCIETA' SPORTIVA DILETTANTISTICA A RESPONSABILITA' LIMITATA,Futsal (calcio da sala - calcio a 5),Futsal
coni:39444,39444,ASSOCIAZIONE SPORTIVA DILETTANTISTICA CARPINONE CALCIO,Calcio (a 11),Calcio
coni:39448,39448,POLISPORTIVA - RUINAS 81,Calcio (a 11),Calcio
coni:39519,39519,ASD MONTORIO NEI FRENTANI SS,Futsal (calcio da sala - calcio a 5),Futsal
coni:39520,39520,AMATEURSPORTVEREIN NEUSTIFT,Calcio (a 11),Calcio
coni:39528,39528,POLISPORTIVA STELLA ALPINA ASD,Calcio (a 11),Calcio
coni:39530,39530,BAGNO DI ROMAGNA CALCIO - A.S.D.,Calcio (a 11),Calcio
coni:39549,39549,A.S.C.D. ATLANTIDE,Futsal (calcio da sala - calcio a 5),Futsal
coni:39578,39578,A.S.D. SOCIETA' SPORTIVA NULESE,Calcio (a 11),Calcio
coni:39579,39579,G.S.RIVA LIGURE ASS.SPORT.DILET.,Calcio (a 11),Calcio
coni:39579,39579,G.S.RIVA LIGURE ASS.SPORT.DILET.,Futsal (calcio da sala - calcio a 5),Futsal
coni:39579,39579,G.S.RIVA LIGURE ASS.SPORT.DILET.,Calcio (a 7),Calcio
coni:39579,39579,G.S.RIVA LIGURE ASS.SPORT.DILET.,Calcio (a 8),Calcio
coni:3963,3963,A.S.D.C. CEPARANA CALCIO,Calcio (a 11),Calcio
coni:39666,39666,A.S.D. POLISPORTIVA SAVIGNANESE,Calcio (a 11),Calcio
coni:39751,39751,POLISPORTIVA ARENELLE A.S.D.,Calcio (a 11),Calcio
coni:39751,39751,POLISPORTIVA ARENELLE A.S.D.,Pallavolo,Volley
coni:39751,39751,POLISPORTIVA ARENELLE A.S.D.,Calcio (a 7),Calcio
coni:39782,39782,ASSOCIAZIONE SPORTIVA DILETTANTISTICA ''SPES'' POGGIO FIDONI,Calcio (a 11),Calcio
coni:39788,39788,SOCIETA' CALCIO DILETTANTISTICA ALA' 1979,Calcio (a 11),Calcio
coni:39789,39789,ASD GRUPPO SPORTIVO TANCA MARCHESA,Calcio (a 11),Calcio
coni:39791,39791,A.S.D. P.G.S. DON BOSCO RUGGIERO LORUSSO ANDRIA,Calcio (a 11),Calcio
coni:39791,39791,A.S.D. P.G.S. DON BOSCO RUGGIERO LORUSSO ANDRIA,Futsal (calcio da sala - calcio a 5),Futsal
coni:39791,39791,A.S.D. P.G.S. DON BOSCO RUGGIERO LORUSSO ANDRIA,Calcio (a 7),Calcio
coni:39791,39791,A.S.D. P.G.S. DON BOSCO RUGGIERO LORUSSO ANDRIA,Pallavolo,Volley
coni:39791,39791,A.S.D. P.G.S. DON BOSCO RUGGIERO LORUSSO ANDRIA,Calcio (a 8),Calcio
coni:39847,39847,A.S.D. P.G.S. DON BOSCO GENZANO,Calcio (a 11),Calcio
coni:39847,39847,A.S.D. P.G.S. DON BOSCO GENZANO,Futsal (calcio da sala - calcio a 5),Futsal
coni:39930,39930,ASD CALPAZIO,Calcio (a 11),Calcio
coni:3996,3996,C.S. ALBERONESE ASD,Calcio (a 11),Calcio
coni:39994,39994,ASSOCIAZIONE SPORTIVA DILETTANTISTICA POLISPORTIVA MUSEI 2020,Calcio (a 11),Calcio
coni:4,4,UNIONE CADONEGHE SOCIETA' SPORTIVA DILETTANTISTICA A RESPONSABILITA' LIMITATA,Calcio (a 11),Calcio
coni:40007,40007,AMATEURSPORTVEREIN SV WIESEN,Calcio (a 11),Calcio
coni:40050,40050,ASSOCIAZIONE SPORTIVA DILETTANTISTICA SNOOPY SPORTING CLUB,Calcio (a 11),Calcio
coni:40065,40065,ASD IS URIGUS,Calcio (a 11),Calcio
coni:40097,40097,ASSOCIAZIONE SPORTIVA DILETTANTISTICA MARCO CULLURGIONI,Calcio (a 11),Calcio
coni:402,402,UNIONE SPORTIVA DILETTANTISTICA COMELICO,Calcio (a 11),Calcio
coni:40223,40223,ASSOCIAZIONE SPORTIVA DILETTANTISTICA FIORINE ASD,Calcio (a 11),Calcio
coni:40230,40230,A.S.D. SANTA MARGHERITA,Calcio (a 11),Calcio
coni:40230,40230,A.S.D. SANTA MARGHERITA,Futsal (calcio da sala - calcio a 5),Futsal
coni:40230,40230,A.S.D. SANTA MARGHERITA,Calcio (a 7),Calcio
coni:40230,40230,A.S.D. SANTA MARGHERITA,Pallavolo,Volley
coni:40295,40295,A.S.D. SUPPORTERS ARDARA,Calcio (a 11),Calcio
coni:403,403,U.S.D. COLLIGIANA ASD,Calcio (a 11),Calcio
coni:4033,4033,UNIONE SPORTIVA ALTA GIUDICARIE,Calcio (a 11),Calcio
coni:4033,4033,UNIONE SPORTIVA ALTA GIUDICARIE,Futsal (calcio da sala - calcio a 5),Futsal
coni:40372,40372,A.S.D. SPORTLAND 2000,Calcio (a 11),Calcio
coni:40372,40372,A.S.D. SPORTLAND 2000,Beach Soccer,Calcio
coni:40372,40372,A.S.D. SPORTLAND 2000,Futsal (calcio da sala - calcio a 5),Futsal
coni:40372,40372,A.S.D. SPORTLAND 2000,Calcio (a 7),Calcio
coni:4040,4040,OSIMO STAZIONE SOCIETA' SPORTIVA DILETTANTISTICA A R.L.,Futsal (calcio da sala - calcio a 5),Futsal
coni:4042,4042,ASSOCIAZIONE SPORTIVA DILETTANTISTICA NUOVA ASTIGIANA CALCIO,Calcio (a 11),Calcio
coni:4042,4042,ASSOCIAZIONE SPORTIVA DILETTANTISTICA NUOVA ASTIGIANA CALCIO,Futsal (calcio da sala - calcio a 5),Futsal
coni:4043,4043,ASS.SPORT.DILETT.SACCO-S.GIORGIO,Calcio (a 11),Calcio
coni:40459,40459,A.S.D. CORBETTA F.C.,Calcio (a 11),Calcio
coni:4046,4046,ASD LE GRAZIE JUVENILIA,Calcio (a 11),Calcio
coni:40513,40513,A.S.D. ATLETICO OZIERI 2015,Calcio (a 11),Calcio
coni:40513,40513,A.S.D. ATLETICO OZIERI 2015,Futsal (calcio da sala - calcio a 5),Futsal
coni:40513,40513,A.S.D. ATLETICO OZIERI 2015,Calcio (a 7),Calcio
coni:40516,40516,ASSOCIAZIONE ORIZZONTE,Calcio (a 7),Calcio
coni:40516,40516,ASSOCIAZIONE ORIZZONTE,Futsal (calcio da sala - calcio a 5),Futsal
coni:40516,40516,ASSOCIAZIONE ORIZZONTE,Pallacanestro,Basket
coni:40533,40533,POLISPORTIVA DILETTANTISTICA SPORTING CLUB MARANOLA,Futsal (calcio da sala - calcio a 5),Futsal
coni:40551,40551,ASD ALTAVALLE DEL CHIAMPO,Calcio (a 11),Calcio
coni:40564,40564,ASSOCIAZIONE SPORTIVA DILETTANTISTICA ASO ALZATE-ALTA BRIANZA,Calcio (a 11),Calcio
coni:40573,40573,ASD REAL S. ZENO ARZIGNANO,Calcio (a 11),Calcio
coni:40573,40573,ASD REAL S. ZENO ARZIGNANO,Pallavolo,Volley
coni:40579,40579,VILLETTA 2012 A.S.D.,Calcio (a 11),Calcio
coni:40666,40666,A.S.D. CASCIO,Calcio (a 11),Calcio
coni:4067,4067,ASSOCIAZIONE CALCIO NUOVA FOLGORE ASSOCIAZIONE SPORTIVA DILETTANTISTICA,Calcio (a 11),Calcio
coni:40684,40684,ASSOCIAZIONE SPORTIVA DILETTANTISTICA U.S. ARIANO,Calcio (a 11),Calcio
coni:40684,40684,ASSOCIAZIONE SPORTIVA DILETTANTISTICA U.S. ARIANO,Calcio (a 8),Calcio
coni:40684,40684,ASSOCIAZIONE SPORTIVA DILETTANTISTICA U.S. ARIANO,Futsal (calcio da sala - calcio a 5),Futsal
coni:40684,40684,ASSOCIAZIONE SPORTIVA DILETTANTISTICA U.S. ARIANO,Calcio (a 7),Calcio
coni:407,407,ASSOCIAZIONE SPORTIVA DILETTANTISTICA VIVAI COOP RAUSCEDO / GRAVIS,Calcio (a 11),Calcio
coni:4076,4076,A.S.D. SAN GIOVANNI BOSCO ACADEMY CAMPITELLO,Calcio (a 11),Calcio
coni:4076,4076,A.S.D. SAN GIOVANNI BOSCO ACADEMY CAMPITELLO,Futsal (calcio da sala - calcio a 5),Futsal
coni:4076,4076,A.S.D. SAN GIOVANNI BOSCO ACADEMY CAMPITELLO,Pallavolo,Volley
coni:4077,4077,ASSOCIAZIONE SPORTIVA DILETTANTISTICA MONTECCHIO SPORT,Futsal (calcio da sala - calcio a 5),Futsal
coni:4077,4077,ASSOCIAZIONE SPORTIVA DILETTANTISTICA MONTECCHIO SPORT,Pallacanestro,Basket
coni:40793,40793,CIRCOLO CSI A.S.D. CA' EMO,Calcio (a 11),Calcio
coni:408,408,ASD UNIONE SPORTIVA MONTI,Calcio (a 11),Calcio
coni:40869,40869,A.S.D. SPORT MANIA,Calcio (a 11),Calcio
coni:40990,40990,"ASSOCIAZIONE SPORTIVA DILETTANTISTICA ""FORTITUDO BAGHERIA""",Calcio (a 11),Calcio
coni:40990,40990,"ASSOCIAZIONE SPORTIVA DILETTANTISTICA ""FORTITUDO BAGHERIA""",Calcio (a 8),Calcio
coni:40990,40990,"ASSOCIAZIONE SPORTIVA DILETTANTISTICA ""FORTITUDO BAGHERIA""",Futsal (calcio da sala - calcio a 5),Futsal
coni:40990,40990,"ASSOCIAZIONE SPORTIVA DILETTANTISTICA ""FORTITUDO BAGHERIA""",Calcio (a 7),Calcio
coni:410,410,ASSOCIAZIONE SPORTIVA DILETTANTISTICA SPAL CORDOVADO,Calcio (a 11),Calcio
coni:4101,4101,ASSOCIAZIONE SPORTIVA DILETTANTISTICA COLLAGNA,Calcio (a 11),Calcio
coni:4110,4110,A.S.D. LA VITTORIOSA,Calcio (a 11),Calcio
coni:41157,41157,A.S.D. LESA VERGANTE,Calcio (a 11),Calcio
coni:41157,41157,A.S.D. LESA VERGANTE,Calcio (a 7),Calcio
coni:41157,41157,A.S.D. LESA VERGANTE,Calcio (a 8),Calcio
coni:41157,41157,A.S.D. LESA VERGANTE,Futsal (calcio da sala - calcio a 5),Futsal
coni:41215,41215,U.S. GAGLIANICO ASSOCIAZIONE POLISPORTIVA DILETTANTISTICA,Calcio (a 11),Calcio
coni:41248,41248,A.S.D. ARINESE,Calcio (a 11),Calcio
coni:4133,4133,A.S.D OLEGGIO SPORTIVA OLEGGIO,Calcio (a 11),Calcio
coni:41330,41330,FUTSAL TRISSINO - ASSOCIAZIONE SPORTIVA DILETTANTISTICA,Futsal (calcio da sala - calcio a 5),Futsal
coni:41345,41345,G.S.O. PIAMBORNO ASD,Calcio (a 11),Calcio
coni:41345,41345,G.S.O. PIAMBORNO ASD,Calcio (a 7),Calcio
coni:41345,41345,G.S.O. PIAMBORNO ASD,Pallavolo,Volley
coni:41345,41345,G.S.O. PIAMBORNO ASD,Calcio (a 8),Calcio
coni:41367,41367,Vivi Don Bosco,Calcio (a 11),Calcio
coni:41367,41367,Vivi Don Bosco,Futsal (calcio da sala - calcio a 5),Futsal
coni:41370,41370,COGITANA S.S.D. A R.L.,Calcio (a 11),Calcio
coni:41378,41378,"ASSOCIAZIONE SPORTIVA DILETTANTISTICA ""STEFANO CATANIA""",Calcio (a 11),Calcio
coni:414,414,A.C. CONSELICE ASSOCIAZIONE SPORTIVA DILETTANTISTICA,Calcio (a 11),Calcio
coni:4145,4145,A.S.D. F.B.C. CALCIO CREMA,Calcio (a 11),Calcio
coni:4146,4146,A.S.D. ALANNO CALCIO,Calcio (a 11),Calcio
coni:41530,41530,A.S.D. SANT'ANTONINO,Calcio (a 11),Calcio
coni:41530,41530,A.S.D. SANT'ANTONINO,Futsal (calcio da sala - calcio a 5),Futsal
coni:41602,41602,ASSOCIAZIONE SPORTIVA DILETTANTISTICA BARACCALUGA,Futsal (calcio da sala - calcio a 5),Futsal
coni:4163,4163,ASSOCIAZIONE SPORTIVA DILETTANTISTICA SERGNANESE,Calcio (a 11),Calcio
coni:4163,4163,ASSOCIAZIONE SPORTIVA DILETTANTISTICA SERGNANESE,Futsal (calcio da sala - calcio a 5),Futsal
coni:4163,4163,ASSOCIAZIONE SPORTIVA DILETTANTISTICA SERGNANESE,Calcio (a 7),Calcio
coni:41640,41640,UNIONE POLISPORTIVA POLIZIANA ASSOCIAZIONE SPORTIVA DILETTANTISTICA,Calcio (a 11),Calcio
coni:41644,41644,ASD SAN LUIGI SANTENA,Calcio (a 11),Calcio
coni:41644,41644,ASD SAN LUIGI SANTENA,Futsal (calcio da sala - calcio a 5),Futsal
coni:41644,41644,ASD SAN LUIGI SANTENA,Pallavolo,Volley
coni:41695,41695,A.S.D. ZONA MARINA CALCIO 2011,Calcio (a 11),Calcio
coni:41757,41757,A.S.D. S.S. VALDADIGE,Calcio (a 11),Calcio
coni:41804,41804,CENTRO POLIVALENTE DI LIMIDI A.S.D.,Calcio (a 11),Calcio
coni:41804,41804,CENTRO POLIVALENTE DI LIMIDI A.S.D.,Futsal (calcio da sala - calcio a 5),Futsal
coni:41804,41804,CENTRO POLIVALENTE DI LIMIDI A.S.D.,Calcio (a 7),Calcio
coni:41804,41804,CENTRO POLIVALENTE DI LIMIDI A.S.D.,Pallavolo,Volley
coni:41815,41815,ASSOCIAZIONE SPORTIVA DILETTANTISTICA CLUB SPORTIVO CALCIO,Calcio (a 11),Calcio
coni:41846,41846,A.S.D. SCUOLA CALCIO PELLEGRINI,Calcio (a 11),Calcio
coni:41860,41860,ASSOCIAZIONE POLISPORTIVA DILETTANTISTICA SAN CARLO,Calcio (a 11),Calcio
coni:41860,41860,ASSOCIAZIONE POLISPORTIVA DILETTANTISTICA SAN CARLO,Beach volley,Volley
coni:41860,41860,ASSOCIAZIONE POLISPORTIVA DILETTANTISTICA SAN CARLO,Pallacanestro,Basket
coni:41860,41860,ASSOCIAZIONE POLISPORTIVA DILETTANTISTICA SAN CARLO,Pallavolo,Volley
coni:41860,41860,ASSOCIAZIONE POLISPORTIVA DILETTANTISTICA SAN CARLO,Calcio (a 7),Calcio
coni:41883,41883,ASD VIRTUS IRPINIA SPORTS,Calcio (a 11),Calcio
coni:41883,41883,ASD VIRTUS IRPINIA SPORTS,Calcio (a 8),Calcio
coni:41883,41883,ASD VIRTUS IRPINIA SPORTS,Beach Soccer,Calcio
coni:41883,41883,ASD VIRTUS IRPINIA SPORTS,Futsal (calcio da sala - calcio a 5),Futsal
coni:41883,41883,ASD VIRTUS IRPINIA SPORTS,Calcio (a 7),Calcio
coni:4190,4190,A.C. PONTE S.P. - MAPELLO S.S.D. A R.L.,Calcio (a 11),Calcio
coni:41936,41936,RESANA CSM 2010 ASSOCIAZIONE SPORTIVA DILETTANTISTICA,Calcio (a 11),Calcio
coni:4194,4194,UNIONE SPORTIVA INVERIGO,Calcio (a 11),Calcio
coni:41954,41954,ASD SPORTING CLUB VALLESAVIO,Calcio (a 11),Calcio
coni:41971,41971,A.S.D.ADRIAUTO FURY MONKEYS CALCIO A 5,Futsal (calcio da sala - calcio a 5),Futsal
coni:4204,4204,UNIONE SPORTIVA DILETTANTISTICA PALAU,Calcio (a 11),Calcio
coni:42047,42047,ASD SANT'ANTIOCO CALCIO,Calcio (a 11),Calcio
coni:42073,42073,A.S. TEORA,Calcio (a 11),Calcio
coni:42109,42109,ASS. POLISP. DILETTANTISTICA CENTRO DELLA GIOVENTU' MOTTA VISCONTI,Calcio (a 11),Calcio
coni:42109,42109,ASS. POLISP. DILETTANTISTICA CENTRO DELLA GIOVENTU' MOTTA VISCONTI,Pallavolo,Volley
coni:42122,42122,A.S.D. REAL SITI,Calcio (a 11),Calcio
coni:4214,4214,USD CASATESE MERATE A.S.D.,Calcio (a 11),Calcio
coni:42195,42195,A.S. SAN ZENO DI MONTAGNA ASD,Calcio (a 11),Calcio
coni:42207,42207,ASSOCIAZIONE SPORTIVA DILETTANTISTICA POLISPORTIVA BISSUOLA,Calcio (a 11),Calcio
coni:42207,42207,ASSOCIAZIONE SPORTIVA DILETTANTISTICA POLISPORTIVA BISSUOLA,Futsal (calcio da sala - calcio a 5),Futsal
coni:42207,42207,ASSOCIAZIONE SPORTIVA DILETTANTISTICA POLISPORTIVA BISSUOLA,Beach volley,Volley
coni:42207,42207,ASSOCIAZIONE SPORTIVA DILETTANTISTICA POLISPORTIVA BISSUOLA,Pallavolo,Volley
coni:42257,42257,A.S. DILETTANTISTICA FOOTBALL CLUB UNIVERSAL,Calcio (a 11),Calcio
coni:42257,42257,A.S. DILETTANTISTICA FOOTBALL CLUB UNIVERSAL,Calcio (a 8),Calcio
coni:42257,42257,A.S. DILETTANTISTICA FOOTBALL CLUB UNIVERSAL,Calcio (a 7),Calcio
coni:42361,42361,A.S.D.IBLA MELILLI,Futsal (calcio da sala - calcio a 5),Futsal
coni:42410,42410,A.S.D. BOLANESE,Calcio (a 11),Calcio
coni:42411,42411,ATLETICO CASTELDACCIA ASSOCIAZIONE SPORTIVA DILETTANTISTICA,Calcio (a 11),Calcio
coni:42411,42411,ATLETICO CASTELDACCIA ASSOCIAZIONE SPORTIVA DILETTANTISTICA,Calcio (a 8),Calcio
coni:42411,42411,ATLETICO CASTELDACCIA ASSOCIAZIONE SPORTIVA DILETTANTISTICA,Futsal (calcio da sala - calcio a 5),Futsal
coni:42411,42411,ATLETICO CASTELDACCIA ASSOCIAZIONE SPORTIVA DILETTANTISTICA,Calcio (a 7),Calcio
coni:42424,42424,A.S.D. BORGO FIVE SOCCER,Futsal (calcio da sala - calcio a 5),Futsal
coni:42430,42430,A.S.D. VALDORCIA,Calcio (a 11),Calcio
coni:42457,42457,A.S.D. MEGARINI 2003 AUGUSTA,Calcio (a 11),Calcio
coni:42457,42457,A.S.D. MEGARINI 2003 AUGUSTA,Calcio (a 8),Calcio
coni:42457,42457,A.S.D. MEGARINI 2003 AUGUSTA,Futsal (calcio da sala - calcio a 5),Futsal
coni:42457,42457,A.S.D. MEGARINI 2003 AUGUSTA,Calcio (a 7),Calcio
coni:42467,42467,ASD V.I.P.C5,Futsal (calcio da sala - calcio a 5),Futsal
coni:42490,42490,"ASSOCIAZIONE SPORTIVA DILETTANTISTICA ""MONTELLA FOOTBALL ACADEMY""",Calcio (a 11),Calcio
coni:42490,42490,"ASSOCIAZIONE SPORTIVA DILETTANTISTICA ""MONTELLA FOOTBALL ACADEMY""",Futsal (calcio da sala - calcio a 5),Futsal
coni:42490,42490,"ASSOCIAZIONE SPORTIVA DILETTANTISTICA ""MONTELLA FOOTBALL ACADEMY""",Calcio (a 8),Calcio
coni:42490,42490,"ASSOCIAZIONE SPORTIVA DILETTANTISTICA ""MONTELLA FOOTBALL ACADEMY""",Calcio (a 7),Calcio
coni:42510,42510,ASSOCIAZIONE SPORTIVA DILETTANTISTICA BINDUA,Calcio (a 11),Calcio
coni:42534,42534,A.S.D T.S. INSIEME PER LO SPORT,Calcio (a 11),Calcio
coni:42538,42538,ASSOC. SPORTIVA DILETTANTISTICA MATZACCARESE,Calcio (a 11),Calcio
coni:42544,42544,ASD ATHLETIC LANCIANO,Calcio (a 11),Calcio
coni:42544,42544,ASD ATHLETIC LANCIANO,Futsal (calcio da sala - calcio a 5),Futsal
coni:42596,42596,A.P.D. CERRETO D'ESI A.S.D.,Futsal (calcio da sala - calcio a 5),Futsal
coni:42699,42699,VIRTUS SAN GIUSTINO S.S.D,Calcio (a 11),Calcio
coni:42699,42699,VIRTUS SAN GIUSTINO S.S.D,Futsal (calcio da sala - calcio a 5),Futsal
coni:42809,42809,SAN LEUCIO S.S.D.R.L.,Calcio (a 11),Calcio
coni:4281,4281,POLISPORTIVA MAMAS MIGLIARINESE,Calcio (a 11),Calcio
coni:4281,4281,POLISPORTIVA MAMAS MIGLIARINESE,Futsal (calcio da sala - calcio a 5),Futsal
coni:4281,4281,POLISPORTIVA MAMAS MIGLIARINESE,Calcio (a 7),Calcio
coni:42837,42837,ASD SAINT-VINCENT CHATILLON SCUOLA CALCIO MONTE CERVINO,Calcio (a 11),Calcio
coni:42862,42862,A.S.D. SAN GIOVANNI CALCIO A5,Futsal (calcio da sala - calcio a 5),Futsal
coni:429,429,A.S.D. POLISPORTIVA VILLA,Calcio (a 11),Calcio
coni:42992,42992,FUTSAL TORRITA ASSOCIAZIONE SPORTIVA DILETTANTISTI,Futsal (calcio da sala - calcio a 5),Futsal
coni:4303,4303,A.S.D. PORTO TOLLE 2010,Calcio (a 11),Calcio
coni:43083,43083,POLISP. FULGENTISSIMA ASS.NE DILETTANTISTICA,Futsal (calcio da sala - calcio a 5),Futsal
coni:43083,43083,POLISP. FULGENTISSIMA ASS.NE DILETTANTISTICA,Pallamano,Pallamano
coni:43083,43083,POLISP. FULGENTISSIMA ASS.NE DILETTANTISTICA,Calcio (a 11),Calcio
coni:43083,43083,POLISP. FULGENTISSIMA ASS.NE DILETTANTISTICA,Calcio (a 8),Calcio
coni:43083,43083,POLISP. FULGENTISSIMA ASS.NE DILETTANTISTICA,Calcio (a 7),Calcio
coni:43083,43083,POLISP. FULGENTISSIMA ASS.NE DILETTANTISTICA,Pallacanestro 3 contro 3,Basket
coni:43083,43083,POLISP. FULGENTISSIMA ASS.NE DILETTANTISTICA,Pallacanestro,Basket
coni:4316,4316,UNIONE SPORTIVA TAVERNELLE A.S.D.,Calcio (a 11),Calcio
coni:4320,4320,ASSOCIAZIONE SPORTIVA DILETTANTISTICA MONTEPULCIANO STAZIONE,Calcio (a 11),Calcio
coni:43207,43207,ASSOCIAZIONE SPORTIVA DILETTANTISTICA SPORTISPICA MARCO MONACO,Calcio (a 11),Calcio
coni:43207,43207,ASSOCIAZIONE SPORTIVA DILETTANTISTICA SPORTISPICA MARCO MONACO,Beach Soccer,Calcio
coni:43207,43207,ASSOCIAZIONE SPORTIVA DILETTANTISTICA SPORTISPICA MARCO MONACO,Futsal (calcio da sala - calcio a 5),Futsal
coni:43207,43207,ASSOCIAZIONE SPORTIVA DILETTANTISTICA SPORTISPICA MARCO MONACO,Calcio (a 7),Calcio
coni:43207,43207,ASSOCIAZIONE SPORTIVA DILETTANTISTICA SPORTISPICA MARCO MONACO,Calcio (a 8),Calcio
coni:4322,4322,A.S.D. POLISPORTIVA LUNANO,Calcio (a 11),Calcio
coni:4326,4326,A.S.D. POLISPORTIVA STAGGIA 53038,Calcio (a 11),Calcio
coni:4326,4326,A.S.D. POLISPORTIVA STAGGIA 53038,Calcio (a 7),Calcio
coni:4326,4326,A.S.D. POLISPORTIVA STAGGIA 53038,Pallavolo,Volley
coni:43300,43300,A.S.D. SOS PARIS 2006,Calcio (a 11),Calcio
coni:43300,43300,A.S.D. SOS PARIS 2006,Futsal (calcio da sala - calcio a 5),Futsal
coni:43397,43397,A.S.D. SEVEGLIANO - FAUGLIS,Calcio (a 11),Calcio
coni:4340,4340,ASSOCIAZIONE SPORTIVA DILETTANTISTICA F.LLI LOMBARDO,Calcio (a 11),Calcio
coni:4340,4340,ASSOCIAZIONE SPORTIVA DILETTANTISTICA F.LLI LOMBARDO,Calcio (a 8),Calcio
coni:4340,4340,ASSOCIAZIONE SPORTIVA DILETTANTISTICA F.LLI LOMBARDO,Futsal (calcio da sala - calcio a 5),Futsal
coni:4340,4340,ASSOCIAZIONE SPORTIVA DILETTANTISTICA F.LLI LOMBARDO,Calcio (a 7),Calcio
coni:43406,43406,ASD NEW TEAM LIGNANO C5,Futsal (calcio da sala - calcio a 5),Futsal
coni:43490,43490,UNIONE SPORTIVA RONDINERA ASD,Calcio (a 11),Calcio
coni:43490,43490,UNIONE SPORTIVA RONDINERA ASD,Calcio (a 7),Calcio
coni:43503,43503,"POLISPORTIVA ""SANTA MARIA"" A.S.D.",Calcio (a 11),Calcio
coni:4351,4351,ASD MONTERONI,Calcio (a 11),Calcio
coni:4351,4351,ASD MONTERONI,Calcio (a 8),Calcio
coni:43563,43563,LA BORRA ASD,Calcio (a 11),Calcio
coni:43563,43563,LA BORRA ASD,Futsal (calcio da sala - calcio a 5),Futsal
coni:43563,43563,LA BORRA ASD,Calcio (a 7),Calcio
coni:43567,43567,KAROL ASSOCIAZIONE SPORTIVA DILETTANTISTICA,Calcio (a 11),Calcio
coni:43624,43624,A.S.D. ORATORIO REDONDESCO,Calcio (a 11),Calcio
coni:43624,43624,A.S.D. ORATORIO REDONDESCO,Calcio (a 7),Calcio
coni:43624,43624,A.S.D. ORATORIO REDONDESCO,Pallacanestro,Basket
coni:43624,43624,A.S.D. ORATORIO REDONDESCO,Pallavolo,Volley
coni:43695,43695,BIANCANIGO CALCIO ASD,Calcio (a 11),Calcio
coni:43695,43695,BIANCANIGO CALCIO ASD,Calcio (a 7),Calcio
coni:43747,43747,A.S.D. EDEN BOYS STATTE,Calcio (a 11),Calcio
coni:43747,43747,A.S.D. EDEN BOYS STATTE,Pallacanestro,Basket
coni:43747,43747,A.S.D. EDEN BOYS STATTE,Calcio (a 8),Calcio
coni:43747,43747,A.S.D. EDEN BOYS STATTE,Futsal (calcio da sala - calcio a 5),Futsal
coni:43747,43747,A.S.D. EDEN BOYS STATTE,Calcio (a 7),Calcio
coni:43748,43748,A.S.D. VIRTUS GELA CALCIO,Calcio (a 11),Calcio
coni:43756,43756,A.S.D. LIBERTAS OLIMPYC SCICLI,Calcio (a 11),Calcio
coni:43756,43756,A.S.D. LIBERTAS OLIMPYC SCICLI,Calcio (a 8),Calcio
coni:43756,43756,A.S.D. LIBERTAS OLIMPYC SCICLI,Beach Soccer,Calcio
coni:43756,43756,A.S.D. LIBERTAS OLIMPYC SCICLI,Futsal (calcio da sala - calcio a 5),Futsal
coni:43771,43771,ASD S. BENEDETTO VENERE,Calcio (a 11),Calcio
coni:43792,43792,CASALGUIDI 1923 CALCIO - SOC. SPORT.DIL. A R.L.,Calcio (a 11),Calcio
coni:43792,43792,CASALGUIDI 1923 CALCIO - SOC. SPORT.DIL. A R.L.,Futsal (calcio da sala - calcio a 5),Futsal
coni:43859,43859,UNIONE SPORTIVA SAMUGHEO DILETTANTISTICA A.S.D.,Calcio (a 11),Calcio
coni:439,439,LEO ODERZO SSD A RL,Calcio (a 11),Calcio
coni:4398,4398,CALISIO CALCIO A.S.D.,Calcio (a 11),Calcio
coni:43988,43988,A.C. ENTELLA CHIAVARI 1914,Calcio (a 11),Calcio
coni:44010,44010,A.S.D. FOOTBALL CASCARINO,Calcio (a 11),Calcio
coni:4402,4402,UNIONE SPORTIVA TRAMBILENO ASSOC. SPORT. DILETT.,Calcio (a 11),Calcio
coni:44163,44163,ASD VIRTUS ABBIATENSE E OZZERESE,Calcio (a 11),Calcio
coni:44163,44163,ASD VIRTUS ABBIATENSE E OZZERESE,Pallacanestro,Basket
coni:44264,44264,ASS.NE SPORTIVA DILETTANTISTICA JUNIOR CALCIO ACIREALE,Calcio (a 11),Calcio
coni:44334,44334,A.S.D. ATLETICO LEVANE,Calcio (a 11),Calcio
coni:44334,44334,A.S.D. ATLETICO LEVANE,Futsal (calcio da sala - calcio a 5),Futsal
coni:44334,44334,A.S.D. ATLETICO LEVANE,Calcio (a 7),Calcio
coni:44341,44341,ASSOCIAZIONE SPORTIVA DILETTANTISTICA FOOTBALL CLUB FORNACETTE CASAROSA,Calcio (a 11),Calcio
coni:44341,44341,ASSOCIAZIONE SPORTIVA DILETTANTISTICA FOOTBALL CLUB FORNACETTE CASAROSA,Calcio (a 7),Calcio
coni:44341,44341,ASSOCIAZIONE SPORTIVA DILETTANTISTICA FOOTBALL CLUB FORNACETTE CASAROSA,Pallavolo,Volley
coni:44341,44341,ASSOCIAZIONE SPORTIVA DILETTANTISTICA FOOTBALL CLUB FORNACETTE CASAROSA,Futsal (calcio da sala - calcio a 5),Futsal
coni:44341,44341,ASSOCIAZIONE SPORTIVA DILETTANTISTICA FOOTBALL CLUB FORNACETTE CASAROSA,Calcio (a 8),Calcio
coni:44341,44341,ASSOCIAZIONE SPORTIVA DILETTANTISTICA FOOTBALL CLUB FORNACETTE CASAROSA,Beach Soccer,Calcio
coni:44341,44341,ASSOCIAZIONE SPORTIVA DILETTANTISTICA FOOTBALL CLUB FORNACETTE CASAROSA,Beach volley,Volley
coni:44346,44346,A.C. MONTENERO,Calcio (a 11),Calcio
coni:444,444,ASSOCIAZIONE SPORTIVA DILETTANTISTICA PIANTEDO,Calcio (a 11),Calcio
coni:444,444,ASSOCIAZIONE SPORTIVA DILETTANTISTICA PIANTEDO,Calcio (a 7),Calcio
coni:44443,44443,A.S.D. SANGIOVANNESE 1927,Calcio (a 11),Calcio
coni:44506,44506,ASD GRUPPO SPORTIVO AMATORI LE DUE PALME,Calcio (a 11),Calcio
coni:44506,44506,ASD GRUPPO SPORTIVO AMATORI LE DUE PALME,Futsal (calcio da sala - calcio a 5),Futsal
coni:44520,44520,A. S. D. POZZALLO,Calcio (a 11),Calcio
coni:44545,44545,ATLETICO PIANCASTAGNAIO A.S.D.,Calcio (a 11),Calcio
coni:4457,4457,SOCIETA' SPORTIVA DILETTANTISTICA IMPERIA CALCIO SRL,Calcio (a 11),Calcio
coni:44597,44597,A.S.D. AL QATTA' SPORTING CLUB,Calcio (a 11),Calcio
coni:44597,44597,A.S.D. AL QATTA' SPORTING CLUB,Beach volley,Volley
coni:44597,44597,A.S.D. AL QATTA' SPORTING CLUB,Pallavolo,Volley
coni:44597,44597,A.S.D. AL QATTA' SPORTING CLUB,Pallamano,Pallamano
coni:44597,44597,A.S.D. AL QATTA' SPORTING CLUB,Pallanuoto,Pallanuoto
coni:44597,44597,A.S.D. AL QATTA' SPORTING CLUB,Rugby a 7,Rugby
coni:44597,44597,A.S.D. AL QATTA' SPORTING CLUB,Rugby a 15,Rugby
coni:44597,44597,A.S.D. AL QATTA' SPORTING CLUB,Baseball - Softball,Baseball
coni:44597,44597,A.S.D. AL QATTA' SPORTING CLUB,Calcio (a 8),Calcio
coni:44597,44597,A.S.D. AL QATTA' SPORTING CLUB,Beach Soccer,Calcio
coni:44597,44597,A.S.D. AL QATTA' SPORTING CLUB,Futsal (calcio da sala - calcio a 5),Futsal
coni:44597,44597,A.S.D. AL QATTA' SPORTING CLUB,Calcio (a 7),Calcio
coni:44597,44597,A.S.D. AL QATTA' SPORTING CLUB,Pallacanestro 3 contro 3,Basket
coni:44597,44597,A.S.D. AL QATTA' SPORTING CLUB,Pallacanestro,Basket
coni:44597,44597,A.S.D. AL QATTA' SPORTING CLUB,Baseball 5,Baseball
coni:44631,44631,A.S.D. SAN PIO X,Futsal (calcio da sala - calcio a 5),Futsal
coni:4470,4470,ASSOCIAZIONE SPORTIVA DILETTANTISTICA CIREGGIO,Calcio (a 11),Calcio
coni:44724,44724,"ASS.SPORT.DILET.VICCHIO ""SANDRO VIGNINI""",Calcio (a 11),Calcio
coni:44765,44765,U.S.D. POLISPORTIVA MATUZIANA SANREMO,Calcio (a 11),Calcio
coni:44765,44765,U.S.D. POLISPORTIVA MATUZIANA SANREMO,Futsal (calcio da sala - calcio a 5),Futsal
coni:44765,44765,U.S.D. POLISPORTIVA MATUZIANA SANREMO,Calcio (a 7),Calcio
coni:44811,44811,ASSOCIAZIONE SPORTIVA DILETTANTISTICA BORGOVILLA CALCIO SPORT,Calcio (a 11),Calcio
coni:44811,44811,ASSOCIAZIONE SPORTIVA DILETTANTISTICA BORGOVILLA CALCIO SPORT,Calcio (a 8),Calcio
coni:44811,44811,ASSOCIAZIONE SPORTIVA DILETTANTISTICA BORGOVILLA CALCIO SPORT,Futsal (calcio da sala - calcio a 5),Futsal
coni:44811,44811,ASSOCIAZIONE SPORTIVA DILETTANTISTICA BORGOVILLA CALCIO SPORT,Calcio (a 7),Calcio
coni:44874,44874,GRUPPO SPORTIVO CARIMATE A.S.D.,Calcio (a 11),Calcio
coni:44874,44874,GRUPPO SPORTIVO CARIMATE A.S.D.,Pallavolo,Volley
coni:44965,44965,ASSOCIAZIONE SPORTIVA DILETTANTISTICA ISPICA FOOTBALL CLUB,Calcio (a 11),Calcio
coni:44965,44965,ASSOCIAZIONE SPORTIVA DILETTANTISTICA ISPICA FOOTBALL CLUB,Beach Soccer,Calcio
coni:44965,44965,ASSOCIAZIONE SPORTIVA DILETTANTISTICA ISPICA FOOTBALL CLUB,Futsal (calcio da sala - calcio a 5),Futsal
coni:44965,44965,ASSOCIAZIONE SPORTIVA DILETTANTISTICA ISPICA FOOTBALL CLUB,Calcio (a 7),Calcio
coni:4500,4500,UNIONE SPORTIVA SAVARNA ASSOCIAZIONE SPORTIVA DILETTANTISTICA,Calcio (a 11),Calcio
coni:4508,4508,ASSOCIAZIONE SPORTIVA DILETTANTISTICA RADDESE,Calcio (a 11),Calcio
coni:4508,4508,ASSOCIAZIONE SPORTIVA DILETTANTISTICA RADDESE,Futsal (calcio da sala - calcio a 5),Futsal
coni:45124,45124,U.S. NEIVE 1997 A.S.D.,Calcio (a 11),Calcio
coni:45124,45124,U.S. NEIVE 1997 A.S.D.,Calcio (a 7),Calcio
coni:45124,45124,U.S. NEIVE 1997 A.S.D.,Pallavolo,Volley
coni:4513,4513,U.S.AFFRICO SSD A RL,Calcio (a 11),Calcio
coni:4513,4513,U.S.AFFRICO SSD A RL,Futsal (calcio da sala - calcio a 5),Futsal
coni:4513,4513,U.S.AFFRICO SSD A RL,Pallacanestro,Basket
coni:45167,45167,ASD B.S. SOCCER TEAM FASANO,Calcio (a 11),Calcio
coni:45167,45167,ASD B.S. SOCCER TEAM FASANO,Calcio (a 8),Calcio
coni:45167,45167,ASD B.S. SOCCER TEAM FASANO,Futsal (calcio da sala - calcio a 5),Futsal
coni:45167,45167,ASD B.S. SOCCER TEAM FASANO,Calcio (a 7),Calcio
coni:45184,45184,POLISPORTIVA VAGLIA A.S.D.,Calcio (a 11),Calcio
coni:45184,45184,POLISPORTIVA VAGLIA A.S.D.,Futsal (calcio da sala - calcio a 5),Futsal
coni:45212,45212,A.S.D. REAL MODICA,Calcio (a 11),Calcio
coni:45212,45212,A.S.D. REAL MODICA,Calcio (a 8),Calcio
coni:45212,45212,A.S.D. REAL MODICA,Beach Soccer,Calcio
coni:45212,45212,A.S.D. REAL MODICA,Futsal (calcio da sala - calcio a 5),Futsal
coni:45212,45212,A.S.D. REAL MODICA,Calcio (a 7),Calcio
coni:45212,45212,A.S.D. REAL MODICA,Beach volley,Volley
coni:45212,45212,A.S.D. REAL MODICA,Pallavolo,Volley
coni:45221,45221,A.S.D. ACSS MONDOLFO C5,Futsal (calcio da sala - calcio a 5),Futsal
coni:453,453,A.S.D. SANT'OMERO PALMENSE,Calcio (a 11),Calcio
coni:45327,45327,ASSOCIAZIONE SPORTIVA DILETTANTISTICA SCUOLA CALCIO STRIANO,Calcio (a 11),Calcio
coni:45327,45327,ASSOCIAZIONE SPORTIVA DILETTANTISTICA SCUOLA CALCIO STRIANO,Calcio (a 8),Calcio
coni:45327,45327,ASSOCIAZIONE SPORTIVA DILETTANTISTICA SCUOLA CALCIO STRIANO,Calcio (a 7),Calcio
coni:4538,4538,SOCIETA' SPORTIVA DILETTANTISTICA CALCIO NAVE SRL,Calcio (a 11),Calcio
coni:4538,4538,SOCIETA' SPORTIVA DILETTANTISTICA CALCIO NAVE SRL,Calcio (a 7),Calcio
coni:45387,45387,A.S.D. POLISPORTIVA SANT'ANNA ARRESI,Calcio (a 11),Calcio
coni:45443,45443,ASSOCIAZIONE SPORTIVA DILETTANTISTICA ANTAS CALCIO,Calcio (a 11),Calcio
coni:45484,45484,ASSOCIAZIONE SPORTIVA DILETTANTISTICA ARRIORA,Calcio (a 11),Calcio
coni:45554,45554,A.S.D. ANTIOCHENSE 2013,Calcio (a 11),Calcio
coni:45562,45562,A.S.D. AURORA ALTO CASERTANO,Calcio (a 11),Calcio
coni:45562,45562,A.S.D. AURORA ALTO CASERTANO,Futsal (calcio da sala - calcio a 5),Futsal
coni:45562,45562,A.S.D. AURORA ALTO CASERTANO,Calcio (a 7),Calcio
coni:4561,4561,ROVIGO CALCIO A 5 ASD,Futsal (calcio da sala - calcio a 5),Futsal
coni:45729,45729,POLISPORTIVA CARLOFORTE,Calcio (a 11),Calcio
coni:45733,45733,UNITED CARPI SOCIETA' SPORTIVA DILETTANTISTICA A RESPONSABILITA' LIMITATA,Calcio (a 11),Calcio
coni:45733,45733,UNITED CARPI SOCIETA' SPORTIVA DILETTANTISTICA A RESPONSABILITA' LIMITATA,Futsal (calcio da sala - calcio a 5),Futsal
coni:45733,45733,UNITED CARPI SOCIETA' SPORTIVA DILETTANTISTICA A RESPONSABILITA' LIMITATA,Calcio (a 7),Calcio
coni:45748,45748,A.S.D. CLUB NAPOLI,Calcio (a 11),Calcio
coni:45748,45748,A.S.D. CLUB NAPOLI,Calcio (a 8),Calcio
coni:45748,45748,A.S.D. CLUB NAPOLI,Calcio (a 7),Calcio
coni:45753,45753,ASSOCIAZIONE SPORTIVA DILETTANTISTICA PERDAXIUS,Calcio (a 11),Calcio
coni:45764,45764,A.S.DILETTANTISTICA DON BOSCO COLOSSEO,Calcio (a 11),Calcio
coni:45764,45764,A.S.DILETTANTISTICA DON BOSCO COLOSSEO,Calcio (a 8),Calcio
coni:45764,45764,A.S.DILETTANTISTICA DON BOSCO COLOSSEO,Calcio (a 7),Calcio
coni:45775,45775,"""VIRTUS CASTEL FRENTANO - ASD""",Calcio (a 11),Calcio
coni:45801,45801,A.S.D. VIS RF FAVENTIA,Calcio (a 11),Calcio
coni:45801,45801,A.S.D. VIS RF FAVENTIA,Calcio (a 7),Calcio
coni:45801,45801,A.S.D. VIS RF FAVENTIA,Pallavolo,Volley
coni:45838,45838,ASD P.C. SAN GIORGIO 2008,Calcio (a 11),Calcio
coni:45868,45868,SPECIAL ONE SPORTING CLUB A.S.D.,Futsal (calcio da sala - calcio a 5),Futsal
coni:45868,45868,SPECIAL ONE SPORTING CLUB A.S.D.,Calcio (a 11),Calcio
coni:45868,45868,SPECIAL ONE SPORTING CLUB A.S.D.,Calcio (a 7),Calcio
coni:45868,45868,SPECIAL ONE SPORTING CLUB A.S.D.,Beach volley,Volley
coni:4588,4588,ASS.SPORTIVA DILETTANTISTICA CASTREZZATO,Calcio (a 11),Calcio
coni:4595,4595,UNIONE SPORTIVA PORTO AZZURRO ASSOCIAZIONE SPORTIVA DILETTANTISTICA,Calcio (a 11),Calcio
coni:45957,45957,ASSOCIAZIONE SPORTIVA DILETTANTISTICA UNITI PER CERIGNOLA,Calcio (a 11),Calcio
coni:4599,4599,POLISPORTIVA LOW STREET PONTE NUOVO - ASSOC.SPORT.DILETT.,Calcio (a 11),Calcio
coni:4599,4599,POLISPORTIVA LOW STREET PONTE NUOVO - ASSOC.SPORT.DILETT.,Calcio (a 7),Calcio
coni:46027,46027,ASD CASOLI C5,Futsal (calcio da sala - calcio a 5),Futsal
coni:46029,46029,A.S.C.D. STELLA NASCENTE,Calcio (a 11),Calcio
coni:46077,46077,ASS.NE SPORTIVA DILETT. CULT. RICR. S. NICOLO',Futsal (calcio da sala - calcio a 5),Futsal
coni:46077,46077,ASS.NE SPORTIVA DILETT. CULT. RICR. S. NICOLO',Calcio (a 11),Calcio
coni:46077,46077,ASS.NE SPORTIVA DILETT. CULT. RICR. S. NICOLO',Calcio (a 7),Calcio
coni:46106,46106,A.S.D. DELLAROVERE CALCIO,Calcio (a 11),Calcio
coni:4619,4619,A.S.D U.S. SAN PROSPERO,Calcio (a 11),Calcio
coni:4619,4619,A.S.D U.S. SAN PROSPERO,Calcio (a 7),Calcio
coni:4619,4619,A.S.D U.S. SAN PROSPERO,Futsal (calcio da sala - calcio a 5),Futsal
coni:4622,4622,A.S.D.POLISPORTIVA SPORTING CLUB LORETO,Calcio (a 11),Calcio
coni:4622,4622,A.S.D.POLISPORTIVA SPORTING CLUB LORETO,Futsal (calcio da sala - calcio a 5),Futsal
coni:4623,4623,A.S.D. VILLANOVESE,Calcio (a 11),Calcio
coni:46369,46369,AMATEURSPORTVEREIN RAAS,Calcio (a 11),Calcio
coni:46395,46395,ASD ATLETICO OSTUNI,Calcio (a 11),Calcio
coni:46395,46395,ASD ATLETICO OSTUNI,Calcio (a 8),Calcio
coni:46395,46395,ASD ATLETICO OSTUNI,Futsal (calcio da sala - calcio a 5),Futsal
coni:46395,46395,ASD ATLETICO OSTUNI,Calcio (a 7),Calcio
coni:46445,46445,A.S.D. DOMUSNOVAS J.S.E.,Calcio (a 11),Calcio
coni:46458,46458,ASD LA FENICE CALCIO A5,Futsal (calcio da sala - calcio a 5),Futsal
coni:4648,4648,ASSOCIAZIONE AGRARIA CLUB,Calcio (a 11),Calcio
coni:4648,4648,ASSOCIAZIONE AGRARIA CLUB,Futsal (calcio da sala - calcio a 5),Futsal
coni:4648,4648,ASSOCIAZIONE AGRARIA CLUB,Calcio (a 7),Calcio
coni:46494,46494,A.S.D. MASSA LUBRENSE CALCIO,Calcio (a 11),Calcio
coni:46494,46494,A.S.D. MASSA LUBRENSE CALCIO,Calcio (a 8),Calcio
coni:46494,46494,A.S.D. MASSA LUBRENSE CALCIO,Calcio (a 7),Calcio
coni:46539,46539,ASSOCIAZIONE SPORTIVA DILETTANTISTICA STELLA MARIS,Calcio (a 11),Calcio
coni:46662,46662,GRUPPO SPORTIVO DILETTANTISTICO G. FRASSINETTI,Calcio (a 11),Calcio
coni:4667,4667,ASSOCIAZIONE POLISPORTIVA DILETTANTISTICA SAN GIOVANNESE,Calcio (a 11),Calcio
coni:4667,4667,ASSOCIAZIONE POLISPORTIVA DILETTANTISTICA SAN GIOVANNESE,Calcio (a 7),Calcio
coni:467,467,U.S. MONTI PALLIDI A.S.D.,Calcio (a 11),Calcio
coni:467,467,U.S. MONTI PALLIDI A.S.D.,Beach volley,Volley
coni:467,467,U.S. MONTI PALLIDI A.S.D.,Pallavolo,Volley
coni:4670,4670,A.S.D. POLISPORTIVA B.F.,Calcio (a 11),Calcio
coni:46706,46706,ASSOCIAZIONE SPORTIVA DILETTANTISTICA ATLETICO PEZZE 2011,Calcio (a 11),Calcio
coni:46710,46710,POLISPORTIVA VILLAGGIO LAMARM ORA,Calcio (a 11),Calcio
coni:46725,46725,ASSOCIAZIONE SPORTIVA DILETTANTISTICA CARUGO ACADEMY,Calcio (a 11),Calcio
coni:4679,4679,A.C. SCERNI A.S.D.,Calcio (a 11),Calcio
coni:4679,4679,A.C. SCERNI A.S.D.,Futsal (calcio da sala - calcio a 5),Futsal
coni:4682,4682,USD RISPESCIA,Calcio (a 11),Calcio
coni:46888,46888,A.S.D. ASSOCIAZIONE SPORTIVA DILETTANTISTICA POLISPORTIVA LONGIANESE,Calcio (a 11),Calcio
coni:46888,46888,A.S.D. ASSOCIAZIONE SPORTIVA DILETTANTISTICA POLISPORTIVA LONGIANESE,Futsal (calcio da sala - calcio a 5),Futsal
coni:46888,46888,A.S.D. ASSOCIAZIONE SPORTIVA DILETTANTISTICA POLISPORTIVA LONGIANESE,Calcio (a 7),Calcio
coni:46937,46937,"A.S.D. ""A. PICCHI"" SPECCHIA",Calcio (a 11),Calcio
coni:4694,4694,A.S.D. ORATORIO SABBIONI CREMA,Calcio (a 11),Calcio
coni:4696,4696,IUVENES CAPERGNANICA ASSOCIAZIONE SPORTIVA DILETTANTISTICA,Calcio (a 11),Calcio
coni:4696,4696,IUVENES CAPERGNANICA ASSOCIAZIONE SPORTIVA DILETTANTISTICA,Futsal (calcio da sala - calcio a 5),Futsal
coni:4696,4696,IUVENES CAPERGNANICA ASSOCIAZIONE SPORTIVA DILETTANTISTICA,Calcio (a 7),Calcio
coni:46966,46966,ASD AC TAF CEGLIE MESSAPICA,Calcio (a 11),Calcio
coni:46979,46979,"ASSOCIAZIONE SPORTIVA DILETTANTISTICA ""ICARO""",Calcio (a 11),Calcio
coni:46979,46979,"ASSOCIAZIONE SPORTIVA DILETTANTISTICA ""ICARO""",Futsal (calcio da sala - calcio a 5),Futsal
coni:46979,46979,"ASSOCIAZIONE SPORTIVA DILETTANTISTICA ""ICARO""",Calcio (a 7),Calcio
coni:46979,46979,"ASSOCIAZIONE SPORTIVA DILETTANTISTICA ""ICARO""",Beach Soccer,Calcio
coni:46979,46979,"ASSOCIAZIONE SPORTIVA DILETTANTISTICA ""ICARO""",Pallavolo,Volley
coni:46983,46983,A.S.D. CAROVILLI,Calcio (a 11),Calcio
coni:46995,46995,POLISPORTIVA DILETTANTISTICA RUBICONE CALISESE,Calcio (a 11),Calcio
coni:47,47,UNITED BORGORICCO CAMPETRA S.S.D.A.R.L.,Calcio (a 11),Calcio
coni:47,47,UNITED BORGORICCO CAMPETRA S.S.D.A.R.L.,Futsal (calcio da sala - calcio a 5),Futsal
coni:470,470,ASSOCIAZIONE CALCIO DILETTANTISTICA BRIGA NOVARESE,Calcio (a 11),Calcio
coni:47052,47052,UNA RAGIONE IN PIU' A.S.D.,Calcio (a 7),Calcio
coni:47052,47052,UNA RAGIONE IN PIU' A.S.D.,Calcio (a 11),Calcio
coni:47052,47052,UNA RAGIONE IN PIU' A.S.D.,Futsal (calcio da sala - calcio a 5),Futsal
coni:47052,47052,UNA RAGIONE IN PIU' A.S.D.,Pallacanestro,Basket
coni:47052,47052,UNA RAGIONE IN PIU' A.S.D.,Pallavolo,Volley
coni:47061,47061,A.S.D. FOXES S S,Calcio (a 11),Calcio
coni:471,471,GRUPPO SPORTIVO QUERCEGROSSA,Calcio (a 11),Calcio
coni:471,471,GRUPPO SPORTIVO QUERCEGROSSA,Pallacanestro,Basket
coni:47113,47113,A.S.D. UGENTO,Calcio (a 11),Calcio
coni:47120,47120,ASSOCIAZIONE SPORTIVA DILETTANTISTICA UNIONE SPORTIVA CAMPOROSSO,Calcio (a 11),Calcio
coni:47120,47120,ASSOCIAZIONE SPORTIVA DILETTANTISTICA UNIONE SPORTIVA CAMPOROSSO,Calcio (a 8),Calcio
coni:47120,47120,ASSOCIAZIONE SPORTIVA DILETTANTISTICA UNIONE SPORTIVA CAMPOROSSO,Beach Soccer,Calcio
coni:47120,47120,ASSOCIAZIONE SPORTIVA DILETTANTISTICA UNIONE SPORTIVA CAMPOROSSO,Futsal (calcio da sala - calcio a 5),Futsal
coni:47120,47120,ASSOCIAZIONE SPORTIVA DILETTANTISTICA UNIONE SPORTIVA CAMPOROSSO,Calcio (a 7),Calcio
coni:47121,47121,ASD ROBUR AGNONE,Futsal (calcio da sala - calcio a 5),Futsal
coni:4723,4723,NUOVA SIROLESE A.S.D,Calcio (a 11),Calcio
coni:47240,47240,ASD FORME MASSA ALBE,Calcio (a 11),Calcio
coni:47389,47389,A.S.D. TAURISANO 1939,Calcio (a 11),Calcio
coni:47400,47400,A.S.D. SPORTING ETNEO,Calcio (a 11),Calcio
coni:47400,47400,A.S.D. SPORTING ETNEO,Futsal (calcio da sala - calcio a 5),Futsal
coni:47400,47400,A.S.D. SPORTING ETNEO,Calcio (a 7),Calcio
coni:47409,47409,A.S.D. PIRANDELLO 1986,Calcio (a 11),Calcio
coni:47409,47409,A.S.D. PIRANDELLO 1986,Calcio (a 8),Calcio
coni:47409,47409,A.S.D. PIRANDELLO 1986,Futsal (calcio da sala - calcio a 5),Futsal
coni:47409,47409,A.S.D. PIRANDELLO 1986,Calcio (a 7),Calcio
coni:4745,4745,SSV LEIFERS AMATEURSPORTVEREIN / ASSOCIAZIONE SPORTIVA DILETTANTISTICA,Hockey su ghiaccio,Hockey su ghiaccio
coni:4745,4745,SSV LEIFERS AMATEURSPORTVEREIN / ASSOCIAZIONE SPORTIVA DILETTANTISTICA,Calcio (a 11),Calcio
coni:4745,4745,SSV LEIFERS AMATEURSPORTVEREIN / ASSOCIAZIONE SPORTIVA DILETTANTISTICA,Pallacanestro,Basket
coni:4749,4749,A.S.D. FRATTICCIOLA,Calcio (a 11),Calcio
coni:47589,47589,ASSOCIAZIONE SPORTIVA DILETTANTISTICA FOSSOMBRONE FUTSAL JUNIOR,Futsal (calcio da sala - calcio a 5),Futsal
coni:47619,47619,U.S.D. SOLARUSSA 2012,Calcio (a 11),Calcio
coni:477,477,A.S.D. REAL QUADRELLI,Calcio (a 11),Calcio
coni:4771,4771,POLISPORTIVA NOLESE RESEGOTTI GANDUGLIA 1946-2001 ASSOCIAZIONE DILETTANTISTICA,Calcio (a 11),Calcio
coni:4781,4781,SPORTVEREIN LANA - AMATEURSPORTVEREIN,Hockey su ghiaccio,Hockey su ghiaccio
coni:4781,4781,SPORTVEREIN LANA - AMATEURSPORTVEREIN,Calcio (a 11),Calcio
coni:47938,47938,A.S.D. CALCIO CEGLIE,Calcio (a 11),Calcio
coni:47957,47957,A.S.D. FUTSALENTO,Futsal (calcio da sala - calcio a 5),Futsal
coni:4804,4804,A.S.D. COLLI 2024,Calcio (a 11),Calcio
coni:4804,4804,A.S.D. COLLI 2024,Futsal (calcio da sala - calcio a 5),Futsal
coni:4804,4804,A.S.D. COLLI 2024,Calcio (a 7),Calcio
coni:48050,48050,ASSOCIAZIONE DILETTANTISTICA SPORTIVA FUTSAL CAROVIGNO,Calcio (a 11),Calcio
coni:4807,4807,A.S.D. LEVANTO CALCIO,Calcio (a 11),Calcio
coni:481,481,UNIONE SPORTIVA TALAMONESE,Calcio (a 11),Calcio
coni:481,481,UNIONE SPORTIVA TALAMONESE,Calcio (a 7),Calcio
coni:481,481,UNIONE SPORTIVA TALAMONESE,Pallavolo,Volley
coni:48181,48181,ASD ATHENA CALCIO BARLETTA,Calcio (a 11),Calcio
coni:48235,48235,ASD GUSPINI CALCIO,Calcio (a 11),Calcio
coni:48240,48240,SAN MARCO CABRAS,Calcio (a 11),Calcio
coni:4825,4825,ASSOCIAZIONE SPORTIVA DILETTANTISTICA FONTANELLE,Futsal (calcio da sala - calcio a 5),Futsal
coni:48260,48260,A.S.D. ATHLETIC SOLARUSSA,Calcio (a 11),Calcio
coni:48272,48272,A.S.D. AREA CALCIO ALBA ROERO,Calcio (a 11),Calcio
coni:48272,48272,A.S.D. AREA CALCIO ALBA ROERO,Futsal (calcio da sala - calcio a 5),Futsal
coni:48272,48272,A.S.D. AREA CALCIO ALBA ROERO,Calcio (a 7),Calcio
coni:48272,48272,A.S.D. AREA CALCIO ALBA ROERO,Pallavolo,Volley
coni:48403,48403,SS FORMIA CALCIO ASD,Calcio (a 11),Calcio
coni:4846,4846,ASSOCIAZIONE SPORTIVA DILETTANTISTICA UNION NOVARA,Calcio (a 11),Calcio
coni:48467,48467,A.S.D OLIMPIA CLUB,Calcio (a 11),Calcio
coni:4849,4849,ASSOCIAZIONE POLISPORTIVA DILETTANTISTICA ALERAMICA ASD,Calcio (a 11),Calcio
coni:48492,48492,A.S.D. ELEFANTINO CALCIO,Calcio (a 11),Calcio
coni:48492,48492,A.S.D. ELEFANTINO CALCIO,Futsal (calcio da sala - calcio a 5),Futsal
coni:48492,48492,A.S.D. ELEFANTINO CALCIO,Calcio (a 8),Calcio
coni:48492,48492,A.S.D. ELEFANTINO CALCIO,Calcio (a 7),Calcio
coni:485,485,POLISPORTIVA ALPE CIMBRA A.S.D.,Calcio (a 11),Calcio
coni:485,485,POLISPORTIVA ALPE CIMBRA A.S.D.,Futsal (calcio da sala - calcio a 5),Futsal
coni:48554,48554,A.S.D. OIERMO PRO JUVENTUTE,Calcio (a 11),Calcio
coni:48751,48751,ASSOCIAZIONE SPORTIVA DILETTANTISTICA SAN PAOLO 1970,Calcio (a 11),Calcio
coni:48751,48751,ASSOCIAZIONE SPORTIVA DILETTANTISTICA SAN PAOLO 1970,Calcio (a 8),Calcio
coni:48751,48751,ASSOCIAZIONE SPORTIVA DILETTANTISTICA SAN PAOLO 1970,Calcio (a 7),Calcio
coni:48771,48771,A.S.D. MONTE SAN GIOVANNI,Calcio (a 11),Calcio
coni:48771,48771,A.S.D. MONTE SAN GIOVANNI,Calcio (a 8),Calcio
coni:48771,48771,A.S.D. MONTE SAN GIOVANNI,Futsal (calcio da sala - calcio a 5),Futsal
coni:48771,48771,A.S.D. MONTE SAN GIOVANNI,Calcio (a 7),Calcio
coni:48771,48771,A.S.D. MONTE SAN GIOVANNI,Pallacanestro,Basket
coni:48771,48771,A.S.D. MONTE SAN GIOVANNI,Pallavolo,Volley
coni:48791,48791,POLISPORTIVA SANREMO 2000 A.S.D.,Calcio (a 11),Calcio
coni:48791,48791,POLISPORTIVA SANREMO 2000 A.S.D.,Calcio (a 8),Calcio
coni:48791,48791,POLISPORTIVA SANREMO 2000 A.S.D.,Beach Soccer,Calcio
coni:48791,48791,POLISPORTIVA SANREMO 2000 A.S.D.,Futsal (calcio da sala - calcio a 5),Futsal
coni:48791,48791,POLISPORTIVA SANREMO 2000 A.S.D.,Calcio (a 7),Calcio
coni:48791,48791,POLISPORTIVA SANREMO 2000 A.S.D.,Beach volley,Volley
coni:48805,48805,ASSOCIAZIONE SPORTIVA DILETTANTISTICA VIAGRANDE C/5,Futsal (calcio da sala - calcio a 5),Futsal
coni:48805,48805,ASSOCIAZIONE SPORTIVA DILETTANTISTICA VIAGRANDE C/5,Calcio (a 11),Calcio
coni:48868,48868,A.S.D. ARCOBALENO,Futsal (calcio da sala - calcio a 5),Futsal
coni:48875,48875,"ASSOCIAZIONE SPORTIVA DILETTANTISTICA ""POLISPORTIVA CAPANNI""",Calcio (a 11),Calcio
coni:48908,48908,ASD FUTSAL MONTURANO,Futsal (calcio da sala - calcio a 5),Futsal
coni:4891,4891,F.C.D. SARMATESE,Calcio (a 11),Calcio
coni:48951,48951,A.S.D ANGIOINA,Calcio (a 11),Calcio
coni:48999,48999,POLISPORTIVA SPERLONGA SPORT A.S.D.,Calcio (a 11),Calcio
coni:48999,48999,POLISPORTIVA SPERLONGA SPORT A.S.D.,Calcio (a 8),Calcio
coni:48999,48999,POLISPORTIVA SPERLONGA SPORT A.S.D.,Futsal (calcio da sala - calcio a 5),Futsal
coni:48999,48999,POLISPORTIVA SPERLONGA SPORT A.S.D.,Calcio (a 7),Calcio
coni:48999,48999,POLISPORTIVA SPERLONGA SPORT A.S.D.,Beach volley,Volley
coni:48999,48999,POLISPORTIVA SPERLONGA SPORT A.S.D.,Pallavolo,Volley
coni:49,49,CENTRO UNIVERSITARIO SPORTIVO L'AQUILA ASS.SPORTIVA DILETTANTISTICA,Rugby a 7,Rugby
coni:49,49,CENTRO UNIVERSITARIO SPORTIVO L'AQUILA ASS.SPORTIVA DILETTANTISTICA,Rugby a 15,Rugby
coni:49,49,CENTRO UNIVERSITARIO SPORTIVO L'AQUILA ASS.SPORTIVA DILETTANTISTICA,Beach Rugby,Rugby
coni:49,49,CENTRO UNIVERSITARIO SPORTIVO L'AQUILA ASS.SPORTIVA DILETTANTISTICA,Futsal (calcio da sala - calcio a 5),Futsal
coni:49,49,CENTRO UNIVERSITARIO SPORTIVO L'AQUILA ASS.SPORTIVA DILETTANTISTICA,Pallamano,Pallamano
coni:49,49,CENTRO UNIVERSITARIO SPORTIVO L'AQUILA ASS.SPORTIVA DILETTANTISTICA,Calcio (a 11),Calcio
coni:49,49,CENTRO UNIVERSITARIO SPORTIVO L'AQUILA ASS.SPORTIVA DILETTANTISTICA,Calcio (a 8),Calcio
coni:49,49,CENTRO UNIVERSITARIO SPORTIVO L'AQUILA ASS.SPORTIVA DILETTANTISTICA,Pallacanestro 3 contro 3,Basket
coni:49,49,CENTRO UNIVERSITARIO SPORTIVO L'AQUILA ASS.SPORTIVA DILETTANTISTICA,Pallacanestro,Basket
coni:49,49,CENTRO UNIVERSITARIO SPORTIVO L'AQUILA ASS.SPORTIVA DILETTANTISTICA,Pallavolo,Volley
coni:49027,49027,ASS. SPORTIVA DILETTANTANTISTICA CAPERANESE 2015,Calcio (a 11),Calcio
coni:49052,49052,S.S. GRANDUCATO - ASSOCIAZIONE SPORTIVA DILETTANTISTICA,Calcio (a 11),Calcio
coni:49150,49150,ASSOCIAZ-SOC.POLISPORTIVA ROVIGLIANO S.MICHELE ASD,Calcio (a 11),Calcio
coni:49150,49150,ASSOCIAZ-SOC.POLISPORTIVA ROVIGLIANO S.MICHELE ASD,Calcio (a 8),Calcio
coni:49150,49150,ASSOCIAZ-SOC.POLISPORTIVA ROVIGLIANO S.MICHELE ASD,Calcio (a 7),Calcio
coni:49159,49159,ASSOCIAZIONE SPORTIVA DILETTANTISTICA CASTIGLIONESE,Calcio (a 11),Calcio
coni:49170,49170,POLISPORTIVA VIRTUS SAN GIOVANNI BATTISTA ASSOCIAZIONE SPORTIVA DILETTANTISTICA,Futsal (calcio da sala - calcio a 5),Futsal
coni:49170,49170,POLISPORTIVA VIRTUS SAN GIOVANNI BATTISTA ASSOCIAZIONE SPORTIVA DILETTANTISTICA,Calcio (a 7),Calcio
coni:49195,49195,ASSOCIAZIONE SPORTIVA DILETTANTISTICA AMATORI SALINE,Calcio (a 11),Calcio
coni:4922,4922,A.S.D. ALTA HIRPINIA S.,Calcio (a 11),Calcio
coni:4922,4922,A.S.D. ALTA HIRPINIA S.,Calcio (a 8),Calcio
coni:4922,4922,A.S.D. ALTA HIRPINIA S.,Futsal (calcio da sala - calcio a 5),Futsal
coni:4922,4922,A.S.D. ALTA HIRPINIA S.,Calcio (a 7),Calcio
coni:49234,49234,ASSOCIAZ. CALCIO DILETTANTISTICA RIESE,Calcio (a 11),Calcio
coni:49289,49289,ASSOCIAZIONE SPORTIVA DILETTANTISTICA CALCIO SANTA VENERINA,Calcio (a 11),Calcio
coni:49295,49295,ASS.SPORT.DIL. F.C.PUNTESE,Calcio (a 11),Calcio
coni:4931,4931,ATLETICO PIOMBINO S.S.D.R.L.,Calcio (a 11),Calcio
coni:49348,49348,A.S.D. VINDEX GAETA,Calcio (a 11),Calcio
coni:4937,4937,S.A.S. CASARSA A.S.D.,Calcio (a 11),Calcio
coni:49407,49407,TIGERS PREALPI BIELLESI A.S.D.,Calcio (a 11),Calcio
coni:4941,4941,ASSOCIAZIONE SPORTIVA DILETTANTISTICA BREMBO 1970,Calcio (a 11),Calcio
coni:4941,4941,ASSOCIAZIONE SPORTIVA DILETTANTISTICA BREMBO 1970,Pallavolo,Volley
coni:49592,49592,A.S.D. SPORTING RIETI,Calcio (a 11),Calcio
coni:49592,49592,A.S.D. SPORTING RIETI,Calcio (a 8),Calcio
coni:49592,49592,A.S.D. SPORTING RIETI,Futsal (calcio da sala - calcio a 5),Futsal
coni:49592,49592,A.S.D. SPORTING RIETI,Calcio (a 7),Calcio
coni:49605,49605,ASSOCIAZIONE SPORTIVA DILETTANTISTICA VIRTUS MARTA,Calcio (a 11),Calcio
coni:49687,49687,ASSOCIAZIONE POLISPORTIVA CULTURALE E DILETTANTISTICA NUOVA TARAS,Calcio (a 11),Calcio
coni:49687,49687,ASSOCIAZIONE POLISPORTIVA CULTURALE E DILETTANTISTICA NUOVA TARAS,Calcio (a 8),Calcio
coni:49687,49687,ASSOCIAZIONE POLISPORTIVA CULTURALE E DILETTANTISTICA NUOVA TARAS,Futsal (calcio da sala - calcio a 5),Futsal
coni:49687,49687,ASSOCIAZIONE POLISPORTIVA CULTURALE E DILETTANTISTICA NUOVA TARAS,Calcio (a 7),Calcio
coni:49750,49750,"""GYM SPORT POINT - MOVIMENTO E BENESSERE"" ASD",Calcio (a 11),Calcio
coni:49758,49758,GOLFO PARADISO PRO RECCO CAMOGLI AVEGNO SOCIETA' SPORTIVA DILETTA NTISTICA A RESPONSABILITA' LIMITATA SENZA SCOPO DI LUCRO,Calcio (a 11),Calcio
coni:49761,49761,S.S.D. AMATRICE A R.L.,Calcio (a 11),Calcio
coni:49802,49802,SANREMESE CALCIO S.S.D.A R.L.,Calcio (a 11),Calcio
coni:4981,4981,ASSOCIAZIONE SPORTIVA DILETTANTISTICA FUTSAL SANGIOVANNESE,Futsal (calcio da sala - calcio a 5),Futsal
coni:49832,49832,A.S.D. SPORTING BOSCOREALE,Calcio (a 11),Calcio
coni:49835,49835,ASSOCIAZIONE SPORTIVA DILETTANTISTICA BORGOROSE 2014,Calcio (a 11),Calcio
coni:499,499,ASSOCIAZIONE CALCISTICA DILETTANTISTICA ALPES CESIO,Calcio (a 11),Calcio
coni:49902,49902,A.C.S.D. ETRA BARLETTA 2008,Calcio (a 11),Calcio
coni:49902,49902,A.C.S.D. ETRA BARLETTA 2008,Calcio (a 8),Calcio
coni:49902,49902,A.C.S.D. ETRA BARLETTA 2008,Futsal (calcio da sala - calcio a 5),Futsal
coni:49902,49902,A.C.S.D. ETRA BARLETTA 2008,Calcio (a 7),Calcio
coni:49946,49946,S.S.C. BOYS GRAGNANO 2010,Calcio (a 11),Calcio
coni:5012,5012,ASSOCIAZIONE SPORTIVA DILETTANTISTICA ATLETICO FRANCOFONTE,Calcio (a 11),Calcio
coni:50120,50120,A.S.D. FORTITUDO NEPI CALCIO,Calcio (a 11),Calcio
coni:5013,5013,A.S.D. ARQUATESE VALLI BORBERA,Calcio (a 11),Calcio
coni:50199,50199,ASD PROGETTO UOMO CANOSA,Calcio (a 11),Calcio
coni:50199,50199,ASD PROGETTO UOMO CANOSA,Calcio (a 8),Calcio
coni:50199,50199,ASD PROGETTO UOMO CANOSA,Futsal (calcio da sala - calcio a 5),Futsal
coni:50199,50199,ASD PROGETTO UOMO CANOSA,Calcio (a 7),Calcio
coni:50257,50257,ASD NICOLA DE SIMONE,Calcio (a 11),Calcio
coni:50257,50257,ASD NICOLA DE SIMONE,Calcio (a 8),Calcio
coni:50257,50257,ASD NICOLA DE SIMONE,Futsal (calcio da sala - calcio a 5),Futsal
coni:50257,50257,ASD NICOLA DE SIMONE,Calcio (a 7),Calcio
coni:5026,5026,A.S.D. VALFOGLIA TAVOLETO,Calcio (a 11),Calcio
coni:50298,50298,ASSOCIAZIONE CALCISTICA DILETTANTISTICA ROBEGANESE FULGOR SALZANO,Calcio (a 11),Calcio
coni:50306,50306,A.S.D. VICTOR ANDRIA,Calcio (a 11),Calcio
coni:50316,50316,A.S.D. POLISPORTIVA D.VIRTUS ANDRIA,Calcio (a 11),Calcio
coni:50316,50316,A.S.D. POLISPORTIVA D.VIRTUS ANDRIA,Futsal (calcio da sala - calcio a 5),Futsal
coni:50316,50316,A.S.D. POLISPORTIVA D.VIRTUS ANDRIA,Calcio (a 7),Calcio
coni:5032,5032,ASSOCIAZIONE CALCIO LOGRATO,Calcio (a 11),Calcio
coni:50326,50326,ASSOCIAZIONE SPORTIVA DILETTANTISTICA SPIRITO SANTO BARLETTA,Calcio (a 11),Calcio
coni:5033,5033,ASSOCIAZIONE SPORTIVA DILETTANTISTICA VILLAGGIO CALCIO,Calcio (a 11),Calcio
coni:50380,50380,A.S.D. VIRTUS SANREMESE CALCIO,Calcio (a 11),Calcio
coni:50428,50428,A.S.D. GINESTRA 2002,Calcio (a 11),Calcio
coni:50428,50428,A.S.D. GINESTRA 2002,Calcio (a 8),Calcio
coni:50428,50428,A.S.D. GINESTRA 2002,Calcio (a 7),Calcio
coni:5044,5044,ASD SERENISSIMA 1918,Calcio (a 11),Calcio
coni:5044,5044,ASD SERENISSIMA 1918,Calcio (a 7),Calcio
coni:5044,5044,ASD SERENISSIMA 1918,Pallacanestro,Basket
coni:5044,5044,ASD SERENISSIMA 1918,Pallavolo,Volley
coni:50517,50517,ASS.NE SPORT.DILETTANTISTICA SAVINO SOCCER,Calcio (a 11),Calcio
coni:50534,50534,A.S.D. ATLETICO SANT'AGATA,Calcio (a 11),Calcio
coni:50534,50534,A.S.D. ATLETICO SANT'AGATA,Calcio (a 8),Calcio
coni:50534,50534,A.S.D. ATLETICO SANT'AGATA,Calcio (a 7),Calcio
coni:5054,5054,GIOVENTU' SPORTIVA DILETTANTISTICA PIANOSCARANO 1949,Calcio (a 11),Calcio
coni:5062,5062,A.S.D. ATLETICO QUARTO,Calcio (a 11),Calcio
coni:50682,50682,ASD JB AQUILOTTI S.MARIA,Calcio (a 11),Calcio
coni:50682,50682,ASD JB AQUILOTTI S.MARIA,Calcio (a 8),Calcio
coni:50682,50682,ASD JB AQUILOTTI S.MARIA,Calcio (a 7),Calcio
coni:50746,50746,ASD DIIAVOLI ROSSI ASSOCIAZIONE SPORTIVA DILETTANTISTICA,Calcio (a 11),Calcio
coni:50746,50746,ASD DIIAVOLI ROSSI ASSOCIAZIONE SPORTIVA DILETTANTISTICA,Calcio (a 7),Calcio
coni:50746,50746,ASD DIIAVOLI ROSSI ASSOCIAZIONE SPORTIVA DILETTANTISTICA,Calcio (a 8),Calcio
coni:50746,50746,ASD DIIAVOLI ROSSI ASSOCIAZIONE SPORTIVA DILETTANTISTICA,Futsal (calcio da sala - calcio a 5),Futsal
coni:50752,50752,USD NUOVA SPINAZZOLA,Calcio (a 11),Calcio
coni:50764,50764,A.S.D. CANOSA A5,Futsal (calcio da sala - calcio a 5),Futsal
coni:50782,50782,A.S.D. JUNIOR SOCCER,Calcio (a 11),Calcio
coni:50784,50784,POLISPORTIVA SALESIANI VALLECROSIA DON BOSCO - ASSOCIAZIONE SPORTIVA DILETTANTISTICA,Calcio (a 11),Calcio
coni:509,509,UNIONE SPORTIVA DELEBIO ASD,Calcio (a 11),Calcio
coni:509,509,UNIONE SPORTIVA DELEBIO ASD,Rugby a 7,Rugby
coni:509,509,UNIONE SPORTIVA DELEBIO ASD,Rugby a 15,Rugby
coni:509,509,UNIONE SPORTIVA DELEBIO ASD,Pallavolo,Volley
coni:509,509,UNIONE SPORTIVA DELEBIO ASD,Pallacanestro,Basket
coni:50930,50930,ASSOCIAZIONE SPORTIVA DILETTANTISTICA SPORT SPINAZZOLA,Calcio (a 11),Calcio
coni:50937,50937,FUTSAL ANDRIA,Futsal (calcio da sala - calcio a 5),Futsal
coni:50966,50966,A.S.D. CASTIGLIONE CALCIO,Calcio (a 11),Calcio
coni:5106,5106,A.S.D. CASTELPOTO,Calcio (a 11),Calcio
coni:51105,51105,ASSOCIAZIONE SPORTIVA DILETTANTISTICA ERACLIO CALCIO A 5,Futsal (calcio da sala - calcio a 5),Futsal
coni:51124,51124,ASSOCIAZIONE SPORTIVA DILETTANTISTICA BUON PASTORE,Calcio (a 11),Calcio
coni:51124,51124,ASSOCIAZIONE SPORTIVA DILETTANTISTICA BUON PASTORE,Calcio (a 8),Calcio
coni:51124,51124,ASSOCIAZIONE SPORTIVA DILETTANTISTICA BUON PASTORE,Futsal (calcio da sala - calcio a 5),Futsal
coni:51124,51124,ASSOCIAZIONE SPORTIVA DILETTANTISTICA BUON PASTORE,Calcio (a 7),Calcio
coni:5115,5115,A.S.D. CAPODARCO CALCIO,Calcio (a 11),Calcio
coni:51189,51189,ASD CANUSIUM CALCIO,Calcio (a 11),Calcio
coni:512,512,A.S.D. SERRICCIOLO,Calcio (a 11),Calcio
coni:51238,51238,A.S.D. MAREMMANA 1934,Calcio (a 11),Calcio
coni:5128,5128,SPORTING TAGGIA SANREMO ASSOCIAZIONE SPORTIVA DILETTANTISTICA,Calcio (a 11),Calcio
coni:51299,51299,ASD POLISPORTIVA BASSANO ROMANO,Calcio (a 11),Calcio
coni:51387,51387,A.S.D. F.C. SASSACCI,Calcio (a 11),Calcio
coni:5142,5142,FORZA E CORAGGIO AVEZZANO ASD,Calcio (a 11),Calcio
coni:5147,5147,A.S.C.D VECCHIO CASTAGNA QUARTO,Calcio (a 11),Calcio
coni:5147,5147,A.S.C.D VECCHIO CASTAGNA QUARTO,Calcio (a 7),Calcio
coni:51479,51479,ASD SORIANESE,Calcio (a 11),Calcio
coni:5149,5149,U.S. DILETTANTISTICA GOTICO GARIBALDINA,Calcio (a 11),Calcio
coni:5155,5155,ASSOCIAZIONE SPORTIVA DILETTANTISTICA PRIMOGENITA,Calcio (a 11),Calcio
coni:51553,51553,A.S.D. TARKNA 2017,Calcio (a 11),Calcio
coni:5167,5167,ASSOCIAZIONE SPORTIVA DILETTANTISTICA PRATA CALCIO,Calcio (a 11),Calcio
coni:5184,5184,NOTARESCO CALCIO 1924 SRL SSD SENZA FINI DI LUCRO,Calcio (a 11),Calcio
coni:51857,51857,A.F. ARSENAL-TARANTO A.S.D.,Calcio (a 11),Calcio
coni:51857,51857,A.F. ARSENAL-TARANTO A.S.D.,Calcio (a 8),Calcio
coni:51857,51857,A.F. ARSENAL-TARANTO A.S.D.,Futsal (calcio da sala - calcio a 5),Futsal
coni:51857,51857,A.F. ARSENAL-TARANTO A.S.D.,Calcio (a 7),Calcio
coni:51899,51899,A.S.D. FIESSO D'ARTICO 1957,Calcio (a 11),Calcio
coni:52075,52075,QUOS APPELLARI NON LICET SOCIETA' SPORTIVA DILETTANTISTICA A RESP ONSABILITA' LIMITATA,Futsal (calcio da sala - calcio a 5),Futsal
coni:5208,5208,ASSOCIAZIONE SPORTIVA DILETTANTISTICA FC VIGLIANO POLISPORTIVA,Calcio (a 11),Calcio
coni:5209,5209,ASSOCIAZIONE SPORTIVA DILETTANTISTICA PIEVE 010,Calcio (a 11),Calcio
coni:5215,5215,ASS. SPORT. DILETT. ATLETICO 2001,Futsal (calcio da sala - calcio a 5),Futsal
coni:5215,5215,ASS. SPORT. DILETT. ATLETICO 2001,Calcio (a 11),Calcio
coni:5222,5222,ASSOCIAZIONE SPORTIVA DILETTANTISTICA S.S.C. LA PINETA,Calcio (a 11),Calcio
coni:52286,52286,A.S.D. MIRANO C5,Futsal (calcio da sala - calcio a 5),Futsal
coni:52386,52386,U.S.D. REAL PALAGIANO ASSOCIAZIONE SPORTIVA DILETTANTISTICA,Calcio (a 11),Calcio
coni:52386,52386,U.S.D. REAL PALAGIANO ASSOCIAZIONE SPORTIVA DILETTANTISTICA,Calcio (a 8),Calcio
coni:52386,52386,U.S.D. REAL PALAGIANO ASSOCIAZIONE SPORTIVA DILETTANTISTICA,Futsal (calcio da sala - calcio a 5),Futsal
coni:52386,52386,U.S.D. REAL PALAGIANO ASSOCIAZIONE SPORTIVA DILETTANTISTICA,Calcio (a 7),Calcio
coni:52395,52395,A.S.D. NOVELLINO CALCIO PULSANO,Calcio (a 11),Calcio
coni:52395,52395,A.S.D. NOVELLINO CALCIO PULSANO,Calcio (a 8),Calcio
coni:52395,52395,A.S.D. NOVELLINO CALCIO PULSANO,Futsal (calcio da sala - calcio a 5),Futsal
coni:52395,52395,A.S.D. NOVELLINO CALCIO PULSANO,Calcio (a 7),Calcio
coni:5263,5263,UNIONE SPORTIVA RENO MOLINELLA 1911 A.S.D.,Calcio (a 11),Calcio
coni:5263,5263,UNIONE SPORTIVA RENO MOLINELLA 1911 A.S.D.,Calcio (a 7),Calcio
coni:52681,52681,ASSOCIAZIONE POL D MOTTOLA,Calcio (a 11),Calcio
coni:52681,52681,ASSOCIAZIONE POL D MOTTOLA,Futsal (calcio da sala - calcio a 5),Futsal
coni:52681,52681,ASSOCIAZIONE POL D MOTTOLA,Calcio (a 7),Calcio
coni:52693,52693,A.S.D. NEW TARANTO A 5,Futsal (calcio da sala - calcio a 5),Futsal
coni:5282,5282,ASS.SPORT.DILET.GIESSE BARGA 1985,Calcio (a 11),Calcio
coni:5296,5296,S.C.DRIBBLING ASS.NE SPORTIVA DILETTANTE,Calcio (a 11),Calcio
coni:52977,52977,ASD DELFINI JONICI CALCIO,Calcio (a 11),Calcio
coni:52977,52977,ASD DELFINI JONICI CALCIO,Calcio (a 8),Calcio
coni:52977,52977,ASD DELFINI JONICI CALCIO,Futsal (calcio da sala - calcio a 5),Futsal
coni:52977,52977,ASD DELFINI JONICI CALCIO,Calcio (a 7),Calcio
coni:52993,52993,UNIONE SPORTIVA SAN FIORANO,Calcio (a 11),Calcio
coni:52996,52996,POLISPORTIVA CASELLE LANDI A.S.D.,Calcio (a 11),Calcio
coni:52996,52996,POLISPORTIVA CASELLE LANDI A.S.D.,Pallavolo,Volley
coni:53,53,CRAL ENRICO MATTEI ASSOCIAZIONE SPORTIVA DILETTANTISTICA,Calcio (a 11),Calcio
coni:53,53,CRAL ENRICO MATTEI ASSOCIAZIONE SPORTIVA DILETTANTISTICA,Pallacanestro,Basket
coni:53,53,CRAL ENRICO MATTEI ASSOCIAZIONE SPORTIVA DILETTANTISTICA,Futsal (calcio da sala - calcio a 5),Futsal
coni:53,53,CRAL ENRICO MATTEI ASSOCIAZIONE SPORTIVA DILETTANTISTICA,Pallavolo,Volley
coni:53,53,CRAL ENRICO MATTEI ASSOCIAZIONE SPORTIVA DILETTANTISTICA,Baseball - Softball,Baseball
coni:53034,53034,G.S.D. ORATORIO BREMBIO,Calcio (a 11),Calcio
coni:53040,53040,A.S.D. RED BULLS C5,Futsal (calcio da sala - calcio a 5),Futsal
coni:53056,53056,A.S.D. CASTELNOVESE,Calcio (a 11),Calcio
coni:53103,53103,CALCIO ROMAGNANO A.S.D.,Calcio (a 11),Calcio
coni:53112,53112,UNIONE SPORTIVA LOTZORAI A S D,Calcio (a 11),Calcio
coni:53119,53119,"ASSOCIAZIONE CALCIO DILETTANTISTICA ""LA ROCCA-MONSELICE""",Calcio (a 11),Calcio
coni:5312,5312,ASD SCUOLACALCIOASTIGIANA ASTI,Calcio (a 11),Calcio
coni:53129,53129,UNIONE SPORTIVA COSIO VALTELLINO A.S.D.,Calcio (a 11),Calcio
coni:53154,53154,POLISPORTIVA SUTERA ASSOCIAZIONE SPORTIVA DILETTANTISTICA,Calcio (a 11),Calcio
coni:53162,53162,A.S.D. RIVOLTANA CALCIO,Calcio (a 11),Calcio
coni:53164,53164,ASSOCIAZIONE SPORTIVA DILETTANTISTICA SADALI,Calcio (a 11),Calcio
coni:532,532,ASSOCIAZIONE SPORTIVA DILETTANTISTICA MORI S. STEFANO,Calcio (a 11),Calcio
coni:532,532,ASSOCIAZIONE SPORTIVA DILETTANTISTICA MORI S. STEFANO,Pallavolo,Volley
coni:53208,53208,ASD POLISPORTIVA MONSANO,Calcio (a 11),Calcio
coni:53224,53224,ASSOCIAZIONE SPORTIVA DILETTANTISTICA CALCIO MOLINARA,Calcio (a 11),Calcio
coni:53228,53228,ASD FASSA CALCIO,Calcio (a 11),Calcio
coni:53236,53236,POLISPORTIVA TAMAI A.S.D.,Calcio (a 11),Calcio
coni:53236,53236,POLISPORTIVA TAMAI A.S.D.,Pallavolo,Volley
coni:53243,53243,ASSOCIAZIONE POLISPORTIVA ULASSAI,Calcio (a 11),Calcio
coni:53249,53249,UNIONE SPORTIVA DILETTANTISTICA PORTO LEGNAGO,Calcio (a 11),Calcio
coni:53249,53249,UNIONE SPORTIVA DILETTANTISTICA PORTO LEGNAGO,Futsal (calcio da sala - calcio a 5),Futsal
coni:53261,53261,A.C. ESTE SOCIETA' SPORTIVA DILETTANTISTICA A RESPONSABILITA' LIMITATA,Calcio (a 11),Calcio
coni:53293,53293,A.S.D. SAN PIO X LUCERA,Calcio (a 11),Calcio
coni:53300,53300,A.S.D. CUPRAMONTANA ''G. IPPOLITI'',Calcio (a 11),Calcio
coni:53303,53303,GRUPPO SPORTIVO MEDOLAGO,Calcio (a 11),Calcio
coni:53306,53306,ASSOCIAZIONE SPORTIVA DILETTANTISTICA ANTIVAN,Calcio (a 11),Calcio
coni:5332,5332,ASD POLISPORTIVA PRATONORD ASSOCIAZIONE SPORTIVA DILETTANTISTICA,Calcio (a 11),Calcio
coni:53326,53326,"""A.S.D. APPIA DON BOSCO BRINDISI""",Calcio (a 11),Calcio
coni:53326,53326,"""A.S.D. APPIA DON BOSCO BRINDISI""",Calcio (a 8),Calcio
coni:53326,53326,"""A.S.D. APPIA DON BOSCO BRINDISI""",Futsal (calcio da sala - calcio a 5),Futsal
coni:53326,53326,"""A.S.D. APPIA DON BOSCO BRINDISI""",Calcio (a 7),Calcio
coni:53331,53331,ASSOCIAZIONE SPORTIVA DILETTANTISTICA POLISPORTIVA BOEO,Calcio (a 11),Calcio
coni:53331,53331,ASSOCIAZIONE SPORTIVA DILETTANTISTICA POLISPORTIVA BOEO,Beach Soccer,Calcio
coni:53331,53331,ASSOCIAZIONE SPORTIVA DILETTANTISTICA POLISPORTIVA BOEO,Futsal (calcio da sala - calcio a 5),Futsal
coni:53331,53331,ASSOCIAZIONE SPORTIVA DILETTANTISTICA POLISPORTIVA BOEO,Calcio (a 7),Calcio
coni:53345,53345,A.S.D. BORGO MINONNA,Calcio (a 11),Calcio
coni:5338,5338,A.S.D. JUNIOR FIORANO,Calcio (a 11),Calcio
coni:5338,5338,A.S.D. JUNIOR FIORANO,Futsal (calcio da sala - calcio a 5),Futsal
coni:5338,5338,A.S.D. JUNIOR FIORANO,Calcio (a 7),Calcio
coni:53385,53385,"ASSOCIAZ CULTURALE SPORTIVA DILETTANTISTICA ""MONTE MARENZO""",Calcio (a 11),Calcio
coni:53386,53386,S.S. DILETTANTISTICA BELLARIVA V,Calcio (a 11),Calcio
coni:53396,53396,ASD POLISPORTIVA GARIBALDINA,Calcio (a 11),Calcio
coni:53396,53396,ASD POLISPORTIVA GARIBALDINA,Calcio (a 8),Calcio
coni:53396,53396,ASD POLISPORTIVA GARIBALDINA,Futsal (calcio da sala - calcio a 5),Futsal
coni:53396,53396,ASD POLISPORTIVA GARIBALDINA,Calcio (a 7),Calcio
coni:53397,53397,ASSOCIAZIONE SPORTIVA DILETTANTISTICA U.S. BARI SARDO CALCIO 1971,Calcio (a 11),Calcio
coni:53403,53403,UNIONE SPORTIVA DILETTANTISTICA CANALETTO SEPOR,Calcio (a 11),Calcio
coni:53427,53427,AMATEURSPORTVEREIN BURGSTALL/RAIKA,Calcio (a 11),Calcio
coni:53448,53448,POLISPORTIVA DILETTANTISTICA LASCARI,Calcio (a 11),Calcio
coni:53488,53488,A.S.D. VIS CERRATINA,Calcio (a 11),Calcio
coni:53556,53556,A.S.D. GRUPPO SPORTIVO DILETTANTISTICO FIDES,Calcio (a 11),Calcio
coni:5356,5356,ASS. SPORT. DILETT. CIRCOLO ALFIO PIZZI 1992,Calcio (a 11),Calcio
coni:5356,5356,ASS. SPORT. DILETT. CIRCOLO ALFIO PIZZI 1992,Calcio (a 7),Calcio
coni:53588,53588,U.S. DYNAMO VELLAI A.S.D.,Calcio (a 11),Calcio
coni:53685,53685,U.S. AURORA PITIGLIANO,Calcio (a 11),Calcio
coni:537,537,SOCIETA' SPORTIVA SCHIETI ASD,Calcio (a 11),Calcio
coni:5370,5370,ASD TORNEO INTERNAZIONALE GIOVANISSIMI ASSOC.SPORTIVA DILET.,Calcio (a 11),Calcio
coni:5370,5370,ASD TORNEO INTERNAZIONALE GIOVANISSIMI ASSOC.SPORTIVA DILET.,Futsal (calcio da sala - calcio a 5),Futsal
coni:5370,5370,ASD TORNEO INTERNAZIONALE GIOVANISSIMI ASSOC.SPORTIVA DILET.,Pallavolo,Volley
coni:5372,5372,A.S.D. PRO RAGUSA,Calcio (a 11),Calcio
coni:5372,5372,A.S.D. PRO RAGUSA,Futsal (calcio da sala - calcio a 5),Futsal
coni:53729,53729,UNIONE SPORTIVA DILETTANTISTICA FEZZANESE,Calcio (a 11),Calcio
coni:5374,5374,TAU CALCIO ALTOPASCIO SOCIETA' SPORTIVA DIL A RL,Calcio (a 11),Calcio
coni:53809,53809,ASD AUTOVIP SAN MAURO CALCIO,Calcio (a 11),Calcio
coni:53816,53816,CALCIO VERCURAGO ASSOCIAZIONE SPORTIVA DILETTANTISTICA,Calcio (a 11),Calcio
coni:53846,53846,A.S.D. KASMENE,Calcio (a 11),Calcio
coni:53888,53888,ASSOCIAZIONE SPORTIVA DILETTANTISTICA GALEAZZA,Calcio (a 11),Calcio
coni:5391,5391,POLISPORTIVA CELLENO,Calcio (a 11),Calcio
coni:53938,53938,A.S.D. MORSANO AL TAGLIAMENTO,Calcio (a 11),Calcio
coni:54052,54052,FOOTBALL CLUB VALSESSERA A.S.D.,Calcio (a 11),Calcio
coni:54073,54073,CSI GAUDIO ASSOCIAZIONE SPORTIVA DILETTANTISTICA,Futsal (calcio da sala - calcio a 5),Futsal
coni:54077,54077,ASD U.S. ARDENNO BUGLIO,Calcio (a 11),Calcio
coni:54077,54077,ASD U.S. ARDENNO BUGLIO,Futsal (calcio da sala - calcio a 5),Futsal
coni:54077,54077,ASD U.S. ARDENNO BUGLIO,Calcio (a 7),Calcio
coni:5409,5409,U.P.D. VIGOLZONE 1968 A.S.D. ASSOCIAZIONE SPORTIVA DILETTANTISTICA,Calcio (a 11),Calcio
coni:54122,54122,ASSOCIAZIONE SPORTIVA DILETTANTISTICA GORDIGE CALCIO RAGAZZE,Calcio (a 11),Calcio
coni:542,542,U.S. BORMIESE CALCIO A.S.D.,Calcio (a 11),Calcio
coni:54231,54231,ASSOCIAZIONE SPORTIVA DILETTANTISTICA POLISPORTIVA GRAMMICHELE,Calcio (a 11),Calcio
coni:54231,54231,ASSOCIAZIONE SPORTIVA DILETTANTISTICA POLISPORTIVA GRAMMICHELE,Futsal (calcio da sala - calcio a 5),Futsal
coni:54231,54231,ASSOCIAZIONE SPORTIVA DILETTANTISTICA POLISPORTIVA GRAMMICHELE,Calcio (a 7),Calcio
coni:54231,54231,ASSOCIAZIONE SPORTIVA DILETTANTISTICA POLISPORTIVA GRAMMICHELE,Pallacanestro,Basket
coni:54231,54231,ASSOCIAZIONE SPORTIVA DILETTANTISTICA POLISPORTIVA GRAMMICHELE,Pallavolo,Volley
coni:54238,54238,A.S.D. CALCIO VITTORIA,Calcio (a 11),Calcio
coni:54238,54238,A.S.D. CALCIO VITTORIA,Calcio (a 8),Calcio
coni:54238,54238,A.S.D. CALCIO VITTORIA,Futsal (calcio da sala - calcio a 5),Futsal
coni:54238,54238,A.S.D. CALCIO VITTORIA,Calcio (a 7),Calcio
coni:5425,5425,A.S.D. UNIONE SPORTIVA DOLCEACQUA,Calcio (a 11),Calcio
coni:5425,5425,A.S.D. UNIONE SPORTIVA DOLCEACQUA,Calcio (a 8),Calcio
coni:5425,5425,A.S.D. UNIONE SPORTIVA DOLCEACQUA,Beach Soccer,Calcio
coni:5425,5425,A.S.D. UNIONE SPORTIVA DOLCEACQUA,Futsal (calcio da sala - calcio a 5),Futsal
coni:5425,5425,A.S.D. UNIONE SPORTIVA DOLCEACQUA,Calcio (a 7),Calcio
coni:54252,54252,ASSOCIAZIONE SPORTIVA DILETTANTISTICA SPORTING PATERNOPOLI,Calcio (a 11),Calcio
coni:54252,54252,ASSOCIAZIONE SPORTIVA DILETTANTISTICA SPORTING PATERNOPOLI,Futsal (calcio da sala - calcio a 5),Futsal
coni:54252,54252,ASSOCIAZIONE SPORTIVA DILETTANTISTICA SPORTING PATERNOPOLI,Calcio (a 7),Calcio
coni:54252,54252,ASSOCIAZIONE SPORTIVA DILETTANTISTICA SPORTING PATERNOPOLI,Calcio (a 8),Calcio
coni:54252,54252,ASSOCIAZIONE SPORTIVA DILETTANTISTICA SPORTING PATERNOPOLI,Beach Soccer,Calcio
coni:5426,5426,O.M.I. ACADEMY CIRCOLO ANSPI ASD APS ETS,Calcio (a 11),Calcio
coni:5426,5426,O.M.I. ACADEMY CIRCOLO ANSPI ASD APS ETS,Futsal (calcio da sala - calcio a 5),Futsal
coni:5426,5426,O.M.I. ACADEMY CIRCOLO ANSPI ASD APS ETS,Calcio (a 7),Calcio
coni:5426,5426,O.M.I. ACADEMY CIRCOLO ANSPI ASD APS ETS,Pallacanestro,Basket
coni:5426,5426,O.M.I. ACADEMY CIRCOLO ANSPI ASD APS ETS,Pallavolo,Volley
coni:54277,54277,A.S.D. MONTEFIORE,Calcio (a 11),Calcio
coni:54406,54406,POLISPORTIVA DILETT. ELBA 97,Futsal (calcio da sala - calcio a 5),Futsal
coni:54455,54455,ASD PROCALCIO JUNIOR CASTEL DI SANGRO,Calcio (a 11),Calcio
coni:54558,54558,UNIONE SPORTIVA DILETTANTISTICA S. LAZZARO A. FARNESIANA,Calcio (a 11),Calcio
coni:54570,54570,ASD REAL LIONS,Calcio (a 11),Calcio
coni:54600,54600,"GRUPPO SPORTIVO ""ARCI"" PIANAZZE",Calcio (a 11),Calcio
coni:54670,54670,ASSOCIAZIONE SPORTIVA DILETTANTISTICA CALCIO VALCHIAVENNA,Futsal (calcio da sala - calcio a 5),Futsal
coni:54670,54670,ASSOCIAZIONE SPORTIVA DILETTANTISTICA CALCIO VALCHIAVENNA,Calcio (a 7),Calcio
coni:54670,54670,ASSOCIAZIONE SPORTIVA DILETTANTISTICA CALCIO VALCHIAVENNA,Calcio (a 11),Calcio
coni:54670,54670,ASSOCIAZIONE SPORTIVA DILETTANTISTICA CALCIO VALCHIAVENNA,Pallavolo,Volley
coni:54690,54690,A.S.D. BEAVERS,Calcio (a 11),Calcio
coni:54690,54690,A.S.D. BEAVERS,Pallacanestro,Basket
coni:547,547,U.S. BASSA ANAUNIA A.S.D.,Calcio (a 11),Calcio
coni:5474,5474,F.C. OLYMPIA ROVERETO ASSOCIAZIONE SPORTIVA DILETTANTISTICA,Futsal (calcio da sala - calcio a 5),Futsal
coni:54740,54740,ACADEMY LEGNAGO V.,Calcio (a 11),Calcio
coni:54762,54762,G.S.P. VIGO,Calcio (a 11),Calcio
coni:5481,5481,A.C.D. BOARA POLESINE,Calcio (a 11),Calcio
coni:5486,5486,ASSOCUIAZIONE SPORTIVA DILETTANTISTICA PRATO SPORTN A.C.F.,Calcio (a 11),Calcio
coni:54905,54905,POLISPORTIVA CIVITAS ASSOCIAZIONE SPORTIVA DILETTANTI,Calcio (a 11),Calcio
coni:54907,54907,A.S.D. STELLA AZZURRA,Calcio (a 11),Calcio
coni:54907,54907,A.S.D. STELLA AZZURRA,Futsal (calcio da sala - calcio a 5),Futsal
coni:54933,54933,ASSOCIAZIONE SPORTIVA DILETTANTISTICA AZZURRA,Calcio (a 11),Calcio
coni:5495,5495,A.S.D. PONTEROSSO CALCIO,Calcio (a 11),Calcio
coni:5495,5495,A.S.D. PONTEROSSO CALCIO,Calcio (a 8),Calcio
coni:5495,5495,A.S.D. PONTEROSSO CALCIO,Beach Soccer,Calcio
coni:5495,5495,A.S.D. PONTEROSSO CALCIO,Futsal (calcio da sala - calcio a 5),Futsal
coni:5495,5495,A.S.D. PONTEROSSO CALCIO,Calcio (a 7),Calcio
coni:54990,54990,"""ASSOCIAZIONE SPORTIVA DILETTANTISTICA REAL ALIFE""",Calcio (a 11),Calcio
coni:54990,54990,"""ASSOCIAZIONE SPORTIVA DILETTANTISTICA REAL ALIFE""",Futsal (calcio da sala - calcio a 5),Futsal
coni:54990,54990,"""ASSOCIAZIONE SPORTIVA DILETTANTISTICA REAL ALIFE""",Calcio (a 7),Calcio
coni:54998,54998,U. S. DILETTANTISTICA MONSUMMANO CALCIO A CINQUE,Futsal (calcio da sala - calcio a 5),Futsal
coni:54998,54998,U. S. DILETTANTISTICA MONSUMMANO CALCIO A CINQUE,Calcio (a 7),Calcio
coni:55099,55099,A.S.D. FAIR PLAY,Calcio (a 11),Calcio
coni:55099,55099,A.S.D. FAIR PLAY,Calcio (a 8),Calcio
coni:55099,55099,A.S.D. FAIR PLAY,Futsal (calcio da sala - calcio a 5),Futsal
coni:55099,55099,A.S.D. FAIR PLAY,Calcio (a 7),Calcio
coni:55150,55150,ASSOCIAZIONE SPORTIVA DILETTANTISTICA MOMBERCELLI,Calcio (a 11),Calcio
coni:5525,5525,ASSOC. SPORT. DILETT. UNIONE PIAZZA IMMACOLATA,Calcio (a 11),Calcio
coni:55303,55303,ASSOCIAZIONE DILETTANTISTICA POLISPORTIVA CASTAGNOLESE ASD,Calcio (a 11),Calcio
coni:55310,55310,UNIONE SPORT.DILETTANTISTICA FURLO,Calcio (a 11),Calcio
coni:5533,5533,FDC BRACCAGNI,Calcio (a 11),Calcio
coni:55332,55332,SPORT CLUB DILETTANTISTICA PROGRESSO,Calcio (a 11),Calcio
coni:55396,55396,ASD FORIO CALCIO,Futsal (calcio da sala - calcio a 5),Futsal
coni:55414,55414,ASSOCIAZIONE SPORTIVA DILETTANTISTICA G.S. MONTERAPPOLI,Calcio (a 11),Calcio
coni:55427,55427,U.S. VIRTUS CALCIO POGGIBONSI ASD,Futsal (calcio da sala - calcio a 5),Futsal
coni:55442,55442,ASSOCIAZ. SPORTIVA DILETTANTISTICA CE.D.A.S. AVIO BRINDISI,Calcio (a 11),Calcio
coni:55479,55479,A. S. D. POLISPORTIVA GAIRO,Calcio (a 11),Calcio
coni:55490,55490,ASD PROGETTO CAMPIDANESE DLF,Calcio (a 11),Calcio
coni:55736,55736,A.S.D. ACCADEMIA BORGOMANERO1961,Calcio (a 11),Calcio
coni:5578,5578,ASSOCIAZIONE SPORTIVA DILETTANTISTICA POLLONE,Calcio (a 11),Calcio
coni:55783,55783,TABOR ASSOCIAZIONE SPORTIVA DILETTANTISTICA,Futsal (calcio da sala - calcio a 5),Futsal
coni:55799,55799,ASSOCIAZIONE SPORTIVA DILETTANTISTICA C'E' CHI CIAK,Futsal (calcio da sala - calcio a 5),Futsal
coni:5580,5580,A.S.D.NAGO TORBOLE A.C.,Calcio (a 11),Calcio
coni:5589,5589,ASSOCIAZIONE SPORTIVA DILETTANTISTICA ACCADEMIA VALSERIANA A.S.D. ACCADEMIA VALSERIANA,Calcio (a 11),Calcio
coni:55904,55904,ASSOCIAZIONE SPORTIVA DILETTANTISTICA BANDITO SPORTGENTE,Calcio (a 11),Calcio
coni:55904,55904,ASSOCIAZIONE SPORTIVA DILETTANTISTICA BANDITO SPORTGENTE,Futsal (calcio da sala - calcio a 5),Futsal
coni:55904,55904,ASSOCIAZIONE SPORTIVA DILETTANTISTICA BANDITO SPORTGENTE,Pallavolo,Volley
coni:55920,55920,ASSOCIAZIONE SPORTIVA DILETTANTISTICA SUPERGIOVANE CASTELBUONO,Calcio (a 11),Calcio
coni:55967,55967,A.S.D. BARRESE,Calcio (a 11),Calcio
coni:55967,55967,A.S.D. BARRESE,Futsal (calcio da sala - calcio a 5),Futsal
coni:56030,56030,A.P.D. LF JESINA AURORA,Calcio (a 11),Calcio
coni:56115,56115,CORAZZANO ASSOCIAZIONE SPORTIVA DILETTANTISTICA,Calcio (a 11),Calcio
coni:56115,56115,CORAZZANO ASSOCIAZIONE SPORTIVA DILETTANTISTICA,Calcio (a 7),Calcio
coni:56291,56291,POLISPORTIVA ORATORIO PIER GIORGIO FRASSATI ASSOCIAZIONE SPORTIVA DILETTANTISTICA,Calcio (a 11),Calcio
coni:56291,56291,POLISPORTIVA ORATORIO PIER GIORGIO FRASSATI ASSOCIAZIONE SPORTIVA DILETTANTISTICA,Calcio (a 7),Calcio
coni:56366,56366,A.S.D. VIRTUS VILLAMAR,Calcio (a 11),Calcio
coni:56387,56387,A.S. PONTE 2000 A.S.D.,Calcio (a 11),Calcio
coni:5644,5644,FORCOLI 1921 VALDERA S.S.D. A RL,Calcio (a 11),Calcio
coni:5653,5653,ASD ZAMBRA CALCIO,Calcio (a 11),Calcio
coni:566,566,ASSOCIAZIONE SPORTIVA DILETTANTISTICA ATLETICO CARRARA DEI MARMI,Calcio (a 11),Calcio
coni:5660,5660,ASSOCIAZIONE SPORTIVA DILETTANTISTICA FARNETUM,Calcio (a 11),Calcio
coni:5660,5660,ASSOCIAZIONE SPORTIVA DILETTANTISTICA FARNETUM,Calcio (a 8),Calcio
coni:5660,5660,ASSOCIAZIONE SPORTIVA DILETTANTISTICA FARNETUM,Futsal (calcio da sala - calcio a 5),Futsal
coni:5660,5660,ASSOCIAZIONE SPORTIVA DILETTANTISTICA FARNETUM,Calcio (a 7),Calcio
coni:5660,5660,ASSOCIAZIONE SPORTIVA DILETTANTISTICA FARNETUM,Pallavolo,Volley
coni:56610,56610,ASSOCIAZIONE SPORTIVA DILETTANTISTICA VENERI CALCIO,Calcio (a 11),Calcio
coni:56637,56637,ASSOCIAZIONE SPORTIVA DILETTANTISTCA VIDEOTON CREMA C5,Futsal (calcio da sala - calcio a 5),Futsal
coni:56637,56637,ASSOCIAZIONE SPORTIVA DILETTANTISTCA VIDEOTON CREMA C5,Calcio (a 11),Calcio
coni:56653,56653,A.S.D. SS. PIETRO E PAOLO,Calcio (a 11),Calcio
coni:56653,56653,A.S.D. SS. PIETRO E PAOLO,Futsal (calcio da sala - calcio a 5),Futsal
coni:56653,56653,A.S.D. SS. PIETRO E PAOLO,Calcio (a 7),Calcio
coni:56699,56699,ASSOCIAZIONE SPORTIVA DILETTANTISTICA I CALATINI,Futsal (calcio da sala - calcio a 5),Futsal
coni:56710,56710,ASSOCIAZIONE SPORTIVA DILETTANTISTICA G.S.D. SAN BIAGIO VILLASOR,Calcio (a 11),Calcio
coni:56730,56730,U.S. BAZZANESE CALCIO 1923 A.S.D.,Calcio (a 11),Calcio
coni:56747,56747,A.S.D. FUTSAL ESTE SME 1999,Futsal (calcio da sala - calcio a 5),Futsal
coni:5683,5683,A.S.D. PAVONIANA GYMNASIUM,Calcio (a 11),Calcio
coni:56851,56851,A.S.D. REAL CALCIO PALAGONIA,Calcio (a 11),Calcio
coni:56852,56852,ASD MAGGIORA CALCIO,Calcio (a 11),Calcio
coni:57042,57042,ASSOCIAZIONE SPORTIVA DILETTANTISTICA POLISPORTIVA REDENTORE,Calcio (a 11),Calcio
coni:57042,57042,ASSOCIAZIONE SPORTIVA DILETTANTISTICA POLISPORTIVA REDENTORE,Pallacanestro,Basket
coni:57042,57042,ASSOCIAZIONE SPORTIVA DILETTANTISTICA POLISPORTIVA REDENTORE,Pallavolo,Volley
coni:57153,57153,AMATEURDAMENFUSSBALLCLUB RED LIONS TARSCH,Calcio (a 11),Calcio
coni:57156,57156,PARCO CROSS CITTA' DI SERRENTI A. S. D.,Calcio (a 11),Calcio
coni:57156,57156,PARCO CROSS CITTA' DI SERRENTI A. S. D.,Futsal (calcio da sala - calcio a 5),Futsal
coni:5723,5723,A.S.D. MASSA VALPIANA,Calcio (a 11),Calcio
coni:57264,57264,ASD LUCERA CALCIO,Calcio (a 11),Calcio
coni:57288,57288,A.P.D. CITTA DI LEONFORTE,Futsal (calcio da sala - calcio a 5),Futsal
coni:57312,57312,ASSOCIAZIONE SPORTIVA DILETTANTISTICA 'POLISPORTIVA KALENA 1924',Calcio (a 11),Calcio
coni:57312,57312,ASSOCIAZIONE SPORTIVA DILETTANTISTICA 'POLISPORTIVA KALENA 1924',Futsal (calcio da sala - calcio a 5),Futsal
coni:57312,57312,ASSOCIAZIONE SPORTIVA DILETTANTISTICA 'POLISPORTIVA KALENA 1924',Pallavolo,Volley
coni:57336,57336,ASD POLISPORTIVA STROVINA,Calcio (a 11),Calcio
coni:5738,5738,INTER SM SAMMAURESE - SOCIETA' SPORTIVO DILETTANTISTICA A R.L. IN ACRONIMO INTER SM SAMMAURESE SSD ARL,Calcio (a 11),Calcio
coni:57406,57406,ASSOCIAZIONE SPORTIVA DILETTANTISTICA TUILI,Calcio (a 11),Calcio
coni:57561,57561,A.S.D. POLISPORTIVA SAN PAOLO,Calcio (a 11),Calcio
coni:57592,57592,ASS.SPORT.DIL. CSI MONTEFIORE,Futsal (calcio da sala - calcio a 5),Futsal
coni:57592,57592,ASS.SPORT.DIL. CSI MONTEFIORE,Pallacanestro,Basket
coni:57592,57592,ASS.SPORT.DIL. CSI MONTEFIORE,Pallavolo,Volley
coni:57612,57612,ASD VALLI FUTSAL CHIOGGIA,Futsal (calcio da sala - calcio a 5),Futsal
coni:57612,57612,ASD VALLI FUTSAL CHIOGGIA,Beach volley,Volley
coni:57612,57612,ASD VALLI FUTSAL CHIOGGIA,Pallavolo,Volley
coni:57628,57628,A.S.D. ATLETICO MAZARA,Calcio (a 11),Calcio
coni:57630,57630,ASSOCIAZIONE SPORTIVA DILETTANTISTICA POLISPORTIVA JUVENTUDE LURAS - SANT'ANTONIO,Futsal (calcio da sala - calcio a 5),Futsal
coni:57630,57630,ASSOCIAZIONE SPORTIVA DILETTANTISTICA POLISPORTIVA JUVENTUDE LURAS - SANT'ANTONIO,Calcio (a 7),Calcio
coni:57696,57696,SPORTING PADULEDDA,Calcio (a 11),Calcio
coni:57704,57704,SOCIETA' SPORTIVA DILETTANTISTICA ACCADEMIA CASALE A RESPONSABILITA' LIMITATA SIGLABILE S.S.D. ACCADEMIA CASALE A R.L.,Calcio (a 11),Calcio
coni:5789,5789,ASD BENEMERITA LANGHIRANESE VALPARMA CALCIO 1928,Calcio (a 11),Calcio
coni:5789,5789,ASD BENEMERITA LANGHIRANESE VALPARMA CALCIO 1928,Calcio (a 7),Calcio
coni:57912,57912,A.S.D. RADDUSA,Calcio (a 11),Calcio
coni:57919,57919,A.S.D. ATLETICO FOOTBALL CLUB SANLURI,Calcio (a 11),Calcio
coni:57929,57929,ASD S. CATERINA STANGHELLA,Calcio (a 11),Calcio
coni:57944,57944,ASSOCIAZIONE DILETTANTISTICA F.C. SANFRE,Calcio (a 11),Calcio
coni:57944,57944,ASSOCIAZIONE DILETTANTISTICA F.C. SANFRE,Futsal (calcio da sala - calcio a 5),Futsal
coni:57945,57945,A.S.D. E C. AMMENTOS,Calcio (a 7),Calcio
coni:58125,58125,ASSOCIAZIONE SPORTIVA DILETTANTISTICA SANCONITANA,Calcio (a 11),Calcio
coni:58191,58191,A.S.D. CALCIO TEAM FIDENZA,Calcio (a 11),Calcio
coni:58191,58191,A.S.D. CALCIO TEAM FIDENZA,Futsal (calcio da sala - calcio a 5),Futsal
coni:58191,58191,A.S.D. CALCIO TEAM FIDENZA,Calcio (a 7),Calcio
coni:58209,58209,A.S.D. CITTA' DI SORA ASSOCIAZIONE SPORTIVA DILETTANTISTICA,Futsal (calcio da sala - calcio a 5),Futsal
coni:5822,5822,POLISPORTIVA TERNANA SOCIETA' SPORTIVA DILETTANTISTICA A RESPONSABILITA' LIMITATA,Calcio (a 11),Calcio
coni:5822,5822,POLISPORTIVA TERNANA SOCIETA' SPORTIVA DILETTANTISTICA A RESPONSABILITA' LIMITATA,Futsal (calcio da sala - calcio a 5),Futsal
coni:5828,5828,A.S.D. REAL DEM CALCIO A 5,Futsal (calcio da sala - calcio a 5),Futsal
coni:58312,58312,JUNIOR FINALE ASSOCIAZIONE SPORTIVA DILETTANTISTICA,Calcio (a 11),Calcio
coni:58312,58312,JUNIOR FINALE ASSOCIAZIONE SPORTIVA DILETTANTISTICA,Futsal (calcio da sala - calcio a 5),Futsal
coni:58352,58352,ASSOCIAZIONE SPORTIVA DILETTANTISTICA POLISPORTIVA SPEZZINA,Calcio (a 7),Calcio
coni:58352,58352,ASSOCIAZIONE SPORTIVA DILETTANTISTICA POLISPORTIVA SPEZZINA,Futsal (calcio da sala - calcio a 5),Futsal
coni:58352,58352,ASSOCIAZIONE SPORTIVA DILETTANTISTICA POLISPORTIVA SPEZZINA,Pallacanestro,Basket
coni:58404,58404,F.C. ROTTOFRENO ASSOCIAZIONE CALCIO DILETTANTISTICA,Calcio (a 11),Calcio
coni:58477,58477,TORINO F.D. ASD ONLUS,Calcio (a 7),Calcio
coni:58511,58511,POLISPORTIVA DILETTANTISTICA AMC 98,Calcio (a 11),Calcio
coni:58511,58511,POLISPORTIVA DILETTANTISTICA AMC 98,Futsal (calcio da sala - calcio a 5),Futsal
coni:58560,58560,ASS.SPORTIVA DILETTANTISTICA POL.PROGETTO ENNA SPORT 2004,Calcio (a 11),Calcio
coni:58683,58683,ASD ACADEMY MONTORFANO ROVATO,Calcio (a 11),Calcio
coni:58683,58683,ASD ACADEMY MONTORFANO ROVATO,Calcio (a 7),Calcio
coni:5875,5875,G.S.D. RAVECCA 1972 ASSOCIAZIONE SPORTIVA DILETTANTISTICA,Calcio (a 11),Calcio
coni:58772,58772,A.S.D. VIRTUS SORA CALCIO A 5,Futsal (calcio da sala - calcio a 5),Futsal
coni:58983,58983,POLISPORTIVA VAIANESE A.S.D.,Calcio (a 11),Calcio
coni:58983,58983,POLISPORTIVA VAIANESE A.S.D.,Pallacanestro,Basket
coni:58983,58983,POLISPORTIVA VAIANESE A.S.D.,Pallavolo,Volley
coni:59146,59146,A.S.D. FBC OZZANO 1919 RONZONESE,Calcio (a 11),Calcio
coni:59152,59152,A.S.D. PANORMUS-EGIDIESE,Calcio (a 11),Calcio
coni:59161,59161,ASSOCIAZIONE SPORTIVA DILETTANTISTICA PONTINIA,Calcio (a 11),Calcio
coni:59266,59266,ASSOCIAZIONE SPORTIVA DILETTANTISTICA VALGUARNERESE,Calcio (a 11),Calcio
coni:59266,59266,ASSOCIAZIONE SPORTIVA DILETTANTISTICA VALGUARNERESE,Futsal (calcio da sala - calcio a 5),Futsal
coni:5927,5927,UNIONE SPORTIVA DILETTANTISTICA FOLLONICA GAVORRANO S.R.L.,Calcio (a 11),Calcio
coni:5927,5927,UNIONE SPORTIVA DILETTANTISTICA FOLLONICA GAVORRANO S.R.L.,Futsal (calcio da sala - calcio a 5),Futsal
coni:59312,59312,A.S.D. CASALE CREMASCO,Calcio (a 11),Calcio
coni:59335,59335,A.S.D. PRIMAVERA MARSALA,Calcio (a 11),Calcio
coni:59335,59335,A.S.D. PRIMAVERA MARSALA,Futsal (calcio da sala - calcio a 5),Futsal
coni:59348,59348,ASSOCIAZIONE SPORTIVA DILETTANTISTICA A.S.D. F.C. RIPABOTTONI,Calcio (a 11),Calcio
coni:5936,5936,U.S. MASONE,Calcio (a 11),Calcio
coni:5940,5940,A.V.I.S. RIPATRANSONE ASSOCIAZIONE POLISPORTIVA DILETTANTISTICA,Calcio (a 11),Calcio
coni:59456,59456,POLISPORTIVA AMATORI MONTE CREMASCO ASSOCIAZIONE SPORTIVA DILETTANTISTICA,Calcio (a 11),Calcio
coni:59456,59456,POLISPORTIVA AMATORI MONTE CREMASCO ASSOCIAZIONE SPORTIVA DILETTANTISTICA,Calcio (a 7),Calcio
coni:59475,59475,A.S.D. FOOTBALL CLUB BIASI',Calcio (a 11),Calcio
coni:59524,59524,UNIONE SPORTIVA BASSANESE ASSOCIAZIONE SPORTIVA DILETTANTISTICA,Calcio (a 11),Calcio
coni:5960,5960,ASSOCIAZIONE SPORTIVA DILETTANTISTICA SANNITI FIVE SOCCER,Futsal (calcio da sala - calcio a 5),Futsal
coni:5960,5960,ASSOCIAZIONE SPORTIVA DILETTANTISTICA SANNITI FIVE SOCCER,Calcio (a 11),Calcio
coni:5960,5960,ASSOCIAZIONE SPORTIVA DILETTANTISTICA SANNITI FIVE SOCCER,Calcio (a 7),Calcio
coni:5960,5960,ASSOCIAZIONE SPORTIVA DILETTANTISTICA SANNITI FIVE SOCCER,Calcio (a 8),Calcio
coni:5960,5960,ASSOCIAZIONE SPORTIVA DILETTANTISTICA SANNITI FIVE SOCCER,Beach Soccer,Calcio
coni:59600,59600,ASSOCIAZIONE SPORTIVA DILETTANTISTICA SPL SAN BENEDETTO CALCIO,Calcio (a 11),Calcio
coni:59600,59600,ASSOCIAZIONE SPORTIVA DILETTANTISTICA SPL SAN BENEDETTO CALCIO,Futsal (calcio da sala - calcio a 5),Futsal
coni:5961,5961,UNIONE SPORTIVA DILETTANTISTICA SALORNO/SALURN RAIFFEISEN SALORNO/SALURN RAIFFEISEN,Calcio (a 11),Calcio
coni:59631,59631,ASS.SPORT.DIL.VIRTUS MONTAIONE GAMBASSI,Calcio (a 11),Calcio
coni:59772,59772,ASSOCIAZIONE SPORTIVA DILETTANTISTICA POLISPORTIVA SANTA TERESA GALLURA,Calcio (a 11),Calcio
coni:59911,59911,A.S.D. FUTSAL CASSOLA,Futsal (calcio da sala - calcio a 5),Futsal
coni:600,600,ASSOCIAZIONE SPORTIVA DILETTANTISTICA MONTEFIASCONE CALCIO,Calcio (a 11),Calcio
coni:600,600,ASSOCIAZIONE SPORTIVA DILETTANTISTICA MONTEFIASCONE CALCIO,Futsal (calcio da sala - calcio a 5),Futsal
coni:6002,6002,A.S.D. PRIMAVERA STAGNOLMESE,Calcio (a 11),Calcio
coni:6002,6002,A.S.D. PRIMAVERA STAGNOLMESE,Futsal (calcio da sala - calcio a 5),Futsal
coni:6002,6002,A.S.D. PRIMAVERA STAGNOLMESE,Calcio (a 7),Calcio
coni:60043,60043,ASSOCIAZIONE SPORTIVA DILETTANTISTICA F.C. TORRIONE CALCIO 1919,Calcio (a 11),Calcio
coni:60081,60081,A.S.D. CGC AOSTA M.S.P.,Calcio (a 11),Calcio
coni:60081,60081,A.S.D. CGC AOSTA M.S.P.,Calcio (a 8),Calcio
coni:60094,60094,A.S.D. ISOLA CROATA DEL MOLISE,Calcio (a 11),Calcio
coni:60218,60218,ASD ZANE' 1931 ASSOCIAZIONE SPORTIVA DILETTANTISTI,Calcio (a 11),Calcio
coni:60252,60252,ASSOC.SPORT.DIL.CALCIO AURORA MONTAIONE,Calcio (a 11),Calcio
coni:60301,60301,ASD ATLETICO OLBIA,Calcio (a 7),Calcio
coni:60379,60379,POLISPORTIVA DILETTANTISTICA KEMARIN,Futsal (calcio da sala - calcio a 5),Futsal
coni:6043,6043,SOCIETA' SPORTIVA BAGOLINO A.S.D.,Calcio (a 11),Calcio
coni:6043,6043,SOCIETA' SPORTIVA BAGOLINO A.S.D.,Pallavolo,Volley
coni:60500,60500,U.S.D. QUADRIFOGLIO,Calcio (a 11),Calcio
coni:60630,60630,ASSOCIAZIONE SPORTIVA DILETTANTISTICA TEMPALTA,Calcio (a 11),Calcio
coni:60630,60630,ASSOCIAZIONE SPORTIVA DILETTANTISTICA TEMPALTA,Calcio (a 8),Calcio
coni:60630,60630,ASSOCIAZIONE SPORTIVA DILETTANTISTICA TEMPALTA,Futsal (calcio da sala - calcio a 5),Futsal
coni:60630,60630,ASSOCIAZIONE SPORTIVA DILETTANTISTICA TEMPALTA,Calcio (a 7),Calcio
coni:60649,60649,ASSOCIAZIONE SPORTIVA DILETTANTISTICA ONEGLIA CALCIO,Calcio (a 11),Calcio
coni:60649,60649,ASSOCIAZIONE SPORTIVA DILETTANTISTICA ONEGLIA CALCIO,Futsal (calcio da sala - calcio a 5),Futsal
coni:60667,60667,ASSOCIAZIONE SPORTIVA ATLETICO FOLIGNO,Futsal (calcio da sala - calcio a 5),Futsal
coni:60683,60683,A.S.D. PRO TIRINO CALCIO PESCARA,Calcio (a 11),Calcio
coni:60684,60684,A.S. REAL CONTURSI TERME,Calcio (a 11),Calcio
coni:6072,6072,A.S.D. TRE BORGATE,Calcio (a 11),Calcio
coni:60822,60822,ASSOCIAZIONE SPORTIVA DILETTANTISTICA CARAMAGNA F.C.,Futsal (calcio da sala - calcio a 5),Futsal
coni:60822,60822,ASSOCIAZIONE SPORTIVA DILETTANTISTICA CARAMAGNA F.C.,Calcio (a 11),Calcio
coni:60822,60822,ASSOCIAZIONE SPORTIVA DILETTANTISTICA CARAMAGNA F.C.,Calcio (a 7),Calcio
coni:60822,60822,ASSOCIAZIONE SPORTIVA DILETTANTISTICA CARAMAGNA F.C.,Pallavolo,Volley
coni:60869,60869,A.P.D. ACCADEMIA DELLO SPORT,Calcio (a 11),Calcio
coni:60915,60915,ASSOCIAZIONE SPORTIVA DILETTANTISTICA S.LUCA CALCIO,Calcio (a 11),Calcio
coni:60946,60946,GENOVA BEACH SOCCER - SOCIETA' SPORTIVA DILETTANTISTICA A R.L.,Calcio (a 11),Calcio
coni:60946,60946,GENOVA BEACH SOCCER - SOCIETA' SPORTIVA DILETTANTISTICA A R.L.,Futsal (calcio da sala - calcio a 5),Futsal
coni:60946,60946,GENOVA BEACH SOCCER - SOCIETA' SPORTIVA DILETTANTISTICA A R.L.,Calcio (a 7),Calcio
coni:61097,61097,A.S.D. NITOR,Calcio (a 11),Calcio
coni:61189,61189,A.S.D. ARCADIA TERMOLI CALCIO A 5,Futsal (calcio da sala - calcio a 5),Futsal
coni:61189,61189,A.S.D. ARCADIA TERMOLI CALCIO A 5,Calcio (a 11),Calcio
coni:61189,61189,A.S.D. ARCADIA TERMOLI CALCIO A 5,Calcio (a 8),Calcio
coni:61189,61189,A.S.D. ARCADIA TERMOLI CALCIO A 5,Calcio (a 7),Calcio
coni:61193,61193,ASSOCIAZIONE SPORTIVA DILETTANTISTICA AMATORI GIOVENTU' SPORT,Calcio (a 11),Calcio
coni:61193,61193,ASSOCIAZIONE SPORTIVA DILETTANTISTICA AMATORI GIOVENTU' SPORT,Calcio (a 8),Calcio
coni:61193,61193,ASSOCIAZIONE SPORTIVA DILETTANTISTICA AMATORI GIOVENTU' SPORT,Futsal (calcio da sala - calcio a 5),Futsal
coni:61193,61193,ASSOCIAZIONE SPORTIVA DILETTANTISTICA AMATORI GIOVENTU' SPORT,Calcio (a 7),Calcio
coni:61195,61195,ASSOCIAZIONE SPORTIVA DILETTANTISTICA US GIEMME,Calcio (a 11),Calcio
coni:61195,61195,ASSOCIAZIONE SPORTIVA DILETTANTISTICA US GIEMME,Pallavolo,Volley
coni:612,612,SPORT CLUB ASTA ASSOCIAZIONE SPORTIVA DILETTANTISTICA,Calcio (a 11),Calcio
coni:61228,61228,A. S.D. G.E.A.R. SPORT,Futsal (calcio da sala - calcio a 5),Futsal
coni:61322,61322,A.S.D. C.M. TOLFALLUMIERE,Calcio (a 11),Calcio
coni:61331,61331,TRE MONTI ASSOCIAZIONE SPORTIVA DILETTANTISTICA,Calcio (a 11),Calcio
coni:6134,6134,A.S.D. ORVIETO F.C,Calcio (a 11),Calcio
coni:6134,6134,A.S.D. ORVIETO F.C,Futsal (calcio da sala - calcio a 5),Futsal
coni:61385,61385,ASSOCIAZIONE SPORTIVA DILETTANTISTICA VIRTUS OLIMPIA,Calcio (a 11),Calcio
coni:614,614,A.S.D. ALBOSAGGIA PONCHIERA,Calcio (a 11),Calcio
coni:61518,61518,N.D.B. S. GIACOMO FOOTBALL ACADEMY A.S.D.,Calcio (a 11),Calcio
coni:61552,61552,ASD ALTAVILLA SILENTINA 2012 CALCIO,Calcio (a 11),Calcio
coni:61552,61552,ASD ALTAVILLA SILENTINA 2012 CALCIO,Calcio (a 8),Calcio
coni:61552,61552,ASD ALTAVILLA SILENTINA 2012 CALCIO,Futsal (calcio da sala - calcio a 5),Futsal
coni:61552,61552,ASD ALTAVILLA SILENTINA 2012 CALCIO,Calcio (a 7),Calcio
coni:6164,6164,A.S.D. LEONI DI MAREMMA,Calcio (a 11),Calcio
coni:61686,61686,A.S.D. VILLAROSA SAN SEBASTIANO,Calcio (a 11),Calcio
coni:61696,61696,A.S.D. LATIANO,Calcio (a 11),Calcio
coni:6174,6174,AMATEURSPORTCLUB ALGUND RAIFFEISEN,Calcio (a 11),Calcio
coni:61790,61790,A.S.D. ARZACHENA 2015,Calcio (a 11),Calcio
coni:6196,6196,UNIONE SPORTIVA TAVERNA MONTE COLOMBO ASD,Calcio (a 11),Calcio
coni:62046,62046,A.S.D. GOLFO ARANCI,Calcio (a 11),Calcio
coni:62056,62056,ATLETICO PALOMONTE 2014 A.S.D.,Calcio (a 11),Calcio
coni:62056,62056,ATLETICO PALOMONTE 2014 A.S.D.,Futsal (calcio da sala - calcio a 5),Futsal
coni:6210,6210,CERBAIA CALCIO ASS. SPORTIVA DILETTANTISTICA,Calcio (a 11),Calcio
coni:6213,6213,A.S.D. YOUNG POZZALLO,Calcio (a 11),Calcio
coni:6213,6213,A.S.D. YOUNG POZZALLO,Calcio (a 8),Calcio
coni:6213,6213,A.S.D. YOUNG POZZALLO,Beach Soccer,Calcio
coni:6213,6213,A.S.D. YOUNG POZZALLO,Futsal (calcio da sala - calcio a 5),Futsal
coni:6213,6213,A.S.D. YOUNG POZZALLO,Calcio (a 7),Calcio
coni:6216,6216,MONTECATINI CALCIO SOCIETA' SPORTIVA DILETTANTISTICA A R.L.,Calcio (a 11),Calcio
coni:62266,62266,A.S.D.VALDOSTANA,Futsal (calcio da sala - calcio a 5),Futsal
coni:62266,62266,A.S.D.VALDOSTANA,Calcio (a 7),Calcio
coni:62266,62266,A.S.D.VALDOSTANA,Pallacanestro,Basket
coni:62296,62296,ASSOCIAZIONE SPORTIVA DILETTANTISTICA VIRTUS BATTIPAGLIA CALCIO,Calcio (a 11),Calcio
coni:6234,6234,ASSOCIAZIONE SPORTIVA DILETTANTISTICA VALFENERA,Calcio (a 11),Calcio
coni:62354,62354,A.S.D. S. ANNA ENNA,Calcio (a 11),Calcio
coni:62472,62472,A.C. USVA SAN FRANCESCO SOCIETA' SPORTIVA DILETTANTISTICA,Calcio (a 11),Calcio
coni:62483,62483,UNIONE SPORTIVA DILETTANTISTICA SINIGO - ASD,Calcio (a 11),Calcio
coni:62511,62511,ASSOCIAZIONE SPORTIVA DILETTANTISTICA POLISPORTIVA VERANESE,Calcio (a 11),Calcio
coni:62511,62511,ASSOCIAZIONE SPORTIVA DILETTANTISTICA POLISPORTIVA VERANESE,Pallavolo,Volley
coni:62511,62511,ASSOCIAZIONE SPORTIVA DILETTANTISTICA POLISPORTIVA VERANESE,Pallacanestro,Basket
coni:62528,62528,ASSOCIAZIONE SPORTIVA DILETTANTISTICA NICOSIA FUTSAL,Futsal (calcio da sala - calcio a 5),Futsal
coni:62607,62607,UNIONE SPORTIVA DILETTANTISTICA OTRICOLI C.,Calcio (a 11),Calcio
coni:6261,6261,ASSOCIAZIONE SPORTIVA DILETTANTISTICA CALCIO BADOERE,Calcio (a 11),Calcio
coni:62663,62663,AMATEURSPORTVEREIN TSCHERMS MARLING FUSSBALL,Calcio (a 11),Calcio
coni:62669,62669,A.S.D. SANTA CECILIA,Futsal (calcio da sala - calcio a 5),Futsal
coni:62785,62785,ASSOCIAZIONE SPORTIVA DILETTANTISTICA COGLIATESE - CENTRO GIOVANILE,Calcio (a 11),Calcio
coni:62788,62788,POLISPORTIVA TRIUGGESE A.S.D.,Calcio (a 11),Calcio
coni:62788,62788,POLISPORTIVA TRIUGGESE A.S.D.,Calcio (a 7),Calcio
coni:62788,62788,POLISPORTIVA TRIUGGESE A.S.D.,Pallavolo,Volley
coni:62899,62899,A.S.D. OLIMPIA FRANCAVILLA,Calcio (a 11),Calcio
coni:63028,63028,UNIONE SPORTIVA DILETTANTISTICA SANNAZZARESE,Calcio (a 11),Calcio
coni:63076,63076,A.S.D. NUOVA ATTIGLIANESE,Calcio (a 11),Calcio
coni:63120,63120,ASSOCIAZIONE SPORTIVA DILETTANTISTICA SAN LORENZO DA BRINDISI,Calcio (a 11),Calcio
coni:63120,63120,ASSOCIAZIONE SPORTIVA DILETTANTISTICA SAN LORENZO DA BRINDISI,Futsal (calcio da sala - calcio a 5),Futsal
coni:63120,63120,ASSOCIAZIONE SPORTIVA DILETTANTISTICA SAN LORENZO DA BRINDISI,Calcio (a 7),Calcio
coni:63178,63178,A.S.D. VALDIGNE MONT BLANC CALCIO,Calcio (a 11),Calcio
coni:63266,63266,A.S.D. EURO SPORT ACADEMY,Calcio (a 11),Calcio
coni:63400,63400,ASD LEONE SOCCER TUTURANO,Calcio (a 11),Calcio
coni:63500,63500,A.S.D. NORA CALCIO FEMMINILE,Futsal (calcio da sala - calcio a 5),Futsal
coni:63574,63574,"ASSOCIAZIONE SPORTIVA DILETTANTISTICA ""A.S.D. BRU. BORG. LUX""",Calcio (a 11),Calcio
coni:6364,6364,ASD PESCASSEROLI,Calcio (a 11),Calcio
coni:63669,63669,A.S.D. CITTA' DI GROTTAGLIE,Calcio (a 11),Calcio
coni:63669,63669,A.S.D. CITTA' DI GROTTAGLIE,Calcio (a 8),Calcio
coni:63669,63669,A.S.D. CITTA' DI GROTTAGLIE,Futsal (calcio da sala - calcio a 5),Futsal
coni:63669,63669,A.S.D. CITTA' DI GROTTAGLIE,Calcio (a 7),Calcio
coni:63764,63764,ASD FATER ANGELINI ABRUZZO,Calcio (a 11),Calcio
coni:63764,63764,ASD FATER ANGELINI ABRUZZO,Futsal (calcio da sala - calcio a 5),Futsal
coni:6386,6386,A.C. ROE' VOLCIANO ASSOCIAZIONE SPORTIVA DILETTANTISTICA,Calcio (a 11),Calcio
coni:63935,63935,A.S.D. LA PELOTA,Calcio (a 11),Calcio
coni:64022,64022,ASD UNO DI NOI,Calcio (a 11),Calcio
coni:64022,64022,ASD UNO DI NOI,Futsal (calcio da sala - calcio a 5),Futsal
coni:64022,64022,ASD UNO DI NOI,Calcio (a 7),Calcio
coni:64025,64025,ASSOCIAZIONE SPORTIVA DILETTANTISTICA REAL TEAM BRINDISI,Calcio (a 11),Calcio
coni:64042,64042,ASSOCIAZIONE SPORTIVA DILETTANTISTICA MONTE DARENA ACADEMY,Calcio (a 11),Calcio
coni:64054,64054,A.S.D. GIOVENTU' CALCIO CASSANO,Calcio (a 11),Calcio
coni:64054,64054,A.S.D. GIOVENTU' CALCIO CASSANO,Calcio (a 8),Calcio
coni:64054,64054,A.S.D. GIOVENTU' CALCIO CASSANO,Futsal (calcio da sala - calcio a 5),Futsal
coni:64054,64054,A.S.D. GIOVENTU' CALCIO CASSANO,Calcio (a 7),Calcio
coni:64082,64082,A.S.D. CALCIO AVIANO,Calcio (a 11),Calcio
coni:641,641,POLISPORTIVA VALMALENCO A.S.D.,Calcio (a 11),Calcio
coni:6416,6416,ASSOCIAZIONE SPORTIVA DILETTANTISTICA ATLETICO LUCCA SPORTING CLUB,Calcio (a 11),Calcio
coni:64222,64222,A.S.D. GIULIANELLO CALCIO,Calcio (a 11),Calcio
coni:64256,64256,ASSOCIAZIONE SPORTIVA DILETTANTISTICA OLIMPIA REGIUM,Futsal (calcio da sala - calcio a 5),Futsal
coni:64256,64256,ASSOCIAZIONE SPORTIVA DILETTANTISTICA OLIMPIA REGIUM,Calcio (a 11),Calcio
coni:64256,64256,ASSOCIAZIONE SPORTIVA DILETTANTISTICA OLIMPIA REGIUM,Calcio (a 8),Calcio
coni:64256,64256,ASSOCIAZIONE SPORTIVA DILETTANTISTICA OLIMPIA REGIUM,Calcio (a 7),Calcio
coni:64256,64256,ASSOCIAZIONE SPORTIVA DILETTANTISTICA OLIMPIA REGIUM,Beach Basket,Basket
coni:64284,64284,ASSOCIAZIONE SPORTIVA DILETTANTISTICA TRE & 23 ACADEMY,Calcio (a 11),Calcio
coni:6431,6431,GRUPPO SPORTIVO PRALBOINO A.S.D.,Calcio (a 11),Calcio
coni:6434,6434,ASSOCIAZIONE SPORTIVA DILETTANTISTICA CALCIO SAN GIOVANNI LUPATOTO,Calcio (a 11),Calcio
coni:64437,64437,ASSOCIAZIONE SPORTIVA DILETTANTISTICA ALTOPIANO,Calcio (a 11),Calcio
coni:64437,64437,ASSOCIAZIONE SPORTIVA DILETTANTISTICA ALTOPIANO,Calcio (a 7),Calcio
coni:64437,64437,ASSOCIAZIONE SPORTIVA DILETTANTISTICA ALTOPIANO,Pallavolo,Volley
coni:6446,6446,A.S.D. VIS P.S.ELPIDIO CALCIO FALERIA,Calcio (a 11),Calcio
coni:6458,6458,SIRTORESE - ASSOCIAZIONE SPORTIVA DILETTANTISTICA,Calcio (a 11),Calcio
coni:6458,6458,SIRTORESE - ASSOCIAZIONE SPORTIVA DILETTANTISTICA,Calcio (a 7),Calcio
coni:6458,6458,SIRTORESE - ASSOCIAZIONE SPORTIVA DILETTANTISTICA,Pallacanestro,Basket
coni:64625,64625,A.S.D. CEPAGATTI,Calcio (a 11),Calcio
coni:64688,64688,DINAMO CALCIO PESCARA - ASSOCIAZIONE SPORTIVA DILETTANTISTICA,Futsal (calcio da sala - calcio a 5),Futsal
coni:64688,64688,DINAMO CALCIO PESCARA - ASSOCIAZIONE SPORTIVA DILETTANTISTICA,Calcio (a 11),Calcio
coni:6470,6470,A.S.D. ATLETICA CASTELLO,Calcio (a 11),Calcio
coni:6470,6470,A.S.D. ATLETICA CASTELLO,Futsal (calcio da sala - calcio a 5),Futsal
coni:6482,6482,ASSOCIAZIONE POLISPORTIVA DILETTANTISTICA RIVER CLUB UNITED,Calcio (a 11),Calcio
coni:64831,64831,JUNIOR DRAGO ASD,Calcio (a 11),Calcio
coni:6494,6494,ASSOCIAZIONE SPORTIVA DILETTANTISTICA CAMPIGLIONE CALCIO,Calcio (a 11),Calcio
coni:64946,64946,ASSOCIAZIONE SPORTIVA DILETTANTISTICA DON BOSCO CALCIO CESANO MADERNO,Calcio (a 11),Calcio
coni:65013,65013,U.S. PONTOLLIESE 1907 ASD,Calcio (a 11),Calcio
coni:65023,65023,A.S.D.JUNIOR CALENDASCO 2015,Calcio (a 11),Calcio
coni:65036,65036,NUOVA AMATESE CALCIO A.S.D.,Calcio (a 11),Calcio
coni:65036,65036,NUOVA AMATESE CALCIO A.S.D.,Futsal (calcio da sala - calcio a 5),Futsal
coni:65036,65036,NUOVA AMATESE CALCIO A.S.D.,Calcio (a 7),Calcio
coni:6505,6505,ASSOCIAZIONE SPORTIVA DILETTANTISTICA MANOPPELLO ARABONA,Calcio (a 11),Calcio
coni:651,651,UNIONE SPORTIVA DILETTANTISTICA DONORATICO,Calcio (a 11),Calcio
coni:65205,65205,ASD REAL OLIMPIA,Calcio (a 11),Calcio
coni:65215,65215,A.S.D. SPORTING TERRACINA C5,Futsal (calcio da sala - calcio a 5),Futsal
coni:65221,65221,ASSOCIAZIONE SPORTIVA DILETTANTISTICA SPECIAL DREAM TEAM,Calcio (a 7),Calcio
coni:65221,65221,ASSOCIAZIONE SPORTIVA DILETTANTISTICA SPECIAL DREAM TEAM,Futsal (calcio da sala - calcio a 5),Futsal
coni:65221,65221,ASSOCIAZIONE SPORTIVA DILETTANTISTICA SPECIAL DREAM TEAM,Pallacanestro,Basket
coni:65221,65221,ASSOCIAZIONE SPORTIVA DILETTANTISTICA SPECIAL DREAM TEAM,Pallavolo,Volley
coni:65294,65294,A.S.D. CULTURALE E A.P.S. ESPLORA,Calcio (a 7),Calcio
coni:6534,6534,ASD GIOVANILE SAN MINIATO BASSO,Calcio (a 11),Calcio
coni:65494,65494,ASD ESPERIA FOOTBALL CLUB ASSOCIAZIONE SPORTIVA DILETTANTISTICA,Calcio (a 11),Calcio
coni:65494,65494,ASD ESPERIA FOOTBALL CLUB ASSOCIAZIONE SPORTIVA DILETTANTISTICA,Calcio (a 8),Calcio
coni:65494,65494,ASD ESPERIA FOOTBALL CLUB ASSOCIAZIONE SPORTIVA DILETTANTISTICA,Futsal (calcio da sala - calcio a 5),Futsal
coni:65494,65494,ASD ESPERIA FOOTBALL CLUB ASSOCIAZIONE SPORTIVA DILETTANTISTICA,Calcio (a 7),Calcio
coni:6550,6550,ASD ROEROLANZE,Calcio (a 11),Calcio
coni:6550,6550,ASD ROEROLANZE,Futsal (calcio da sala - calcio a 5),Futsal
coni:6554,6554,ASSOCIAZIONE SPORTIVA DILETTANTISTICA PAPERINO SAN GIORGIO,Calcio (a 11),Calcio
coni:6556,6556,UNIONE SPORTIVA BELLAGINA ASSOCIAZION SPORTIVA DILETTANTISTICA,Calcio (a 11),Calcio
coni:6561,6561,F.C.D. ALSENESE,Calcio (a 11),Calcio
coni:6561,6561,F.C.D. ALSENESE,Futsal (calcio da sala - calcio a 5),Futsal
coni:6561,6561,F.C.D. ALSENESE,Calcio (a 7),Calcio
coni:65613,65613,GIUSSANO CALCIO A.S.D.,Calcio (a 11),Calcio
coni:65874,65874,A.S.D. MONTESILVANO 2015,Calcio (a 11),Calcio
coni:65889,65889,ASSOCIAZIONE SPORTIVA DILETTANTISTICA CORI - MONTI LEPINI,Calcio (a 11),Calcio
coni:65889,65889,ASSOCIAZIONE SPORTIVA DILETTANTISTICA CORI - MONTI LEPINI,Futsal (calcio da sala - calcio a 5),Futsal
coni:65958,65958,A.S.D. BORGO MARINA 012,Calcio (a 11),Calcio
coni:65972,65972,FOOTBALL CLUB SAN BARTOLO GABICCE MARE A.S.D.,Calcio (a 11),Calcio
coni:6604,6604,U.C.D. GIOVANI VIA NOVA B.P. ASS. SPORTIVA DILET.,Calcio (a 11),Calcio
coni:6604,6604,U.C.D. GIOVANI VIA NOVA B.P. ASS. SPORTIVA DILET.,Futsal (calcio da sala - calcio a 5),Futsal
coni:6604,6604,U.C.D. GIOVANI VIA NOVA B.P. ASS. SPORTIVA DILET.,Calcio (a 7),Calcio
coni:66089,66089,ASSOCIAZIONE SPORTIVA DILETTANTISTICA ASTRA,Futsal (calcio da sala - calcio a 5),Futsal
coni:66095,66095,A.S.D. CASTELVECCHIO BRIGANTI C5,Futsal (calcio da sala - calcio a 5),Futsal
coni:66156,66156,A.S.D. SOCIETA SPORTIVA SABAUDIA 1949,Calcio (a 11),Calcio
coni:66207,66207,GREENFIELD UNITED A.S.D.,Calcio (a 11),Calcio
coni:6626,6626,U.S.D. OLGINATESE,Calcio (a 11),Calcio
coni:66324,66324,ASSOCIAZIONE SPORTIVA DILETTANTISTICA REAL CASALGRANDESE C 5,Futsal (calcio da sala - calcio a 5),Futsal
coni:66398,66398,A.S.D. REAL APRILIA,Calcio (a 11),Calcio
coni:66403,66403,VIRTUS SAN MICHELE E DONATO CALCIO ASD,Calcio (a 11),Calcio
coni:6644,6644,A.C. STELLA AZZURRA ZOLINO ASSOCIAZIONE SPORTIVA DILETTANTISTICA,Calcio (a 11),Calcio
coni:6644,6644,A.C. STELLA AZZURRA ZOLINO ASSOCIAZIONE SPORTIVA DILETTANTISTICA,Calcio (a 7),Calcio
coni:66468,66468,ASSOCIAZIONE SPORTIVA DILETTANTISTICA BAISO/SECCHIA,Calcio (a 11),Calcio
coni:66488,66488,ASD CLUB LATINA CALCIO A 5,Futsal (calcio da sala - calcio a 5),Futsal
coni:66499,66499,ASD FUTSAL PONTINIA,Futsal (calcio da sala - calcio a 5),Futsal
coni:6660,6660,ASSOCIAZIONE SPORTIVA DILETTANTISTICA POLISPORTIVA SAN LORENZO,Calcio (a 11),Calcio
coni:6660,6660,ASSOCIAZIONE SPORTIVA DILETTANTISTICA POLISPORTIVA SAN LORENZO,Calcio (a 8),Calcio
coni:6660,6660,ASSOCIAZIONE SPORTIVA DILETTANTISTICA POLISPORTIVA SAN LORENZO,Calcio (a 7),Calcio
coni:6660,6660,ASSOCIAZIONE SPORTIVA DILETTANTISTICA POLISPORTIVA SAN LORENZO,Pallavolo,Volley
coni:66604,66604,ASD ACCADEMIA RIMINI CALCIO VB,Calcio (a 11),Calcio
coni:66604,66604,ASD ACCADEMIA RIMINI CALCIO VB,Futsal (calcio da sala - calcio a 5),Futsal
coni:66604,66604,ASD ACCADEMIA RIMINI CALCIO VB,Calcio (a 7),Calcio
coni:6670,6670,POLISPORTIVA A. NALDI ASSOCIAZIONE SPORTIVA DILETTANTISTICA,Calcio (a 11),Calcio
coni:66743,66743,A.S.D. CASTELLARANO,Calcio (a 11),Calcio
coni:6678,6678,POLISPORTIVA RIOVEGGIO 1962 ASSOCIAZIONE SPORTIVA DILETTANTISTICA,Calcio (a 11),Calcio
coni:669,669,POLISPORTIVA DILETTANTISTICA CIRCOLO LAVORATORI TERNI SRL,Futsal (calcio da sala - calcio a 5),Futsal
coni:669,669,POLISPORTIVA DILETTANTISTICA CIRCOLO LAVORATORI TERNI SRL,Pallavolo,Volley
coni:66971,66971,ASSOCIAZIONE SPORTIVA DILETTANTISTICA CALCIO ZOLA PREDOSA,Calcio (a 11),Calcio
coni:66971,66971,ASSOCIAZIONE SPORTIVA DILETTANTISTICA CALCIO ZOLA PREDOSA,Calcio (a 7),Calcio
coni:6710,6710,A.C. CREMA 1908 SOCIETA' SPORTIVA DILETTANTISTICA A R.L. UNIPERSONALE,Calcio (a 11),Calcio
coni:67143,67143,UNIONE CALCISTICA DILETTANT. TREBBO 1979,Calcio (a 11),Calcio
coni:6721,6721,ASSOCIAZIONE SPORTIVA DILETTANTISTICA CASTIONS,Calcio (a 11),Calcio
coni:67247,67247,POLISPORTIVA DILETTANTISTICA CRESPO CALCIO,Calcio (a 11),Calcio
coni:67247,67247,POLISPORTIVA DILETTANTISTICA CRESPO CALCIO,Calcio (a 8),Calcio
coni:67325,67325,A.P.D. HIC SUNT LEONES,Calcio (a 11),Calcio
coni:67325,67325,A.P.D. HIC SUNT LEONES,Rugby a 15,Rugby
coni:67325,67325,A.P.D. HIC SUNT LEONES,Futsal (calcio da sala - calcio a 5),Futsal
coni:67325,67325,A.P.D. HIC SUNT LEONES,Calcio (a 7),Calcio
coni:67325,67325,A.P.D. HIC SUNT LEONES,Pallacanestro,Basket
coni:67325,67325,A.P.D. HIC SUNT LEONES,Pallavolo,Volley
coni:6739,6739,ASD NEW VIDI TEAM,Futsal (calcio da sala - calcio a 5),Futsal
coni:6754,6754,ASD SASSUOLO CALCIO FEMMINILE,Calcio (a 11),Calcio
coni:67558,67558,ASD SANT'AGATA FUTSAL 2004,Futsal (calcio da sala - calcio a 5),Futsal
coni:67559,67559,CASTENASO CALCIO SSD A R.L.,Calcio (a 11),Calcio
coni:67563,67563,ORATORIO E CIRCOLO SAN GIROLAMO DI RASTIGNANO ANSPI,Calcio (a 11),Calcio
coni:67563,67563,ORATORIO E CIRCOLO SAN GIROLAMO DI RASTIGNANO ANSPI,Calcio (a 8),Calcio
coni:67563,67563,ORATORIO E CIRCOLO SAN GIROLAMO DI RASTIGNANO ANSPI,Calcio (a 7),Calcio
coni:6765,6765,U.P.C. TAVAGNACCO A.S.D.,Calcio (a 11),Calcio
coni:677,677,U.S. PIANENGHESE ASD,Calcio (a 11),Calcio
coni:677,677,U.S. PIANENGHESE ASD,Futsal (calcio da sala - calcio a 5),Futsal
coni:67778,67778,F.C. CREVALCORE - ASSOCIAZIONE SPORTIVA DILETTANTISTICA,Calcio (a 11),Calcio
coni:6779,6779,A.S.D. GRENTARCADIA,Calcio (a 11),Calcio
coni:6789,6789,A.S.D. COLOGNE CALCIO,Calcio (a 11),Calcio
coni:67914,67914,UNIONE SPORTIVA DILETTANTISTICA ATLETICO A.T.,Calcio (a 11),Calcio
coni:67915,67915,ASSOCIAZIONE SPORTIVA DILETTANTISTICA OLIMPIC TREZZANESE,Calcio (a 11),Calcio
coni:67966,67966,G.S.D. VIRTUS INZAGO ASSOCIAZIONE SPORTIVA DILETTANTISTICA,Calcio (a 11),Calcio
coni:68018,68018,ASSOCIAZIONE SPORTIVA DILETTANTISTICA ORATORIO PESSANO,Calcio (a 11),Calcio
coni:68018,68018,ASSOCIAZIONE SPORTIVA DILETTANTISTICA ORATORIO PESSANO,Futsal (calcio da sala - calcio a 5),Futsal
coni:68018,68018,ASSOCIAZIONE SPORTIVA DILETTANTISTICA ORATORIO PESSANO,Calcio (a 7),Calcio
coni:68044,68044,ASD SPORTING VALENTINO MAZZOLA,Calcio (a 11),Calcio
coni:68044,68044,ASD SPORTING VALENTINO MAZZOLA,Calcio (a 7),Calcio
coni:68141,68141,FOOTBALL CLUB CERNUSCO,Calcio (a 11),Calcio
coni:68182,68182,A.S.D. POLISPORTIVA O.M.R.,Calcio (a 11),Calcio
coni:68182,68182,A.S.D. POLISPORTIVA O.M.R.,Calcio (a 7),Calcio
coni:68182,68182,A.S.D. POLISPORTIVA O.M.R.,Pallavolo,Volley
coni:68224,68224,A.S.D. FILIPPIDE LOMBARDIA,Calcio (a 7),Calcio
coni:68262,68262,ASSOCIAZIONE SPORTIVA DILETTANTISTICA CENTRO SPORTIVO BOSA,Calcio (a 11),Calcio
coni:68278,68278,ASD BIBBIENA CALCIO,Calcio (a 11),Calcio
coni:68282,68282,GSC 1981 NAXOS,Calcio (a 11),Calcio
coni:68282,68282,GSC 1981 NAXOS,Futsal (calcio da sala - calcio a 5),Futsal
coni:68284,68284,U.S.D. CALCENSE,Calcio (a 11),Calcio
coni:68285,68285,POLISPORTIVA STIENTESE A.S.D.,Calcio (a 11),Calcio
coni:68312,68312,G.S.D. ATLETICO VIESTE ASSOCIAZIONE SPORTIVA DILETTANTISTICA,Calcio (a 11),Calcio
coni:68330,68330,U.S. D. MONTE DI MALO A.S.D.,Calcio (a 11),Calcio
coni:68340,68340,A.S.D. ARGENTANA,Calcio (a 11),Calcio
coni:68359,68359,UNIONE SPORTIVA VILLA CORTESE ASSOCIAZIONE SPORTIVA DILETTANTISTICA,Calcio (a 11),Calcio
coni:68359,68359,UNIONE SPORTIVA VILLA CORTESE ASSOCIAZIONE SPORTIVA DILETTANTISTICA,Futsal (calcio da sala - calcio a 5),Futsal
coni:68359,68359,UNIONE SPORTIVA VILLA CORTESE ASSOCIAZIONE SPORTIVA DILETTANTISTICA,Calcio (a 7),Calcio
coni:68369,68369,POLISPORTIVA ATLAS S. STEFANO,Calcio (a 11),Calcio
coni:68369,68369,POLISPORTIVA ATLAS S. STEFANO,Pallavolo,Volley
coni:6840,6840,ASD USG GROTTAZZOLINA MSPM,Calcio (a 11),Calcio
coni:68400,68400,U.S.D. MALO 1908,Calcio (a 11),Calcio
coni:68420,68420,UNIONE SPORTIVA ROCCHIGIANA ASSOCIAZIONE SPORTIVA DILETTANTISTICA,Calcio (a 11),Calcio
coni:68420,68420,UNIONE SPORTIVA ROCCHIGIANA ASSOCIAZIONE SPORTIVA DILETTANTISTICA,Futsal (calcio da sala - calcio a 5),Futsal
coni:68420,68420,UNIONE SPORTIVA ROCCHIGIANA ASSOCIAZIONE SPORTIVA DILETTANTISTICA,Calcio (a 7),Calcio
coni:68423,68423,ASSOCIAZIONE SPORTIVA DILETTANTISTICA ANNONESE F.C.,Calcio (a 11),Calcio
coni:68425,68425,AMATEURSPORTVEREIN DIETENHEIM AUFHOFEN,Calcio (a 11),Calcio
coni:68437,68437,A.C. VALTROMPIA 2000 ASD,Calcio (a 11),Calcio
coni:68437,68437,A.C. VALTROMPIA 2000 ASD,Calcio (a 7),Calcio
coni:68453,68453,A.S.D. REDIVAL,Calcio (a 11),Calcio
coni:68454,68454,ASSOCIAZIONE DILETTANTISTICA POLISPORTIVA ARZILLA,Calcio (a 11),Calcio
coni:68462,68462,P.G.S. CONCORDIA CALCIO SCHIO,Calcio (a 11),Calcio
coni:6847,6847,ASD VIGOR CHERO,Calcio (a 11),Calcio
coni:68507,68507,P.G.S. OR.SA DILETTANTISTICA,Calcio (a 11),Calcio
coni:68507,68507,P.G.S. OR.SA DILETTANTISTICA,Futsal (calcio da sala - calcio a 5),Futsal
coni:68507,68507,P.G.S. OR.SA DILETTANTISTICA,Calcio (a 7),Calcio
coni:68508,68508,POLISPORTIVA BURCERESE,Calcio (a 11),Calcio
coni:68508,68508,POLISPORTIVA BURCERESE,Pallacanestro,Basket
coni:68508,68508,POLISPORTIVA BURCERESE,Pallavolo,Volley
coni:68510,68510,A.S.D. VALTRAMIGNA CAZZANO,Calcio (a 11),Calcio
coni:68515,68515,ASSOCIAZIONE DILETTANTISTICA UNIONE SPORTIVA GROSIO CALCIO,Calcio (a 11),Calcio
coni:68521,68521,ASSOCIAZIONE SPORTIVA DILETTANTISCA MARIANOPOLI,Calcio (a 11),Calcio
coni:68525,68525,ASSOCIAZIONE SPORTIVA DILETTANTISTICA POLISPORTIVA POMPONESCO,Calcio (a 11),Calcio
coni:68525,68525,ASSOCIAZIONE SPORTIVA DILETTANTISTICA POLISPORTIVA POMPONESCO,Pallavolo,Volley
coni:68579,68579,U.S. CALCIO SAN GIOVANNI ILARIONE A.S.D.,Calcio (a 11),Calcio
coni:6859,6859,ASSOCIAZIONE SPORTIVA DILETTANTISTICA PALADINA CALCIO,Calcio (a 11),Calcio
coni:6859,6859,ASSOCIAZIONE SPORTIVA DILETTANTISTICA PALADINA CALCIO,Futsal (calcio da sala - calcio a 5),Futsal
coni:68612,68612,UNIONE SPORTIVA DILENTTANTISTICA CLASSE,Calcio (a 11),Calcio
coni:68636,68636,A.S.CREVOLESE ASSOCIAZIONE SPORTIVA DILETTANTISTICA,Calcio (a 11),Calcio
coni:68640,68640,U. S. PRO VIGEZZO ASSOCIAZIONE SPORTIVA DILETTANTISTICA,Calcio (a 11),Calcio
coni:68674,68674,A.S.D. ARCI GRAZIA,Calcio (a 11),Calcio
coni:68686,68686,ASSOCIAZIONE DILETTANTISTICA CALCIO TEGLIO VENETO,Calcio (a 11),Calcio
coni:68687,68687,SSV PICHL GSIES AMATEURSPORTVEREIN,Calcio (a 11),Calcio
coni:68702,68702,ASSOCIAZIONE SPORTIVA DILETTANTISTICA LUGUGNANA,Calcio (a 11),Calcio
coni:68714,68714,ASSOCIAZIONE SPORTIVA DILETTANTISTICA POLISPORTIVA SENORBI,Calcio (a 11),Calcio
coni:68717,68717,A.S.D. C.R.P. PIETRO BORTOLOTTI,Calcio (a 11),Calcio
coni:68717,68717,A.S.D. C.R.P. PIETRO BORTOLOTTI,Futsal (calcio da sala - calcio a 5),Futsal
coni:68717,68717,A.S.D. C.R.P. PIETRO BORTOLOTTI,Calcio (a 7),Calcio
coni:68717,68717,A.S.D. C.R.P. PIETRO BORTOLOTTI,Pallavolo,Volley
coni:68736,68736,POLISPORTIVA TORREGLIA A.S.D.,Calcio (a 11),Calcio
coni:68736,68736,POLISPORTIVA TORREGLIA A.S.D.,Futsal (calcio da sala - calcio a 5),Futsal
coni:68738,68738,ASSOCIAZIONE SPORTIVA DILETTANTISTICA CENTRO SPORTIVO CULTURALE DI CORTENOVA,Calcio (a 11),Calcio
coni:68738,68738,ASSOCIAZIONE SPORTIVA DILETTANTISTICA CENTRO SPORTIVO CULTURALE DI CORTENOVA,Pallavolo,Volley
coni:68741,68741,A.S.D. U.P.D. SANTA CROCE,Calcio (a 11),Calcio
coni:68746,68746,GRUPPO SAN MINIATO A.S.D.,Calcio (a 11),Calcio
coni:68747,68747,CENTRO GIOVANILE SAN VITTORE OLONA ASSOCIAZIONE SPORTIVA DILETTANTISTICA,Calcio (a 11),Calcio
coni:68753,68753,A.S.D. CENTRO OLIMPIA GIARRATANA,Calcio (a 11),Calcio
coni:68753,68753,A.S.D. CENTRO OLIMPIA GIARRATANA,Calcio (a 8),Calcio
coni:68753,68753,A.S.D. CENTRO OLIMPIA GIARRATANA,Futsal (calcio da sala - calcio a 5),Futsal
coni:68753,68753,A.S.D. CENTRO OLIMPIA GIARRATANA,Calcio (a 7),Calcio
coni:68769,68769,A.S.D. FERRINI CALCIO QUARTU S.E.,Calcio (a 11),Calcio
coni:68778,68778,AMATEURFUSSBALLCLUB 3 ZINNEN,Calcio (a 11),Calcio
coni:68786,68786,ASSOCIAZIONE SPORTIVA DILETTANTISTICA GINNIC CLUB STADIUM,Calcio (a 11),Calcio
coni:6880,6880,U.S.D. CISONESE MOBILI CALLESELLA,Calcio (a 11),Calcio
coni:68812,68812,U.S. PORTO CORSINI ASSOCIAZIONE SPORTIVA DILETTANTISTICA,Calcio (a 11),Calcio
coni:6884,6884,CAMISANO CALCIO 1910 SOCIETA' SPORTIVA DILETTANTISTICA A RESPONSABILITA' LIMITATA,Calcio (a 11),Calcio
coni:68842,68842,ASSOCIAZIONE SPORTIVA DILETTANTISTICA LESSONA CALCIO,Calcio (a 11),Calcio
coni:689,689,USD DON BOSCO LA SPEZIA CALCIO,Calcio (a 11),Calcio
coni:689,689,USD DON BOSCO LA SPEZIA CALCIO,Futsal (calcio da sala - calcio a 5),Futsal
coni:689,689,USD DON BOSCO LA SPEZIA CALCIO,Calcio (a 7),Calcio
coni:6893,6893,U.S. ORATORIO FIGINO CALCIO,Calcio (a 11),Calcio
coni:68936,68936,ASS.SPORT.DILETTANT.CAST. SCALO,Calcio (a 11),Calcio
coni:6895,6895,ASD SAN MARCO,Calcio (a 11),Calcio
coni:68957,68957,ASSOCIAZIONE SPORTIVA DILETTANTISTICA SANGIORGESE,Calcio (a 11),Calcio
coni:68969,68969,U.S. EDELWEISS JOLLY SSD A R. L.,Calcio (a 11),Calcio
coni:68969,68969,U.S. EDELWEISS JOLLY SSD A R. L.,Calcio (a 7),Calcio
coni:68985,68985,UNIONE SPORTIVA LEGINO 1910,Calcio (a 11),Calcio
coni:68985,68985,UNIONE SPORTIVA LEGINO 1910,Futsal (calcio da sala - calcio a 5),Futsal
coni:68985,68985,UNIONE SPORTIVA LEGINO 1910,Calcio (a 7),Calcio
coni:68985,68985,UNIONE SPORTIVA LEGINO 1910,Calcio (a 8),Calcio
coni:69106,69106,ASD GRUPPO SPORTIVO MONSERRATO,Calcio (a 11),Calcio
coni:69133,69133,ASSOCIAZIONE SPORTIVA DILETTANTISTICA PORTOVERRARA CALCIO,Calcio (a 11),Calcio
coni:6914,6914,A.S.D. ACADEMY PESCARA FUTSAL,Futsal (calcio da sala - calcio a 5),Futsal
coni:69140,69140,POLISPORTIVA FORNACE ZARATTINI ASSOCIAZIONE SPORTIVA DILETTANTISTICA,Calcio (a 11),Calcio
coni:69148,69148,ASSOCIAZIONE SPORTIVA DILETTANTISTICA POLEO-ASTE,Calcio (a 11),Calcio
coni:69177,69177,A.S.D. REAL SOMMATINO,Calcio (a 11),Calcio
coni:69180,69180,ASSOCIAZIONE SPORTIVA DILETTANTISTICA FUTURE BOYS,Calcio (a 11),Calcio
coni:6920,6920,POLISPORTIVA PIETRAIA A.S.D.,Calcio (a 11),Calcio
coni:69206,69206,A.S.D. STELLA AZZURRA,Calcio (a 11),Calcio
coni:69228,69228,SPORT CLUB DILETTANTISTICA COLICODERVIESE - ASSOCIAZIONE SPORTIVA DILETTANTISTICA,Calcio (a 11),Calcio
coni:6924,6924,A.S.D. PROCALCIO ITALIA,Calcio (a 11),Calcio
coni:6924,6924,A.S.D. PROCALCIO ITALIA,Calcio (a 8),Calcio
coni:6924,6924,A.S.D. PROCALCIO ITALIA,Futsal (calcio da sala - calcio a 5),Futsal
coni:6924,6924,A.S.D. PROCALCIO ITALIA,Calcio (a 7),Calcio
coni:69375,69375,"POLISPORTIVA ORATORIO CASTELLEONE ""DON EUOGENIO MONDINI""",Calcio (a 11),Calcio
coni:69375,69375,"POLISPORTIVA ORATORIO CASTELLEONE ""DON EUOGENIO MONDINI""",Futsal (calcio da sala - calcio a 5),Futsal
coni:69375,69375,"POLISPORTIVA ORATORIO CASTELLEONE ""DON EUOGENIO MONDINI""",Calcio (a 7),Calcio
coni:69375,69375,"POLISPORTIVA ORATORIO CASTELLEONE ""DON EUOGENIO MONDINI""",Pallacanestro,Basket
coni:69375,69375,"POLISPORTIVA ORATORIO CASTELLEONE ""DON EUOGENIO MONDINI""",Pallavolo,Volley
coni:69424,69424,A.S.D. ATLETICO GUALDO FOSSATO,Calcio (a 11),Calcio
coni:69424,69424,A.S.D. ATLETICO GUALDO FOSSATO,Futsal (calcio da sala - calcio a 5),Futsal
coni:6943,6943,ASSOCIAZIONE SPORTIVA DILETTANTISTICA LALLIO CALCIO,Calcio (a 11),Calcio
coni:6943,6943,ASSOCIAZIONE SPORTIVA DILETTANTISTICA LALLIO CALCIO,Futsal (calcio da sala - calcio a 5),Futsal
coni:6943,6943,ASSOCIAZIONE SPORTIVA DILETTANTISTICA LALLIO CALCIO,Pallavolo,Volley
coni:69442,69442,ASSOCIAZIONE SPORTIVA DILETTANTISTICA POLISPORTIVA DON BOSCO GUBBIO,Calcio (a 11),Calcio
coni:69442,69442,ASSOCIAZIONE SPORTIVA DILETTANTISTICA POLISPORTIVA DON BOSCO GUBBIO,Futsal (calcio da sala - calcio a 5),Futsal
coni:69442,69442,ASSOCIAZIONE SPORTIVA DILETTANTISTICA POLISPORTIVA DON BOSCO GUBBIO,Calcio (a 7),Calcio
coni:69442,69442,ASSOCIAZIONE SPORTIVA DILETTANTISTICA POLISPORTIVA DON BOSCO GUBBIO,Pallavolo,Volley
coni:69442,69442,ASSOCIAZIONE SPORTIVA DILETTANTISTICA POLISPORTIVA DON BOSCO GUBBIO,Pallacanestro,Basket
coni:69461,69461,U.S.D. SONCINESE,Calcio (a 11),Calcio
coni:69462,69462,A.S.D. UNIONE A.C.V.,Calcio (a 11),Calcio
coni:69543,69543,POLISPORTIVA GIOVANILE SALESIANA ISTITUTO MARIA AUSILIATRICE,Calcio (a 11),Calcio
coni:69543,69543,POLISPORTIVA GIOVANILE SALESIANA ISTITUTO MARIA AUSILIATRICE,Calcio (a 7),Calcio
coni:69543,69543,POLISPORTIVA GIOVANILE SALESIANA ISTITUTO MARIA AUSILIATRICE,Pallacanestro,Basket
coni:69543,69543,POLISPORTIVA GIOVANILE SALESIANA ISTITUTO MARIA AUSILIATRICE,Pallavolo,Volley
coni:69552,69552,POLISPORTIVA BORGO SOLESTA' SS,Calcio (a 11),Calcio
coni:69552,69552,POLISPORTIVA BORGO SOLESTA' SS,Calcio (a 7),Calcio
coni:69552,69552,POLISPORTIVA BORGO SOLESTA' SS,Futsal (calcio da sala - calcio a 5),Futsal
coni:6956,6956,SAN PIERO CALCIO A.S.D.,Calcio (a 11),Calcio
coni:69587,69587,ASD CALCIO SAONARA VILLATORA,Calcio (a 11),Calcio
coni:6959,6959,A.S.D. CORTINO CALCIO,Calcio (a 11),Calcio
coni:69602,69602,"A.S.D. ""SPORTING SALA CONSILINA""",Calcio (a 11),Calcio
coni:69602,69602,"A.S.D. ""SPORTING SALA CONSILINA""",Futsal (calcio da sala - calcio a 5),Futsal
coni:69602,69602,"A.S.D. ""SPORTING SALA CONSILINA""",Calcio (a 8),Calcio
coni:69602,69602,"A.S.D. ""SPORTING SALA CONSILINA""",Calcio (a 7),Calcio
coni:69665,69665,ASSOCIAZIONE POLISPORTIVA DILETTANTISTICA FOOTBALL CLUB CHIUSDINO,Calcio (a 11),Calcio
coni:69667,69667,ASSOCIAZIONE SPORTIVA DILETTANTISTICA SAN GIUSTO,Calcio (a 11),Calcio
coni:69667,69667,ASSOCIAZIONE SPORTIVA DILETTANTISTICA SAN GIUSTO,Futsal (calcio da sala - calcio a 5),Futsal
coni:69686,69686,A.S.D UNIONE CADORE DOMEGGE,Calcio (a 11),Calcio
coni:69719,69719,A.S.D. ME.TA. SPORT,Futsal (calcio da sala - calcio a 5),Futsal
coni:69772,69772,A.S.D. POLISPORTIVA ATENA LUCANA,Calcio (a 11),Calcio
coni:69842,69842,ASD SANT'ALBANO,Calcio (a 11),Calcio
coni:69842,69842,ASD SANT'ALBANO,Futsal (calcio da sala - calcio a 5),Futsal
coni:69842,69842,ASD SANT'ALBANO,Calcio (a 7),Calcio
coni:69845,69845,A.S.D.GRUPPO GIOVANI BANZANO,Calcio (a 11),Calcio
coni:69890,69890,A.S.D. POLISPORTIVA OSSESE,Calcio (a 11),Calcio
coni:69890,69890,A.S.D. POLISPORTIVA OSSESE,Calcio (a 7),Calcio
coni:69890,69890,A.S.D. POLISPORTIVA OSSESE,Calcio (a 8),Calcio
coni:69890,69890,A.S.D. POLISPORTIVA OSSESE,Futsal (calcio da sala - calcio a 5),Futsal
coni:69905,69905,F.C. HERMES SAN TOMMASO ASSOCIAZIONE SPORTIVA DILETTANTISTICA,Calcio (a 11),Calcio
coni:69921,69921,AVOLA ASSOCIAZIONE SPORTIVA DILETTANTISTICA,Calcio (a 11),Calcio
coni:6993,6993,MONTEFOSCOLI CALCIO,Calcio (a 11),Calcio
coni:69930,69930,ASSOCIAZIONE SPORTIVA DILETTANTISTICA PORTA ROMANA,Calcio (a 11),Calcio
coni:69940,69940,ASSOCIAZIONE SPORTIVA DILETTANTISTICA BARREA,Futsal (calcio da sala - calcio a 5),Futsal
coni:69946,69946,POLISPORTIVA SAN GIUSEPPE,Calcio (a 11),Calcio
coni:69978,69978,SSV BRUNECK AMATEURSPORTVEREIN,Calcio (a 11),Calcio
coni:70,70,CENTRO SPORTIVO CROCE VERDE VIAREGGIO ASD,Calcio (a 11),Calcio
coni:70037,70037,ASSOCIAZIONE SPORTIVA DILETTANTISTICA U.S. CENGIO,Calcio (a 11),Calcio
coni:70151,70151,A.S.D.CARPINELLO FORLI' 1919,Calcio (a 11),Calcio
coni:70151,70151,A.S.D.CARPINELLO FORLI' 1919,Calcio (a 7),Calcio
coni:70194,70194,GRUPPO SPORTIVO DUE VI ASD,Calcio (a 11),Calcio
coni:70194,70194,GRUPPO SPORTIVO DUE VI ASD,Calcio (a 7),Calcio
coni:70194,70194,GRUPPO SPORTIVO DUE VI ASD,Pallacanestro,Basket
coni:70259,70259,RINASCITANETINA 2008 ASSOCIAZIONE POLISPORTIVA DILETTANTISTICA,Futsal (calcio da sala - calcio a 5),Futsal
coni:7028,7028,ASSOCIAZIONE SPORTIVA DILETTANTISTICA NUOVA VALSABBIA,Calcio (a 11),Calcio
coni:70303,70303,ASSOCIAZIONE SPORTIVA DILETTANTISTICA BENESE,Calcio (a 11),Calcio
coni:70370,70370,FUTURO GIOVANI VILIANENSIS A.S.D.,Calcio (a 11),Calcio
coni:70375,70375,A.S.D. CENTRO SPORTIVO AZZURRO,Calcio (a 11),Calcio
coni:70375,70375,A.S.D. CENTRO SPORTIVO AZZURRO,Calcio (a 8),Calcio
coni:70375,70375,A.S.D. CENTRO SPORTIVO AZZURRO,Futsal (calcio da sala - calcio a 5),Futsal
coni:70375,70375,A.S.D. CENTRO SPORTIVO AZZURRO,Calcio (a 7),Calcio
coni:70416,70416,CAGGIANO CALCIO A.S.D.,Calcio (a 11),Calcio
coni:7042,7042,A.S.D. ALTO LIVENZA ACADEMY,Calcio (a 11),Calcio
coni:70488,70488,POLISP.DILET.QUARTIERI RIUNITI,Calcio (a 11),Calcio
coni:70488,70488,POLISP.DILET.QUARTIERI RIUNITI,Calcio (a 7),Calcio
coni:70494,70494,ASD GRIFO SIGILLO,Calcio (a 11),Calcio
coni:7063,7063,ASD ACF ALESSANDRIA CALCIO FEMMINILE,Calcio (a 11),Calcio
coni:70644,70644,ASSOCIAZIONE SPORTIVA DILETTAN TISTICA AURORA-SAN NICOLO',Calcio (a 11),Calcio
coni:70667,70667,A.S.D. SALICE,Calcio (a 11),Calcio
coni:70667,70667,A.S.D. SALICE,Futsal (calcio da sala - calcio a 5),Futsal
coni:70667,70667,A.S.D. SALICE,Calcio (a 7),Calcio
coni:70667,70667,A.S.D. SALICE,Pallavolo,Volley
coni:70702,70702,ASSOCIAZIONE SPORTIVA DILETTANTISTICA CALCIO VALBOITE,Calcio (a 11),Calcio
coni:70702,70702,ASSOCIAZIONE SPORTIVA DILETTANTISTICA CALCIO VALBOITE,Calcio (a 8),Calcio
coni:70702,70702,ASSOCIAZIONE SPORTIVA DILETTANTISTICA CALCIO VALBOITE,Futsal (calcio da sala - calcio a 5),Futsal
coni:70702,70702,ASSOCIAZIONE SPORTIVA DILETTANTISTICA CALCIO VALBOITE,Calcio (a 7),Calcio
coni:70742,70742,ASSOCIAZIONE SPORTIVA DILETTANTISTICA GARGANO 2000 MANFREDONIA,Calcio (a 7),Calcio
coni:70749,70749,ASSOCIOAZIONE SPORTIVA DILETTANTISTICA F.C. CASTELLINA IN CHIANTI,Calcio (a 11),Calcio
coni:70837,70837,ASD SAN PAOLO SASSARI,Calcio (a 11),Calcio
coni:70837,70837,ASD SAN PAOLO SASSARI,Futsal (calcio da sala - calcio a 5),Futsal
coni:70837,70837,ASD SAN PAOLO SASSARI,Calcio (a 7),Calcio
coni:7088,7088,ASSOCIAZIONE SPORTIVA DILETTANTISTICA PRAMAGGIORE,Calcio (a 11),Calcio
coni:7088,7088,ASSOCIAZIONE SPORTIVA DILETTANTISTICA PRAMAGGIORE,Futsal (calcio da sala - calcio a 5),Futsal
coni:7093,7093,UNIONE SPORTIVA DERVIESE a.s.d.,Futsal (calcio da sala - calcio a 5),Futsal
coni:7093,7093,UNIONE SPORTIVA DERVIESE a.s.d.,Calcio (a 7),Calcio
coni:70959,70959,ASSOCIAZIONE CALCIO VIGONZA ASSOCIAZIONE SPORTIVA DILETTANTISTICA,Calcio (a 11),Calcio
coni:71036,71036,ASSOCIAZIONE SPORTIVA DILETTANTISTICA GIANESINI - ASD,Calcio (a 11),Calcio
coni:71036,71036,ASSOCIAZIONE SPORTIVA DILETTANTISTICA GIANESINI - ASD,Futsal (calcio da sala - calcio a 5),Futsal
coni:71036,71036,ASSOCIAZIONE SPORTIVA DILETTANTISTICA GIANESINI - ASD,Calcio (a 7),Calcio
coni:7109,7109,A.S.D. BASSA BRESCIANA,Calcio (a 11),Calcio
coni:71098,71098,CHAMINADE CAMPOBASSO A.S.D.,Calcio (a 11),Calcio
coni:71098,71098,CHAMINADE CAMPOBASSO A.S.D.,Futsal (calcio da sala - calcio a 5),Futsal
coni:7113,7113,ASSOCIAZIONE SPORTIVA DILETTANTISTICA CELLATICA,Calcio (a 11),Calcio
coni:7122,7122,ASSOCIAZIONE SPORTIVA DILETTANTISTICA FANZOLO,Calcio (a 11),Calcio
coni:71274,71274,"ASD ""MANZIL SINDI""",Calcio (a 11),Calcio
coni:71274,71274,"ASD ""MANZIL SINDI""",Beach Soccer,Calcio
coni:71274,71274,"ASD ""MANZIL SINDI""",Futsal (calcio da sala - calcio a 5),Futsal
coni:71274,71274,"ASD ""MANZIL SINDI""",Calcio (a 7),Calcio
coni:71292,71292,ASD SPORTING SAN SALVO,Futsal (calcio da sala - calcio a 5),Futsal
coni:71312,71312,ASS.SPORTIVA DILETTANTISTICA GIO.CA.TO,Calcio (a 11),Calcio
coni:7133,7133,ASSOCIAZIONE SPORTIVA DILETTANTISTICA -G.S. PONTE PIETRA,Calcio (a 11),Calcio
coni:7138,7138,A.P.D. REAL SAN MARTINO CALCIO,Calcio (a 11),Calcio
coni:71533,71533,ASD COSTA DEL LIONE C5,Calcio (a 11),Calcio
coni:71533,71533,ASD COSTA DEL LIONE C5,Futsal (calcio da sala - calcio a 5),Futsal
coni:71537,71537,A.S.D. GAZZOLO 2014,Calcio (a 11),Calcio
coni:71575,71575,GRUPPO SPORTIVO DILETTANTISTICO MONTAGANO,Futsal (calcio da sala - calcio a 5),Futsal
coni:71632,71632,SPORTING CLUB FREE TIME,Calcio (a 11),Calcio
coni:71787,71787,ASSOCIAZIONE SPORTIVA DILETTANTISTICA SANTELIANA,Calcio (a 11),Calcio
coni:71866,71866,A.S.D.PROGETTO GIOVANI MARIGLIANESE,Calcio (a 11),Calcio
coni:71866,71866,A.S.D.PROGETTO GIOVANI MARIGLIANESE,Calcio (a 8),Calcio
coni:71866,71866,A.S.D.PROGETTO GIOVANI MARIGLIANESE,Futsal (calcio da sala - calcio a 5),Futsal
coni:71866,71866,A.S.D.PROGETTO GIOVANI MARIGLIANESE,Calcio (a 7),Calcio
coni:71866,71866,A.S.D.PROGETTO GIOVANI MARIGLIANESE,Pallacanestro,Basket
coni:71866,71866,A.S.D.PROGETTO GIOVANI MARIGLIANESE,Pallavolo,Volley
coni:7187,7187,1928 VETRALLA ASD,Calcio (a 11),Calcio
coni:7189,7189,U.S. VITERBESE S.S.D. A R.L.,Calcio (a 11),Calcio
coni:7189,7189,U.S. VITERBESE S.S.D. A R.L.,Futsal (calcio da sala - calcio a 5),Futsal
coni:7195,7195,A.S.D. FOSSACESIA 90,Calcio (a 11),Calcio
coni:71959,71959,POLISPORTIVA OTTAVA ASD,Calcio (a 11),Calcio
coni:71959,71959,POLISPORTIVA OTTAVA ASD,Futsal (calcio da sala - calcio a 5),Futsal
coni:71959,71959,POLISPORTIVA OTTAVA ASD,Calcio (a 7),Calcio
coni:71961,71961,A.S.D. POLISPORTIVA MORRONESE,Calcio (a 11),Calcio
coni:71973,71973,SS. MARTIRI POLISPORTIVA CALCIO ASD,Calcio (a 11),Calcio
coni:71989,71989,A.S.D. BOY TERZIGNO,Calcio (a 11),Calcio
coni:71989,71989,A.S.D. BOY TERZIGNO,Calcio (a 8),Calcio
coni:71989,71989,A.S.D. BOY TERZIGNO,Calcio (a 7),Calcio
coni:71998,71998,ASD AQUILOTTI SAN SALVO,Calcio (a 11),Calcio
coni:72015,72015,NANA' GULINO ACADEMY,Calcio (a 11),Calcio
coni:7206,7206,POLISPORTIVA ELICE,Calcio (a 11),Calcio
coni:7207,7207,A. S. D. VALSERINA,Calcio (a 11),Calcio
coni:7207,7207,A. S. D. VALSERINA,Pallavolo,Volley
coni:72073,72073,G.S. DON PEPPINO CUTROPIA,Calcio (a 11),Calcio
coni:72180,72180,A.S.D. ALKANTARA,Calcio (a 11),Calcio
coni:72180,72180,A.S.D. ALKANTARA,Futsal (calcio da sala - calcio a 5),Futsal
coni:72180,72180,A.S.D. ALKANTARA,Calcio (a 7),Calcio
coni:72198,72198,ASS.SPORT.DILETTANTISTICA OLTRETUTTO 97,Calcio (a 7),Calcio
coni:7225,7225,CALCIO ALBAVILLA ASSOCIAZIONE SPORTIVA DILETTANTISTICA,Calcio (a 11),Calcio
coni:7226,7226,SPES BORGOTREBBIA SSD A RL,Calcio (a 11),Calcio
coni:72357,72357,A.S.D. POLISPORTIVA LAMEZIA,Calcio (a 11),Calcio
coni:72357,72357,A.S.D. POLISPORTIVA LAMEZIA,Calcio (a 7),Calcio
coni:72362,72362,ASSOCIAZIONE SPORTIVA DILETTANTISTICA CARROSIO CALCIO,Calcio (a 11),Calcio
coni:7240,7240,ASSOCIAZIONE SPORTIVA DILETTANTISTICA OSTELLATESE,Calcio (a 11),Calcio
coni:199046,199046,NON HO UNA LIRA VIAREGGIO ASD (NHUL VIAREGGIO ASD),Calcio (a 11),Calcio
coni:199052,199052,ASSOCIAZIONE SPORTIVA DILETTANTISTICA VILLAR 2025,Calcio (a 11),Calcio
coni:199151,199151,ASD DECIMOMANNU CALCIO,Calcio (a 11),Calcio
coni:199183,199183,FARSI PROSSIMO ONLUS SOCIETA' COOPERATIVA SOCIALE,Calcio (a 7),Calcio
coni:199211,199211,GS TERRINCA CALCIO ASD,Calcio (a 11),Calcio
coni:199296,199296,UNIONE SPORTIVA VOLPEDO - ASD,Calcio (a 11),Calcio
coni:199297,199297,A.S.D. ATLETICO AUDACE,Calcio (a 11),Calcio
coni:199598,199598,ASD VIRTUS STRASATTI,Calcio (a 11),Calcio
coni:199835,199835,ASSOCIAZIONE SPORTIVA DILETTANTISTICA NAPOLI EST 2025,Calcio (a 11),Calcio
coni:199970,199970,PISTOIESE FOR SPECIAL ASSOCIAZIONE SPORTIVA DILETTANTISTICA,Calcio (a 7),Calcio
coni:200012,200012,ASD REAL MAZARA 2025,Calcio (a 11),Calcio
coni:200088,200088,ASD BASICO' FUTSAL,Futsal (calcio da sala - calcio a 5),Futsal
coni:200096,200096,ASSOCIAZIONE SPORTIVA DILETTANTISTICA SPORT CLUB ARDOR SALES D.B.,Calcio (a 11),Calcio
coni:201779,201779,A.S.D. PESCAGLIA,Calcio (a 11),Calcio
coni:201779,201779,A.S.D. PESCAGLIA,Futsal (calcio da sala - calcio a 5),Futsal
coni:2025,2025,ASSOCIAZIONE SPORTIVA DILETTANTISTICA SCOPIGNO CUP,Calcio (a 11),Calcio
coni:20257,20257,ASD POLISPORTIVA DILETT. ANNIA,Futsal (calcio da sala - calcio a 5),Futsal
coni:20257,20257,ASD POLISPORTIVA DILETT. ANNIA,Pallacanestro,Basket
coni:20257,20257,ASD POLISPORTIVA DILETT. ANNIA,Pallavolo,Volley
coni:20703,20703,A.S. SAN PIETRO ROSA'- ASSOCIAZIONE SPORTIVA DILETTANTISTICA,Calcio (a 11),Calcio
coni:20873,20873,A.C.D. PARATICO 2009 ASSOCIAZIONE SPORTIVA DILETTANTISTICA,Calcio (a 11),Calcio
coni:20906,20906,SASSO MARCONI S.S.D. A R.L.,Calcio (a 11),Calcio
coni:21152,21152,FCD UNITED FUTSAL ROSSANO SOCIETA' SPORTIVA DILETTANTISTICA A RESPONSABILITA' LIMITATA - IN SIGLA: FCD UNITED FUTSAL ROSSANO S.S.D.A.R.L.,Futsal (calcio da sala - calcio a 5),Futsal
coni:21503,21503,ASSOCIAZIONE CALCIO NOVENTA,Calcio (a 11),Calcio
coni:21516,21516,A.S.D. TEAM S. LUCIA GOLOSINE,Calcio (a 11),Calcio
coni:22046,22046,UNIONE SPORTIVA DILETTANTISTICA SUMMANIA,Calcio (a 11),Calcio
coni:22088,22088,A.S.D. GUALDO CALCIO NEXT GEN,Calcio (a 11),Calcio
coni:22435,22435,REAL CASALECCHIO S.S.D. A R.L.,Calcio (a 11),Calcio
coni:2252,2252,G.S.ARIANO ASS.SPORTIVA,Futsal (calcio da sala - calcio a 5),Futsal
coni:2312,2312,A.S.D. UNIONE FRIULI ISONTINA,Calcio (a 11),Calcio
coni:23548,23548,ASSOCIAZIONE DILETTANTISTICA OLIMPIC SALUZZO 1957,Calcio (a 11),Calcio
coni:23548,23548,ASSOCIAZIONE DILETTANTISTICA OLIMPIC SALUZZO 1957,Futsal (calcio da sala - calcio a 5),Futsal
coni:23608,23608,ORSA ISEO SOCIETA' COOPERATIVA SPORTIVA DILETTANTISTICA,Calcio (a 11),Calcio
coni:2484,2484,POLISPORTIVA U.S. CASTELVETRO ASSOCIAZIONE SPORTIVA DILETTANTISTICA,Calcio (a 11),Calcio
coni:25264,25264,COOPERATIVA SPORTIVA DILETTANTISTICA UESSE SARNICO 1908,Calcio (a 11),Calcio
coni:25271,25271,A.S.D. CALCIO CAVARZERE,Calcio (a 11),Calcio
coni:25467,25467,STELLA AZZURRA S.ANNA ASSOCIAZIONE SPORTIVA DILETTANTISTICA,Calcio (a 11),Calcio
coni:2647,2647,POLICRAS SOVICILLE,Calcio (a 11),Calcio
coni:26604,26604,ASSOCIAZIONE SPORTIVA DILETT. VIRTUS SUMMAGA,Calcio (a 11),Calcio
coni:26664,26664,POLISPORTIVA AUDAX RUFINA,Calcio (a 11),Calcio
coni:26749,26749,ASD AURORA TERNO MEDOLAGO,Calcio (a 11),Calcio
coni:2680,2680,ASSOCIAZIONE SPORTIVA DILETTANTISTICA POLISPORTIVA ISOLA DI FANO,Calcio (a 11),Calcio
coni:2680,2680,ASSOCIAZIONE SPORTIVA DILETTANTISTICA POLISPORTIVA ISOLA DI FANO,Calcio (a 7),Calcio
coni:26914,26914,S.S.D. AUDACE CALCIO A R.L.,Calcio (a 11),Calcio
coni:26928,26928,U.S.D. LA MERIDIANA,Calcio (a 11),Calcio
coni:26928,26928,U.S.D. LA MERIDIANA,Futsal (calcio da sala - calcio a 5),Futsal
coni:26928,26928,U.S.D. LA MERIDIANA,Calcio (a 7),Calcio
coni:27444,27444,GELSI SSD SRL,Calcio (a 11),Calcio
coni:27813,27813,A.S.D. CITTA' ISOLA DELLE FEMMINE,Calcio (a 11),Calcio
coni:27813,27813,A.S.D. CITTA' ISOLA DELLE FEMMINE,Calcio (a 8),Calcio
coni:27813,27813,A.S.D. CITTA' ISOLA DELLE FEMMINE,Futsal (calcio da sala - calcio a 5),Futsal
coni:27813,27813,A.S.D. CITTA' ISOLA DELLE FEMMINE,Calcio (a 7),Calcio
coni:27813,27813,A.S.D. CITTA' ISOLA DELLE FEMMINE,Pallavolo,Volley
coni:27868,27868,A.S.D. CENTRO UNIVERSITARIO SPORTIVO BARI,Futsal (calcio da sala - calcio a 5),Futsal
coni:27868,27868,A.S.D. CENTRO UNIVERSITARIO SPORTIVO BARI,Pallacanestro,Basket
coni:27868,27868,A.S.D. CENTRO UNIVERSITARIO SPORTIVO BARI,Pallanuoto,Pallanuoto
coni:27868,27868,A.S.D. CENTRO UNIVERSITARIO SPORTIVO BARI,Pallavolo,Volley
coni:27868,27868,A.S.D. CENTRO UNIVERSITARIO SPORTIVO BARI,Beach volley,Volley
coni:27868,27868,A.S.D. CENTRO UNIVERSITARIO SPORTIVO BARI,Pallacanestro 3 contro 3,Basket
coni:27868,27868,A.S.D. CENTRO UNIVERSITARIO SPORTIVO BARI,ATTIVITA' SUBACQUEE E NUOTO PINNATO Basket con le pinne (Finswimming Basket),Basket
coni:27868,27868,A.S.D. CENTRO UNIVERSITARIO SPORTIVO BARI,Pallanuoto con le pinne (Finswimming Ball),Pallanuoto
coni:27868,27868,A.S.D. CENTRO UNIVERSITARIO SPORTIVO BARI,Rugby subacqueo,Rugby
coni:27944,27944,A.S.D. SAN FLORIANO 1970,Calcio (a 11),Calcio
coni:28026,28026,A.S.D. REAL GREZZANALUGO,Calcio (a 11),Calcio
coni:28026,28026,A.S.D. REAL GREZZANALUGO,Futsal (calcio da sala - calcio a 5),Futsal
coni:28026,28026,A.S.D. REAL GREZZANALUGO,Calcio (a 7),Calcio
coni:28026,28026,A.S.D. REAL GREZZANALUGO,Pallacanestro,Basket
coni:28026,28026,A.S.D. REAL GREZZANALUGO,Pallavolo,Volley
coni:28031,28031,A.C.D.VILLAFRANCHESE,Calcio (a 11),Calcio
coni:28249,28249,SOCIETA' POLISPORTIVA DILETTANTISTICA CAMPODORO,Calcio (a 11),Calcio
coni:28606,28606,"A.S.D. "" POLISPORTIVA PRO COLLIANO """,Calcio (a 11),Calcio
coni:28880,28880,UNIONE SPORTIVA DILETTANTISTICA LAMPO 1945,Calcio (a 11),Calcio
coni:30036,30036,ASSOCIAZIONE SPORTIVA DILETTANTISTICA VALDIPESA GIOVANI,Calcio (a 11),Calcio
coni:30809,30809,UNIONE SPORTIVA ORATORIO MELEGNANO CALCIO A.S.D.,Calcio (a 11),Calcio
coni:30809,30809,UNIONE SPORTIVA ORATORIO MELEGNANO CALCIO A.S.D.,Futsal (calcio da sala - calcio a 5),Futsal
coni:30809,30809,UNIONE SPORTIVA ORATORIO MELEGNANO CALCIO A.S.D.,Calcio (a 7),Calcio
coni:31009,31009,A.P.D. MEDAGLIE D'ORO,Calcio (a 11),Calcio
coni:31009,31009,A.P.D. MEDAGLIE D'ORO,Calcio (a 8),Calcio
coni:31009,31009,A.P.D. MEDAGLIE D'ORO,Futsal (calcio da sala - calcio a 5),Futsal
coni:31009,31009,A.P.D. MEDAGLIE D'ORO,Calcio (a 7),Calcio
coni:31031,31031,POLISPORTIVA DILETTANTISTICA CITTA' DI SEGRATE,Calcio (a 11),Calcio
coni:31072,31072,F.B.C. VAREDO,Calcio (a 11),Calcio
coni:31819,31819,A.S. TICINIA ROBECCHETTO ASD,Calcio (a 11),Calcio
coni:32436,32436,CARIOCA ASSOCIAZIONE SPORTIVA DILETTANTISTICA,Calcio (a 11),Calcio
coni:32858,32858,PARTHENOPE FUTSAL ASSOCIAZIONE SPORTIVA DILETTANTISTICA,Futsal (calcio da sala - calcio a 5),Futsal
coni:32858,32858,PARTHENOPE FUTSAL ASSOCIAZIONE SPORTIVA DILETTANTISTICA,Calcio (a 11),Calcio
coni:32858,32858,PARTHENOPE FUTSAL ASSOCIAZIONE SPORTIVA DILETTANTISTICA,Calcio (a 8),Calcio
coni:32858,32858,PARTHENOPE FUTSAL ASSOCIAZIONE SPORTIVA DILETTANTISTICA,Calcio (a 7),Calcio
coni:33129,33129,A.S.D. SPORTS TEAM,Futsal (calcio da sala - calcio a 5),Futsal
coni:33471,33471,A.P.D. ANDEZENO - ASSOCIAZIONE POLISPORTIVA DILETTANTISTICA,Calcio (a 11),Calcio
coni:33471,33471,A.P.D. ANDEZENO - ASSOCIAZIONE POLISPORTIVA DILETTANTISTICA,Pallavolo,Volley
coni:33510,33510,A.C.D. FROG MILANO A.S.D.,Calcio (a 11),Calcio
coni:35636,35636,A.S.D. FUTSAL ACADEMY,Futsal (calcio da sala - calcio a 5),Futsal
coni:35636,35636,A.S.D. FUTSAL ACADEMY,Calcio (a 11),Calcio
coni:35636,35636,A.S.D. FUTSAL ACADEMY,Calcio (a 8),Calcio
coni:35636,35636,A.S.D. FUTSAL ACADEMY,Calcio (a 7),Calcio
coni:36293,36293,S.S. ACQUANEGRA CREMONESE ASSOCIAZIONE SPORTIVA DILETTANTISTICA,Calcio (a 11),Calcio
coni:36297,36297,F.C.D SERRADIFALCO,Calcio (a 11),Calcio
coni:36297,36297,F.C.D SERRADIFALCO,Calcio (a 8),Calcio
coni:36297,36297,F.C.D SERRADIFALCO,Futsal (calcio da sala - calcio a 5),Futsal
coni:36297,36297,F.C.D SERRADIFALCO,Calcio (a 7),Calcio
coni:36334,36334,A.S.D. C.G.S. AVANGUARDIA,Calcio (a 11),Calcio
coni:36335,36335,AMATEURSPORTVEREIN KURTATSCH,Calcio (a 11),Calcio
coni:36603,36603,A.S.D. TORREANESE,Calcio (a 11),Calcio
coni:36948,36948,POLISPORTIVA OLTREFERSINA ASSOCIAZIONE DILETTANTISTICA,Calcio (a 11),Calcio
coni:36948,36948,POLISPORTIVA OLTREFERSINA ASSOCIAZIONE DILETTANTISTICA,Futsal (calcio da sala - calcio a 5),Futsal
coni:36948,36948,POLISPORTIVA OLTREFERSINA ASSOCIAZIONE DILETTANTISTICA,Rugby a 7,Rugby
coni:36948,36948,POLISPORTIVA OLTREFERSINA ASSOCIAZIONE DILETTANTISTICA,Rugby a 15,Rugby
coni:37014,37014,A.S.D. U.S. SEGNATE,Calcio (a 11),Calcio
coni:37014,37014,A.S.D. U.S. SEGNATE,Calcio (a 7),Calcio
coni:37035,37035,USD GARDOLO,Calcio (a 11),Calcio
coni:37036,37036,POLISPORTIVA GIOVANILE JASNAGORA A.S.D.,Futsal (calcio da sala - calcio a 5),Futsal
coni:37036,37036,POLISPORTIVA GIOVANILE JASNAGORA A.S.D.,Calcio (a 11),Calcio
coni:37040,37040,CENTRO UNIVERSITARIO SPORTIVO VERONA - C.U.S. VERONA ASS. SPORTIVA DILETTANTISTICA C.U.S. VERONA - A.S.D.,Futsal (calcio da sala - calcio a 5),Futsal
coni:37040,37040,CENTRO UNIVERSITARIO SPORTIVO VERONA - C.U.S. VERONA ASS. SPORTIVA DILETTANTISTICA C.U.S. VERONA - A.S.D.,Rugby a 7,Rugby
coni:37040,37040,CENTRO UNIVERSITARIO SPORTIVO VERONA - C.U.S. VERONA ASS. SPORTIVA DILETTANTISTICA C.U.S. VERONA - A.S.D.,Pallacanestro,Basket
coni:37056,37056,UNIONE SPORTIVA DILETTANTISTICA ALTAIR,Calcio (a 11),Calcio
coni:37056,37056,UNIONE SPORTIVA DILETTANTISTICA ALTAIR,Beach volley,Volley
coni:37056,37056,UNIONE SPORTIVA DILETTANTISTICA ALTAIR,Pallavolo,Volley
coni:37075,37075,A.S.D. RIVIERA,Calcio (a 11),Calcio
coni:3735,3735,OLYMPIA THYRUS S. VALENTINO,Calcio (a 11),Calcio
coni:37856,37856,ASSOCIAZIONE CALCIO AMIATA A.S.D.,Calcio (a 11),Calcio
coni:37861,37861,ASSOCIAZIONE SPORTIVA DILETTANTISTICA ISONZO,Calcio (a 11),Calcio
coni:38016,38016,AMATEURSPORTVEREIN TERENTEN,Calcio (a 11),Calcio
coni:38264,38264,A.C. BAGNACAVALLO ASD,Calcio (a 11),Calcio
coni:38364,38364,UNIONE SPORTIVA CHIEVE A.S.D.,Calcio (a 11),Calcio
coni:38548,38548,G.S. SCARPERIA 1920,Calcio (a 11),Calcio
coni:39050,39050,ASSOCIAZIONE CALCIO DILETTANTISTICA VALSUGANA,Calcio (a 11),Calcio
coni:3944,3944,A.S.D. ORATORIO URAGO MELLA,Calcio (a 11),Calcio
coni:4003,4003,ASSOCIAZIONE SPORTIVA CALCIO CESAPROBA,Calcio (a 11),Calcio
coni:40842,40842,A.C.D. VIRTUS LENOLA,Calcio (a 11),Calcio
coni:40842,40842,A.C.D. VIRTUS LENOLA,Calcio (a 8),Calcio
coni:40842,40842,A.C.D. VIRTUS LENOLA,Futsal (calcio da sala - calcio a 5),Futsal
coni:40842,40842,A.C.D. VIRTUS LENOLA,Calcio (a 7),Calcio
coni:4147,4147,U.S.D. ADRIESE 1906,Calcio (a 11),Calcio
coni:4150,4150,ASSOCIAZIONE SPORTIVA DILETTANTISTICA ROBECCO D'OGLIO,Calcio (a 11),Calcio
coni:4225,4225,ASSOCIAZIONE SPORTIVA DILETTANTISTICA PORPETTO,Calcio (a 11),Calcio
coni:43663,43663,ASSOCIAZIONE SPORTIVA DILETTANTISTICA GIOVANILE GELA,Calcio (a 11),Calcio
coni:4386,4386,A. C. AQUILA TRENTO,Calcio (a 11),Calcio
coni:46528,46528,ASSOCIAZIONE SPORTIVA DILETTANTISTICA AC ALES,Calcio (a 11),Calcio
coni:47878,47878,CIRCOLO ANSPI DON BOSCO FORMIA ASD APS ETS,Calcio (a 11),Calcio
coni:47878,47878,CIRCOLO ANSPI DON BOSCO FORMIA ASD APS ETS,Futsal (calcio da sala - calcio a 5),Futsal
coni:47878,47878,CIRCOLO ANSPI DON BOSCO FORMIA ASD APS ETS,Calcio (a 7),Calcio
coni:47878,47878,CIRCOLO ANSPI DON BOSCO FORMIA ASD APS ETS,Pallacanestro,Basket
coni:47878,47878,CIRCOLO ANSPI DON BOSCO FORMIA ASD APS ETS,Pallavolo,Volley
coni:4793,4793,BAIA ALASSIO AUXILIUM ASS. SPORT. DILETT,Calcio (a 11),Calcio
coni:4793,4793,BAIA ALASSIO AUXILIUM ASS. SPORT. DILETT,Calcio (a 7),Calcio
coni:5063,5063,"S.P.D. CASTEL SANT'ELIA ""LUCA GRAZIOSI"" A.R.L.",Calcio (a 11),Calcio
coni:5071,5071,ASS. SPORTIVA DILETTANTISTICA MARONEA CALCIO,Calcio (a 11),Calcio
coni:52932,52932,A.S.D. VIRTUS TARANTO CALCIO,Calcio (a 11),Calcio
coni:52932,52932,A.S.D. VIRTUS TARANTO CALCIO,Calcio (a 8),Calcio
coni:52932,52932,A.S.D. VIRTUS TARANTO CALCIO,Futsal (calcio da sala - calcio a 5),Futsal
coni:52932,52932,A.S.D. VIRTUS TARANTO CALCIO,Calcio (a 7),Calcio
coni:5304,5304,S.S.D. ACF CALCIO FEMMINILE AREZZO SRL,Calcio (a 11),Calcio
coni:53404,53404,ASSOCIAZIONE SPORTIVA DILETTANTISTICA LUDICA LIPARI,Calcio (a 11),Calcio
coni:53404,53404,ASSOCIAZIONE SPORTIVA DILETTANTISTICA LUDICA LIPARI,Futsal (calcio da sala - calcio a 5),Futsal
coni:53444,53444,ASD DEL NERA,Calcio (a 11),Calcio
coni:53997,53997,ASSOCIAZIONE SPORTIVA DILETTANTISTICA LIVENTINA SAN ODORICO,Calcio (a 11),Calcio
coni:54274,54274,ASSOCIAZIONE CALCIO FOLIGNO 1928 A.S.D. IN BREVE A.C. FOLIGNO 1928 A.S.D.,Calcio (a 11),Calcio
coni:54274,54274,ASSOCIAZIONE CALCIO FOLIGNO 1928 A.S.D. IN BREVE A.C. FOLIGNO 1928 A.S.D.,Calcio (a 7),Calcio
coni:54802,54802,A.S.D. SARNESE 1926,Calcio (a 11),Calcio
coni:5802,5802,A.S.D. POLISPORTIVA SERMIDE CALCIO,Calcio (a 11),Calcio
coni:5802,5802,A.S.D. POLISPORTIVA SERMIDE CALCIO,Calcio (a 7),Calcio
coni:5969,5969,ASSOCIAZIONE SPORTIVA DILETTANTISTICA COMUNALE FIUME VENETO - BANNIA,Calcio (a 11),Calcio
coni:5979,5979,G.S. S.LORENZO CALCIO ASD,Calcio (a 11),Calcio
coni:5989,5989,A.C. ODOLO ASSOCIAZIONE SPORTIVA DILETTANTISTICA,Calcio (a 11),Calcio
coni:5991,5991,A. S. DILETTANTISTICA PRATO CALCIO A CINQUE,Futsal (calcio da sala - calcio a 5),Futsal
coni:63978,63978,ASSOCIAZIONE SPORTIVA DILETTANTISTICA CIRCOLO PARROCCHIALE PRIMAVERA NICOLISOLA,Calcio (a 11),Calcio
coni:6463,6463,ASSOCIAZIONE SPORTIVA DILETTANTISTICA REAL GILDONE,Calcio (a 11),Calcio
coni:65442,65442,A.P.D. SQUALI PESCARA SUD 1997 S.S.,Calcio (a 11),Calcio
coni:65442,65442,A.P.D. SQUALI PESCARA SUD 1997 S.S.,Futsal (calcio da sala - calcio a 5),Futsal
coni:66326,66326,ASSOCIAZIONE SPORTIVA DILETTANTISTICA LA CANTERA,Calcio (a 11),Calcio
coni:66326,66326,ASSOCIAZIONE SPORTIVA DILETTANTISTICA LA CANTERA,Beach Soccer,Calcio
coni:66326,66326,ASSOCIAZIONE SPORTIVA DILETTANTISTICA LA CANTERA,Futsal (calcio da sala - calcio a 5),Futsal
coni:66326,66326,ASSOCIAZIONE SPORTIVA DILETTANTISTICA LA CANTERA,Beach volley,Volley
coni:6821,6821,A.S.D. SASSELLO,Calcio (a 11),Calcio
coni:6821,6821,A.S.D. SASSELLO,Calcio (a 8),Calcio
coni:6821,6821,A.S.D. SASSELLO,Calcio (a 7),Calcio
coni:68283,68283,ASSOCIAZIONE SPORTIVA DILETTANTISTICA CASTELLEONESE,Calcio (a 11),Calcio
coni:684,684,A.S.D. MONTORIO 88,Calcio (a 11),Calcio
coni:684,684,A.S.D. MONTORIO 88,Futsal (calcio da sala - calcio a 5),Futsal
coni:69102,69102,A.S.D. - SPORTING CLUB LIVIGNO,Calcio (a 11),Calcio
coni:69102,69102,A.S.D. - SPORTING CLUB LIVIGNO,Futsal (calcio da sala - calcio a 5),Futsal
coni:69102,69102,A.S.D. - SPORTING CLUB LIVIGNO,Calcio (a 7),Calcio
coni:69482,69482,U.S. MARCIANO ROBUR ASD,Calcio (a 11),Calcio
coni:69615,69615,A.S.D. FOX JUNIOR SERRA,Calcio (a 11),Calcio
coni:69835,69835,A.C.D. MASERA,Calcio (a 11),Calcio
coni:70083,70083,A.S.D. UNION CALCIO,Calcio (a 11),Calcio
coni:70504,70504,UNIONE SPORTIVA SERENELLA ASD,Calcio (a 11),Calcio
coni:70504,70504,UNIONE SPORTIVA SERENELLA ASD,Futsal (calcio da sala - calcio a 5),Futsal
coni:70773,70773,ASSOCIAZIONE SPORTIVA DILETTANTISTICA CALCIO LEVADA,Calcio (a 11),Calcio
coni:70951,70951,SAN DONATO CALCIO - ASD APS,Calcio (a 11),Calcio
coni:70951,70951,SAN DONATO CALCIO - ASD APS,Calcio (a 7),Calcio
coni:7158,7158,ASSOCIAZIONE SPORTIVA DILETTANTISTICA CALCIO FABBRICO,Calcio (a 11),Calcio
coni:71872,71872,ASSOCIAZIONE SPORTIVA DILETTANTISTICA - SCIACCA SOCCER 2014,Calcio (a 11),Calcio
coni:71872,71872,ASSOCIAZIONE SPORTIVA DILETTANTISTICA - SCIACCA SOCCER 2014,Futsal (calcio da sala - calcio a 5),Futsal
coni:71872,71872,ASSOCIAZIONE SPORTIVA DILETTANTISTICA - SCIACCA SOCCER 2014,Pallavolo,Volley
coni:7249,7249,A.S.D. PIEVE S. PAOLO,Calcio (a 11),Calcio
coni:72518,72518,SANT'AMBROGIO PARABIAGO A.S.D. - APS,Calcio (a 11),Calcio
coni:72518,72518,SANT'AMBROGIO PARABIAGO A.S.D. - APS,Calcio (a 7),Calcio
coni:72518,72518,SANT'AMBROGIO PARABIAGO A.S.D. - APS,Pallavolo,Volley
coni:72614,72614,USD AREZZO FOOTBALL ACADEMY S.R.L.,Calcio (a 11),Calcio
coni:72624,72624,A.S.D. SANT'ONOFRIO CALCIO,Calcio (a 11),Calcio
coni:72664,72664,A.C.D.LAMEZIA TERME,Calcio (a 11),Calcio
coni:727,727,ASD MGM 2000,Futsal (calcio da sala - calcio a 5),Futsal
coni:7275,7275,A.S.D. NUOVA A.C. FOIANO,Calcio (a 11),Calcio
coni:73053,73053,A.S.D. CIRCOLO SPORTIVO COOPER BAND,Calcio (a 11),Calcio
coni:73109,73109,A.S.D. CIARNIN,Futsal (calcio da sala - calcio a 5),Futsal
coni:732,732,A.S.D. S.EGIDIO 89,Calcio (a 11),Calcio
coni:73227,73227,ASD MEZZANO,Calcio (a 11),Calcio
coni:73227,73227,ASD MEZZANO,Futsal (calcio da sala - calcio a 5),Futsal
coni:73259,73259,G.S. REAL VALLONE A.S.D.,Calcio (a 11),Calcio
coni:73369,73369,A.S.D. BRUXIANVILLE C.B.,Calcio (a 11),Calcio
coni:73369,73369,A.S.D. BRUXIANVILLE C.B.,Calcio (a 8),Calcio
coni:73369,73369,A.S.D. BRUXIANVILLE C.B.,Calcio (a 7),Calcio
coni:73376,73376,A.S.D. BARCA RENO,Calcio (a 11),Calcio
coni:73376,73376,A.S.D. BARCA RENO,Futsal (calcio da sala - calcio a 5),Futsal
coni:73376,73376,A.S.D. BARCA RENO,Calcio (a 7),Calcio
coni:73405,73405,ASSOCIAZIONE SPORTIVA DILETTANTISTICA GATTO E LIO LAMEZIA,Calcio (a 11),Calcio
coni:735,735,A.S.D. VARANO CALCIO,Calcio (a 11),Calcio
coni:735,735,A.S.D. VARANO CALCIO,Futsal (calcio da sala - calcio a 5),Futsal
coni:7350,7350,AMATEURSPORTCLUB OLANG,Calcio (a 11),Calcio
coni:73531,73531,ASSOCIAZIONE SPORTIVA DILETTANTISTICA RAGUSA BOYS,Calcio (a 11),Calcio
coni:73621,73621,ASSOCIAZIONE SPORTIVA DILETTANTISTICA COMPRENSORIO VESUVIANO,Calcio (a 11),Calcio
coni:73621,73621,ASSOCIAZIONE SPORTIVA DILETTANTISTICA COMPRENSORIO VESUVIANO,Calcio (a 8),Calcio
coni:73621,73621,ASSOCIAZIONE SPORTIVA DILETTANTISTICA COMPRENSORIO VESUVIANO,Calcio (a 7),Calcio
coni:73712,73712,A.S.D. CIMITILE,Calcio (a 11),Calcio
coni:73782,73782,A.S.D. POLISPORTIVA UROBORO,Futsal (calcio da sala - calcio a 5),Futsal
coni:738,738,VIRTUS ROSETO ASSOCIAZIONE SPORTIVA DILETTANTISTICA,Calcio (a 11),Calcio
coni:738,738,VIRTUS ROSETO ASSOCIAZIONE SPORTIVA DILETTANTISTICA,Calcio (a 7),Calcio
coni:73817,73817,POLISPORTIVA 2001 ORATORI CHIUSO - MAGGIANICO - A.S.D.,Calcio (a 11),Calcio
coni:73817,73817,POLISPORTIVA 2001 ORATORI CHIUSO - MAGGIANICO - A.S.D.,Calcio (a 7),Calcio
coni:73817,73817,POLISPORTIVA 2001 ORATORI CHIUSO - MAGGIANICO - A.S.D.,Pallacanestro,Basket
coni:73817,73817,POLISPORTIVA 2001 ORATORI CHIUSO - MAGGIANICO - A.S.D.,Pallavolo,Volley
coni:73854,73854,US NATIVITAS ASD,Calcio (a 11),Calcio
coni:73854,73854,US NATIVITAS ASD,Futsal (calcio da sala - calcio a 5),Futsal
coni:73854,73854,US NATIVITAS ASD,Calcio (a 7),Calcio
coni:73856,73856,A.S.D. PEDEROBBA 2015,Calcio (a 11),Calcio
coni:73886,73886,"AMATEURSPORTVEREIN ""SPORT & FRIENDS SUEDTIROL""",Calcio (a 7),Calcio
coni:73899,73899,A.D. SPORTIVA NOLESE,Calcio (a 11),Calcio
coni:7392,7392,ASD CAIRESE 1919,Calcio (a 11),Calcio
coni:73992,73992,CASMENARUMCOMISO 1962 ASSOCIAZIONE SPORTIVA DILETTANTISTICA,Calcio (a 11),Calcio
coni:74000,74000,ASD VIRTUS SANGENNARESE,Calcio (a 11),Calcio
coni:74075,74075,A.S.D. FUTSAL INFINITY GODEGO,Futsal (calcio da sala - calcio a 5),Futsal
coni:7428,7428,ASD SANTA MARIA A MONTE,Calcio (a 11),Calcio
coni:7428,7428,ASD SANTA MARIA A MONTE,Futsal (calcio da sala - calcio a 5),Futsal
coni:7429,7429,ASSOCIAZIONE SPORTIVA DILETTANTISTICA A.S.D. DISMANO UNITED,Calcio (a 11),Calcio
coni:74316,74316,A.S.D. VINCENZO RICCIO,Calcio (a 11),Calcio
coni:74351,74351,A.S.D. TERZO TEMPO,Calcio (a 7),Calcio
coni:74351,74351,A.S.D. TERZO TEMPO,Calcio (a 11),Calcio
coni:74351,74351,A.S.D. TERZO TEMPO,Futsal (calcio da sala - calcio a 5),Futsal
coni:74351,74351,A.S.D. TERZO TEMPO,Pallacanestro,Basket
coni:74351,74351,A.S.D. TERZO TEMPO,Pallavolo,Volley
coni:74443,74443,SOCIETA' SPORTIVA DILETTANTISTICA NISSA F.C. S.R.L.,Calcio (a 11),Calcio
coni:74443,74443,SOCIETA' SPORTIVA DILETTANTISTICA NISSA F.C. S.R.L.,Futsal (calcio da sala - calcio a 5),Futsal
coni:74563,74563,A.S.D. FUTSAL MASSA,Futsal (calcio da sala - calcio a 5),Futsal
coni:7458,7458,ASS NIBBIANO & VALTIDONE ASD,Calcio (a 11),Calcio
coni:74599,74599,A.S.D. APULIA TRANI,Calcio (a 11),Calcio
coni:74599,74599,A.S.D. APULIA TRANI,Futsal (calcio da sala - calcio a 5),Futsal
coni:74599,74599,A.S.D. APULIA TRANI,Calcio (a 8),Calcio
coni:74599,74599,A.S.D. APULIA TRANI,Calcio (a 7),Calcio
coni:74623,74623,GRUPPO SPORTIVO ALBERINO-A.S.D.,Futsal (calcio da sala - calcio a 5),Futsal
coni:74623,74623,GRUPPO SPORTIVO ALBERINO-A.S.D.,Calcio (a 11),Calcio
coni:74623,74623,GRUPPO SPORTIVO ALBERINO-A.S.D.,Calcio (a 7),Calcio
coni:74623,74623,GRUPPO SPORTIVO ALBERINO-A.S.D.,Calcio (a 8),Calcio
coni:74649,74649,G.S.O. LECCO ALTA A.S.D. APS,Calcio (a 11),Calcio
coni:74649,74649,G.S.O. LECCO ALTA A.S.D. APS,Calcio (a 7),Calcio
coni:74649,74649,G.S.O. LECCO ALTA A.S.D. APS,Pallavolo,Volley
coni:7466,7466,FOOTBALL CLUB VASCA 1986 ASSOCIAZIONE SPORT. DILETTANTISTICA,Calcio (a 11),Calcio
coni:74679,74679,ASD PASQUALE AVINO,Calcio (a 11),Calcio
coni:74717,74717,A.S.D. VIRTUS DIOMEDE,Calcio (a 11),Calcio
coni:74717,74717,A.S.D. VIRTUS DIOMEDE,Futsal (calcio da sala - calcio a 5),Futsal
coni:74717,74717,A.S.D. VIRTUS DIOMEDE,Calcio (a 7),Calcio
coni:74725,74725,ASSOCIAZIONE SPORTIVA DILETTANTISTICA P.G.S.PLOAGHE 1994,Calcio (a 11),Calcio
coni:74725,74725,ASSOCIAZIONE SPORTIVA DILETTANTISTICA P.G.S.PLOAGHE 1994,Futsal (calcio da sala - calcio a 5),Futsal
coni:74725,74725,ASSOCIAZIONE SPORTIVA DILETTANTISTICA P.G.S.PLOAGHE 1994,Calcio (a 7),Calcio
coni:74740,74740,ASD IENA SOCCER ACADEMY 2014,Calcio (a 11),Calcio
coni:74740,74740,ASD IENA SOCCER ACADEMY 2014,Calcio (a 8),Calcio
coni:74740,74740,ASD IENA SOCCER ACADEMY 2014,Futsal (calcio da sala - calcio a 5),Futsal
coni:74740,74740,ASD IENA SOCCER ACADEMY 2014,Calcio (a 7),Calcio
coni:74764,74764,"POLISPORTIVA ""E. RENZULLI"" SAN MICHELE DI SERINO",Calcio (a 11),Calcio
coni:74764,74764,"POLISPORTIVA ""E. RENZULLI"" SAN MICHELE DI SERINO",Futsal (calcio da sala - calcio a 5),Futsal
coni:74764,74764,"POLISPORTIVA ""E. RENZULLI"" SAN MICHELE DI SERINO",Calcio (a 7),Calcio
coni:74764,74764,"POLISPORTIVA ""E. RENZULLI"" SAN MICHELE DI SERINO",Pallamano,Pallamano
coni:74764,74764,"POLISPORTIVA ""E. RENZULLI"" SAN MICHELE DI SERINO",Pallavolo,Volley
coni:74860,74860,CENTRO SPORTIVO COSTA MASNAGA ASSOCIAZIONE SPORTIVA DILETTANTISTICA,Calcio (a 11),Calcio
coni:74860,74860,CENTRO SPORTIVO COSTA MASNAGA ASSOCIAZIONE SPORTIVA DILETTANTISTICA,Calcio (a 8),Calcio
coni:74860,74860,CENTRO SPORTIVO COSTA MASNAGA ASSOCIAZIONE SPORTIVA DILETTANTISTICA,Calcio (a 7),Calcio
coni:74869,74869,POLISPORTIVA FOPPENICO ASSOCIA ZIONE SPORTIVA DILETTANTISTIC,Calcio (a 11),Calcio
coni:74869,74869,POLISPORTIVA FOPPENICO ASSOCIA ZIONE SPORTIVA DILETTANTISTIC,Calcio (a 7),Calcio
coni:74885,74885,A.S.D. GRUPPO SPORTIVO SAN FERMO,Futsal (calcio da sala - calcio a 5),Futsal
coni:74885,74885,A.S.D. GRUPPO SPORTIVO SAN FERMO,Calcio (a 7),Calcio
coni:74920,74920,ASD POLISPORTIVA ROVINATA,Calcio (a 11),Calcio
coni:74920,74920,ASD POLISPORTIVA ROVINATA,Calcio (a 7),Calcio
coni:74920,74920,ASD POLISPORTIVA ROVINATA,Pallacanestro,Basket
coni:74967,74967,ASSOCIAZIONE SPORTIVA DILETTANTISTICA LEGNARELLO SSM,Calcio (a 11),Calcio
coni:75060,75060,A.S.D. GRADARA CALCIO,Calcio (a 11),Calcio
coni:75060,75060,A.S.D. GRADARA CALCIO,Futsal (calcio da sala - calcio a 5),Futsal
coni:75078,75078,ASSOCIAZIONE SPORTIVA DILETTANTISTICA VIRTUS CANTALUPO,Calcio (a 11),Calcio
coni:75078,75078,ASSOCIAZIONE SPORTIVA DILETTANTISTICA VIRTUS CANTALUPO,Calcio (a 7),Calcio
coni:751,751,ASSOCIAZIONE SPORTIVA DILETTANTISTICA POLISPORTIVA MADONNETTA,Calcio (a 11),Calcio
coni:7511,7511,LAMPO MERIDIEN 1919 ASD,Calcio (a 11),Calcio
coni:75112,75112,UNIONE SPORTIVA DILETTANTISTICA ATLETICO URI,Calcio (a 11),Calcio
coni:75112,75112,UNIONE SPORTIVA DILETTANTISTICA ATLETICO URI,Futsal (calcio da sala - calcio a 5),Futsal
coni:75112,75112,UNIONE SPORTIVA DILETTANTISTICA ATLETICO URI,Calcio (a 7),Calcio
coni:75121,75121,ACD ACADEMY LEGNANO CALCIO,Calcio (a 11),Calcio
coni:75206,75206,ASSOCIAZIONE SPORTIVA DILETTANTISTICA O. ZANETTI 1948,Calcio (a 11),Calcio
coni:75206,75206,ASSOCIAZIONE SPORTIVA DILETTANTISTICA O. ZANETTI 1948,Calcio (a 7),Calcio
coni:7524,7524,A.C. PAGNANO - ASSOCIAZIONE SPORTIVA DILETTANTISTICA ORATORIO SAN LUIGI,Calcio (a 7),Calcio
coni:7524,7524,A.C. PAGNANO - ASSOCIAZIONE SPORTIVA DILETTANTISTICA ORATORIO SAN LUIGI,Calcio (a 11),Calcio
coni:7524,7524,A.C. PAGNANO - ASSOCIAZIONE SPORTIVA DILETTANTISTICA ORATORIO SAN LUIGI,Pallavolo,Volley
coni:75411,75411,ORANGE FUTSAL ASTI SOCIETA' SPORTIVA DILETTANTISTICA A.R.L.,Futsal (calcio da sala - calcio a 5),Futsal
coni:7545,7545,A.S.D. SAMBUCETO CALCIO,Calcio (a 11),Calcio
coni:755,755,UNIONE SPORTIVA VILLANOVA ASSOCIAZIONE SPORTIVA DILETTANTISTICA,Calcio (a 11),Calcio
coni:7556,7556,ASSOCIAZIONE SPORTIVA DILETTANTISTICA BARDI,Calcio (a 11),Calcio
coni:7556,7556,ASSOCIAZIONE SPORTIVA DILETTANTISTICA BARDI,Calcio (a 7),Calcio
coni:7556,7556,ASSOCIAZIONE SPORTIVA DILETTANTISTICA BARDI,Futsal (calcio da sala - calcio a 5),Futsal
coni:7560,7560,ASD POLISPORTIVA MOIANO,Calcio (a 11),Calcio
coni:7560,7560,ASD POLISPORTIVA MOIANO,Calcio (a 7),Calcio
coni:75602,75602,ASSOCIAZIONE SPORTIVA DILETTANTISTICA P.G.S. A.V.I.S. ISOLA,Futsal (calcio da sala - calcio a 5),Futsal
coni:7570,7570,SOCIETA' SPORTIVA DILETTANTISTICA SANSOVINO SRL,Calcio (a 11),Calcio
coni:75706,75706,ASSOCIAZIONE SPORTIVA DILETTANTISTICA GIADA CLUB,Calcio (a 11),Calcio
coni:75706,75706,ASSOCIAZIONE SPORTIVA DILETTANTISTICA GIADA CLUB,Futsal (calcio da sala - calcio a 5),Futsal
coni:75706,75706,ASSOCIAZIONE SPORTIVA DILETTANTISTICA GIADA CLUB,Calcio (a 7),Calcio
coni:75706,75706,ASSOCIAZIONE SPORTIVA DILETTANTISTICA GIADA CLUB,Calcio (a 8),Calcio
coni:75795,75795,POLISPORTIVA BALDICHIERESE - ASD,Calcio (a 11),Calcio
coni:75795,75795,POLISPORTIVA BALDICHIERESE - ASD,Futsal (calcio da sala - calcio a 5),Futsal
coni:758,758,ASSOCIAZIONE SPORTIVA DILETTANTISTICA U.S. MORETTA,Calcio (a 11),Calcio
coni:7586,7586,ASS. SPORTIVA DILETTANTISTICA A.C. LODRINO,Calcio (a 11),Calcio
coni:75863,75863,ASSOCIAZIONE SPORTIVA DILETTANTISTICA CALTANISSETTA SOCCER,Futsal (calcio da sala - calcio a 5),Futsal
coni:75863,75863,ASSOCIAZIONE SPORTIVA DILETTANTISTICA CALTANISSETTA SOCCER,Calcio (a 11),Calcio
coni:75863,75863,ASSOCIAZIONE SPORTIVA DILETTANTISTICA CALTANISSETTA SOCCER,Calcio (a 8),Calcio
coni:75863,75863,ASSOCIAZIONE SPORTIVA DILETTANTISTICA CALTANISSETTA SOCCER,Calcio (a 7),Calcio
coni:76005,76005,PARROCCHIA SAN CASSIANO ASSOCIAZIONE SPORTIVA DILETTANTISTICA,Calcio (a 11),Calcio
coni:76005,76005,PARROCCHIA SAN CASSIANO ASSOCIAZIONE SPORTIVA DILETTANTISTICA,Futsal (calcio da sala - calcio a 5),Futsal
coni:76005,76005,PARROCCHIA SAN CASSIANO ASSOCIAZIONE SPORTIVA DILETTANTISTICA,Calcio (a 7),Calcio
coni:76005,76005,PARROCCHIA SAN CASSIANO ASSOCIAZIONE SPORTIVA DILETTANTISTICA,Beach volley,Volley
coni:76005,76005,PARROCCHIA SAN CASSIANO ASSOCIAZIONE SPORTIVA DILETTANTISTICA,Pallacanestro,Basket
coni:76005,76005,PARROCCHIA SAN CASSIANO ASSOCIAZIONE SPORTIVA DILETTANTISTICA,Pallavolo,Volley
coni:7606,7606,A.S.D. GRN FOOTBALL CLUB,Calcio (a 11),Calcio
coni:7609,7609,ASD PODGORA CALCIO 1950,Calcio (a 11),Calcio
coni:761,761,GRUPPO SPORTIVO GEGGIANO ASD,Calcio (a 11),Calcio
coni:76150,76150,ASSOCIAZIONE SPORTIVA DILETTANTISTICA POLISPORTIVA CAMERLONA,Calcio (a 11),Calcio
coni:76150,76150,ASSOCIAZIONE SPORTIVA DILETTANTISTICA POLISPORTIVA CAMERLONA,Futsal (calcio da sala - calcio a 5),Futsal
coni:7626,7626,ASSOCIAZIONE SPORTIVA DILETTANTISTICA MONTEFIORE,Calcio (a 11),Calcio
coni:76277,76277,A.S.D. VIRTUS CORATO,Calcio (a 11),Calcio
coni:76277,76277,A.S.D. VIRTUS CORATO,Calcio (a 8),Calcio
coni:76277,76277,A.S.D. VIRTUS CORATO,Futsal (calcio da sala - calcio a 5),Futsal
coni:76277,76277,A.S.D. VIRTUS CORATO,Calcio (a 7),Calcio
coni:76300,76300,ASSOCIAZIONE SPORTIVA DILETTANTISTICA AZZURRA DUE CARRARE,Calcio (a 11),Calcio
coni:76366,76366,A.S.D. POLISPORTIVA MALASPINA,Calcio (a 11),Calcio
coni:76366,76366,A.S.D. POLISPORTIVA MALASPINA,Futsal (calcio da sala - calcio a 5),Futsal
coni:7637,7637,ASSOCIAZIONE SPORTIVA DILETTANTISTICA 'POLISPORTIVA COMUNALE LESTIZZA',Calcio (a 11),Calcio
coni:76373,76373,POLISPORTIVA MINERVA ASS SPORTIVA DILETTANTISTICA,Calcio (a 11),Calcio
coni:76421,76421,A.S.D.DON BOSCO MUSSOMELI,Calcio (a 11),Calcio
coni:76421,76421,A.S.D.DON BOSCO MUSSOMELI,Futsal (calcio da sala - calcio a 5),Futsal
coni:76421,76421,A.S.D.DON BOSCO MUSSOMELI,Calcio (a 8),Calcio
coni:76421,76421,A.S.D.DON BOSCO MUSSOMELI,Calcio (a 7),Calcio
coni:7646,7646,UNIONE SPORTIVA PADERNESE ASD,Calcio (a 11),Calcio
coni:7646,7646,UNIONE SPORTIVA PADERNESE ASD,Pallacanestro,Basket
coni:76466,76466,A. S. D. POLISPORTIVA FAICCHIO,Calcio (a 11),Calcio
coni:76477,76477,POLISPORTIVA DILETTANTISTICA P.G.S. AUDAX,Calcio (a 11),Calcio
coni:76477,76477,POLISPORTIVA DILETTANTISTICA P.G.S. AUDAX,Calcio (a 8),Calcio
coni:76477,76477,POLISPORTIVA DILETTANTISTICA P.G.S. AUDAX,Calcio (a 7),Calcio
coni:76477,76477,POLISPORTIVA DILETTANTISTICA P.G.S. AUDAX,Pallacanestro,Basket
coni:76477,76477,POLISPORTIVA DILETTANTISTICA P.G.S. AUDAX,Pallavolo,Volley
coni:765,765,CALCIO ROSA' SSD RL,Calcio (a 11),Calcio
coni:76518,76518,ASD ACADEMY PORCARI,Calcio (a 11),Calcio
coni:76548,76548,A.S.D.POLISPORTIVA CITTA' DI FIUGGI,Calcio (a 11),Calcio
coni:7656,7656,MARIO BETTINZOLI CALCIO ASD,Calcio (a 11),Calcio
coni:7657,7657,A.S.D. CALCIO ZOPPOLA,Calcio (a 11),Calcio
coni:7657,7657,A.S.D. CALCIO ZOPPOLA,Calcio (a 8),Calcio
coni:7657,7657,A.S.D. CALCIO ZOPPOLA,Futsal (calcio da sala - calcio a 5),Futsal
coni:7657,7657,A.S.D. CALCIO ZOPPOLA,Calcio (a 7),Calcio
coni:7666,7666,U.S. MARGINONE 2000,Calcio (a 11),Calcio
coni:76784,76784,ASD GLORIA CITTA' DI SAN CATALDO,Calcio (a 11),Calcio
coni:76791,76791,ASSOCIAZIONE SPORTIVA DILETTANTISTICA ARZERELLO SPORT,Calcio (a 11),Calcio
coni:76813,76813,A.S.D. STUBLLA CITY,Futsal (calcio da sala - calcio a 5),Futsal
coni:76868,76868,A.S.D. TRANI,Calcio (a 11),Calcio
coni:76868,76868,A.S.D. TRANI,Calcio (a 8),Calcio
coni:76868,76868,A.S.D. TRANI,Futsal (calcio da sala - calcio a 5),Futsal
coni:76868,76868,A.S.D. TRANI,Calcio (a 7),Calcio
coni:76883,76883,A.S.D. BOMPENSIERE FAMILY ASSOCIAZIONE SPORTIVA DILETTANTISTICA,Calcio (a 11),Calcio
coni:76883,76883,A.S.D. BOMPENSIERE FAMILY ASSOCIAZIONE SPORTIVA DILETTANTISTICA,Futsal (calcio da sala - calcio a 5),Futsal
coni:76883,76883,A.S.D. BOMPENSIERE FAMILY ASSOCIAZIONE SPORTIVA DILETTANTISTICA,Calcio (a 8),Calcio
coni:76883,76883,A.S.D. BOMPENSIERE FAMILY ASSOCIAZIONE SPORTIVA DILETTANTISTICA,Calcio (a 7),Calcio
coni:76883,76883,A.S.D. BOMPENSIERE FAMILY ASSOCIAZIONE SPORTIVA DILETTANTISTICA,Pallacanestro 3 contro 3,Basket
coni:76883,76883,A.S.D. BOMPENSIERE FAMILY ASSOCIAZIONE SPORTIVA DILETTANTISTICA,Pallacanestro,Basket
coni:77032,77032,A.S.D.SANNITI CALCIO CAMPOBASSO,Calcio (a 11),Calcio
coni:7704,7704,A.S.D. A.C.F. BIELLESE,Calcio (a 11),Calcio
coni:77108,77108,ASSOCIAZIONE SPORTIVA DILETTANTISTICA NEW TEAM CL,Calcio (a 11),Calcio
coni:77154,77154,A.S.D. CLN CUS MOLISE,Futsal (calcio da sala - calcio a 5),Futsal
coni:77185,77185,A.S.D. SAN LEUCIO DEL SANNIO,Calcio (a 11),Calcio
coni:77223,77223,A.S.D. SOCCER TRANI,Calcio (a 11),Calcio
coni:77223,77223,A.S.D. SOCCER TRANI,Calcio (a 8),Calcio
coni:77223,77223,A.S.D. SOCCER TRANI,Futsal (calcio da sala - calcio a 5),Futsal
coni:77223,77223,A.S.D. SOCCER TRANI,Calcio (a 7),Calcio
coni:7725,7725,A.S.D. POLISPORTIVA CASTELFRANCI,Calcio (a 11),Calcio
coni:77262,77262,ASD OLIMPIADI BISCEGLIE,Calcio (a 11),Calcio
coni:77329,77329,A.S.POL.DILETTANTISTICA AMERICO CANONICO,Calcio (a 11),Calcio
coni:7733,7733,ASD CASTELLI AA,Calcio (a 11),Calcio
coni:7734,7734,A.S.D. MONTE ALMA,Calcio (a 11),Calcio
coni:77399,77399,A.S.D. POLISPORTIVA CIRCOLO CULTURALE AIACE TELAMONIO,Futsal (calcio da sala - calcio a 5),Futsal
coni:77399,77399,A.S.D. POLISPORTIVA CIRCOLO CULTURALE AIACE TELAMONIO,Calcio (a 11),Calcio
coni:7742,7742,U.S.D. CIMA PIAVE ASSOCIAZIONE SPORTIVA,Calcio (a 11),Calcio
coni:77431,77431,A.S.D. PARTENIO STARS,Calcio (a 11),Calcio
coni:77434,77434,ASSOCIAZIONE SPORTIVA DILETTANTISTICA FOOTBALL CLUB MONTEFALCONE,Calcio (a 11),Calcio
coni:77434,77434,ASSOCIAZIONE SPORTIVA DILETTANTISTICA FOOTBALL CLUB MONTEFALCONE,Calcio (a 8),Calcio
coni:77434,77434,ASSOCIAZIONE SPORTIVA DILETTANTISTICA FOOTBALL CLUB MONTEFALCONE,Futsal (calcio da sala - calcio a 5),Futsal
coni:77434,77434,ASSOCIAZIONE SPORTIVA DILETTANTISTICA FOOTBALL CLUB MONTEFALCONE,Calcio (a 7),Calcio
coni:77435,77435,POLISPORTIVA DILETTANTISTICA SACRA FAMIGLIA A.S.D.,Calcio (a 11),Calcio
coni:77435,77435,POLISPORTIVA DILETTANTISTICA SACRA FAMIGLIA A.S.D.,Futsal (calcio da sala - calcio a 5),Futsal
coni:77435,77435,POLISPORTIVA DILETTANTISTICA SACRA FAMIGLIA A.S.D.,Calcio (a 7),Calcio
coni:77457,77457,ASSOCIAZIONE SPORTIVA DILETTANTISTICA HAPPY FITNESS CENTER,Futsal (calcio da sala - calcio a 5),Futsal
coni:77484,77484,UNIONE SPORTIVA DILETTANTISTICA AUDAX TORO,Calcio (a 11),Calcio
coni:77493,77493,UNIONE SPORTIVA DILETTANTISTICA BOJANO,Calcio (a 11),Calcio
coni:77493,77493,UNIONE SPORTIVA DILETTANTISTICA BOJANO,Futsal (calcio da sala - calcio a 5),Futsal
coni:775,775,ASSOCIAZIONE SPORTIVA DILETTANTISTICA ASSOCIAZIONE CALCIO ESCALAPLANO,Calcio (a 11),Calcio
coni:77501,77501,A.S.D. POLISPORTIVA SCANSANO,Calcio (a 11),Calcio
coni:7765,7765,POLISPORTIVA PONZA ASSOCIAZIONE SPORTIVA DILETTANTISTICA,Calcio (a 11),Calcio
coni:7765,7765,POLISPORTIVA PONZA ASSOCIAZIONE SPORTIVA DILETTANTISTICA,Futsal (calcio da sala - calcio a 5),Futsal
coni:7766,7766,A.S.D. POLISPORTIVA POZZOLENGO,Calcio (a 11),Calcio
coni:7766,7766,A.S.D. POLISPORTIVA POZZOLENGO,Calcio (a 7),Calcio
coni:7766,7766,A.S.D. POLISPORTIVA POZZOLENGO,Pallacanestro,Basket
coni:7766,7766,A.S.D. POLISPORTIVA POZZOLENGO,Pallavolo,Volley
coni:7770,7770,ASSOCIAZIONE SPORTIVA DILETTANTISTICA GIOVANILE VALDICECINA,Calcio (a 11),Calcio
coni:7773,7773,ASSOCIAZIONE CALCIO DILETTANTISTICA GEOTERMICA,Calcio (a 11),Calcio
coni:77905,77905,A.S.D. FRASSATI ANAGNI,Calcio (a 11),Calcio
coni:77905,77905,A.S.D. FRASSATI ANAGNI,Futsal (calcio da sala - calcio a 5),Futsal
coni:78101,78101,A.S.D. TUFARA CALCIO,Calcio (a 11),Calcio
coni:78144,78144,A.S.D. MAREM,Futsal (calcio da sala - calcio a 5),Futsal
coni:78266,78266,A.S.C.S.D. LIONS MONS MILITUM MONTEMILETTO,Calcio (a 11),Calcio
coni:78266,78266,A.S.C.S.D. LIONS MONS MILITUM MONTEMILETTO,Calcio (a 7),Calcio
coni:78427,78427,POLISPORTIVA ATLETICO VEROLI ASD,Calcio (a 11),Calcio
coni:78436,78436,ASSOCIAZIONE SPORTIVA DILETTANTISTICA TUFANO CALCIO,Calcio (a 11),Calcio
coni:78454,78454,A.S.D. BELVEDERE CALCIO,Calcio (a 11),Calcio
coni:7846,7846,FORTE DI BIBBONA CALCIO ASD,Calcio (a 11),Calcio
coni:78461,78461,A.S.D. POLISPORTIVA VALLECORSA,Calcio (a 11),Calcio
coni:78648,78648,LEGA SPORTIVA DILETTANTISTICA PREDAPPIO A.S.D,Calcio (a 11),Calcio
coni:7867,7867,A.S.D. COLLEVICA ASSOCIAZIONE SPORTIVA DILETTANTISTICA,Calcio (a 11),Calcio
coni:78758,78758,C.S.D. POGGIO A CAIANO 1909 SRL SPORTIVA DILETTANTISTICA,Calcio (a 11),Calcio
coni:78882,78882,ASSOCIAZIONE SPORTIVA DILETTANTISTICA ABELLINUM CALCIO 2012,Calcio (a 11),Calcio
coni:78952,78952,A.S.D. ATLETICO GROSSETO 2015,Calcio (a 11),Calcio
coni:78952,78952,A.S.D. ATLETICO GROSSETO 2015,Futsal (calcio da sala - calcio a 5),Futsal
coni:78952,78952,A.S.D. ATLETICO GROSSETO 2015,Calcio (a 7),Calcio
coni:78986,78986,PRO SOCCER LAB SOCIETA' SPORTIVA DILENTTANTISTICA,Calcio (a 11),Calcio
coni:78986,78986,PRO SOCCER LAB SOCIETA' SPORTIVA DILENTTANTISTICA,Calcio (a 7),Calcio
coni:7899,7899,A.S.D. CANICATTINESE,Calcio (a 11),Calcio
coni:7899,7899,A.S.D. CANICATTINESE,Futsal (calcio da sala - calcio a 5),Futsal
coni:79092,79092,SOCIETA' SPORTIVA DILATTANTISTICA A RESPONSABILITA' LIMITATA ATRIPALDA,Calcio (a 11),Calcio
coni:79152,79152,A.S.D.EBADOTTU CARLO FRESU,Calcio (a 11),Calcio
coni:7935,7935,A.S.D. DUFOUR VARALLO,Calcio (a 11),Calcio
coni:794,794,A.C. PEDONA BORGO SAN DALMAZZO ASSOCIAZIONE SPORTIVA DILETTANTISTICA,Calcio (a 11),Calcio
coni:79442,79442,A.S.D. POLISPORTIVA MURIALDO,Calcio (a 11),Calcio
coni:79442,79442,A.S.D. POLISPORTIVA MURIALDO,Calcio (a 7),Calcio
coni:79442,79442,A.S.D. POLISPORTIVA MURIALDO,Pallavolo,Volley
coni:79500,79500,ASSOCIAZIONE SPORTIVA DILETTANTISTICA VIRTUS MONTALE,Calcio (a 11),Calcio
coni:79559,79559,A.S.D. SEUNIS 2004,Calcio (a 11),Calcio
coni:79559,79559,A.S.D. SEUNIS 2004,Futsal (calcio da sala - calcio a 5),Futsal
coni:79559,79559,A.S.D. SEUNIS 2004,Calcio (a 7),Calcio
coni:79694,79694,SMILE MONTEFORTE ASS.SPORT.DIL,Calcio (a 11),Calcio
coni:7976,7976,P.G.S.D. AUXILIUM CUNEO,Calcio (a 11),Calcio
coni:7976,7976,P.G.S.D. AUXILIUM CUNEO,Futsal (calcio da sala - calcio a 5),Futsal
coni:7976,7976,P.G.S.D. AUXILIUM CUNEO,Calcio (a 7),Calcio
coni:7976,7976,P.G.S.D. AUXILIUM CUNEO,Pallacanestro,Basket
coni:7976,7976,P.G.S.D. AUXILIUM CUNEO,Pallavolo,Volley
coni:7982,7982,A.S.D. ROCCA SANTA MARIA,Calcio (a 11),Calcio
coni:7989,7989,ASD CASTRUM SILVI,Calcio (a 11),Calcio
coni:79919,79919,A.S.D. VILLASPECIOSA,Futsal (calcio da sala - calcio a 5),Futsal
coni:79929,79929,ASD FIL3 EUREKA 2016 FC,Calcio (a 11),Calcio
coni:8,8,ASSOCIAZIONE SPORTIVA DILETTANTISTICA SPORTING CLUB SAN GIACOMO,Calcio (a 11),Calcio
coni:80060,80060,LA SALLE CALCIO ASD,Calcio (a 11),Calcio
coni:80145,80145,A.C. SPORTING CECINA,Calcio (a 11),Calcio
coni:802,802,A.S.D. DONKEYS AGNONE,Calcio (a 11),Calcio
coni:802,802,A.S.D. DONKEYS AGNONE,Futsal (calcio da sala - calcio a 5),Futsal
coni:80315,80315,ACADEMY LIVORNO CALCIO SOCIETA' SPORTIVA DILETTANTISTICA A RESPONSABILITA' LIMITATA,Calcio (a 11),Calcio
coni:8051,8051,U.S.D. CALCIO CAPERANESE ENTELLA,Calcio (a 11),Calcio
coni:80624,80624,ASD G.S.A. LAERRU,Calcio (a 11),Calcio
coni:80624,80624,ASD G.S.A. LAERRU,Futsal (calcio da sala - calcio a 5),Futsal
coni:80624,80624,ASD G.S.A. LAERRU,Calcio (a 7),Calcio
coni:80639,80639,ASD CODARUINA,Calcio (a 11),Calcio
coni:80756,80756,CALCIO PIRRI SOCIETA' SPORTIVA DILETTANTISTICA A R.L.,Calcio (a 11),Calcio
coni:80756,80756,CALCIO PIRRI SOCIETA' SPORTIVA DILETTANTISTICA A R.L.,Calcio (a 7),Calcio
coni:8081,8081,ASD CASALE CORTE CERRO,Calcio (a 11),Calcio
coni:8081,8081,ASD CASALE CORTE CERRO,Calcio (a 7),Calcio
coni:8082,8082,AMICI MIEI AGLIANESE CALCIO 1923 S.S.D. A R.L.,Calcio (a 11),Calcio
coni:80851,80851,A.S.D. HIMALAYASPORT,Calcio (a 11),Calcio
coni:80923,80923,ASSOCIAZIONE SPORTIVA DILETTANTISTICA HAVANA SAN BASILIO,Calcio (a 11),Calcio
coni:8094,8094,RANGERS ASSOCIAZIONE SPORTIVA DILETTANTISTICA,Calcio (a 11),Calcio
coni:80955,80955,A.S.D. ALE. CASTIGLIA,Calcio (a 11),Calcio
coni:80969,80969,A.S.D. POLISPORTIVA FOLGORE TISSI,Calcio (a 11),Calcio
coni:80985,80985,A.S.D. LIMENA,Calcio (a 11),Calcio
coni:80997,80997,ASSOCIAZIONE SPORTIVA DILETTANTISTICA SOCIETA' POLISPORTIVA SANTA MARIA REGINA TOTTUBELLA,Calcio (a 11),Calcio
coni:81048,81048,POLISPORTIVA AZZURRA MONSERRATO A.S.D.,Calcio (a 11),Calcio
coni:8105,8105,MONTAGNA PISTOIESE A.S.D.,Calcio (a 11),Calcio
coni:81053,81053,ASD POLISPORTIVA SACRA FAMIGLIA,Calcio (a 11),Calcio
coni:81053,81053,ASD POLISPORTIVA SACRA FAMIGLIA,Futsal (calcio da sala - calcio a 5),Futsal
coni:81053,81053,ASD POLISPORTIVA SACRA FAMIGLIA,Calcio (a 7),Calcio
coni:81068,81068,A.S.D. ASS.EFFECIFERRINI CAGLIARI,Calcio (a 11),Calcio
coni:81068,81068,A.S.D. ASS.EFFECIFERRINI CAGLIARI,Futsal (calcio da sala - calcio a 5),Futsal
coni:8119,8119,ASSOCIAZIONE SPORTIVA DILETTANTISTICA S.SABINA,Calcio (a 11),Calcio
coni:8142,8142,A.S.D. AMA BRENTA CALCIO CEVA,Calcio (a 11),Calcio
coni:8143,8143,ASD MASONE,Calcio (a 11),Calcio
coni:8143,8143,ASD MASONE,Futsal (calcio da sala - calcio a 5),Futsal
coni:8143,8143,ASD MASONE,Calcio (a 7),Calcio
coni:81437,81437,UNIONE SPORTIVA DILETTANTISTICA SENNORI,Calcio (a 11),Calcio
coni:81437,81437,UNIONE SPORTIVA DILETTANTISTICA SENNORI,Futsal (calcio da sala - calcio a 5),Futsal
coni:81437,81437,UNIONE SPORTIVA DILETTANTISTICA SENNORI,Calcio (a 7),Calcio
coni:8149,8149,F.C. CALCERANICA,Calcio (a 11),Calcio
coni:81635,81635,A.S.D. ARMUNGIA CALCIO,Calcio (a 11),Calcio
coni:81643,81643,ASD SPORTING SELARGIUS,Calcio (a 11),Calcio
coni:8165,8165,A.S.D. NUOVA PESCIA ROMANA 2004,Calcio (a 11),Calcio
coni:817,817,ASSOCIAZIONE SPORTIVA BORGOPACE,Calcio (a 11),Calcio
coni:8173,8173,A.C. CUNEO 1905 OLMO SOCIETA' SPORTIVA DILETTANTISTICA A RESPONSABILITA' LIMITATA SIGLABILE A.C. CUNEO 1905 OLMO S.S.D. A R.L.,Calcio (a 11),Calcio
coni:8173,8173,A.C. CUNEO 1905 OLMO SOCIETA' SPORTIVA DILETTANTISTICA A RESPONSABILITA' LIMITATA SIGLABILE A.C. CUNEO 1905 OLMO S.S.D. A R.L.,Futsal (calcio da sala - calcio a 5),Futsal
coni:8173,8173,A.C. CUNEO 1905 OLMO SOCIETA' SPORTIVA DILETTANTISTICA A RESPONSABILITA' LIMITATA SIGLABILE A.C. CUNEO 1905 OLMO S.S.D. A R.L.,Beach volley,Volley
coni:8179,8179,U.S.D. MONTEVACCINO ASD,Calcio (a 11),Calcio
coni:81923,81923,A.S.D. FUTSAL 4 MORI,Futsal (calcio da sala - calcio a 5),Futsal
coni:81953,81953,A.S.D. ATLETICO SESTU,Futsal (calcio da sala - calcio a 5),Futsal
coni:8202,8202,C.C. ROMAIANO SRL SOCIETA' SSD,Calcio (a 11),Calcio
coni:82102,82102,"ASSOCIAZIONE SPORTIVA DILETTANTISTICA ""POLISPORTIVA SESTU""",Calcio (a 11),Calcio
coni:82121,82121,ASSOCIAZIONE SPORTIVA DILETTANTISTICA G.S.D.ASSEMINI CALCIO,Calcio (a 11),Calcio
coni:822,822,A.C.D. GAMBELLARA 1980,Calcio (a 11),Calcio
coni:82247,82247,A.S.D. ACCADEMIA DOLIANOVA,Calcio (a 11),Calcio
coni:82247,82247,A.S.D. ACCADEMIA DOLIANOVA,Calcio (a 7),Calcio
coni:82252,82252,POLISPORTIVA SANTA LUCIA BARRALI 2013,Calcio (a 11),Calcio
coni:82264,82264,U.S.D. BORGO ANGUILLARA,Calcio (a 11),Calcio
coni:82443,82443,ASSOCIAZIONE SPORTIVA DILETTANTISTICA AIRONE,Calcio (a 11),Calcio
coni:82490,82490,A S D FULGOR SENORBI,Futsal (calcio da sala - calcio a 5),Futsal
coni:82560,82560,A.S.D. ALBIGNASEGO CALCIO,Calcio (a 11),Calcio
coni:82619,82619,CALCIO CAPOTERRA ASSOCIAZIONE SPORTIVA DILETTANTISTICA,Calcio (a 11),Calcio
coni:82619,82619,CALCIO CAPOTERRA ASSOCIAZIONE SPORTIVA DILETTANTISTICA,Calcio (a 7),Calcio
coni:8265,8265,ATLETICO ETRURIA A.S.D.,Calcio (a 11),Calcio
coni:82658,82658,ASSOCIAZIONE SPORTIVA DILETTANTISTICA DYM SPORT,Futsal (calcio da sala - calcio a 5),Futsal
coni:82735,82735,PIOVESE SOCIETA' SPORTIVA DILETTANTISTICA A RESPONSABILITA' LIMIT ATA,Calcio (a 11),Calcio
coni:82735,82735,PIOVESE SOCIETA' SPORTIVA DILETTANTISTICA A RESPONSABILITA' LIMIT ATA,Futsal (calcio da sala - calcio a 5),Futsal
coni:8278,8278,A.S.D. DURINI PESCARA 1989,Calcio (a 11),Calcio
coni:828,828,GRANATA-SOC.COOP.SOCIALE CULTURALE E SPORTIVA DILETT.R.L,Calcio (a 11),Calcio
coni:82801,82801,ASD ACCADEMIA CALCIO SARRABESE,Calcio (a 11),Calcio
coni:8285,8285,GIOVANI IMPAVIDA VERNIO STELLA ROSSA ASD,Calcio (a 11),Calcio
coni:8298,8298,ACCIAIOLO CALCIO ASD,Calcio (a 11),Calcio
coni:8306,8306,A.S.D. SANNICOLESE 2011,Calcio (a 11),Calcio
coni:83142,83142,ASSOCIAZIONE SPORTIVA DILETTANTISTICA POLISPORTIVA PALLALPIEDE,Calcio (a 11),Calcio
coni:8318,8318,A.S.D. CELLINO CALCIO,Calcio (a 11),Calcio
coni:83249,83249,NSG - ASSOCIAZIONE SPORTIVA DILETTANTISTICA,Calcio (a 11),Calcio
coni:8326,8326,A.S.D. TORRESE CALCIO,Calcio (a 11),Calcio
coni:83289,83289,ARMISTIZIOESEDRADONBOSCO,Calcio (a 11),Calcio
coni:83294,83294,A.S.D. MURIALDINA OLYMPIA PADOVA,Calcio (a 11),Calcio
coni:83296,83296,A.S.D. SPORTING VILLAFRANCA,Futsal (calcio da sala - calcio a 5),Futsal
coni:83427,83427,ASSOCIAZIONE SPORTIVA DILETTANTISTICA SANCOLOMBANO CALCIO,Calcio (a 11),Calcio
coni:83427,83427,ASSOCIAZIONE SPORTIVA DILETTANTISTICA SANCOLOMBANO CALCIO,Futsal (calcio da sala - calcio a 5),Futsal
coni:83427,83427,ASSOCIAZIONE SPORTIVA DILETTANTISTICA SANCOLOMBANO CALCIO,Calcio (a 7),Calcio
coni:83434,83434,GRUPPO SPORTIVO ORATORIO SAN FEREOLO ASS. SP. DILETT.,Calcio (a 11),Calcio
coni:83434,83434,GRUPPO SPORTIVO ORATORIO SAN FEREOLO ASS. SP. DILETT.,Pallavolo,Volley
coni:83444,83444,U.S. VALERA FRATTA ASSOCIAZIONE SPORTIVA DILETTANTISTICA,Calcio (a 11),Calcio
coni:8346,8346,A.S.D. MORRO D'ORO CALCIO,Calcio (a 11),Calcio
coni:83500,83500,A.S.D. CASTELLAMONTE CALCIO A 5,Futsal (calcio da sala - calcio a 5),Futsal
coni:83500,83500,A.S.D. CASTELLAMONTE CALCIO A 5,Calcio (a 11),Calcio
coni:83500,83500,A.S.D. CASTELLAMONTE CALCIO A 5,Calcio (a 7),Calcio
coni:83509,83509,A.S.D. POLISPORTIVA VALMALONE,Calcio (a 11),Calcio
coni:83530,83530,A.S.D. VIRTUS DON BOSCO,Calcio (a 11),Calcio
coni:83537,83537,S.S.D. EDELWEISS,Calcio (a 11),Calcio
coni:83575,83575,AGLIE' VALLE SACRA SRL SOCIETA' SPORTIVA DILETTANTISTICA A RESPONSABILITA' LIMITATA,Calcio (a 11),Calcio
coni:83624,83624,U.S.D. CASONI BORGHETTO,Calcio (a 11),Calcio
coni:83647,83647,POLISPORTIVA NUOVA LODI ASS.NE SPORTIVA DILETTISTICA,Calcio (a 11),Calcio
coni:83704,83704,ASSOCIAZIONE SPORTIVA DILETTANTISTICA GRAFFIGNANA 2013,Calcio (a 11),Calcio
coni:83718,83718,ASD ZELO C05,Futsal (calcio da sala - calcio a 5),Futsal
coni:8372,8372,POLISPORTIVA CASTIGNANO ASS. SPORTIVA DILETTANTISTICA,Calcio (a 11),Calcio
coni:8372,8372,POLISPORTIVA CASTIGNANO ASS. SPORTIVA DILETTANTISTICA,Futsal (calcio da sala - calcio a 5),Futsal
coni:83778,83778,U. S. SAN MICHELE SALSA ASSOCIAZIONE SPORTIVA DILETTANTISTICA,Calcio (a 11),Calcio
coni:83784,83784,ASSOC. SPORTIVA DILETTANTISTICA A.S.D.SPINETE,Calcio (a 11),Calcio
coni:83784,83784,ASSOC. SPORTIVA DILETTANTISTICA A.S.D.SPINETE,Futsal (calcio da sala - calcio a 5),Futsal
coni:83793,83793,CALCIO SARMEDE ASSOCIAZIONE SPORTIVA DILETTANTISTICA,Calcio (a 11),Calcio
coni:83796,83796,G.S. SADOSAN ASSOCIAZIONE SPORTIVA DILETTANTISTICA,Calcio (a 11),Calcio
coni:83796,83796,G.S. SADOSAN ASSOCIAZIONE SPORTIVA DILETTANTISTICA,Futsal (calcio da sala - calcio a 5),Futsal
coni:83796,83796,G.S. SADOSAN ASSOCIAZIONE SPORTIVA DILETTANTISTICA,Pallavolo,Volley
coni:838,838,ASSOCIAZIONE SPORTIVA DILETTANTISTICA FRONTONE SERRA,Calcio (a 11),Calcio
coni:83814,83814,S.S.D. SOSPIRESE,Calcio (a 11),Calcio
coni:83821,83821,ASSOCIAZIONE SPORTIVA DILETTANTISTICA UNIONE SPORTIVA RIVA DEL GARDA,Calcio (a 11),Calcio
coni:83826,83826,PCS SANMICHELESE SSD A R.L.,Calcio (a 11),Calcio
coni:83826,83826,PCS SANMICHELESE SSD A R.L.,Calcio (a 7),Calcio
coni:83833,83833,CALCIO CORDIGNANO A.S.D.,Calcio (a 11),Calcio
coni:83836,83836,CLUB MILANO SOCIETA' SPORTIVA DILETTANTISTICA A RESPONSABILITA' LIMITATA,Calcio (a 11),Calcio
coni:83838,83838,ASD G.S. PESCAROLO,Calcio (a 11),Calcio
coni:83843,83843,DELTAPO A.S.D.,Calcio (a 11),Calcio
coni:83861,83861,ASSOCIAZIONE SPORTIVA DILETTANTISTICA CITTA DI AVOLA 2020,Futsal (calcio da sala - calcio a 5),Futsal
coni:83883,83883,MARANELLO CALCIO ASSOCIAZIONE SPORTIVA DILETTANTISTICA,Calcio (a 11),Calcio
coni:839,839,UNIONE POLISPORTIVA POGGIBONSESE,Calcio (a 11),Calcio
coni:839,839,UNIONE POLISPORTIVA POGGIBONSESE,Futsal (calcio da sala - calcio a 5),Futsal
coni:8396,8396,ASS.NE SPORTIVA DILETTANTISTICA NUOVA OREGINA S.R.L.,Calcio (a 11),Calcio
coni:84021,84021,A.C. GABETTI VALEGGIO,Calcio (a 11),Calcio
coni:84058,84058,ASSOCIAZIONE DILETTANTISTICA SPORTIVA CORONELLA,Calcio (a 11),Calcio
coni:84058,84058,ASSOCIAZIONE DILETTANTISTICA SPORTIVA CORONELLA,Futsal (calcio da sala - calcio a 5),Futsal
coni:84058,84058,ASSOCIAZIONE DILETTANTISTICA SPORTIVA CORONELLA,Calcio (a 7),Calcio
coni:84100,84100,A.S.D. CALCIONOVOLEDO - VILLAVERLA,Calcio (a 11),Calcio
coni:84135,84135,A.P.D. ARDOR SALESD.B.,Calcio (a 11),Calcio
coni:8417,8417,ARCI-LA CALIFORNIA AMATORI CALCIO A.S.D.,Calcio (a 11),Calcio
coni:84211,84211,ASSOCIAZIONE SPORTIVA DILETTANTISTICA ALPO LEPANTO,Calcio (a 11),Calcio
coni:84233,84233,POLISPORTIVA NIEVO ASD,Calcio (a 11),Calcio
coni:84233,84233,POLISPORTIVA NIEVO ASD,Pallacanestro,Basket
coni:84233,84233,POLISPORTIVA NIEVO ASD,Pallavolo,Volley
coni:84308,84308,POL. A. BELLANI,Calcio (a 11),Calcio
coni:84311,84311,ASSOCIAZIONE POLISPORTIVA DILETTANTISTICA CORONA,Calcio (a 11),Calcio
coni:84311,84311,ASSOCIAZIONE POLISPORTIVA DILETTANTISTICA CORONA,Pallavolo,Volley
coni:84315,84315,ASSOCIAZIONE POLISPORTIVA GRIGNANO DILETTANTISTICA,Calcio (a 11),Calcio
coni:84315,84315,ASSOCIAZIONE POLISPORTIVA GRIGNANO DILETTANTISTICA,Futsal (calcio da sala - calcio a 5),Futsal
coni:84315,84315,ASSOCIAZIONE POLISPORTIVA GRIGNANO DILETTANTISTICA,Calcio (a 7),Calcio
coni:84315,84315,ASSOCIAZIONE POLISPORTIVA GRIGNANO DILETTANTISTICA,Pallavolo,Volley
coni:84339,84339,POLISPORTIVA BARCO,Calcio (a 11),Calcio
coni:84381,84381,ASSOCIAZIONE SPORTIVA DILETTANTISTICA AVESA HSM,Calcio (a 11),Calcio
coni:84403,84403,SCUOLA CALCIO OLYMPIA,Calcio (a 11),Calcio
coni:845,845,ASSOCIAZIONE SPORTIVA DILETTANTISTICA PIANO DELLA LENTE CALCIO,Calcio (a 11),Calcio
coni:8450,8450,GSD OLIMPIC 1971,Calcio (a 11),Calcio
coni:8450,8450,GSD OLIMPIC 1971,Calcio (a 7),Calcio
coni:8451,8451,A.S.D. BANDO,Calcio (a 11),Calcio
coni:84519,84519,A.S.D. UNION FELETTO VALLATA,Calcio (a 11),Calcio
coni:8452,8452,A.S.D. SARONE 1975-2017,Calcio (a 11),Calcio
coni:84540,84540,POL.CANDIA BARACCOLA ASPIO ASD,Calcio (a 11),Calcio
coni:84540,84540,POL.CANDIA BARACCOLA ASPIO ASD,Futsal (calcio da sala - calcio a 5),Futsal
coni:84566,84566,ASSOCIAZIONE DILETTANTISTICA POLISPORTIVA CATANIA 1980,Calcio (a 11),Calcio
coni:84566,84566,ASSOCIAZIONE DILETTANTISTICA POLISPORTIVA CATANIA 1980,Calcio (a 8),Calcio
coni:84566,84566,ASSOCIAZIONE DILETTANTISTICA POLISPORTIVA CATANIA 1980,Futsal (calcio da sala - calcio a 5),Futsal
coni:84566,84566,ASSOCIAZIONE DILETTANTISTICA POLISPORTIVA CATANIA 1980,Calcio (a 7),Calcio
coni:84601,84601,ASD CALCIO RAGAZZI VALENZANO,Calcio (a 11),Calcio
coni:84601,84601,ASD CALCIO RAGAZZI VALENZANO,Calcio (a 8),Calcio
coni:84601,84601,ASD CALCIO RAGAZZI VALENZANO,Futsal (calcio da sala - calcio a 5),Futsal
coni:84601,84601,ASD CALCIO RAGAZZI VALENZANO,Calcio (a 7),Calcio
coni:84699,84699,U.S.D. DRO CAVEDINE CALCIO 2022,Calcio (a 11),Calcio
coni:84716,84716,A.S. LIBERTAS 2000 DILETTANTISTICA,Calcio (a 11),Calcio
coni:84716,84716,A.S. LIBERTAS 2000 DILETTANTISTICA,Calcio (a 8),Calcio
coni:84716,84716,A.S. LIBERTAS 2000 DILETTANTISTICA,Futsal (calcio da sala - calcio a 5),Futsal
coni:84716,84716,A.S. LIBERTAS 2000 DILETTANTISTICA,Calcio (a 7),Calcio
coni:84716,84716,A.S. LIBERTAS 2000 DILETTANTISTICA,Pallacanestro,Basket
coni:84716,84716,A.S. LIBERTAS 2000 DILETTANTISTICA,Pallavolo,Volley
coni:8474,8474,ASSOCIAZIONE SPORTIVA DILETTANTISTICA SAN MICHELE,Calcio (a 11),Calcio
coni:8474,8474,ASSOCIAZIONE SPORTIVA DILETTANTISTICA SAN MICHELE,Futsal (calcio da sala - calcio a 5),Futsal
coni:8474,8474,ASSOCIAZIONE SPORTIVA DILETTANTISTICA SAN MICHELE,Calcio (a 7),Calcio
coni:8474,8474,ASSOCIAZIONE SPORTIVA DILETTANTISTICA SAN MICHELE,Pallacanestro,Basket
coni:8474,8474,ASSOCIAZIONE SPORTIVA DILETTANTISTICA SAN MICHELE,Pallavolo,Volley
coni:84825,84825,POLISPORTIVA FUTURA ASSOCIAZIONE DILETTANTISTICA,Futsal (calcio da sala - calcio a 5),Futsal
coni:84825,84825,POLISPORTIVA FUTURA ASSOCIAZIONE DILETTANTISTICA,Pallacanestro,Basket
coni:84825,84825,POLISPORTIVA FUTURA ASSOCIAZIONE DILETTANTISTICA,Pallacanestro 3 contro 3,Basket
coni:84825,84825,POLISPORTIVA FUTURA ASSOCIAZIONE DILETTANTISTICA,Pallavolo,Volley
coni:84918,84918,UNIONE SPORTIVA DILETTANTISTICA ATLAS VR 83,Calcio (a 11),Calcio
coni:8492,8492,A.S.D. EUGANEA ROVOLON CERVARESE,Calcio (a 11),Calcio
coni:84930,84930,A.S.D. ATHENA,Calcio (a 11),Calcio
coni:85016,85016,ASD G.S. CASTELLO OSTIANO,Calcio (a 11),Calcio
coni:85077,85077,A.S.D. CILENTO ACADEMY,Calcio (a 11),Calcio
coni:8510,8510,ASSOCIAZIONE POLISPORTIVA DILETTANTISTICA ISOLA,Calcio (a 11),Calcio
coni:8510,8510,ASSOCIAZIONE POLISPORTIVA DILETTANTISTICA ISOLA,Futsal (calcio da sala - calcio a 5),Futsal
coni:8514,8514,"ASSOCIAZIONE SPORTIVA DILETTANTISTICA ""VIGONOVO""",Calcio (a 11),Calcio
coni:85197,85197,A.C. UBERSETTO ASSOCIAZIONE SPORTIVA DIL ETTANTISTICA,Calcio (a 11),Calcio
coni:85197,85197,A.C. UBERSETTO ASSOCIAZIONE SPORTIVA DIL ETTANTISTICA,Calcio (a 7),Calcio
coni:85207,85207,A.C. CASOREZZO - ASSOCIAZIONE SPORTIVA DILETTANTESCA,Calcio (a 11),Calcio
coni:85239,85239,ASD ATLETICO ANCONA 1983,Calcio (a 11),Calcio
coni:85332,85332,ASSOCIAZIONE SPORTIVA DILETTANTISTICA PORTO EMPEDOCLE,Calcio (a 11),Calcio
coni:85363,85363,A.S.D.SCUOLA CALCIO SANGIOVANNESE,Calcio (a 11),Calcio
coni:8537,8537,LEDAKOS S.S.D.,Calcio (a 11),Calcio
coni:8537,8537,LEDAKOS S.S.D.,Futsal (calcio da sala - calcio a 5),Futsal
coni:8540,8540,VIRTUS CALCIO ACQUAPENDENTE A.S.D.,Calcio (a 11),Calcio
coni:8542,8542,CALCIO ISTRANA 1964 ASD,Calcio (a 11),Calcio
coni:85485,85485,MONREGALE CALCIO SOCIETA' COOPERATIVA SPORTIVA DILETTANTISTICA,Calcio (a 11),Calcio
coni:85511,85511,G.S.D. SAN FRANCESCO,Calcio (a 11),Calcio
coni:85624,85624,ASD SCUOLA CALCIO ANTONIO ESPOSITO,Calcio (a 11),Calcio
coni:85624,85624,ASD SCUOLA CALCIO ANTONIO ESPOSITO,Calcio (a 8),Calcio
coni:85624,85624,ASD SCUOLA CALCIO ANTONIO ESPOSITO,Futsal (calcio da sala - calcio a 5),Futsal
coni:85624,85624,ASD SCUOLA CALCIO ANTONIO ESPOSITO,Calcio (a 7),Calcio
coni:8567,8567,REAL VALPOLICELLA FC ASSOCIAZIONE SPORTIVA DILETTANTISTICA,Calcio (a 11),Calcio
coni:857,857,VADO FC 1913,Calcio (a 11),Calcio
coni:857,857,VADO FC 1913,Calcio (a 8),Calcio
coni:857,857,VADO FC 1913,Calcio (a 7),Calcio
coni:85722,85722,U.S.D. SUPERGA 48,Calcio (a 11),Calcio
coni:85722,85722,U.S.D. SUPERGA 48,Calcio (a 7),Calcio
coni:85750,85750,ASSOCIAZIONE SPORTIVA DILETTANTISTICA ATLETICO PATERNO',Calcio (a 11),Calcio
coni:85750,85750,ASSOCIAZIONE SPORTIVA DILETTANTISTICA ATLETICO PATERNO',Futsal (calcio da sala - calcio a 5),Futsal
coni:85750,85750,ASSOCIAZIONE SPORTIVA DILETTANTISTICA ATLETICO PATERNO',Calcio (a 7),Calcio
coni:85750,85750,ASSOCIAZIONE SPORTIVA DILETTANTISTICA ATLETICO PATERNO',Calcio (a 8),Calcio
coni:85806,85806,GRUPPO SPORTIVO DUOMO A.S.D.,Calcio (a 11),Calcio
coni:85886,85886,BIAGIO NAZZARO S.S.D. A R.L.,Calcio (a 11),Calcio
coni:85914,85914,A.S.D. POLISPORT NUORO,Calcio (a 11),Calcio
coni:85992,85992,ASSOCIAZIONE SPORTIVA DILETTANTISTICA CALVAGESE CALCIO,Calcio (a 11),Calcio
coni:8605,8605,U.S. SA.MA.GOR A.S.D.,Calcio (a 11),Calcio
coni:86195,86195,A.S.D. ATLETICO POSEIDON,Calcio (a 11),Calcio
coni:86251,86251,ASD PIZZINNOS,Calcio (a 11),Calcio
coni:86251,86251,ASD PIZZINNOS,Calcio (a 7),Calcio
coni:86285,86285,GRUPPO SPORTIVO VIRTUS SEDRIANO ASD,Calcio (a 11),Calcio
coni:86285,86285,GRUPPO SPORTIVO VIRTUS SEDRIANO ASD,Calcio (a 7),Calcio
coni:86285,86285,GRUPPO SPORTIVO VIRTUS SEDRIANO ASD,Pallavolo,Volley
coni:8641,8641,POLISPORTIVA ORATORIO SUELLO ASS. SPORTIVA DILETTANTISTICA,Calcio (a 7),Calcio
coni:8641,8641,POLISPORTIVA ORATORIO SUELLO ASS. SPORTIVA DILETTANTISTICA,Pallacanestro,Basket
coni:8641,8641,POLISPORTIVA ORATORIO SUELLO ASS. SPORTIVA DILETTANTISTICA,Pallavolo,Volley
coni:8641,8641,POLISPORTIVA ORATORIO SUELLO ASS. SPORTIVA DILETTANTISTICA,Calcio (a 11),Calcio
coni:86416,86416,SPEEDY SPORT ASD APS ETS,Calcio (a 7),Calcio
coni:86416,86416,SPEEDY SPORT ASD APS ETS,Calcio (a 11),Calcio
coni:86465,86465,"ASSOCIAZIONE SPORTIVA ""SQUADRA DEL CUORE""",Calcio (a 11),Calcio
coni:86483,86483,ASSOCIAZIONE SPORTIVA DILETTANTISTICA POLISPORTIVA PAESTUM,Futsal (calcio da sala - calcio a 5),Futsal
coni:8649,8649,POLISPORTIVA GARDEN SRL SOCIETA' SPORTIVA DILETTANTISTICA,Calcio (a 11),Calcio
coni:8649,8649,POLISPORTIVA GARDEN SRL SOCIETA' SPORTIVA DILETTANTISTICA,Beach volley,Volley
coni:8649,8649,POLISPORTIVA GARDEN SRL SOCIETA' SPORTIVA DILETTANTISTICA,Pallavolo,Volley
coni:8649,8649,POLISPORTIVA GARDEN SRL SOCIETA' SPORTIVA DILETTANTISTICA,Calcio (a 8),Calcio
coni:8649,8649,POLISPORTIVA GARDEN SRL SOCIETA' SPORTIVA DILETTANTISTICA,Beach Soccer,Calcio
coni:8649,8649,POLISPORTIVA GARDEN SRL SOCIETA' SPORTIVA DILETTANTISTICA,Futsal (calcio da sala - calcio a 5),Futsal
coni:8649,8649,POLISPORTIVA GARDEN SRL SOCIETA' SPORTIVA DILETTANTISTICA,Calcio (a 7),Calcio
coni:8649,8649,POLISPORTIVA GARDEN SRL SOCIETA' SPORTIVA DILETTANTISTICA,Pallacanestro,Basket
coni:86668,86668,POL.D. ATLETICO AMITERNUM,Calcio (a 11),Calcio
coni:8669,8669,A.C.D. FOSSALTESE,Calcio (a 11),Calcio
coni:86693,86693,REAL MARANELLO CALCIO ASSOCIAZIONE SPORTIVA DILETTANTISTICA,Calcio (a 11),Calcio
coni:86693,86693,REAL MARANELLO CALCIO ASSOCIAZIONE SPORTIVA DILETTANTISTICA,Calcio (a 7),Calcio
coni:86768,86768,GSD ORATORIO CAVA DIGIDUE ASD,Calcio (a 11),Calcio
coni:86768,86768,GSD ORATORIO CAVA DIGIDUE ASD,Calcio (a 7),Calcio
coni:86768,86768,GSD ORATORIO CAVA DIGIDUE ASD,Pallavolo,Volley
coni:86794,86794,SPECIAL ARLUNO A P S,Calcio (a 7),Calcio
coni:86852,86852,A.S.D. FOMARCO-DON BOSCO PIEVESE,Calcio (a 11),Calcio
coni:86852,86852,A.S.D. FOMARCO-DON BOSCO PIEVESE,Pallavolo,Volley
coni:86908,86908,ASSOCIAZIONE SPORTIVA DILETTANTISTICA MONTICCHIO 88,Calcio (a 11),Calcio
coni:86933,86933,ASD AC TRECENTA,Calcio (a 11),Calcio
coni:86933,86933,ASD AC TRECENTA,Futsal (calcio da sala - calcio a 5),Futsal
coni:86971,86971,ASSOCIAZIONE SPORTIVA DILETTANTISTICA TRINACRIA,Calcio (a 11),Calcio
coni:86971,86971,ASSOCIAZIONE SPORTIVA DILETTANTISTICA TRINACRIA,Futsal (calcio da sala - calcio a 5),Futsal
coni:86971,86971,ASSOCIAZIONE SPORTIVA DILETTANTISTICA TRINACRIA,Calcio (a 7),Calcio
coni:86971,86971,ASSOCIAZIONE SPORTIVA DILETTANTISTICA TRINACRIA,Pallavolo,Volley
coni:86971,86971,ASSOCIAZIONE SPORTIVA DILETTANTISTICA TRINACRIA,Calcio (a 8),Calcio
coni:8708,8708,U.S. RIO ASSOCIAZIONE SPORTIVA DILETTANTISTICA,Calcio (a 11),Calcio
coni:8710,8710,POLISPORTIVA GAVIESE 1920 ASSOCIAZIONE SPORTIVA DILETTANTISTICA,Calcio (a 11),Calcio
coni:8724,8724,ASSOCIAZIONE SPORTIVA DILETTANTISTICA RASSINA,Calcio (a 11),Calcio
coni:874,874,U.S. ANGELO BAIARDO SOC.SPORT. DILETTANTISTICA A R.L.,Calcio (a 11),Calcio
coni:874,874,U.S. ANGELO BAIARDO SOC.SPORT. DILETTANTISTICA A R.L.,Calcio (a 7),Calcio
coni:87408,87408,A.S.D ACADEMY BOYS CAIVANESE,Calcio (a 11),Calcio
coni:87408,87408,A.S.D ACADEMY BOYS CAIVANESE,Calcio (a 7),Calcio
coni:87415,87415,A.S.D. PEPO TEAM,Calcio (a 7),Calcio
coni:87415,87415,A.S.D. PEPO TEAM,Futsal (calcio da sala - calcio a 5),Futsal
coni:8743,8743,S.S.D. CELANO CALCIO A R.L.,Calcio (a 11),Calcio
coni:87495,87495,A.S.D. SPORTING ALCAMO,Calcio (a 11),Calcio
coni:8757,8757,ACCADEMIA S.P.A.L. SOCIETA' SPORTIVA DILETTANSTICA A RESPONSABILITA' LIMITATA,Calcio (a 11),Calcio
coni:87595,87595,A.S.D.F.C. NURRI,Calcio (a 11),Calcio
coni:87804,87804,ASD BUSCATE,Calcio (a 11),Calcio
coni:8782,8782,GRUPPO SPORTIVO BASSANO BRESCIANO,Calcio (a 11),Calcio
coni:8789,8789,UNIONE SPORTIVA DILETTANTISTICA CASTELGOMBERTO LUX,Calcio (a 11),Calcio
coni:8792,8792,A.S.D. POLISPORTIVA COLLEBEATO,Calcio (a 11),Calcio
coni:8792,8792,A.S.D. POLISPORTIVA COLLEBEATO,Calcio (a 7),Calcio
coni:8792,8792,A.S.D. POLISPORTIVA COLLEBEATO,Pallavolo,Volley
coni:88071,88071,"POLISPORTIVA DILETTANTISTICA ""ANTONIO ROSMINI""",Calcio (a 11),Calcio
coni:88071,88071,"POLISPORTIVA DILETTANTISTICA ""ANTONIO ROSMINI""",Calcio Balilla,Calcio
coni:88071,88071,"POLISPORTIVA DILETTANTISTICA ""ANTONIO ROSMINI""",Calcio (a 8),Calcio
coni:88071,88071,"POLISPORTIVA DILETTANTISTICA ""ANTONIO ROSMINI""",Beach Soccer,Calcio
coni:88071,88071,"POLISPORTIVA DILETTANTISTICA ""ANTONIO ROSMINI""",Futsal (calcio da sala - calcio a 5),Futsal
coni:88071,88071,"POLISPORTIVA DILETTANTISTICA ""ANTONIO ROSMINI""",Calcio (a 7),Calcio
coni:88071,88071,"POLISPORTIVA DILETTANTISTICA ""ANTONIO ROSMINI""",Beach volley,Volley
coni:88071,88071,"POLISPORTIVA DILETTANTISTICA ""ANTONIO ROSMINI""",Pallacanestro,Basket
coni:88071,88071,"POLISPORTIVA DILETTANTISTICA ""ANTONIO ROSMINI""",Pallavolo,Volley
coni:88208,88208,ASSOCIAZIONE SPORT. DIL. FRANCESCO VISCIDO,Calcio (a 11),Calcio
coni:8831,8831,U.S.CALCIO SAN TOMIO ASD,Calcio (a 11),Calcio
coni:8831,8831,U.S.CALCIO SAN TOMIO ASD,Futsal (calcio da sala - calcio a 5),Futsal
coni:88310,88310,ASD POL PIZZOLETTA,Calcio (a 11),Calcio
coni:88311,88311,ASSOCIAZIONE SPORTIVA DIILETTANTISTICA MADONNELLE,Calcio (a 11),Calcio
coni:88311,88311,ASSOCIAZIONE SPORTIVA DIILETTANTISTICA MADONNELLE,Calcio (a 8),Calcio
coni:88311,88311,ASSOCIAZIONE SPORTIVA DIILETTANTISTICA MADONNELLE,Calcio (a 7),Calcio
coni:88311,88311,ASSOCIAZIONE SPORTIVA DIILETTANTISTICA MADONNELLE,Futsal (calcio da sala - calcio a 5),Futsal
coni:88317,88317,ASSOCIAZIONE SPORT.DIL.CITTA'DI TRAPANI CALCIO,Calcio (a 11),Calcio
coni:88317,88317,ASSOCIAZIONE SPORT.DIL.CITTA'DI TRAPANI CALCIO,Futsal (calcio da sala - calcio a 5),Futsal
coni:88317,88317,ASSOCIAZIONE SPORT.DIL.CITTA'DI TRAPANI CALCIO,Calcio (a 7),Calcio
coni:8832,8832,ASSOCIAZIONE CALCIO DILETTANTISTICA TORCONCA,Calcio (a 11),Calcio
coni:8836,8836,A.S.D.VIRTUS VASTO CALCIO,Calcio (a 11),Calcio
coni:88459,88459,PADEL FRIENDS & CO. SOCIETA' SPORTIVA DILETTANTISTICA A RESPONSA- BILITA' LIMITATA SIGLA DENOM.: PADEL FRIENDS & CO. S.S.D. A R.L.,Calcio (a 11),Calcio
coni:88466,88466,SPORTING OVZ - ASD,Calcio (a 11),Calcio
coni:88466,88466,SPORTING OVZ - ASD,Futsal (calcio da sala - calcio a 5),Futsal
coni:88466,88466,SPORTING OVZ - ASD,Calcio (a 7),Calcio
coni:88466,88466,SPORTING OVZ - ASD,Pallavolo,Volley
coni:88485,88485,ORATORIO CORTENUOVA ASSOCIAZIONE SPORTIVA DILETTANTISTIC,Calcio (a 11),Calcio
coni:88503,88503,TEAM ORATORIO PUMENENGO,Calcio (a 11),Calcio
coni:8859,8859,UNIONE SPORTIVA DILETTANTISTICA MARANESE,Calcio (a 11),Calcio
coni:8861,8861,A.S.D. A.C. VIRTUS CAMPOSANTO,Calcio (a 11),Calcio
coni:8861,8861,A.S.D. A.C. VIRTUS CAMPOSANTO,Calcio (a 7),Calcio
coni:88647,88647,POLISPORTIVA DILETTANTISTICA ATLETICO AGRIGENTO,Calcio (a 11),Calcio
coni:88647,88647,POLISPORTIVA DILETTANTISTICA ATLETICO AGRIGENTO,Calcio (a 8),Calcio
coni:88647,88647,POLISPORTIVA DILETTANTISTICA ATLETICO AGRIGENTO,Futsal (calcio da sala - calcio a 5),Futsal
coni:88647,88647,POLISPORTIVA DILETTANTISTICA ATLETICO AGRIGENTO,Calcio (a 7),Calcio
coni:8881,8881,ASSOCIAZIONE SPORTIVA DILETTANTISTICA SPORTING LORETO,Calcio (a 11),Calcio
coni:88817,88817,ASSOCIAZIONE SPORTIVA DILETTANTISTICA FC PRIOLO GARGALLO,Calcio (a 11),Calcio
coni:88817,88817,ASSOCIAZIONE SPORTIVA DILETTANTISTICA FC PRIOLO GARGALLO,Futsal (calcio da sala - calcio a 5),Futsal
coni:88848,88848,ASSOCIAZIONE SPORTIVA DILETTANTISTICA HORIZON SOCIETY,Futsal (calcio da sala - calcio a 5),Futsal
coni:88848,88848,ASSOCIAZIONE SPORTIVA DILETTANTISTICA HORIZON SOCIETY,Pallacanestro,Basket
coni:88848,88848,ASSOCIAZIONE SPORTIVA DILETTANTISTICA HORIZON SOCIETY,Calcio (a 11),Calcio
coni:88848,88848,ASSOCIAZIONE SPORTIVA DILETTANTISTICA HORIZON SOCIETY,Beach volley,Volley
coni:88848,88848,ASSOCIAZIONE SPORTIVA DILETTANTISTICA HORIZON SOCIETY,Pallavolo,Volley
coni:88848,88848,ASSOCIAZIONE SPORTIVA DILETTANTISTICA HORIZON SOCIETY,Pallanuoto,Pallanuoto
coni:88877,88877,ASSOCIAZIONE SPORTIVA DILETTANTISTICA POLISPORTIVAS. ILARIO,Calcio (a 11),Calcio
coni:88877,88877,ASSOCIAZIONE SPORTIVA DILETTANTISTICA POLISPORTIVAS. ILARIO,Futsal (calcio da sala - calcio a 5),Futsal
coni:88877,88877,ASSOCIAZIONE SPORTIVA DILETTANTISTICA POLISPORTIVAS. ILARIO,Calcio (a 7),Calcio
coni:88877,88877,ASSOCIAZIONE SPORTIVA DILETTANTISTICA POLISPORTIVAS. ILARIO,Pallavolo,Volley
coni:88982,88982,ASSOCIAZIONE SPORTIVA DILETTANTISTICA GALACTICOS FUTBOL,Calcio (a 11),Calcio
coni:88982,88982,ASSOCIAZIONE SPORTIVA DILETTANTISTICA GALACTICOS FUTBOL,Calcio (a 8),Calcio
coni:88982,88982,ASSOCIAZIONE SPORTIVA DILETTANTISTICA GALACTICOS FUTBOL,Futsal (calcio da sala - calcio a 5),Futsal
coni:88982,88982,ASSOCIAZIONE SPORTIVA DILETTANTISTICA GALACTICOS FUTBOL,Calcio (a 7),Calcio
coni:89195,89195,ASSOCIAZIONE CALCIO DILETTANTISTICA CUSTONACI,Calcio (a 11),Calcio
coni:8926,8926,A.S.D. WARRIORS,Calcio (a 11),Calcio
coni:8927,8927,A.S.D. HATRIA FARAS TEAM,Futsal (calcio da sala - calcio a 5),Futsal
coni:89293,89293,A.S.D. FARESINA CALCIO,Calcio (a 11),Calcio
coni:89345,89345,ASD EMANUELE TROISE,Calcio (a 11),Calcio
coni:89376,89376,ASSOCIAZIONE SPORTIVA DILETTANTISTICA VIRTUS FAVARA,Calcio (a 11),Calcio
coni:89376,89376,ASSOCIAZIONE SPORTIVA DILETTANTISTICA VIRTUS FAVARA,Calcio (a 8),Calcio
coni:89376,89376,ASSOCIAZIONE SPORTIVA DILETTANTISTICA VIRTUS FAVARA,Futsal (calcio da sala - calcio a 5),Futsal
coni:89376,89376,ASSOCIAZIONE SPORTIVA DILETTANTISTICA VIRTUS FAVARA,Calcio (a 7),Calcio
coni:89553,89553,ASSOCIAZIONE CULTURALE POLISPORTIVA DILETTANTISTICA COLLEVERDE,Calcio (a 11),Calcio
coni:89553,89553,ASSOCIAZIONE CULTURALE POLISPORTIVA DILETTANTISTICA COLLEVERDE,Futsal (calcio da sala - calcio a 5),Futsal
coni:89553,89553,ASSOCIAZIONE CULTURALE POLISPORTIVA DILETTANTISTICA COLLEVERDE,Calcio (a 7),Calcio
coni:89563,89563,ASD SAN MARCO,Calcio (a 11),Calcio
coni:89599,89599,S.S. LEONCELLI A.S.D.,Calcio (a 11),Calcio
coni:897,897,ASD GS PORTA A LUCCA,Calcio (a 11),Calcio
coni:89829,89829,A.S.D. FORCONIA 2012,Calcio (a 11),Calcio
coni:8988,8988,ASSOC. SPORT. DILETT. SAN COLOMBANO\ITALTEX,Calcio (a 11),Calcio
coni:8988,8988,ASSOC. SPORT. DILETT. SAN COLOMBANO\ITALTEX,Futsal (calcio da sala - calcio a 5),Futsal
coni:8988,8988,ASSOC. SPORT. DILETT. SAN COLOMBANO\ITALTEX,Calcio (a 7),Calcio
coni:89885,89885,A.S.D PRO VIVES CALCIO,Calcio (a 11),Calcio
coni:89885,89885,A.S.D PRO VIVES CALCIO,Calcio (a 8),Calcio
coni:89885,89885,A.S.D PRO VIVES CALCIO,Futsal (calcio da sala - calcio a 5),Futsal
coni:89885,89885,A.S.D PRO VIVES CALCIO,Calcio (a 7),Calcio
coni:8990,8990,A.S.D. INSULA FALCHI,Calcio (a 11),Calcio
coni:89905,89905,A.S.D. KICK OFF,Calcio (a 11),Calcio
coni:89913,89913,ASSOCIAZIONE SPORTIVA DILETTANTISTICA OLIMIPIQUE PRIOLO,Calcio (a 11),Calcio
coni:8993,8993,A.S.D. OLYMPIA OVIDIANA,Calcio (a 11),Calcio
coni:89932,89932,A.S.D. M&O CARDITO CITY,Calcio (a 11),Calcio
coni:89933,89933,POLISPORTIVA DILETTANTISTICA MARCONI ISCHITELLA,Calcio (a 11),Calcio
coni:89999,89999,ASD REAL PRIOLO,Calcio (a 11),Calcio
coni:89999,89999,ASD REAL PRIOLO,Futsal (calcio da sala - calcio a 5),Futsal
coni:89999,89999,ASD REAL PRIOLO,Calcio (a 7),Calcio
coni:90038,90038,UNIONE SPORTIVA DILETTANTANTISTICA VICO,Calcio (a 11),Calcio
coni:90038,90038,UNIONE SPORTIVA DILETTANTANTISTICA VICO,Beach Soccer,Calcio
coni:90038,90038,UNIONE SPORTIVA DILETTANTANTISTICA VICO,Futsal (calcio da sala - calcio a 5),Futsal
coni:90038,90038,UNIONE SPORTIVA DILETTANTANTISTICA VICO,Calcio (a 7),Calcio
coni:90109,90109,A.S.D. REAL BELVEDERE,Calcio (a 11),Calcio
coni:90109,90109,A.S.D. REAL BELVEDERE,Calcio (a 8),Calcio
coni:90109,90109,A.S.D. REAL BELVEDERE,Calcio (a 7),Calcio
coni:9013,9013,A.S.D. ROSETANA CALCIO,Calcio (a 11),Calcio
coni:90167,90167,ASSOCIAZIONE SPORTIVA DILETTANTISTICA FERRARIS 2016,Calcio (a 11),Calcio
coni:90192,90192,A.P.S.S.D. SPORTING PROGRESS ASSOCIAZIONE PROMOZIONE SOCIALE SPORTIVA DILETTANTISTICA,Calcio (a 11),Calcio
coni:90374,90374,A.S.D. AUDACE CAGNANO,Calcio (a 11),Calcio
coni:90451,90451,A. S. D. VALDERICE CALCIO 2013,Calcio (a 11),Calcio
coni:90493,90493,ASSOCIAZIONE SPORTIVA DILETTANTISTICA POL.VILLIMPENTESE 1992,Calcio (a 11),Calcio
coni:90575,90575,ASD SPORT CLUB PALAZZOLO,Calcio (a 11),Calcio
coni:90575,90575,ASD SPORT CLUB PALAZZOLO,Futsal (calcio da sala - calcio a 5),Futsal
coni:90661,90661,U.S.D. GEMINI CALCIO,Calcio (a 11),Calcio
coni:90661,90661,U.S.D. GEMINI CALCIO,Futsal (calcio da sala - calcio a 5),Futsal
coni:907,907,ASSOCIAZIONE SPORTIVA DILETTANTISTICA UNIONE SPORTIVA PIETRACUTA,Calcio (a 11),Calcio
coni:90807,90807,A.S.D. SIRACUSA C/5 MERACO,Futsal (calcio da sala - calcio a 5),Futsal
coni:90883,90883,A. S. D. FAVARA ACADEMY,Calcio (a 11),Calcio
coni:90883,90883,A. S. D. FAVARA ACADEMY,Futsal (calcio da sala - calcio a 5),Futsal
coni:90883,90883,A. S. D. FAVARA ACADEMY,Calcio (a 7),Calcio
coni:90918,90918,ASD S.C. COSTA GAIA ADELKAM,Calcio (a 11),Calcio
coni:90959,90959,ATLETICO PANTELLERIA ASD,Calcio (a 11),Calcio
coni:91023,91023,A.S.D. MEDITERRANEA,Calcio (a 11),Calcio
coni:91023,91023,A.S.D. MEDITERRANEA,Futsal (calcio da sala - calcio a 5),Futsal
coni:91023,91023,A.S.D. MEDITERRANEA,Calcio (a 7),Calcio
coni:91109,91109,NUOVA ASSOCIAZIONE A.S.D. LUPA CALCIO,Calcio (a 11),Calcio
coni:91111,91111,ASSOCIAZIONE SPORTIVA DILETTANTISCA DON BOSCO,Calcio (a 11),Calcio
coni:91159,91159,ASD SAN PROSPERO NAVACCHIO,Calcio (a 11),Calcio
coni:91197,91197,ASSOCIAZIONE SPORTIVA DILETTANTISTICA CRAL ANGELINI ANCONA A.S.D.,Calcio (a 11),Calcio
coni:91197,91197,ASSOCIAZIONE SPORTIVA DILETTANTISTICA CRAL ANGELINI ANCONA A.S.D.,Futsal (calcio da sala - calcio a 5),Futsal
coni:91207,91207,CITTA' DI SAN VITO LO CAPO S.S.D. A R.L.,Calcio (a 11),Calcio
coni:91276,91276,ASSOCIAZIONE SPORTIVA DILETTANTISTICA REAL PALAZZOLO,Futsal (calcio da sala - calcio a 5),Futsal
coni:91276,91276,ASSOCIAZIONE SPORTIVA DILETTANTISTICA REAL PALAZZOLO,Pallacanestro,Basket
coni:91284,91284,A.S.D.NUOVA POLISPORTIVA POPOLARE CEP,Calcio (a 11),Calcio
coni:91295,91295,MOBILIERI PONSACCO A.S.D.,Calcio (a 11),Calcio
coni:9131,9131,POLISP.DILETT.PIEVE AL TOPPO 06,Calcio (a 11),Calcio
coni:91325,91325,ASSOCIAZIONE POLISPORTIVA DILETTANTISTICA SORTINO,Calcio (a 11),Calcio
coni:91325,91325,ASSOCIAZIONE POLISPORTIVA DILETTANTISTICA SORTINO,Pallavolo,Volley
coni:9141,9141,A.S.D.POLISPORTIVA BINAGHESE,Calcio (a 11),Calcio
coni:9141,9141,A.S.D.POLISPORTIVA BINAGHESE,Calcio (a 7),Calcio
coni:9141,9141,A.S.D.POLISPORTIVA BINAGHESE,Pallacanestro,Basket
coni:9149,9149,A.S.D. FUTSAL PONTEDERA,Futsal (calcio da sala - calcio a 5),Futsal
coni:9153,9153,A.S.D. LASTRIGIANA,Calcio (a 11),Calcio
coni:91556,91556,FIVE TO FIVE ASSOCIAZIONE SPORTIVA DILETTANTISTICA,Futsal (calcio da sala - calcio a 5),Futsal
coni:91656,91656,ASD CALCI 2016,Calcio (a 11),Calcio
coni:91699,91699,A.P.C.S. NESIMA 2000 DILETTANTISTICA,Calcio (a 11),Calcio
coni:9174,9174,A.S.D. CHERASCHESE 1904,Calcio (a 11),Calcio
coni:92012,92012,ASS. SPORT. DILETT. TEAM SPORT MILLENNIUM,Calcio (a 11),Calcio
coni:9203,9203,A.S.D. FC GAETANO BONOLIS TERAMO,Calcio (a 11),Calcio
coni:92169,92169,A.S.D. MACERATA CAMPANIA ACADEMY,Calcio (a 11),Calcio
coni:92220,92220,A.S.D. REAL CASEBRUCIATE WORLD FIRE,Calcio (a 11),Calcio
coni:92220,92220,A.S.D. REAL CASEBRUCIATE WORLD FIRE,Futsal (calcio da sala - calcio a 5),Futsal
coni:92255,92255,A.S.D. NOVOLI CALCIO 1942,Calcio (a 11),Calcio
coni:9229,9229,A.S.D. BORGO A BUGGIANO CALCIO,Calcio (a 11),Calcio
coni:92388,92388,Associazione Sportiva Dilettantistica ALPO CLUB 98,Calcio (a 11),Calcio
coni:92392,92392,A.S.D. FUTSAL LECCE,Futsal (calcio da sala - calcio a 5),Futsal
coni:9242,9242,ASSOCIAZIONE SPORTIVA DILETTANTISTICA CASSIBILE FONTANE BIANCHE,Calcio (a 11),Calcio
coni:92429,92429,A.S.D. G.I.P.S. SALIZZOLE SETT. CALCIO,Calcio (a 11),Calcio
coni:9244,9244,AQUILA MONTEVARCHI 1902 S.S.D. A R.L.,Calcio (a 11),Calcio
coni:92552,92552,A.S.D. ATLETICO BIANCAVILLA,Calcio (a 11),Calcio
coni:9256,9256,VERDEAZZURRO SOCIETA' SPORTIVA DILETTANTISTICA S.R.L.,Calcio (a 11),Calcio
coni:9256,9256,VERDEAZZURRO SOCIETA' SPORTIVA DILETTANTISTICA S.R.L.,Pallamano,Pallamano
coni:9256,9256,VERDEAZZURRO SOCIETA' SPORTIVA DILETTANTISTICA S.R.L.,Pallavolo,Volley
coni:9256,9256,VERDEAZZURRO SOCIETA' SPORTIVA DILETTANTISTICA S.R.L.,Rugby a 15,Rugby
coni:9256,9256,VERDEAZZURRO SOCIETA' SPORTIVA DILETTANTISTICA S.R.L.,Futsal (calcio da sala - calcio a 5),Futsal
coni:9256,9256,VERDEAZZURRO SOCIETA' SPORTIVA DILETTANTISTICA S.R.L.,Pallacanestro,Basket
coni:92619,92619,U.S. SAN MASSIMO ASSOCIAZIONE SPORTIVA DILETTANTISTICA,Calcio (a 11),Calcio
coni:92664,92664,ASSOCIAZIONE SPORTIVA DILETTANTISTICA ADERNO',Calcio (a 11),Calcio
coni:92664,92664,ASSOCIAZIONE SPORTIVA DILETTANTISTICA ADERNO',Futsal (calcio da sala - calcio a 5),Futsal
coni:92742,92742,POLVERIGI C/5 ASSOCIAZIONE SPORTIVA DILETTANTISTICA,Futsal (calcio da sala - calcio a 5),Futsal
coni:92751,92751,"""A.S.D. GIOVENTU' TREPUZZI"" ASS.NE SPORTIVA DILETTANTISTICA",Calcio (a 11),Calcio
coni:92786,92786,G.S.D. S.A. CALCIO CASTELFIDARDO,Calcio (a 11),Calcio
coni:92786,92786,G.S.D. S.A. CALCIO CASTELFIDARDO,Calcio (a 7),Calcio
coni:92815,92815,A.S.D. SICILIA TENNIS ACADEMY,Calcio (a 11),Calcio
coni:92815,92815,A.S.D. SICILIA TENNIS ACADEMY,Futsal (calcio da sala - calcio a 5),Futsal
coni:92871,92871,A.S.D. REAL SOCCER,Calcio (a 11),Calcio
coni:92871,92871,A.S.D. REAL SOCCER,Calcio (a 8),Calcio
coni:92871,92871,A.S.D. REAL SOCCER,Futsal (calcio da sala - calcio a 5),Futsal
coni:92871,92871,A.S.D. REAL SOCCER,Calcio (a 7),Calcio
coni:9289,9289,A.S.D. BORGO INCROCIATI,Calcio (a 11),Calcio
coni:9296,9296,POLISPORTIVA MONTICELLESE ASSOCIAZIONE SPORTIVA DILETTANTISTICA,Calcio (a 11),Calcio
coni:9296,9296,POLISPORTIVA MONTICELLESE ASSOCIAZIONE SPORTIVA DILETTANTISTICA,Calcio (a 7),Calcio
coni:9296,9296,POLISPORTIVA MONTICELLESE ASSOCIAZIONE SPORTIVA DILETTANTISTICA,Pallacanestro,Basket
coni:93027,93027,GIOVANE OFFAGNA A.S.D.,Calcio (a 11),Calcio
coni:93081,93081,A.S.D. FALCONARESE 1919,Calcio (a 11),Calcio
coni:93116,93116,A.S.D. ATLETICO CONERO,Calcio (a 11),Calcio
coni:93166,93166,A.S.D. ALPHA SPORT,Calcio (a 11),Calcio
coni:93166,93166,A.S.D. ALPHA SPORT,Futsal (calcio da sala - calcio a 5),Futsal
coni:93166,93166,A.S.D. ALPHA SPORT,Calcio (a 7),Calcio
coni:93209,93209,A.C. B.N.C. NOI ASS.SPORTIVA DILETTANTISTICA,Calcio (a 11),Calcio
coni:93334,93334,ASSOCIAZIONE SPORTIVA DILETTANTISTICA REAL CATANIA,Calcio (a 11),Calcio
coni:9339,9339,ASSOCIAZIONE SPORTIVA DILETTANTI CALCIO SUTRI,Calcio (a 11),Calcio
coni:93449,93449,ASSOCIAZIONE SPORTIVA DILETTANTISTICA PATERNO' CALCIO,Calcio (a 11),Calcio
coni:9348,9348,A.S.D. LISCIANI TERAMO,Futsal (calcio da sala - calcio a 5),Futsal
coni:9348,9348,A.S.D. LISCIANI TERAMO,Calcio (a 11),Calcio
coni:9348,9348,A.S.D. LISCIANI TERAMO,Calcio (a 7),Calcio
coni:9355,9355,A.S.D. GIALLOROSSI GIULIANOVA,Calcio (a 11),Calcio
coni:93668,93668,A.S.D. OLIMPIA SOCCER,Calcio (a 11),Calcio
coni:93668,93668,A.S.D. OLIMPIA SOCCER,Calcio (a 8),Calcio
coni:93668,93668,A.S.D. OLIMPIA SOCCER,Futsal (calcio da sala - calcio a 5),Futsal
coni:93668,93668,A.S.D. OLIMPIA SOCCER,Calcio (a 7),Calcio
coni:93766,93766,A.S.D. CANTERA,Calcio (a 11),Calcio
coni:93766,93766,A.S.D. CANTERA,Calcio (a 8),Calcio
coni:93766,93766,A.S.D. CANTERA,Futsal (calcio da sala - calcio a 5),Futsal
coni:93766,93766,A.S.D. CANTERA,Calcio (a 7),Calcio
coni:9377,9377,ASSOCIAZIONE CALCIO NOVEDRATE,Calcio (a 11),Calcio
coni:93995,93995,A.S.D. NETTUNO,Futsal (calcio da sala - calcio a 5),Futsal
coni:9413,9413,BRIANTEA84 ASD ETS,Calcio (a 7),Calcio
coni:9413,9413,BRIANTEA84 ASD ETS,Pallacanestro,Basket
coni:9418,9418,SPORTING CLUB TRESTINA,Calcio (a 11),Calcio
coni:94249,94249,A.S.D. PALO FOOTBALL CLUB,Calcio (a 11),Calcio
coni:94249,94249,A.S.D. PALO FOOTBALL CLUB,Calcio (a 8),Calcio
coni:94249,94249,A.S.D. PALO FOOTBALL CLUB,Futsal (calcio da sala - calcio a 5),Futsal
coni:94249,94249,A.S.D. PALO FOOTBALL CLUB,Calcio (a 7),Calcio
coni:94262,94262,A.S. DILETTANTISTICA PINK SPORT TIME,Calcio (a 11),Calcio
coni:94262,94262,A.S. DILETTANTISTICA PINK SPORT TIME,Pallacanestro,Basket
coni:94262,94262,A.S. DILETTANTISTICA PINK SPORT TIME,Calcio (a 8),Calcio
coni:94262,94262,A.S. DILETTANTISTICA PINK SPORT TIME,Futsal (calcio da sala - calcio a 5),Futsal
coni:94262,94262,A.S. DILETTANTISTICA PINK SPORT TIME,Calcio (a 7),Calcio
coni:94262,94262,A.S. DILETTANTISTICA PINK SPORT TIME,Pallacanestro 3 contro 3,Basket
coni:94269,94269,ASD ARCOBALENO TRIGGIANO,Calcio (a 11),Calcio
coni:94269,94269,ASD ARCOBALENO TRIGGIANO,Futsal (calcio da sala - calcio a 5),Futsal
coni:94269,94269,ASD ARCOBALENO TRIGGIANO,Calcio (a 7),Calcio
coni:94499,94499,A.S.D. PASSEPARTOUT AURORA BARI,Calcio (a 11),Calcio
coni:94499,94499,A.S.D. PASSEPARTOUT AURORA BARI,Calcio (a 7),Calcio
coni:94511,94511,A.S.D. SOCCER RUVO,Calcio (a 11),Calcio
coni:94511,94511,A.S.D. SOCCER RUVO,Calcio (a 8),Calcio
coni:94511,94511,A.S.D. SOCCER RUVO,Futsal (calcio da sala - calcio a 5),Futsal
coni:94511,94511,A.S.D. SOCCER RUVO,Calcio (a 7),Calcio
coni:94537,94537,ASS.NE SPORT. DILETT. VIRTUS MODUGNO,Calcio (a 11),Calcio
coni:94537,94537,ASS.NE SPORT. DILETT. VIRTUS MODUGNO,Calcio (a 8),Calcio
coni:94537,94537,ASS.NE SPORT. DILETT. VIRTUS MODUGNO,Futsal (calcio da sala - calcio a 5),Futsal
coni:94537,94537,ASS.NE SPORT. DILETT. VIRTUS MODUGNO,Calcio (a 7),Calcio
coni:94537,94537,ASS.NE SPORT. DILETT. VIRTUS MODUGNO,Pallavolo,Volley
coni:94548,94548,ASS.NE SPORTIVA DILETTANTISTICA BITETTO,Calcio (a 11),Calcio
coni:94548,94548,ASS.NE SPORTIVA DILETTANTISTICA BITETTO,Futsal (calcio da sala - calcio a 5),Futsal
coni:94548,94548,ASS.NE SPORTIVA DILETTANTISTICA BITETTO,Calcio (a 8),Calcio
coni:94548,94548,ASS.NE SPORTIVA DILETTANTISTICA BITETTO,Calcio (a 7),Calcio
coni:94583,94583,A.S.D. FULGOR MOLFETTA 2009,Calcio (a 11),Calcio
coni:94644,94644,A.S.D. AZZURRI CONVERSANO,Futsal (calcio da sala - calcio a 5),Futsal
coni:94647,94647,A.S.D. ACCADEMIA CALCIO MOLA,Calcio (a 11),Calcio
coni:94647,94647,A.S.D. ACCADEMIA CALCIO MOLA,Calcio (a 8),Calcio
coni:94647,94647,A.S.D. ACCADEMIA CALCIO MOLA,Futsal (calcio da sala - calcio a 5),Futsal
coni:94647,94647,A.S.D. ACCADEMIA CALCIO MOLA,Calcio (a 7),Calcio
coni:94696,94696,A.S.D. DI DOMENICO FOOTBALL,Calcio (a 11),Calcio
coni:94696,94696,A.S.D. DI DOMENICO FOOTBALL,Calcio (a 8),Calcio
coni:94696,94696,A.S.D. DI DOMENICO FOOTBALL,Futsal (calcio da sala - calcio a 5),Futsal
coni:94696,94696,A.S.D. DI DOMENICO FOOTBALL,Calcio (a 7),Calcio
coni:94707,94707,A.S.D. NICK CALCIO BARI,Calcio (a 11),Calcio
coni:9476,9476,ASSOCIAZIONE SPORTIVA DILETTANTISTICA CALCIO CASSACCO,Calcio (a 11),Calcio
coni:94768,94768,A.S.D. IDEALE BARI,Calcio (a 11),Calcio
coni:94771,94771,A.S.D.INTESA SPORT CLUB BARI,Calcio (a 11),Calcio
coni:94771,94771,A.S.D.INTESA SPORT CLUB BARI,Calcio (a 7),Calcio
coni:94771,94771,A.S.D.INTESA SPORT CLUB BARI,Calcio (a 8),Calcio
coni:94771,94771,A.S.D.INTESA SPORT CLUB BARI,Futsal (calcio da sala - calcio a 5),Futsal
coni:94771,94771,A.S.D.INTESA SPORT CLUB BARI,Pallacanestro,Basket
coni:94771,94771,A.S.D.INTESA SPORT CLUB BARI,Beach Basket,Basket
coni:94779,94779,A.S.D.FOOTBALL CELLAMARE,Calcio (a 11),Calcio
coni:94779,94779,A.S.D.FOOTBALL CELLAMARE,Calcio (a 8),Calcio
coni:94779,94779,A.S.D.FOOTBALL CELLAMARE,Futsal (calcio da sala - calcio a 5),Futsal
coni:94779,94779,A.S.D.FOOTBALL CELLAMARE,Calcio (a 7),Calcio
coni:94866,94866,A-S-D.ATLETICO BARI,Calcio (a 11),Calcio
coni:94866,94866,A-S-D.ATLETICO BARI,Calcio (a 8),Calcio
coni:94866,94866,A-S-D.ATLETICO BARI,Futsal (calcio da sala - calcio a 5),Futsal
coni:94866,94866,A-S-D.ATLETICO BARI,Calcio (a 7),Calcio
coni:94876,94876,A.S.D. PRO CALCIO BARI,Calcio (a 11),Calcio
coni:94876,94876,A.S.D. PRO CALCIO BARI,Calcio (a 8),Calcio
coni:94876,94876,A.S.D. PRO CALCIO BARI,Futsal (calcio da sala - calcio a 5),Futsal
coni:94876,94876,A.S.D. PRO CALCIO BARI,Calcio (a 7),Calcio
coni:9497,9497,ASSOCIAZIONE SPORTIVA DILETTANTISTICA SANCATALDESE CALCIO,Calcio (a 11),Calcio
coni:94978,94978,A.S.D. BORGOROSSO MOLFETTA,Calcio (a 11),Calcio
coni:9507,9507,A.C.U. SPORTING CASINI,Calcio (a 11),Calcio
coni:95135,95135,A.S.D. REDENTORE,Calcio (a 7),Calcio
coni:95135,95135,A.S.D. REDENTORE,Calcio (a 11),Calcio
coni:95135,95135,A.S.D. REDENTORE,Calcio (a 8),Calcio
coni:95135,95135,A.S.D. REDENTORE,Futsal (calcio da sala - calcio a 5),Futsal
coni:95135,95135,A.S.D. REDENTORE,Pallacanestro,Basket
coni:95135,95135,A.S.D. REDENTORE,Pallavolo,Volley
coni:95291,95291,A.C. MAZZO 80 SOCIETA' SPORTIVA DILETTANTISTICA A R.L.,Calcio (a 11),Calcio
coni:95297,95297,G.S. VIRTUS CORNAREDO A.S.D.,Calcio (a 11),Calcio
coni:95297,95297,G.S. VIRTUS CORNAREDO A.S.D.,Calcio (a 7),Calcio
coni:953,953,U. S. D. MAROSTICENSE,Calcio (a 11),Calcio
coni:95334,95334,O.SA.F. GRUPPO SPORTIVO ORATORIO SAN FRANCESCO,Calcio (a 11),Calcio
coni:95334,95334,O.SA.F. GRUPPO SPORTIVO ORATORIO SAN FRANCESCO,Pallavolo,Volley
coni:95337,95337,ASSOCIAZIONE SPORTIVA DILETTANTISTICA POLISPORTIVA ORATORIO SAN GIUSEPPE,Calcio (a 11),Calcio
coni:95340,95340,ASSOCIAZIONE POLISPORTIVA DILETTANTISTICA GIOSPORT,Calcio (a 11),Calcio
coni:95340,95340,ASSOCIAZIONE POLISPORTIVA DILETTANTISTICA GIOSPORT,Calcio (a 7),Calcio
coni:95340,95340,ASSOCIAZIONE POLISPORTIVA DILETTANTISTICA GIOSPORT,Pallacanestro,Basket
coni:95340,95340,ASSOCIAZIONE POLISPORTIVA DILETTANTISTICA GIOSPORT,Pallacanestro 3 contro 3,Basket
coni:95340,95340,ASSOCIAZIONE POLISPORTIVA DILETTANTISTICA GIOSPORT,Pallavolo,Volley
coni:95350,95350,A.S.D. GRUPPO SPORTIVO ORATORIO SAN LUIGI POGLIANO,Calcio (a 11),Calcio
coni:95350,95350,A.S.D. GRUPPO SPORTIVO ORATORIO SAN LUIGI POGLIANO,Pallavolo,Volley
coni:95365,95365,F.C. LAINATESE - ASSOCIAZIONE SPORTIVA DILETTANTISTICA,Calcio (a 11),Calcio
coni:95370,95370,ASSOCIAZIONE SPORIVA DILETTANTISTICA ORATORIO PASSIRANA,Calcio (a 11),Calcio
coni:95370,95370,ASSOCIAZIONE SPORIVA DILETTANTISTICA ORATORIO PASSIRANA,Calcio (a 7),Calcio
coni:95374,95374,ASD REAL CORNAREDO,Futsal (calcio da sala - calcio a 5),Futsal
coni:95381,95381,A.S.D. ORATORIO LAINATE RAGAZZI,Calcio (a 11),Calcio
coni:95381,95381,A.S.D. ORATORIO LAINATE RAGAZZI,Calcio (a 7),Calcio
coni:95381,95381,A.S.D. ORATORIO LAINATE RAGAZZI,Pallavolo,Volley
coni:95385,95385,ASSOCIAZIONE SPORTIVA DILETTANTISTICA UPN,Pallacanestro,Basket
coni:95385,95385,ASSOCIAZIONE SPORTIVA DILETTANTISTICA UPN,Pallavolo,Volley
coni:95385,95385,ASSOCIAZIONE SPORTIVA DILETTANTISTICA UPN,Calcio (a 11),Calcio
coni:95395,95395,POLISPORTIVA ATLETICO ARLUNO ASD,Calcio (a 11),Calcio
coni:95395,95395,POLISPORTIVA ATLETICO ARLUNO ASD,Calcio (a 7),Calcio
coni:95395,95395,POLISPORTIVA ATLETICO ARLUNO ASD,Beach volley,Volley
coni:95395,95395,POLISPORTIVA ATLETICO ARLUNO ASD,Pallavolo,Volley
coni:95395,95395,POLISPORTIVA ATLETICO ARLUNO ASD,Touch Rugby,Rugby
coni:95395,95395,POLISPORTIVA ATLETICO ARLUNO ASD,Futsal (calcio da sala - calcio a 5),Futsal
coni:95395,95395,POLISPORTIVA ATLETICO ARLUNO ASD,Pallacanestro 3 contro 3,Basket
coni:95395,95395,POLISPORTIVA ATLETICO ARLUNO ASD,Pallacanestro,Basket
coni:954,954,A.S.D. FUTSAL COLLI A VOLTURNO,Futsal (calcio da sala - calcio a 5),Futsal
coni:9543,9543,FAIR PLAY COLLECORVINO SOCIETA' SPORTIVA DILETTANTISTICA,Calcio (a 11),Calcio
coni:9547,9547,GRUPPO SPORTIVO ORATORIO LOMAGNA ASS.SPORT.DIL.,Calcio (a 7),Calcio
coni:9547,9547,GRUPPO SPORTIVO ORATORIO LOMAGNA ASS.SPORT.DIL.,Calcio (a 11),Calcio
coni:9547,9547,GRUPPO SPORTIVO ORATORIO LOMAGNA ASS.SPORT.DIL.,Pallacanestro,Basket
coni:9547,9547,GRUPPO SPORTIVO ORATORIO LOMAGNA ASS.SPORT.DIL.,Pallavolo,Volley
coni:95491,95491,ASD LUDUS VALLE DELL'ARNO,Calcio (a 11),Calcio
coni:95492,95492,CALCIO DESENZANO SOCIETA' SPORTIVA DILETTANTISTICA A RESPONSABILITA' LIMITATA,Calcio (a 11),Calcio
coni:95504,95504,VILLA VALLE S.S.D.A R.L.,Calcio (a 11),Calcio
coni:95526,95526,U.S. FONTANE CALCIO-ASS.SPORTIVA DILETTANTISTICA,Calcio (a 11),Calcio
coni:9553,9553,ASSOCIAZIONE SPORTIVA DILETTANTISTICA CALCIO A CINQUE RIMINI,Futsal (calcio da sala - calcio a 5),Futsal
coni:95550,95550,GRUPPO SPORTIVO NINO RONCO ASD,Calcio (a 11),Calcio
coni:95550,95550,GRUPPO SPORTIVO NINO RONCO ASD,Pallacanestro,Basket
coni:95566,95566,RONDINELLA MARZOCCO SRL SSD,Calcio (a 11),Calcio
coni:95578,95578,ASSOCIAZIONE CALCIO DILETTANTISTICA MONTE BALDO,Calcio (a 11),Calcio
coni:95578,95578,ASSOCIAZIONE CALCIO DILETTANTISTICA MONTE BALDO,Pallavolo,Volley
coni:95581,95581,AMATEURSPORTCLUB NEUGRIES,Calcio (a 11),Calcio
coni:95581,95581,AMATEURSPORTCLUB NEUGRIES,Futsal (calcio da sala - calcio a 5),Futsal
coni:95588,95588,ASSOCIAZIONE SPORTIVA DILETTANTISTICA U.S.D. RINASCITA DOCCIA,Calcio (a 11),Calcio
coni:95604,95604,A.C. MESTRE SOCIETA' SPORTIVA DILETTANTISTICA A RESPONSABILITA' LIMITATA,Calcio (a 11),Calcio
coni:95616,95616,POLISPORTIVA FORESE NORD A.S.D. E A.P.S.,Calcio (a 11),Calcio
coni:95616,95616,POLISPORTIVA FORESE NORD A.S.D. E A.P.S.,Futsal (calcio da sala - calcio a 5),Futsal
coni:95616,95616,POLISPORTIVA FORESE NORD A.S.D. E A.P.S.,Calcio (a 7),Calcio
coni:95721,95721,ASSOCIAZIONE SPORTIVA DILETTANTISTICA VAL DI GRESTA,Futsal (calcio da sala - calcio a 5),Futsal
coni:95722,95722,U.S. PELLESTRINA A.S.D.,Calcio (a 11),Calcio
coni:95739,95739,ASD TRICESIMO CALCIO,Calcio (a 11),Calcio
coni:9574,9574,ASSOCIAZIONE SPORTIVA DILETTANTISTICA NEAPOLIS JR,Calcio (a 11),Calcio
coni:9574,9574,ASSOCIAZIONE SPORTIVA DILETTANTISTICA NEAPOLIS JR,Futsal (calcio da sala - calcio a 5),Futsal
coni:95748,95748,A.S.C.D. NUOVA RINASCITA,Calcio (a 11),Calcio
coni:95751,95751,A.S.D. DERTONA CALCIO GIOVANILE,Calcio (a 11),Calcio
coni:95753,95753,ASSOCIAZIONE SPORTIVA DILETTANTISTICA 'ELLERA CALCIO',Calcio (a 11),Calcio
coni:95753,95753,ASSOCIAZIONE SPORTIVA DILETTANTISTICA 'ELLERA CALCIO',Futsal (calcio da sala - calcio a 5),Futsal
coni:95753,95753,ASSOCIAZIONE SPORTIVA DILETTANTISTICA 'ELLERA CALCIO',Calcio (a 7),Calcio
coni:95763,95763,UNIONE SPORTIVA DILETTANTISTICA PONTE DEI NORI,Calcio (a 11),Calcio
coni:9578,9578,A.S.D.F.C.SORAGNA 1921,Calcio (a 11),Calcio
coni:9578,9578,A.S.D.F.C.SORAGNA 1921,Futsal (calcio da sala - calcio a 5),Futsal
coni:9578,9578,A.S.D.F.C.SORAGNA 1921,Calcio (a 7),Calcio
coni:95829,95829,ASSOCIAZIONE DILETTANTISTICA POLISPORTIVA SINAGRA CALCIO,Calcio (a 11),Calcio
coni:95829,95829,ASSOCIAZIONE DILETTANTISTICA POLISPORTIVA SINAGRA CALCIO,Futsal (calcio da sala - calcio a 5),Futsal
coni:95846,95846,ASSOCIAZIONE POLISPORTIVA BELLUSCO ASD,Futsal (calcio da sala - calcio a 5),Futsal
coni:95846,95846,ASSOCIAZIONE POLISPORTIVA BELLUSCO ASD,Calcio (a 11),Calcio
coni:95846,95846,ASSOCIAZIONE POLISPORTIVA BELLUSCO ASD,Calcio (a 7),Calcio
coni:95846,95846,ASSOCIAZIONE POLISPORTIVA BELLUSCO ASD,Pallavolo,Volley
coni:95846,95846,ASSOCIAZIONE POLISPORTIVA BELLUSCO ASD,Pallacanestro,Basket
coni:95861,95861,CITTADELLA VIS MODENA SSD A RL,Calcio (a 11),Calcio
coni:95861,95861,CITTADELLA VIS MODENA SSD A RL,Futsal (calcio da sala - calcio a 5),Futsal
coni:95861,95861,CITTADELLA VIS MODENA SSD A RL,Calcio (a 7),Calcio
coni:95873,95873,"""UNIONE SPORTIVA DILETTANTISTICA ELCE"" U.S.D. ELCE",Calcio (a 11),Calcio
coni:95873,95873,"""UNIONE SPORTIVA DILETTANTISTICA ELCE"" U.S.D. ELCE",Calcio (a 8),Calcio
coni:95873,95873,"""UNIONE SPORTIVA DILETTANTISTICA ELCE"" U.S.D. ELCE",Futsal (calcio da sala - calcio a 5),Futsal
coni:95873,95873,"""UNIONE SPORTIVA DILETTANTISTICA ELCE"" U.S.D. ELCE",Calcio (a 7),Calcio
coni:95873,95873,"""UNIONE SPORTIVA DILETTANTISTICA ELCE"" U.S.D. ELCE",Pallavolo,Volley
coni:95883,95883,G.S.D. E. CASTIGLIANO,Calcio (a 11),Calcio
coni:95977,95977,POLISPORTIVA COGNENTESE ASSOCIAZIONE DI PROMOZIONE SOCIALE E SPORTIVA DILETTANTISTICA,Calcio (a 11),Calcio
coni:95977,95977,POLISPORTIVA COGNENTESE ASSOCIAZIONE DI PROMOZIONE SOCIALE E SPORTIVA DILETTANTISTICA,Pallacanestro,Basket
coni:95977,95977,POLISPORTIVA COGNENTESE ASSOCIAZIONE DI PROMOZIONE SOCIALE E SPORTIVA DILETTANTISTICA,Futsal (calcio da sala - calcio a 5),Futsal
coni:95977,95977,POLISPORTIVA COGNENTESE ASSOCIAZIONE DI PROMOZIONE SOCIALE E SPORTIVA DILETTANTISTICA,Calcio (a 7),Calcio
coni:96168,96168,A.S.D. ZOGNESE,Calcio (a 11),Calcio
coni:96178,96178,ASD COMPRENSORIO DEL TINDARI,Calcio (a 11),Calcio
coni:96178,96178,ASD COMPRENSORIO DEL TINDARI,Futsal (calcio da sala - calcio a 5),Futsal
coni:96196,96196,US SANCASCIANESE CALCIO ASD,Calcio (a 11),Calcio
coni:96196,96196,US SANCASCIANESE CALCIO ASD,Calcio (a 7),Calcio
coni:96215,96215,GRUPPO SPORTIVO DILETTANTISTICO LIBERTAS RAPID,Calcio (a 11),Calcio
coni:96304,96304,A.S.D.FOGGIA FOOTBALL CLUB 1987,Calcio (a 11),Calcio
coni:96304,96304,A.S.D.FOGGIA FOOTBALL CLUB 1987,Futsal (calcio da sala - calcio a 5),Futsal
coni:96304,96304,A.S.D.FOGGIA FOOTBALL CLUB 1987,Calcio (a 7),Calcio
coni:96395,96395,A.S.D. POLISPORTIVA SAN GIACOM O,Calcio (a 11),Calcio
coni:96395,96395,A.S.D. POLISPORTIVA SAN GIACOM O,Pallacanestro,Basket
coni:96395,96395,A.S.D. POLISPORTIVA SAN GIACOM O,Pallavolo,Volley
coni:96634,96634,SOCIETA' SPORTIVA DILETTANTISTICA SAN PAOLO SRL,Calcio (a 11),Calcio
coni:96634,96634,SOCIETA' SPORTIVA DILETTANTISTICA SAN PAOLO SRL,Futsal (calcio da sala - calcio a 5),Futsal
coni:96634,96634,SOCIETA' SPORTIVA DILETTANTISTICA SAN PAOLO SRL,Calcio (a 7),Calcio
coni:96699,96699,POLISPORTIVA ORATORIO BREMBILLA,Calcio (a 11),Calcio
coni:96699,96699,POLISPORTIVA ORATORIO BREMBILLA,Futsal (calcio da sala - calcio a 5),Futsal
coni:96699,96699,POLISPORTIVA ORATORIO BREMBILLA,Pallacanestro,Basket
coni:96699,96699,POLISPORTIVA ORATORIO BREMBILLA,Pallavolo,Volley
coni:96772,96772,CIRCOLO POLISPORTIVA CAMPOGALLIANO ASD,Calcio (a 11),Calcio
coni:96772,96772,CIRCOLO POLISPORTIVA CAMPOGALLIANO ASD,Pallacanestro,Basket
coni:96772,96772,CIRCOLO POLISPORTIVA CAMPOGALLIANO ASD,Pallavolo,Volley
coni:96772,96772,CIRCOLO POLISPORTIVA CAMPOGALLIANO ASD,Futsal (calcio da sala - calcio a 5),Futsal
coni:96772,96772,CIRCOLO POLISPORTIVA CAMPOGALLIANO ASD,Calcio (a 7),Calcio
coni:96783,96783,U.S.D.S.ARCANGELO,Calcio (a 11),Calcio
coni:9683,9683,ASSOCIAZIONE SPORTIVA DILETTANTISTICA COMACCHIESE 2015,Calcio (a 11),Calcio
coni:96945,96945,ASSOCIAZIONE SPORTIVA DILETTANTISTICA POLISPORTIVA SCARNAFIGI,Calcio (a 11),Calcio
coni:96966,96966,CASALNOCETO A.S.D. ASSOCIAZIONE SPORTIVA DILETTANTISTICA,Calcio (a 11),Calcio
coni:9701,9701,ASD ZAMPITTO ASSOCIAZIONE SPORTIVA DILETTANTISTICA,Futsal (calcio da sala - calcio a 5),Futsal
coni:97026,97026,A. S. D. NIMIS,Calcio (a 11),Calcio
coni:97077,97077,LA NUOVA POLISPORTIVA NOVOLI ASD,Calcio (a 11),Calcio
coni:9724,9724,L'AQUILA SOCCER SCHOOL SOCIETA SPORTIVA DILETTANTISTICA A.R.L.,Calcio (a 11),Calcio
coni:97373,97373,SANCAT ASS.SPORTIVA. DILETTANT ISTICA,Calcio (a 11),Calcio
coni:97373,97373,SANCAT ASS.SPORTIVA. DILETTANT ISTICA,Pallacanestro,Basket
coni:97373,97373,SANCAT ASS.SPORTIVA. DILETTANT ISTICA,Pallavolo,Volley
coni:97373,97373,SANCAT ASS.SPORTIVA. DILETTANT ISTICA,Futsal (calcio da sala - calcio a 5),Futsal
coni:97373,97373,SANCAT ASS.SPORTIVA. DILETTANT ISTICA,Calcio (a 7),Calcio
coni:97402,97402,CENTRO UNIVERSITARIO SPORTIVO PIEMONTE ORIENTALE A.S.D.,Futsal (calcio da sala - calcio a 5),Futsal
coni:97402,97402,CENTRO UNIVERSITARIO SPORTIVO PIEMONTE ORIENTALE A.S.D.,Pallacanestro,Basket
coni:97402,97402,CENTRO UNIVERSITARIO SPORTIVO PIEMONTE ORIENTALE A.S.D.,Rugby a 7,Rugby
coni:97402,97402,CENTRO UNIVERSITARIO SPORTIVO PIEMONTE ORIENTALE A.S.D.,Rugby a 15,Rugby
coni:97402,97402,CENTRO UNIVERSITARIO SPORTIVO PIEMONTE ORIENTALE A.S.D.,Tag Rugby,Rugby
coni:97402,97402,CENTRO UNIVERSITARIO SPORTIVO PIEMONTE ORIENTALE A.S.D.,Touch Rugby,Rugby
coni:97402,97402,CENTRO UNIVERSITARIO SPORTIVO PIEMONTE ORIENTALE A.S.D.,Snow Rugby,Rugby
coni:97402,97402,CENTRO UNIVERSITARIO SPORTIVO PIEMONTE ORIENTALE A.S.D.,Pallacanestro 3 contro 3,Basket
coni:97402,97402,CENTRO UNIVERSITARIO SPORTIVO PIEMONTE ORIENTALE A.S.D.,Beach Rugby,Rugby
coni:97402,97402,CENTRO UNIVERSITARIO SPORTIVO PIEMONTE ORIENTALE A.S.D.,Pallavolo,Volley
coni:97402,97402,CENTRO UNIVERSITARIO SPORTIVO PIEMONTE ORIENTALE A.S.D.,Calcio (a 8),Calcio
coni:97402,97402,CENTRO UNIVERSITARIO SPORTIVO PIEMONTE ORIENTALE A.S.D.,Beach volley,Volley
coni:97407,97407,A.S.D.IPPOGRIFO SARNESE,Calcio (a 11),Calcio
coni:97407,97407,A.S.D.IPPOGRIFO SARNESE,Calcio (a 8),Calcio
coni:97407,97407,A.S.D.IPPOGRIFO SARNESE,Futsal (calcio da sala - calcio a 5),Futsal
coni:97407,97407,A.S.D.IPPOGRIFO SARNESE,Calcio (a 7),Calcio
coni:97413,97413,ASD DIAVOLETTICALCIO VERCELLI,Calcio (a 11),Calcio
coni:97435,97435,A.S.D. NICHELINO HESPERIA,Calcio (a 11),Calcio
coni:9753,9753,U.S.CALCIO SAN PELLEGRINO,Calcio (a 11),Calcio
coni:97544,97544,ASD ACCADEMIA MILANESE,Calcio (a 11),Calcio
coni:97602,97602,A.S.D. GSO SAN GIORGIO,Calcio (a 11),Calcio
coni:97602,97602,A.S.D. GSO SAN GIORGIO,Calcio (a 7),Calcio
coni:97685,97685,A.S.D. SANGERMANESE CALCIO,Calcio (a 11),Calcio
coni:97723,97723,A.S.D. POLISPORTIVA GARINO,Calcio (a 11),Calcio
coni:97816,97816,ASSOCIAZIONE SPORTIVA DILETTANTISTICA POLISPORTIVA SACCA FISOLA,Calcio (a 11),Calcio
coni:9789,9789,ASSOCIAZIONE SPORTIVA DILETTANTISTICA GLADIUS PESCARA 2010,Calcio (a 11),Calcio
coni:979,979,A.S.D. BOYS ROCCARAVINDOLA,Calcio (a 11),Calcio
coni:979,979,A.S.D. BOYS ROCCARAVINDOLA,Calcio (a 8),Calcio
coni:979,979,A.S.D. BOYS ROCCARAVINDOLA,Calcio (a 7),Calcio
coni:9792,9792,ASSOCIAZIONE SPORTIVA DILETTANTISTICA ORTANA CALCIO 1919,Calcio (a 11),Calcio
coni:98046,98046,POLISPORTIVA AGRESE A.S.D,Calcio (a 11),Calcio
coni:9809,9809,A.S.D. MARZOCCO SANGIOVANNESE,Calcio (a 11),Calcio
coni:98272,98272,A.S.D. REAL S.EGIDIO,Calcio (a 11),Calcio
coni:98283,98283,MIDLAND GLOBAL SPORT - SOCIETA' SPORTIVA DILETTANTISTICA A R.L.,Futsal (calcio da sala - calcio a 5),Futsal
coni:98283,98283,MIDLAND GLOBAL SPORT - SOCIETA' SPORTIVA DILETTANTISTICA A R.L.,Calcio (a 11),Calcio
coni:98283,98283,MIDLAND GLOBAL SPORT - SOCIETA' SPORTIVA DILETTANTISTICA A R.L.,Calcio (a 7),Calcio
coni:98283,98283,MIDLAND GLOBAL SPORT - SOCIETA' SPORTIVA DILETTANTISTICA A R.L.,Beach volley,Volley
coni:98283,98283,MIDLAND GLOBAL SPORT - SOCIETA' SPORTIVA DILETTANTISTICA A R.L.,Pallacanestro,Basket
coni:98330,98330,A.S.D. SANT'EGIDIO FEMMINILE,Calcio (a 11),Calcio
coni:98330,98330,A.S.D. SANT'EGIDIO FEMMINILE,Calcio (a 8),Calcio
coni:98330,98330,A.S.D. SANT'EGIDIO FEMMINILE,Futsal (calcio da sala - calcio a 5),Futsal
coni:98330,98330,A.S.D. SANT'EGIDIO FEMMINILE,Calcio (a 7),Calcio
coni:9837,9837,A.S.D. SAN PANCRAZIO CALCIO,Calcio (a 11),Calcio
coni:9851,9851,POLISPORTIVA CENTRO GIOVANILE VALMADRERA A.S.D.,Calcio (a 11),Calcio
coni:9851,9851,POLISPORTIVA CENTRO GIOVANILE VALMADRERA A.S.D.,Pallacanestro,Basket
coni:9851,9851,POLISPORTIVA CENTRO GIOVANILE VALMADRERA A.S.D.,Calcio (a 7),Calcio
coni:98550,98550,SESTESE CALCIO - SOCIETA' SPORTIVA DILETTANTISTICA A RESPONSABILITA' LIMITATA,Calcio (a 11),Calcio
coni:98601,98601,A.S.D.CALCIO FARA,Calcio (a 11),Calcio
coni:98762,98762,ASD PRESSING SCAFATI,Calcio (a 11),Calcio
coni:98762,98762,ASD PRESSING SCAFATI,Calcio (a 8),Calcio
coni:98762,98762,ASD PRESSING SCAFATI,Futsal (calcio da sala - calcio a 5),Futsal
coni:98762,98762,ASD PRESSING SCAFATI,Calcio (a 7),Calcio
coni:98764,98764,ASSOCIAZIONE POLIVALENTE SAN DAMASO A.S.D. APS,Calcio (a 11),Calcio
coni:98764,98764,ASSOCIAZIONE POLIVALENTE SAN DAMASO A.S.D. APS,Pallavolo,Volley
coni:98864,98864,A.S.D. ANIENE CALCIO,Calcio (a 11),Calcio
coni:98870,98870,A.S.D. DI PROMOZIONE SOCIALE LENCI POIRINO,Calcio (a 11),Calcio
coni:98870,98870,A.S.D. DI PROMOZIONE SOCIALE LENCI POIRINO,Futsal (calcio da sala - calcio a 5),Futsal
coni:98870,98870,A.S.D. DI PROMOZIONE SOCIALE LENCI POIRINO,Beach volley,Volley
coni:98917,98917,ASSOCIAZIONE SPORTIVA DILIETTANTISTICA NOCERA SOCCER M.G.F.,Calcio (a 11),Calcio
coni:98936,98936,A.S.D.OASI SCAFATI CALCIO 1922,Calcio (a 11),Calcio
coni:98936,98936,A.S.D.OASI SCAFATI CALCIO 1922,Calcio (a 8),Calcio
coni:98936,98936,A.S.D.OASI SCAFATI CALCIO 1922,Calcio (a 7),Calcio
coni:99068,99068,ASSOCIAZIONE SPORTIVA DILETTANTISTICA MAMA FUTSAL SAN MARZANO,Futsal (calcio da sala - calcio a 5),Futsal
coni:99081,99081,ASD JUVENTUS SAN MICHELE,Calcio (a 11),Calcio
coni:99139,99139,A.S.D. ARCI UISP SCAMPIA A.P.S.,Calcio (a 11),Calcio
coni:99139,99139,A.S.D. ARCI UISP SCAMPIA A.P.S.,Calcio (a 8),Calcio
coni:99139,99139,A.S.D. ARCI UISP SCAMPIA A.P.S.,Calcio (a 7),Calcio
coni:99164,99164,ASD PERNATESE 1928,Calcio (a 11),Calcio
coni:992,992,SPORTING CLUB ROSIGNANO ASD,Calcio (a 11),Calcio
coni:992,992,SPORTING CLUB ROSIGNANO ASD,Futsal (calcio da sala - calcio a 5),Futsal
coni:992,992,SPORTING CLUB ROSIGNANO ASD,Calcio (a 7),Calcio
coni:992,992,SPORTING CLUB ROSIGNANO ASD,Pallavolo,Volley
coni:9941,9941,A.S.D. COPPARO 2015,Calcio (a 11),Calcio
coni:99422,99422,FLORIA SSD A RL,Calcio (a 11),Calcio
coni:99479,99479,A.S.D. ATLETICO NUCERIA 2017,Calcio (a 11),Calcio
coni:99520,99520,ASS.SPORTIVA DILETTANTISTICA MONCALIERI CALCIO 195,Calcio (a 11),Calcio
coni:99520,99520,ASS.SPORTIVA DILETTANTISTICA MONCALIERI CALCIO 195,Calcio (a 7),Calcio
coni:99557,99557,ASSOCIAZIONE SPORTIVA DILETTANTISTICA MILLENNIUM,Calcio (a 11),Calcio
coni:99575,99575,A.S.D. OLTRISARCO JUVENTUS CLUB,Calcio (a 11),Calcio
coni:99575,99575,A.S.D. OLTRISARCO JUVENTUS CLUB,Futsal (calcio da sala - calcio a 5),Futsal
coni:99575,99575,A.S.D. OLTRISARCO JUVENTUS CLUB,Calcio (a 8),Calcio
coni:99575,99575,A.S.D. OLTRISARCO JUVENTUS CLUB,Calcio (a 7),Calcio
coni:996,996,POLISPORTIVA MOTTINELLO NUOVO ASSOCIAZIONE SPORTIVA DILETTANTISTICA,Calcio (a 11),Calcio
coni:996,996,POLISPORTIVA MOTTINELLO NUOVO ASSOCIAZIONE SPORTIVA DILETTANTISTICA,Pallavolo,Volley
coni:99652,99652,ASD HERACLEA CALCIO,Calcio (a 11),Calcio
coni:99676,99676,CENTRO SPORTIVO MAROCCO ASSOCIAZIONE SPORTIVA DILETTANTISTICA,Calcio (a 11),Calcio
coni:99676,99676,CENTRO SPORTIVO MAROCCO ASSOCIAZIONE SPORTIVA DILETTANTISTICA,Futsal (calcio da sala - calcio a 5),Futsal
coni:99676,99676,CENTRO SPORTIVO MAROCCO ASSOCIAZIONE SPORTIVA DILETTANTISTICA,Pallacanestro,Basket
coni:99772,99772,A.S.D. PIETRAMONTECORVINO,Calcio (a 11),Calcio
coni:99772,99772,A.S.D. PIETRAMONTECORVINO,Futsal (calcio da sala - calcio a 5),Futsal
coni:99773,99773,A.S.D. FUTSAL UDINESE,Futsal (calcio da sala - calcio a 5),Futsal
coni:99790,99790,VILLA D'ORO ASD,Calcio (a 11),Calcio
coni:99790,99790,VILLA D'ORO ASD,Futsal (calcio da sala - calcio a 5),Futsal
coni:99790,99790,VILLA D'ORO ASD,Calcio (a 7),Calcio
coni:99821,99821,ASSOCIAZIONE DILETTANTISTICA POLISPORTIVA MANZOLINO,Calcio (a 11),Calcio
coni:99896,99896,AMATEURSPORTVEREIN FUSSBALLCLUB SUEDTIROL,Calcio (a 11),Calcio
coni:999,999,G. S. PADERNELLO ASSOCIAZIONE SPORTIVA DILETTANTISTICA,Calcio (a 11),Calcio
coni:99978,99978,A.S.D. GENKO FOGGIA,Calcio (a 11),Calcio
coni:99979,99979,ASD VIRTUS CALCIO FOGGIA,Calcio (a 11),Calcio
