registry_club_id,organism,affiliation_code,sport_year_start,sport_year_end
coni:100,FIGC,62608,01/07/2025,30/06/2026
coni:10000,CSI,04200012,19/08/2025,30/06/2026
coni:100003,CSEN,53103,01/01/2026,31/12/2026
coni:10001,CSI,080301,01/09/2025,31/08/2026
coni:100012,AICS,1227062,17/03/2026,31/12/2026
coni:100016,UISP,S310582,06/03/2026,31/08/2026
coni:100023,US_ACLI,1301,01/01/2026,31/12/2026
coni:100028,OPES,97845,15/09/2025,31/08/2026
coni:100036,OPES,97616,01/09/2025,31/08/2026
coni:100043,AICS,33766,05/01/2026,31/12/2026
coni:100048,AICS,1224276,02/01/2026,31/12/2026
coni:100057,AICS,1996,01/10/2025,30/09/2026
coni:100064,UISP,S030361,17/09/2025,31/08/2026
coni:100072,CSI,00600050,24/09/2025,31/08/2026
coni:100076,CSEN,15533,01/01/2026,31/12/2026
coni:100090,ENDAS,86082,01/01/2026,31/12/2026
coni:100094,AICS,115325,01/01/2026,31/12/2026
coni:100097,CSI,03100296,30/12/2025,31/08/2026
coni:100099,ASC,220336858,18/09/2025,31/08/2026
coni:100104,CSEN,3936,02/09/2025,31/08/2026
coni:100109,AICS,120365,07/01/2026,31/12/2026
coni:100110,ENDAS,87808,26/01/2026,31/12/2026
coni:100111,CSEN,66738,01/01/2026,31/12/2026
coni:100115,CSEN,62250,01/01/2026,31/12/2026
coni:100117,CSEN,20840,01/01/2026,31/12/2026
coni:100118,CSEN|FIGC,952352,01/07/2025,30/06/2026
coni:100120,CSEN,21282,01/01/2026,31/12/2026
coni:100127,CSI,03300086,14/01/2026,31/12/2026
coni:100133,CSEN,44224,01/01/2026,31/12/2026
coni:100134,CSEN,33913,01/01/2026,31/12/2026
coni:100149,CSI,05000590,01/09/2025,31/08/2026
coni:10015,FIGC,951797,01/07/2025,30/06/2026
coni:100161,CSI,03100040,09/09/2025,31/08/2026
coni:100164,CSI,03100025,13/09/2025,31/08/2026
coni:100169,CSI,00600051,04/10/2025,31/08/2026
coni:10017,CSEN,67466,01/01/2026,31/12/2026
coni:100170,CSI,05000734,01/01/2026,31/12/2026
coni:100180,CSEN|FIP|UISP,2265,03/07/2025,30/06/2026
coni:100181,UISP,M015008,05/09/2025,31/08/2026
coni:100182,CSI,05000119,12/01/2026,30/06/2026
coni:10019,CSI|FIGC,19430,01/07/2025,30/06/2026
coni:100192,CSEN,39947,01/01/2026,31/12/2026
coni:10020,AICS|CSI,03701276,06/09/2025,30/06/2026
coni:100204,AICS,31436,01/01/2026,31/12/2026
coni:100206,FIP,44616,04/07/2025,30/06/2026
coni:10021,FIGC,914306,01/07/2025,30/06/2026
coni:100211,FIGC,917132,01/07/2025,30/06/2026
coni:100212,AICS,118101,12/01/2026,31/12/2026
coni:100213,ASC,30637,02/01/2026,31/12/2026
coni:100220,AICS,25078,01/01/2026,31/12/2026
coni:100236,CSI|FIGC,620367,01/07/2025,30/06/2026
coni:100253,CSI|FIGC,913967,01/07/2025,30/06/2026
coni:10034,FIGC,913889,01/07/2025,30/06/2026
coni:10037,FIGC,640022,01/07/2025,30/06/2026
coni:100399,FIGC,963995,01/07/2025,30/06/2026
coni:10045,CSI|FIGC,945454,01/07/2025,30/06/2026
coni:100468,CSI|FIGC,51610,01/07/2025,30/06/2026
coni:100535,FIGC,941332,01/07/2025,30/06/2026
coni:10054,FIGC,710900,01/07/2025,30/06/2026
coni:100542,FIGC,915425,01/07/2025,30/06/2026
coni:10055,FIGC,945545,01/07/2025,30/06/2026
coni:100580,FIGC,915807,01/07/2025,30/06/2026
coni:10060,FIGC,922670,01/07/2025,30/06/2026
coni:100663,CSI|FIGC,947791,01/07/2025,30/06/2026
coni:100746,CSI|FIGC,953011,01/07/2025,30/06/2026
coni:100755,CSI|FIGC,80962,01/07/2025,30/06/2026
coni:100794,CSI|FIGC,934020,01/07/2025,30/06/2026
coni:1009,FIGC,921707,01/07/2025,30/06/2026
coni:10091,CSI|FIGC,945927,01/07/2025,30/06/2026
coni:101044,FIGC,962883,01/07/2025,30/06/2026
coni:101091,FIGC,937785,01/07/2025,30/06/2026
coni:101147,FIGC,937968,01/07/2025,30/06/2026
coni:10121,CSI|FIGC,59016,01/07/2025,30/06/2026
coni:1013,FIGC,66941,01/07/2025,30/06/2026
coni:101373,FIGC,945227,01/07/2025,30/06/2026
coni:101439,FIGC,920979,01/07/2025,30/06/2026
coni:10148,FIGC,920666,01/07/2025,30/06/2026
coni:101508,CSI|FIGC,920698,01/07/2025,30/06/2026
coni:101555,CSI|FIGC,949261,01/07/2025,30/06/2026
coni:10156,FIGC,930825,01/07/2025,30/06/2026
coni:10157,FIGC,64359,01/07/2025,30/06/2026
coni:101654,CSI|FIGC|UISP,953888,01/07/2025,30/06/2026
coni:101671,CSI|FIGC,943391,01/07/2025,30/06/2026
coni:101762,FIGC,954879,01/07/2025,30/06/2026
coni:10177,CSI|FIGC,945122,01/07/2025,30/06/2026
coni:101779,FIGC,920543,01/07/2025,30/06/2026
coni:10179,FIGC,932547,01/07/2025,30/06/2026
coni:10189,FIGC,963758,01/07/2025,30/06/2026
coni:10194,FIGC,930614,01/07/2025,30/06/2026
coni:10210,FIGC,953260,01/07/2025,30/06/2026
coni:102172,FIGC,922800,01/07/2025,30/06/2026
coni:1025,FIGC,795088,01/07/2025,30/06/2026
coni:102528,FIGC,934485,01/07/2025,30/06/2026
coni:10261,FIGC,31650,01/07/2025,30/06/2026
coni:102667,FIGC,911706,01/07/2025,30/06/2026
coni:10272,CSI|FIGC,68874,01/07/2025,30/06/2026
coni:102744,FIGC,938104,01/07/2025,30/06/2026
coni:10275,FIGC,945706,01/07/2025,30/06/2026
coni:10280,FIGC,945703,01/07/2025,30/06/2026
coni:10294,FIGC,675611,01/07/2025,30/06/2026
coni:10295,FIGC,918881,01/07/2025,30/06/2026
coni:10297,FIGC,917296,01/07/2025,30/06/2026
coni:103017,FIGC,73962,01/07/2025,30/06/2026
coni:103022,CSI|FIGC,64037,01/07/2025,30/06/2026
coni:103045,FIGC,74813,01/07/2025,30/06/2026
coni:1032,FIGC,780158,01/07/2025,30/06/2026
coni:10323,FIGC,26360,01/07/2025,30/06/2026
coni:103249,FIGC,675267,01/07/2025,30/06/2026
coni:103328,CSI|FIGC,67923,01/07/2025,30/06/2026
coni:1034,ENDAS|FIGC,72507,01/07/2025,30/06/2026
coni:10341,FIGC,949244,01/07/2025,30/06/2026
coni:10352,FIGC,66822,01/07/2025,30/06/2026
coni:10361,FIGC,947436,01/07/2025,30/06/2026
coni:103628,FIGC,665436,01/07/2025,30/06/2026
coni:103648,FIGC,58145,01/07/2025,30/06/2026
coni:103662,CSI|FIGC,00671,05/06/2025,31/05/2026
coni:103689,FIGC|PGS,910073,01/07/2025,30/06/2026
coni:103696,FIGC,70365,01/07/2025,30/06/2026
coni:103702,FIGC,740316,01/07/2025,30/06/2026
coni:103715,FIGC,913346,01/07/2025,30/06/2026
coni:103721,CSI|FIGC,60789,01/07/2025,30/06/2026
coni:103726,CSEN|FIGC,72606,01/07/2025,30/06/2026
coni:1038,FIGC,780302,01/07/2025,30/06/2026
coni:103802,FIGC,204981,01/07/2025,30/06/2026
coni:103866,FIGC,75363,01/07/2025,30/06/2026
coni:103887,CSI|FIGC|FIP|UISP,202963,01/07/2025,30/06/2026
coni:10392,CSI|FIGC,76244,01/07/2025,30/06/2026
coni:103922,CSEN|FIGC,935995,01/07/2025,30/06/2026
coni:104,FIGC,770316,01/07/2025,30/06/2026
coni:1040,AICS|FIGC,66840,01/07/2025,30/06/2026
coni:104008,FIGC,26310,01/07/2025,30/06/2026
coni:104061,CSI|FIGC,08100451,07/07/2025,30/06/2026
coni:104168,CSI|FIGC,950101,01/07/2025,30/06/2026
coni:104226,AICS|FIGC,78009,01/07/2025,30/06/2026
coni:10423,FIGC,64126,01/07/2025,30/06/2026
coni:104243,CSI|FIGC,02200092,02/07/2025,30/06/2026
coni:10426,AICS|FIGC,780698,01/07/2025,30/06/2026
coni:104268,FIGC,934955,01/07/2025,30/06/2026
coni:10428,FIGC,912060,01/07/2025,30/06/2026
coni:10434,CSI|FIGC,630571,01/07/2025,30/06/2026
coni:104357,FIGC,938359,01/07/2025,30/06/2026
coni:104391,FIGC,935634,01/07/2025,30/06/2026
coni:104393,FIGC,915076,01/07/2025,30/06/2026
coni:104415,CSI|FIGC,947605,01/07/2025,30/06/2026
coni:104418,FIGC,932470,01/07/2025,30/06/2026
coni:10442,FIGC,75022,01/07/2025,30/06/2026
coni:10448,FIGC,946991,01/07/2025,30/06/2026
coni:104482,FIGC,944319,01/07/2025,30/06/2026
coni:104586,FIGC|UISP,665441,01/07/2025,30/06/2026
coni:104594,FIGC,933965,01/07/2025,30/06/2026
coni:104640,FIGC,665289,01/07/2025,30/06/2026
coni:10478,CSI|FIGC|UISP,630417,01/07/2025,30/06/2026
coni:104941,CSI|FIGC,675968,01/07/2025,30/06/2026
coni:10497,CSI|FIGC|US_ACLI,950178,01/07/2025,30/06/2026
coni:105025,FIGC,620045,01/07/2025,30/06/2026
coni:105052,CSI|FIGC,912855,01/07/2025,30/06/2026
coni:105060,CSI|FIGC,932514,01/07/2025,30/06/2026
coni:105071,CSEN|FIGC,200267,01/07/2025,30/06/2026
coni:10508,FIGC,910973,01/07/2025,30/06/2026
coni:1051,FIGC,33140,01/07/2025,30/06/2026
coni:105171,CSEN|FIGC,911386,01/07/2025,30/06/2026
coni:105179,FIGC,205572,01/07/2025,30/06/2026
coni:10519,FIGC,947315,01/07/2025,30/06/2026
coni:105199,CSI|FIGC,08400738,16/07/2025,30/06/2026
coni:105241,FIGC,665364,01/07/2025,30/06/2026
coni:10527,FIGC,40020,01/07/2025,30/06/2026
coni:1053,FIGC,953931,01/07/2025,30/06/2026
coni:105308,FIGC,676134,01/07/2025,30/06/2026
coni:105348,FIGC,915265,01/07/2025,30/06/2026
coni:105349,FIGC,953955,01/07/2025,30/06/2026
coni:10537,FIGC,910851,01/07/2025,30/06/2026
coni:105404,CSEN|FIGC,918341,01/07/2025,30/06/2026
coni:10557,FIGC,932333,01/07/2025,30/06/2026
coni:10575,FIGC,932685,01/07/2025,30/06/2026
coni:105896,FIGC,941273,01/07/2025,30/06/2026
coni:105977,CSEN|FIGC,204618,01/07/2025,30/06/2026
coni:105982,FIGC|UISP,954921,01/07/2025,30/06/2026
coni:105988,FIGC,913713,01/07/2025,30/06/2026
coni:106067,CSI|FIGC,934383,01/07/2025,30/06/2026
coni:106087,FIGC,941973,01/07/2025,30/06/2026
coni:106088,CSI|FIGC,02200385,07/07/2025,30/06/2026
coni:106299,AICS|FIGC,931889,01/07/2025,30/06/2026
coni:10636,ENDAS|FIGC|FIP,936343,01/07/2025,30/06/2026
coni:106412,FIGC,943488,01/07/2025,30/06/2026
coni:106427,CSI|FIGC,943031,01/07/2025,30/06/2026
coni:106481,FIGC,204489,01/07/2025,30/06/2026
coni:106494,CSI|FIGC,02200458,10/07/2025,30/06/2026
coni:10654,FIGC,76341,01/07/2025,30/06/2026
coni:106597,FIGC,916900,01/07/2025,30/06/2026
coni:106599,AICS|CSEN|FIGC,963492,01/07/2025,30/06/2026
coni:106600,FIGC,945559,01/07/2025,30/06/2026
coni:106605,FIGC,938961,01/07/2025,30/06/2026
coni:106614,CSI|FIGC,930680,01/07/2025,30/06/2026
coni:10668,CSI|FIGC,02400263,12/07/2025,30/06/2026
coni:106699,FIGC,932800,01/07/2025,30/06/2026
coni:1067,FIGC,65645,01/07/2025,30/06/2026
coni:106776,AICS|CSEN|FIGC|UISP,P040302,09/09/2025,31/08/2026
coni:106789,FIGC,963025,01/07/2025,30/06/2026
coni:106945,FIGC|OPES,932740,01/07/2025,30/06/2026
coni:106951,FIGC,934926,01/07/2025,30/06/2026
coni:107012,FIGC,944282,01/07/2025,30/06/2026
coni:107017,CSEN|FIGC,943555,01/07/2025,30/06/2026
coni:107043,FIGC,918913,01/07/2025,30/06/2026
coni:107049,CSEN|FIGC,938763,01/07/2025,30/06/2026
coni:107064,FIGC,939169,01/07/2025,30/06/2026
coni:10711,ASC|FIGC,61575,01/07/2025,30/06/2026
coni:107120,FIGC,933516,01/07/2025,30/06/2026
coni:107158,FIGC,930574,01/07/2025,30/06/2026
coni:107162,FIGC,937768,01/07/2025,30/06/2026
coni:107172,FIGC,938266,01/07/2025,30/06/2026
coni:107175,FIGC,964930,14/10/2025,30/06/2026
coni:107253,FIGC,934657,01/07/2025,30/06/2026
coni:107265,CSEN|FIGC,948181,01/07/2025,30/06/2026
coni:107280,FIGC,935329,01/07/2025,30/06/2026
coni:10729,FIGC|PGS,65244,01/07/2025,30/06/2026
coni:107400,FIGC,919722,01/07/2025,30/06/2026
coni:107413,FIGC,940915,01/07/2025,30/06/2026
coni:107455,ASC|FIGC,943799,01/07/2025,30/06/2026
coni:10753,CSI|FIGC,69807,01/07/2025,30/06/2026
coni:107545,CSI|FIGC,940795,01/07/2025,30/06/2026
coni:107621,FIGC,937770,01/07/2025,30/06/2026
coni:107624,FIGC,945434,01/07/2025,30/06/2026
coni:107630,FIGC,946073,01/07/2025,30/06/2026
coni:107693,FIGC,937729,01/07/2025,30/06/2026
coni:107695,FIGC,918058,01/07/2025,30/06/2026
coni:10776,FIGC,949763,01/07/2025,30/06/2026
coni:107762,FIGC,936031,01/07/2025,30/06/2026
coni:10777,FIGC,915602,01/07/2025,30/06/2026
coni:1078,FIGC,936148,01/07/2025,30/06/2026
coni:107806,FIGC,620481,01/07/2025,30/06/2026
coni:10781,FIGC,700443,01/07/2025,30/06/2026
coni:107839,FIGC,910314,01/07/2025,30/06/2026
coni:10790,FIGC,81733,01/07/2025,30/06/2026
coni:107956,FIGC,948202,01/07/2025,30/06/2026
coni:10803,FIGC,700425,01/07/2025,30/06/2026
coni:10808,FIGC,710136,01/07/2025,30/06/2026
coni:108084,AICS|FIGC,942980,01/07/2025,30/06/2026
coni:108127,FIGC,937890,01/07/2025,30/06/2026
coni:108172,FIGC,943554,01/07/2025,30/06/2026
coni:108214,CSEN|FIGC,937818,01/07/2025,30/06/2026
coni:108296,FIGC|UISP,945314,01/07/2025,30/06/2026
coni:10832,FIGC,500197,01/07/2025,30/06/2026
coni:10836,FIGC,76597,01/07/2025,30/06/2026
coni:10839,FIGC,202249,01/07/2025,30/06/2026
coni:1084,FIGC,954937,01/07/2025,30/06/2026
coni:108404,ASC|CSI|FIGC|UISP,964679,16/09/2025,30/06/2026
coni:108549,FIGC,943789,01/07/2025,30/06/2026
coni:108706,FIGC,941137,01/07/2025,30/06/2026
coni:108711,FIGC,675638,01/07/2025,30/06/2026
coni:108720,CSI|FIGC,943281,01/07/2025,30/06/2026
coni:108771,CSI|FIGC,943177,01/07/2025,30/06/2026
coni:108785,CSEN|FIGC,943788,01/07/2025,30/06/2026
coni:10887,CSI|FIGC,917787,01/07/2025,30/06/2026
coni:108893,FIGC,944043,01/07/2025,30/06/2026
coni:108966,CSI|FIGC,945339,01/07/2025,30/06/2026
coni:109070,FIGC,947430,01/07/2025,30/06/2026
coni:1091,AICS|CSEN|FIGC,780351,01/07/2025,30/06/2026
coni:109214,CSEN|FIGC,964327,01/07/2025,30/06/2026
coni:10923,CSI|FIGC,76644,01/07/2025,30/06/2026
coni:109271,FIGC,964653,15/09/2025,30/06/2026
coni:109275,CSEN|FIGC,948369,01/07/2025,30/06/2026
coni:109288,CSEN|FIGC,948306,01/07/2025,30/06/2026
coni:109320,FIGC,947808,01/07/2025,30/06/2026
coni:109367,FIGC|US_ACLI,949241,01/07/2025,30/06/2026
coni:109401,FIGC|UISP|US_ACLI,912773,01/07/2025,30/06/2026
coni:109611,CSI|FIGC,936276,01/07/2025,30/06/2026
coni:10969,AICS|FIGC,937940,01/07/2025,30/06/2026
coni:10977,FIGC,640072,01/07/2025,30/06/2026
coni:10981,FIGC,932338,01/07/2025,30/06/2026
coni:10983,FIGC,964173,01/07/2025,30/06/2026
coni:10987,FIGC,202285,01/07/2025,30/06/2026
coni:110007,CSI|FIGC|FIP,71402,01/07/2025,30/06/2026
coni:110017,FIGC,915929,01/07/2025,30/06/2026
coni:110028,FIGC,80134,01/07/2025,30/06/2026
coni:110048,FIGC,941083,01/07/2025,30/06/2026
coni:110065,CSEN|FIGC,620670,01/07/2025,30/06/2026
coni:110090,FIGC,66694,01/07/2025,30/06/2026
coni:110109,FIGC,912335,01/07/2025,30/06/2026
coni:110114,FIGC,81421,01/07/2025,30/06/2026
coni:11013,FIGC,917181,01/07/2025,30/06/2026
coni:11015,CSI|FIGC,04300287,05/07/2025,30/06/2026
coni:11018,CSEN|FIGC,932720,01/07/2025,30/06/2026
coni:110182,FIGC,931217,01/07/2025,30/06/2026
coni:110299,FIGC,916318,01/07/2025,30/06/2026
coni:110430,FIGC,941098,01/07/2025,30/06/2026
coni:110441,FIGC,935145,01/07/2025,30/06/2026
coni:110461,FIGC,916491,01/07/2025,30/06/2026
coni:110466,FIGC,963802,01/07/2025,30/06/2026
coni:110467,AICS|FIGC,955345,01/07/2025,30/06/2026
coni:110526,ASC|FIGC,917736,01/07/2025,30/06/2026
coni:110538,FIGC,941135,01/07/2025,30/06/2026
coni:11061,FIGC,920778,01/07/2025,30/06/2026
coni:110661,ASC|FIGC,946013,01/07/2025,30/06/2026
coni:11067,FIGC,919055,01/07/2025,30/06/2026
coni:110672,FIGC,950014,01/07/2025,30/06/2026
coni:110683,FIGC,946169,01/07/2025,30/06/2026
coni:110840,FIGC,964314,05/08/2025,30/06/2026
coni:110888,CSEN|FIGC,941711,01/07/2025,30/06/2026
coni:11109,CSI|FIGC,912800,01/07/2025,30/06/2026
coni:11111,FIGC,730526,01/07/2025,30/06/2026
coni:11115,CSEN|FIGC,949669,01/07/2025,30/06/2026
coni:111167,FIGC,940967,01/07/2025,30/06/2026
coni:111385,FIGC,962584,01/07/2025,30/06/2026
coni:111386,CSI|FIGC|PGS,70200032,05/07/2025,30/06/2026
coni:11142,FIGC,75894,01/07/2025,30/06/2026
coni:11161,FIGC,1890,01/07/2025,30/06/2026
coni:111629,FIGC|PGS,206260,01/07/2025,30/06/2026
coni:111649,CSI|FIGC,941191,01/07/2025,30/06/2026
coni:1117,FIGC,79902,01/07/2025,30/06/2026
coni:111750,CSI|FIGC,962147,01/07/2025,30/06/2026
coni:112,AICS|FIGC,62724,01/07/2025,30/06/2026
coni:1121,FIGC|UISP,52620,01/07/2025,30/06/2026
coni:11219,FIGC,930557,01/07/2025,30/06/2026
coni:112193,FIGC,205257,01/07/2025,30/06/2026
coni:11228,FIGC,71876,01/07/2025,30/06/2026
coni:11239,FIGC,920715,01/07/2025,30/06/2026
coni:11240,FIGC,954056,01/07/2025,30/06/2026
coni:112412,AICS|FIGC,945193,01/07/2025,30/06/2026
coni:112445,FIGC,940925,01/07/2025,30/06/2026
coni:112453,AICS|FIGC,76766,01/07/2025,30/06/2026
coni:112467,FIGC,943369,01/07/2025,30/06/2026
coni:11247,FIGC,920725,01/07/2025,30/06/2026
coni:11248,FIGC,920793,01/07/2025,30/06/2026
coni:112489,FIGC,945104,01/07/2025,30/06/2026
coni:11267,AICS|CSI|FIGC,932554,01/07/2025,30/06/2026
coni:1127,FIGC,795242,01/07/2025,30/06/2026
coni:112701,FIGC,912898,01/07/2025,30/06/2026
coni:11279,CSI|FIGC,,,
coni:112790,FIGC,676141,01/07/2025,30/06/2026
coni:1128,FIGC,964227,01/07/2025,30/06/2026
coni:11281,FIGC,1270,01/07/2025,30/06/2026
coni:11282,AICS|FIGC,32020,01/07/2025,30/06/2026
coni:11284,FIGC,935733,01/07/2025,30/06/2026
coni:11286,FIGC,952760,01/07/2025,30/06/2026
coni:112861,FIGC,202140,01/07/2025,30/06/2026
coni:112862,CSI|FIGC|PGS,943022,01/07/2025,30/06/2026
coni:11287,AICS|ENDAS|FIGC|UISP,936875,01/07/2025,30/06/2026
coni:11290,FIGC,700061,01/07/2025,30/06/2026
coni:112906,FIGC,953077,01/07/2025,30/06/2026
coni:112933,FIGC,912039,01/07/2025,30/06/2026
coni:112943,FIGC,943160,01/07/2025,30/06/2026
coni:112964,FIGC|UISP,947031,01/07/2025,30/06/2026
coni:113092,FIGC|FIP|PGS,740366,01/07/2025,30/06/2026
coni:113140,CSI|FIGC,913836,01/07/2025,30/06/2026
coni:11319,ASC|FIGC|FIP,32520,01/07/2025,30/06/2026
coni:113295,FIGC,911690,01/07/2025,30/06/2026
coni:113332,ASC|FIGC,964556,07/10/2025,30/06/2026
coni:113386,AICS|FIGC|US_ACLI,935039,01/07/2025,30/06/2026
coni:113505,FIGC,79622,01/07/2025,30/06/2026
coni:113528,FIGC,920142,01/07/2025,30/06/2026
coni:113532,CSI|FIGC,77891,01/07/2025,30/06/2026
coni:11355,FIGC,67546,01/07/2025,30/06/2026
coni:113573,FIGC,75360,01/07/2025,30/06/2026
coni:11359,FIGC,937790,01/07/2025,30/06/2026
coni:113605,FIGC,932313,01/07/2025,30/06/2026
coni:113609,FIGC|US_ACLI,953808,01/07/2025,30/06/2026
coni:113713,CSEN|FIGC,935067,01/07/2025,30/06/2026
coni:113743,FIGC,945239,01/07/2025,30/06/2026
coni:11378,AICS|FIGC,947185,01/07/2025,30/06/2026
coni:113790,CSI|FIGC,933434,01/07/2025,30/06/2026
coni:113817,ASC|FIGC,740233,01/07/2025,30/06/2026
coni:113823,FIGC|PGS,936686,01/07/2025,30/06/2026
coni:113871,FIGC,913819,01/07/2025,30/06/2026
coni:113897,FIGC,931695,01/07/2025,30/06/2026
coni:113909,ASC|FIGC,16966,28/01/2026,31/12/2026
coni:11392,FIGC,630204,01/07/2025,30/06/2026
coni:113924,CSI|FIGC,918441,01/07/2025,30/06/2026
coni:113952,FIGC,944118,01/07/2025,30/06/2026
coni:114,FIGC,63000,01/07/2025,30/06/2026
coni:11403,FIGC,630460,01/07/2025,30/06/2026
coni:114037,AICS|FIGC,964993,22/10/2025,30/06/2026
coni:114117,CSI|FIGC|UISP,675965,01/07/2025,30/06/2026
coni:11418,FIGC,69467,01/07/2025,30/06/2026
coni:114185,CSI|FIGC,936700,01/07/2025,30/06/2026
coni:114276,FIGC,936786,01/07/2025,30/06/2026
coni:1143,FIGC,750414,01/07/2025,30/06/2026
coni:114313,CSI|FIGC,943091,01/07/2025,30/06/2026
coni:114333,FIGC,944507,01/07/2025,30/06/2026
coni:114344,FIGC|FIP,944172,01/07/2025,30/06/2026
coni:11435,FIGC,915925,01/07/2025,30/06/2026
coni:114350,FIGC,944230,01/07/2025,30/06/2026
coni:114356,ASC|FIGC,740273,01/07/2025,30/06/2026
coni:11437,FIGC,72579,01/07/2025,30/06/2026
coni:11438,FIGC,934078,01/07/2025,30/06/2026
coni:114397,AICS|FIGC,964645,08/09/2025,30/06/2026
coni:114401,CSI|FIGC,945215,01/07/2025,30/06/2026
coni:114402,AICS|FIGC,945584,01/07/2025,30/06/2026
coni:114449,FIGC,910615,01/07/2025,30/06/2026
coni:114491,ASC|FIGC,740271,01/07/2025,30/06/2026
coni:114528,CSI|FIGC|UISP|US_ACLI,100048,01/07/2025,30/06/2026
coni:114533,FIGC,740287,01/07/2025,30/06/2026
coni:114756,FIGC,675590,01/07/2025,30/06/2026
coni:114779,FIGC,916950,01/07/2025,30/06/2026
coni:11478,FIGC,204226,01/07/2025,30/06/2026
coni:11486,FIGC,955223,01/07/2025,30/06/2026
coni:114864,FIGC,953542,01/07/2025,30/06/2026
coni:114865,CSI|FIGC,204321,01/07/2025,30/06/2026
coni:114878,ASC|FIGC,919704,01/07/2025,30/06/2026
coni:114916,CSI|FIGC,02001560,07/07/2025,30/06/2026
coni:114945,ASC|FIGC,931617,01/07/2025,30/06/2026
coni:1150,AICS|FIGC,780529,01/07/2025,30/06/2026
coni:115056,ASC|FIGC,933148,01/07/2025,30/06/2026
coni:115082,ASC|FIGC,935316,01/07/2025,30/06/2026
coni:115090,ASC|FIGC,932949,01/07/2025,30/06/2026
coni:115094,FIGC,933160,01/07/2025,30/06/2026
coni:115164,ASC|FIGC,950341,01/07/2025,30/06/2026
coni:115180,CSI|FIGC,935083,01/07/2025,30/06/2026
coni:11525,FIGC,700583,01/07/2025,30/06/2026
coni:115280,FIGC,964265,01/07/2025,30/06/2026
coni:115283,ASC|FIGC,936242,01/07/2025,30/06/2026
coni:11535,CSI|FIGC,912833,01/07/2025,30/06/2026
coni:115359,ASC|FIGC,953291,01/07/2025,30/06/2026
coni:115401,FIGC,938087,01/07/2025,30/06/2026
coni:115411,FIGC,938799,01/07/2025,30/06/2026
coni:115417,FIGC,938686,01/07/2025,30/06/2026
coni:11543,CSI|FIGC,80280,01/07/2025,30/06/2026
coni:11552,FIGC,912419,01/07/2025,30/06/2026
coni:115528,FIGC,940887,01/07/2025,30/06/2026
coni:115603,CSI|FIGC,09000295,07/09/2025,30/06/2026
coni:115629,FIGC,943460,01/07/2025,30/06/2026
coni:115659,ASC|FIGC,945877,01/07/2025,30/06/2026
coni:11568,CSI|FIGC,933808,01/07/2025,30/06/2026
coni:115769,ASC|FIGC,945402,01/07/2025,30/06/2026
coni:115776,ASC|FIGC,953186,01/07/2025,30/06/2026
coni:115891,FIGC,964885,16/10/2025,30/06/2026
coni:115930,FIGC,962361,01/07/2025,30/06/2026
coni:11595,FIGC,912771,01/07/2025,30/06/2026
coni:116071,FIGC,675869,01/07/2025,30/06/2026
coni:116245,FIGC,951413,01/07/2025,30/06/2026
coni:116271,CSI|FIGC|UISP,02000045,09/07/2025,30/06/2026
coni:11631,CSI|FIGC,11920,01/07/2025,30/06/2026
coni:116438,CSI|FIGC|FIP|PGS,81978,01/07/2025,30/06/2026
coni:116445,FIGC,910939,01/07/2025,30/06/2026
coni:11650,CSI|FIGC,676164,01/07/2025,30/06/2026
coni:11655,FIGC,21030,01/07/2025,30/06/2026
coni:116594,CSI|FIGC,952909,01/07/2025,30/06/2026
coni:11663,FIGC,700572,01/07/2025,30/06/2026
coni:11665,CSI|FIGC,11080,01/07/2025,30/06/2026
coni:11677,AICS|ENDAS|FIGC,935610,01/07/2025,30/06/2026
coni:1168,CSI|FIGC,964262,23/07/2025,30/06/2026
coni:116836,CSI|FIGC,943375,01/07/2025,30/06/2026
coni:116901,FIGC,61511,01/07/2025,30/06/2026
coni:116914,FIGC,77209,01/07/2025,30/06/2026
coni:11692,FIGC,79603,01/07/2025,30/06/2026
coni:116923,CSI|FIGC|PGS|UISP|US_ACLI,912327,01/07/2025,30/06/2026
coni:116977,FIGC,931322,01/07/2025,30/06/2026
coni:11707,FIGC,919197,01/07/2025,30/06/2026
coni:117146,FIGC|UISP,937756,01/07/2025,30/06/2026
coni:11716,CSI|FIGC,964123,24/07/2025,30/06/2026
coni:11721,FIGC,937891,01/07/2025,30/06/2026
coni:117276,FIGC,932104,01/07/2025,30/06/2026
coni:11729,FIGC,930035,01/07/2025,30/06/2026
coni:11730,CSEN|FIGC,18570,01/07/2025,30/06/2026
coni:117321,CSI|FIGC|UISP,02001901,06/07/2025,30/06/2026
coni:117359,FIGC,953837,01/07/2025,30/06/2026
coni:11736,FIGC,935655,01/07/2025,30/06/2026
coni:11740,CSI|FIGC,11300122,12/09/2025,30/06/2026
coni:117423,AICS|CSEN|CSI|FIGC|FIP,54219,03/07/2025,30/06/2026
coni:11755,FIGC,938161,01/07/2025,30/06/2026
coni:11760,FIGC,938546,01/07/2025,30/06/2026
coni:11776,FIGC,915431,01/07/2025,30/06/2026
coni:11790,AICS|FIGC,916213,01/07/2025,30/06/2026
coni:118080,FIGC|OPES,936394,01/07/2025,30/06/2026
coni:11812,FIGC,700235,01/07/2025,30/06/2026
coni:11815,FIGC,911551,01/07/2025,30/06/2026
coni:11829,FIGC,930627,01/07/2025,30/06/2026
coni:118307,FIGC,937880,01/07/2025,30/06/2026
coni:118321,CSI|FIGC,02001494,07/07/2025,30/06/2026
coni:11833,FIGC,945217,01/07/2025,30/06/2026
coni:11840,FIGC|UISP,955072,01/07/2025,30/06/2026
coni:11845,FIGC,933880,01/07/2025,30/06/2026
coni:118596,FIGC,948196,01/07/2025,30/06/2026
coni:11868,CSI|FIGC,72694,01/07/2025,30/06/2026
coni:11871,FIGC,943397,01/07/2025,30/06/2026
coni:11878,FIGC,952776,01/07/2025,30/06/2026
coni:11893,FIGC,935551,01/07/2025,30/06/2026
coni:11894,FIGC,675788,01/07/2025,30/06/2026
coni:11895,CSEN|FIGC|UISP,Q030091,02/09/2025,31/08/2026
coni:11898,CSI|FIGC,06300322,03/07/2025,30/06/2026
coni:119184,FIGC,943079,01/07/2025,30/06/2026
coni:119195,FIGC,949517,01/07/2025,30/06/2026
coni:119201,FIGC,943522,01/07/2025,30/06/2026
coni:11928,FIGC,943847,01/07/2025,30/06/2026
coni:1193,FIGC,72900,01/07/2025,30/06/2026
coni:119503,FIGC,710823,01/07/2025,30/06/2026
coni:11952,FIGC,630613,01/07/2025,30/06/2026
coni:119536,FIGC|UISP|US_ACLI,934602,01/07/2025,30/06/2026
coni:1196,FIGC,920557,01/07/2025,30/06/2026
coni:11964,FIGC,770178,01/07/2025,30/06/2026
coni:119714,CSEN|CSI|FIGC|UISP,935718,01/07/2025,30/06/2026
coni:119773,FIGC,964652,09/09/2025,30/06/2026
coni:11992,FIGC,954821,01/07/2025,30/06/2026
coni:12003,FIGC,964001,08/07/2025,30/06/2026
coni:12022,CSI|FIGC,940950,01/07/2025,30/06/2026
coni:120227,FIGC,947096,01/07/2025,30/06/2026
coni:12023,CSI|FIGC,938933,01/07/2025,30/06/2026
coni:120233,FIGC,947089,01/07/2025,30/06/2026
coni:120634,FIGC,710722,01/07/2025,30/06/2026
coni:12071,FIGC,936946,01/07/2025,30/06/2026
coni:1210,CSI|FIGC,6510,01/07/2025,30/06/2026
coni:121102,FIGC,943338,01/07/2025,30/06/2026
coni:121107,FIGC,943043,01/07/2025,30/06/2026
coni:121138,FIGC,945355,01/07/2025,30/06/2026
coni:12115,FIGC,8350,01/07/2025,30/06/2026
coni:121517,FIGC,951455,01/07/2025,30/06/2026
coni:12161,AICS|FIGC,938056,01/07/2025,30/06/2026
coni:12172,FIGC,946253,01/07/2025,30/06/2026
coni:12178,FIGC,935582,01/07/2025,30/06/2026
coni:12194,FIGC,911117,01/07/2025,30/06/2026
coni:12196,FIGC,700592,01/07/2025,30/06/2026
coni:12203,FIGC,700615,01/07/2025,30/06/2026
coni:122057,FIGC,675213,01/07/2025,30/06/2026
coni:122092,FIGC,78987,01/07/2025,30/06/2026
coni:12232,CSI|FIGC,675134,01/07/2025,30/06/2026
coni:12243,CSI|FIGC|UISP,205530,01/07/2025,30/06/2026
coni:12253,FIGC,936145,01/07/2025,30/06/2026
coni:12258,FIGC,945113,01/07/2025,30/06/2026
coni:12279,FIGC,945638,01/07/2025,30/06/2026
coni:1228,FIGC,780614,01/07/2025,30/06/2026
coni:122823,FIGC,919058,01/07/2025,30/06/2026
coni:12292,CSI|FIGC,938258,01/07/2025,30/06/2026
coni:12295,FIGC|UISP,945711,01/07/2025,30/06/2026
coni:123057,FIGC,940963,01/07/2025,30/06/2026
coni:12309,FIGC,913791,01/07/2025,30/06/2026
coni:12334,FIGC,932265,01/07/2025,30/06/2026
coni:12340,FIGC,963295,01/07/2025,30/06/2026
coni:12354,FIGC,951965,01/07/2025,30/06/2026
coni:12355,FIGC,77924,01/07/2025,30/06/2026
coni:12358,FIGC,932381,01/07/2025,30/06/2026
coni:12366,FIGC,937913,01/07/2025,30/06/2026
coni:12377,FIGC,932198,01/07/2025,30/06/2026
coni:12378,AICS|FIGC|FIP,953087,01/07/2025,30/06/2026
coni:12379,FIGC,938106,01/07/2025,30/06/2026
coni:123839,CSEN|FIGC,66986,01/07/2025,30/06/2026
coni:12398,FIGC,919515,01/07/2025,30/06/2026
coni:10046,CSI|FIGC|FIP|UISP,935725,01/07/2025,30/06/2026
coni:10536,CSI|FIGC|UISP,630592,01/07/2025,30/06/2026
coni:109224,FIGC,954099,01/07/2025,30/06/2026
coni:110604,FIGC,944391,01/07/2025,30/06/2026
coni:11091,FIGC,630233,01/07/2025,30/06/2026
coni:111041,CSI|FIGC|US_ACLI,964284,06/08/2025,30/06/2026
coni:113585,FIGC,931359,01/07/2025,30/06/2026
coni:1155,FIGC,201416,01/07/2025,30/06/2026
coni:11924,CSI|FIGC,500636,01/07/2025,30/06/2026
coni:11927,FIGC,935630,01/07/2025,30/06/2026
coni:119665,FIGC,945483,01/07/2025,30/06/2026
coni:11980,CSI|FIGC,937706,01/07/2025,30/06/2026
coni:12191,FIGC,780072,01/07/2025,30/06/2026
coni:122090,FIGC,962436,01/07/2025,30/06/2026
coni:124026,FIGC,62436,01/07/2025,30/06/2026
coni:124042,FIGC,930209,01/07/2025,30/06/2026
coni:12406,FIGC,938228,01/07/2025,30/06/2026
coni:12414,FIGC,938405,01/07/2025,30/06/2026
coni:124151,FIGC,53320,01/07/2025,30/06/2026
coni:124197,FIGC,948033,01/07/2025,30/06/2026
coni:12424,CSI|FIGC,938422,01/07/2025,30/06/2026
coni:124272,FIGC,200444,01/09/2025,31/08/2026
coni:12430,FIGC,919739,01/07/2025,30/06/2026
coni:124303,FIGC,931664,01/07/2025,30/06/2026
coni:12431,FIGC,941169,01/07/2025,30/06/2026
coni:12433,FIGC,620668,01/07/2025,30/06/2026
coni:124597,CSI|FIGC,947346,01/07/2025,30/06/2026
coni:124608,FIGC,75886,01/07/2025,30/06/2026
coni:124609,FIGC,947794,01/07/2025,30/06/2026
coni:124614,FIGC,941865,01/07/2025,30/06/2026
coni:124619,FIGC,948031,01/07/2025,30/06/2026
coni:124622,FIGC,947906,01/07/2025,30/06/2026
coni:124624,FIGC,947749,01/07/2025,30/06/2026
coni:124625,FIGC,939092,01/07/2025,30/06/2026
coni:124626,FIGC,63017,01/07/2025,30/06/2026
coni:124627,FIGC,914369,01/07/2025,30/06/2026
coni:124633,FIGC,930988,01/07/2025,30/06/2026
coni:124634,FIGC,921204,01/07/2025,30/06/2026
coni:124642,FIGC,60177,01/07/2025,30/06/2026
coni:124643,CSI|FIGC,57826,01/07/2025,30/06/2026
coni:12465,CSI|FIGC,60987,01/07/2025,30/06/2026
coni:124654,FIGC|PGS,13614,20/11/2025,31/08/2026
coni:124686,FIGC,946235,01/07/2025,30/06/2026
coni:124692,FIGC,944206,01/07/2025,30/06/2026
coni:124700,FIGC,948052,01/07/2025,30/06/2026
coni:124705,ASC|FIGC,947286,01/07/2025,30/06/2026
coni:124708,FIGC|US_ACLI,947017,01/07/2025,30/06/2026
coni:124713,FIGC,963828,01/07/2025,30/06/2026
coni:124725,FIGC,740739,01/07/2025,30/06/2026
coni:124727,FIGC,71704,01/07/2025,30/06/2026
coni:124739,FIGC,941040,01/07/2025,30/06/2026
coni:124741,FIGC,931535,01/07/2025,30/06/2026
coni:124743,FIGC,948048,01/07/2025,30/06/2026
coni:12475,CSI|FIGC,13600004,02/07/2025,30/06/2026
coni:124758,FIGC,947332,01/07/2025,30/06/2026
coni:124763,FIGC,203021,01/07/2025,30/06/2026
coni:124764,FIGC,71033,01/07/2025,30/06/2026
coni:124765,FIGC,5150,01/07/2025,30/06/2026
coni:124766,FIGC,8180,01/07/2025,30/06/2026
coni:124767,CSI|FIGC,53480,01/07/2025,30/06/2026
coni:124773,FIGC,938047,01/07/2025,30/06/2026
coni:124777,FIGC,921020,01/07/2025,30/06/2026
coni:124786,FIGC,914723,01/07/2025,30/06/2026
coni:124801,CSI|FIGC,931805,01/07/2025,30/06/2026
coni:124804,FIGC,947432,01/07/2025,30/06/2026
coni:124805,CSEN|FIGC,945468,01/07/2025,30/06/2026
coni:124810,FIGC,947390,01/07/2025,30/06/2026
coni:124817,FIGC,917321,01/07/2025,30/06/2026
coni:124822,FIGC,964257,01/07/2025,30/06/2026
coni:124831,FIGC,947902,01/07/2025,30/06/2026
coni:124832,CSEN|FIGC,948374,01/07/2025,30/06/2026
coni:124834,FIGC,931119,01/07/2025,30/06/2026
coni:124835,FIGC,600617,01/07/2025,30/06/2026
coni:124845,FIGC,76443,01/07/2025,30/06/2026
coni:124847,FIGC|UISP,200797,01/07/2025,30/06/2026
coni:124850,FIGC,943637,01/07/2025,30/06/2026
coni:124851,FIGC,947121,01/07/2025,30/06/2026
coni:124867,FIGC,916807,01/07/2025,30/06/2026
coni:124871,FIGC,945916,01/07/2025,30/06/2026
coni:124887,FIGC,932230,01/07/2025,30/06/2026
coni:124889,FIGC,948121,01/07/2025,30/06/2026
coni:124890,FIGC|PGS,920223,01/07/2025,30/06/2026
coni:124891,FIGC,947326,01/07/2025,30/06/2026
coni:124893,CSEN|FIGC,938293,01/07/2025,30/06/2026
coni:124898,ASC|CSEN|FIGC,947718,01/07/2025,30/06/2026
coni:124901,FIGC,947758,01/07/2025,30/06/2026
coni:124906,FIGC,66326,01/07/2025,30/06/2026
coni:124911,FIGC,936664,01/07/2025,30/06/2026
coni:124918,FIGC,947815,01/07/2025,30/06/2026
coni:124919,FIGC,947747,01/07/2025,30/06/2026
coni:124925,FIGC,933970,01/07/2025,30/06/2026
coni:124927,FIGC|US_ACLI,938367,01/07/2025,30/06/2026
coni:124930,FIGC,947629,01/07/2025,30/06/2026
coni:124933,FIGC|PGS,934915,01/07/2025,30/06/2026
coni:124934,CSI|FIGC,948128,01/07/2025,30/06/2026
coni:124935,FIGC,948127,01/07/2025,30/06/2026
coni:124953,FIGC,64265,01/07/2025,30/06/2026
coni:124954,CSI|FIGC,500583,01/07/2025,30/06/2026
coni:124956,CSEN|FIGC,201806,01/07/2025,30/06/2026
coni:124958,FIGC,24830,01/07/2025,30/06/2026
coni:124962,FIGC,69566,01/07/2025,30/06/2026
coni:124969,FIGC,947131,01/07/2025,30/06/2026
coni:124975,FIGC,947312,01/07/2025,30/06/2026
coni:124984,FIGC,937667,01/07/2025,30/06/2026
coni:124987,FIGC,935524,01/07/2025,30/06/2026
coni:124988,FIGC,934275,01/07/2025,30/06/2026
coni:124990,FIGC,917895,01/07/2025,30/06/2026
coni:124991,FIGC,919077,01/07/2025,30/06/2026
coni:124994,FIGC,921137,01/07/2025,30/06/2026
coni:124997,FIGC,947570,01/07/2025,30/06/2026
coni:125007,FIGC,947651,01/07/2025,30/06/2026
coni:125009,FIGC,942142,01/07/2025,30/06/2026
coni:125010,FIGC,933932,01/07/2025,30/06/2026
coni:125012,FIGC,938598,01/07/2025,30/06/2026
coni:125021,FIGC,943491,01/07/2025,30/06/2026
coni:125024,FIGC,943471,01/07/2025,30/06/2026
coni:125025,FIGC,941255,01/07/2025,30/06/2026
coni:125026,CSI|FIGC,934895,01/07/2025,30/06/2026
coni:125028,FIGC|PGS,915739,01/07/2025,30/06/2026
coni:125038,FIGC,947441,01/07/2025,30/06/2026
coni:125043,FIGC,66574,01/07/2025,30/06/2026
coni:125044,FIGC,947299,01/07/2025,30/06/2026
coni:125045,FIGC,740801,01/07/2025,30/06/2026
coni:125047,FIGC,941248,01/07/2025,30/06/2026
coni:12505,CSI|FIGC,954885,01/07/2025,30/06/2026
coni:125050,FIGC,947455,01/07/2025,30/06/2026
coni:125052,FIGC,934879,01/07/2025,30/06/2026
coni:125053,FIGC,932203,01/07/2025,30/06/2026
coni:125056,AICS|FIGC,945270,01/07/2025,30/06/2026
coni:12506,FIGC,914487,01/07/2025,30/06/2026
coni:125061,FIGC,947696,01/07/2025,30/06/2026
coni:125064,FIGC,945451,01/07/2025,30/06/2026
coni:125077,FIGC,60794,01/07/2025,30/06/2026
coni:125092,FIGC,68629,01/07/2025,30/06/2026
coni:125095,FIGC,938479,01/07/2025,30/06/2026
coni:125100,FIGC,917421,01/07/2025,30/06/2026
coni:125111,FIGC,944049,01/07/2025,30/06/2026
coni:125114,FIGC,947797,01/07/2025,30/06/2026
coni:125119,FIGC,665346,01/07/2025,30/06/2026
coni:125126,FIGC|UISP,948064,01/07/2025,30/06/2026
coni:12513,FIGC,932611,01/07/2025,30/06/2026
coni:125140,FIGC,940843,01/07/2025,30/06/2026
coni:125151,FIGC|US_ACLI,941439,01/07/2025,30/06/2026
coni:125153,FIGC,933234,01/07/2025,30/06/2026
coni:125159,CSEN|FIGC,944059,01/07/2025,30/06/2026
coni:125167,ASC|FIGC,940917,01/07/2025,30/06/2026
coni:125168,FIGC,948422,01/07/2025,30/06/2026
coni:125171,CSI|FIGC,665118,01/07/2025,30/06/2026
coni:125176,FIGC,940947,01/07/2025,30/06/2026
coni:125181,FIGC,952906,01/07/2025,30/06/2026
coni:125188,FIGC,920587,01/07/2025,30/06/2026
coni:125192,FIGC,947849,01/07/2025,30/06/2026
coni:125195,FIGC,947946,01/07/2025,30/06/2026
coni:125201,FIGC,933147,01/07/2025,30/06/2026
coni:125202,FIGC,943940,01/07/2025,30/06/2026
coni:125205,FIGC,918919,01/07/2025,30/06/2026
coni:125206,CSI|FIGC,921229,01/07/2025,30/06/2026
coni:125208,FIGC,915018,01/07/2025,30/06/2026
coni:125214,FIGC,23530,01/07/2025,30/06/2026
coni:125215,FIGC,913422,01/07/2025,30/06/2026
coni:125216,FIGC,955332,01/07/2025,30/06/2026
coni:125221,FIGC,70718,01/07/2025,30/06/2026
coni:125223,FIGC,28630,01/07/2025,30/06/2026
coni:125225,FIGC,29010,01/07/2025,30/06/2026
coni:125226,FIGC,57854,01/07/2025,30/06/2026
coni:125227,FIGC,5910,01/07/2025,30/06/2026
coni:125232,FIGC,65584,01/07/2025,30/06/2026
coni:125236,FIGC,940995,01/07/2025,30/06/2026
coni:125237,FIGC|UISP,59072,01/07/2025,30/06/2026
coni:12524,FIGC,940831,01/07/2025,30/06/2026
coni:125240,FIGC,61712,01/07/2025,30/06/2026
coni:125241,FIGC,52340,01/07/2025,30/06/2026
coni:125245,FIGC,49050,01/07/2025,30/06/2026
coni:125248,FIGC,3320,01/07/2025,30/06/2026
coni:125250,FIGC,50260,01/07/2025,30/06/2026
coni:125251,FIGC,68186,01/07/2025,30/06/2026
coni:125253,FIGC,12800,01/07/2025,30/06/2026
coni:125254,FIGC,40340,01/07/2025,30/06/2026
coni:125257,FIGC,53370,01/07/2025,30/06/2026
coni:125261,FIGC,28960,01/07/2025,30/06/2026
coni:125263,FIGC,52000,01/07/2025,30/06/2026
coni:125265,FIGC,947026,01/07/2025,30/06/2026
coni:125269,FIGC,78471,01/07/2025,30/06/2026
coni:125270,FIGC,59621,01/07/2025,30/06/2026
coni:125274,FIGC,9430,01/07/2025,30/06/2026
coni:125275,FIGC,640031,01/07/2025,30/06/2026
coni:125278,FIGC,6300,01/07/2025,30/06/2026
coni:125281,FIGC,69242,01/07/2025,30/06/2026
coni:125286,FIGC,62323,01/07/2025,30/06/2026
coni:125292,CSI|FIGC,930113,01/07/2025,30/06/2026
coni:125294,CSI|FIGC,675501,01/07/2025,30/06/2026
coni:125298,FIGC,947494,01/07/2025,30/06/2026
coni:125300,FIGC,934721,01/07/2025,30/06/2026
coni:125305,FIGC,917202,01/07/2025,30/06/2026
coni:125307,FIGC,921057,01/07/2025,30/06/2026
coni:125314,FIGC,73949,01/07/2025,30/06/2026
coni:125315,FIGC,949583,01/07/2025,30/06/2026
coni:12532,CSEN|CSI|FIGC,630584,01/07/2025,30/06/2026
coni:125324,AICS|CSEN|FIGC,951620,01/07/2025,30/06/2026
coni:125343,FIGC,933839,01/07/2025,30/06/2026
coni:125345,CSEN|FIGC,911625,01/07/2025,30/06/2026
coni:125347,FIGC,937924,01/07/2025,30/06/2026
coni:125357,FIGC,921080,01/07/2025,30/06/2026
coni:125361,CSI|FIGC,675725,01/07/2025,30/06/2026
coni:125363,FIGC,938347,01/07/2025,30/06/2026
coni:125366,FIGC,25270,01/07/2025,30/06/2026
coni:125367,CSEN|FIGC,915464,01/07/2025,30/06/2026
coni:125368,FIGC,921571,01/07/2025,30/06/2026
coni:125371,FIGC,650869,01/07/2025,30/06/2026
coni:125375,FIGC,920323,01/07/2025,30/06/2026
coni:125379,FIGC,947051,01/07/2025,30/06/2026
coni:125382,FIGC,750463,01/07/2025,30/06/2026
coni:125386,FIGC,1360,01/07/2025,30/06/2026
coni:125388,FIGC,860,01/07/2025,30/06/2026
coni:125408,FIGC,65125,01/07/2025,30/06/2026
coni:125415,FIGC,630078,01/07/2025,30/06/2026
coni:125416,FIGC,947378,01/07/2025,30/06/2026
coni:125417,CSI|FIGC,676206,01/07/2025,30/06/2026
coni:125421,FIGC,918761,01/07/2025,30/06/2026
coni:125422,FIGC,921087,01/07/2025,30/06/2026
coni:125428,FIGC,943339,01/07/2025,30/06/2026
coni:125432,CSI|FIGC,934392,01/07/2025,30/06/2026
coni:125433,FIGC,932114,01/07/2025,30/06/2026
coni:125434,CSI|FIGC,68865,01/07/2025,30/06/2026
coni:125436,FIGC,930817,01/07/2025,30/06/2026
coni:125447,CSI|FIGC,919260,01/07/2025,30/06/2026
coni:12545,FIGC,932367,01/07/2025,30/06/2026
coni:125453,CSI|FIGC,947867,01/07/2025,30/06/2026
coni:125455,CSI|FIGC,947486,01/07/2025,30/06/2026
coni:125458,FIGC,947913,01/07/2025,30/06/2026
coni:125459,FIGC,941901,01/07/2025,30/06/2026
coni:125461,FIGC,910130,01/07/2025,30/06/2026
coni:125464,CSI|FIGC,937974,01/07/2025,30/06/2026
coni:125479,FIGC,52090,01/07/2025,30/06/2026
coni:125483,FIGC,780789,01/07/2025,30/06/2026
coni:125498,FIGC,22740,01/07/2025,30/06/2026
coni:125500,FIGC,205525,01/07/2025,30/06/2026
coni:125508,FIGC,917054,01/07/2025,30/06/2026
coni:125510,FIGC,81567,01/07/2025,30/06/2026
coni:125515,FIGC,931618,01/07/2025,30/06/2026
coni:125518,FIGC,71097,01/07/2025,30/06/2026
coni:125522,FIGC,76044,01/07/2025,30/06/2026
coni:125524,FIGC|OPES,947821,01/07/2025,30/06/2026
coni:125535,FIGC,710793,01/07/2025,30/06/2026
coni:125540,FIGC,940720,01/07/2025,30/06/2026
coni:125544,FIGC,67902,01/07/2025,30/06/2026
coni:125547,FIGC,12370,01/07/2025,30/06/2026
coni:125549,FIGC,77527,01/07/2025,30/06/2026
coni:125566,FIGC,67736,01/07/2025,30/06/2026
coni:125569,FIGC,948457,01/07/2025,30/06/2026
coni:125583,FIGC,935982,01/07/2025,30/06/2026
coni:125584,FIGC,941375,01/07/2025,30/06/2026
coni:125586,FIGC|UISP,54110,01/07/2025,30/06/2026
coni:125588,CSI|FIGC,02200584,08/07/2025,30/06/2026
coni:125590,FIGC,,,
coni:125592,FIGC,700590,01/07/2025,30/06/2026
coni:125595,FIGC,260,01/07/2025,30/06/2026
coni:125599,FIGC,770390,01/07/2025,30/06/2026
coni:1256,CSI|FIGC,953827,01/07/2025,30/06/2026
coni:125600,FIGC,947394,01/07/2025,30/06/2026
coni:125603,FIGC,934175,01/07/2025,30/06/2026
coni:125604,FIGC,675296,01/07/2025,30/06/2026
coni:125605,FIGC,63514,01/07/2025,30/06/2026
coni:125610,FIGC,931163,01/07/2025,30/06/2026
coni:125618,FIGC,630685,01/07/2025,30/06/2026
coni:125620,FIGC,931615,01/07/2025,30/06/2026
coni:125621,FIGC,914334,01/07/2025,30/06/2026
coni:125623,FIGC,919671,01/07/2025,30/06/2026
coni:125637,FIGC,675327,01/07/2025,30/06/2026
coni:125639,AICS|FIGC,80157,01/07/2025,30/06/2026
coni:125645,FIGC,20750,01/07/2025,30/06/2026
coni:125648,FIGC,947293,01/07/2025,30/06/2026
coni:125649,FIGC,920607,01/07/2025,30/06/2026
coni:125653,FIGC,25120,01/07/2025,30/06/2026
coni:125658,FIGC,919210,01/07/2025,30/06/2026
coni:125659,FIGC,919356,01/07/2025,30/06/2026
coni:125660,FIGC,962123,01/07/2025,30/06/2026
coni:125664,FIGC,934350,01/07/2025,30/06/2026
coni:125668,FIGC,931141,01/07/2025,30/06/2026
coni:12567,AICS|CSI|FIGC,05601563,01/07/2025,30/06/2026
coni:125674,FIGC,920356,01/07/2025,30/06/2026
coni:125678,CSI|FIGC,17340,01/07/2025,30/06/2026
coni:125682,FIGC,936541,01/07/2025,30/06/2026
coni:125685,FIGC,943586,01/07/2025,30/06/2026
coni:125693,FIGC,710531,01/07/2025,30/06/2026
coni:125695,FIGC,934064,01/07/2025,30/06/2026
coni:125697,FIGC,205075,01/07/2025,30/06/2026
coni:125707,FIGC,2280,01/07/2025,30/06/2026
coni:125709,FIGC,914201,01/07/2025,30/06/2026
coni:125712,FIGC,630063,01/07/2025,30/06/2026
coni:125716,FIGC,947231,01/07/2025,30/06/2026
coni:125719,FIGC,650942,01/07/2025,30/06/2026
coni:125732,FIGC,75704,01/07/2025,30/06/2026
coni:125738,FIGC,931564,01/07/2025,30/06/2026
coni:125739,FIGC,65937,01/07/2025,30/06/2026
coni:125746,FIGC,74452,01/07/2025,30/06/2026
coni:125750,FIGC,920727,01/07/2025,30/06/2026
coni:125751,FIGC,74588,01/07/2025,30/06/2026
coni:125759,FIGC,947329,01/07/2025,30/06/2026
coni:125760,FIGC,947487,01/07/2025,30/06/2026
coni:125767,FIGC,933807,01/07/2025,30/06/2026
coni:125768,FIGC,10710,01/07/2025,30/06/2026
coni:125769,CSI|FIGC,64169,01/07/2025,30/06/2026
coni:125772,FIGC,81036,01/07/2025,30/06/2026
coni:125781,FIGC,918869,01/07/2025,30/06/2026
coni:125782,FIGC,65203,01/07/2025,30/06/2026
coni:125786,CSI|FIGC,203061,01/07/2025,30/06/2026
coni:125790,CSI|FIGC,60791,01/07/2025,30/06/2026
coni:125791,CSEN|CSI|FIGC,953815,01/07/2025,30/06/2026
coni:125792,FIGC,37550,01/07/2025,30/06/2026
coni:125796,FIGC,630084,01/07/2025,30/06/2026
coni:125799,FIGC,915797,01/07/2025,30/06/2026
coni:12580,FIGC,940891,01/07/2025,30/06/2026
coni:125802,FIGC,915405,01/07/2025,30/06/2026
coni:125803,FIGC,75400,01/07/2025,30/06/2026
coni:125808,FIGC,914235,01/07/2025,30/06/2026
coni:125815,FIGC,67072,01/07/2025,30/06/2026
coni:125820,FIGC,933692,01/07/2025,30/06/2026
coni:125821,CSI|FIGC,04300925,08/07/2025,30/06/2026
coni:125823,FIGC,81860,01/07/2025,30/06/2026
coni:125824,FIGC,914130,01/07/2025,30/06/2026
coni:125827,FIGC,710087,01/07/2025,30/06/2026
coni:125828,FIGC,963126,01/07/2025,30/06/2026
coni:125833,FIGC,67854,01/07/2025,30/06/2026
coni:125848,FIGC,29650,01/07/2025,30/06/2026
coni:125849,FIGC,917423,01/07/2025,30/06/2026
coni:125852,FIGC,700444,01/07/2025,30/06/2026
coni:125855,FIGC,48030,01/07/2025,30/06/2026
coni:125859,FIGC,64834,01/07/2025,30/06/2026
coni:125862,FIGC|OPES,953935,01/07/2025,30/06/2026
coni:125864,FIGC,710854,01/07/2025,30/06/2026
coni:125865,FIGC,954862,01/07/2025,30/06/2026
coni:125866,FIGC,640092,01/07/2025,30/06/2026
coni:125868,FIGC,206460,01/07/2025,30/06/2026
coni:125869,CSI|FIGC,81859,01/07/2025,30/06/2026
coni:125872,FIGC,938378,01/07/2025,30/06/2026
coni:125881,FIGC,75302,01/07/2025,30/06/2026
coni:125885,FIGC|UISP,916714,01/07/2025,30/06/2026
coni:125894,FIGC,917145,01/07/2025,30/06/2026
coni:125899,FIGC,915659,01/07/2025,30/06/2026
coni:125904,FIGC,51890,01/07/2025,30/06/2026
coni:125905,FIGC,53100,01/07/2025,30/06/2026
coni:125913,FIGC,71279,01/07/2025,30/06/2026
coni:125916,FIGC,917069,01/07/2025,30/06/2026
coni:125921,FIGC,750021,01/07/2025,30/06/2026
coni:125925,FIGC,640237,01/07/2025,30/06/2026
coni:125931,FIGC|UISP,38420,01/07/2025,30/06/2026
coni:125935,FIGC,76266,01/07/2025,30/06/2026
coni:125937,FIGC,82105,01/07/2025,30/06/2026
coni:125939,FIGC,60248,01/07/2025,30/06/2026
coni:125941,FIGC,57310,01/07/2025,30/06/2026
coni:125942,FIGC,650395,01/07/2025,30/06/2026
coni:125943,FIGC,938291,01/07/2025,30/06/2026
coni:125945,FIGC,57776,01/07/2025,30/06/2026
coni:12595,FIGC,630529,01/07/2025,30/06/2026
coni:125953,FIGC,11320,01/07/2025,30/06/2026
coni:125957,FIGC|OPES,9510,01/07/2025,30/06/2026
coni:125960,FIGC,71823,01/07/2025,30/06/2026
coni:125962,FIGC,34570,01/07/2025,30/06/2026
coni:125967,FIGC,38100,01/07/2025,30/06/2026
coni:125972,FIGC,750665,01/07/2025,30/06/2026
coni:125975,FIGC,65768,01/07/2025,30/06/2026
coni:12625,CSI|FIGC|FIP,630141,01/07/2025,30/06/2026
coni:126345,CSI|FIGC,931137,01/07/2025,30/06/2026
coni:12657,FIGC,937851,01/07/2025,30/06/2026
coni:12665,CSI|FIGC|FIP,74448,01/07/2025,30/06/2026
coni:1271,FIGC,600219,01/07/2025,30/06/2026
coni:12710,CSI|FIGC,914652,01/07/2025,30/06/2026
coni:12728,CSI|FIGC,15200010,02/07/2025,30/06/2026
coni:12730,FIGC,912610,01/07/2025,30/06/2026
coni:12731,CSI|FIGC,80949,01/07/2025,30/06/2026
coni:127511,CSI|FIGC|UISP,950017,01/07/2025,30/06/2026
coni:12757,FIGC,933828,01/07/2025,30/06/2026
coni:12764,CSI|FIGC,954977,01/07/2025,30/06/2026
coni:1277,FIGC,60940,01/07/2025,30/06/2026
coni:12771,CSI|FIGC|FIP,916051,01/07/2025,30/06/2026
coni:12786,FIGC,953895,01/07/2025,30/06/2026
coni:12794,CSI|FIGC,500586,01/07/2025,30/06/2026
coni:12795,CSI|FIGC,205420,01/07/2025,30/06/2026
coni:128085,FIGC,946099,01/07/2025,30/06/2026
coni:1281,AICS|FIGC,29440,01/07/2025,30/06/2026
coni:128147,FIGC|UISP,964183,04/08/2025,30/06/2026
coni:1283,FIGC,951903,01/07/2025,30/06/2026
coni:128322,FIGC,962493,01/07/2025,30/06/2026
coni:12844,FIGC,941402,01/07/2025,30/06/2026
coni:128456,FIGC,949426,01/07/2025,30/06/2026
coni:1285,FIGC,945203,01/07/2025,30/06/2026
coni:128589,CSEN|FIGC,952558,01/07/2025,30/06/2026
coni:12875,FIGC,963075,01/07/2025,30/06/2026
coni:12883,FIGC,964268,24/07/2025,30/06/2026
coni:12915,FIGC,920679,01/07/2025,30/06/2026
coni:12920,FIGC,921267,01/07/2025,30/06/2026
coni:12923,FIGC,917989,01/07/2025,30/06/2026
coni:129269,FIGC,920649,01/07/2025,30/06/2026
coni:129282,FIGC|UISP,952107,01/07/2025,30/06/2026
coni:1293,FIGC,945582,01/07/2025,30/06/2026
coni:129309,CSI|FIGC|UISP,951590,01/07/2025,30/06/2026
coni:12936,FIGC,945561,01/07/2025,30/06/2026
coni:1295,FIGC,946219,01/07/2025,30/06/2026
coni:12951,FIGC,911228,01/07/2025,30/06/2026
coni:129685,FIGC,951520,01/07/2025,30/06/2026
coni:12975,CSI|FIGC,200692,01/07/2025,30/06/2026
coni:1298,FIGC,203850,01/07/2025,30/06/2026
coni:129953,FIGC,941962,01/07/2025,30/06/2026
coni:129961,FIGC,620853,01/07/2025,30/06/2026
coni:129963,FIGC,770503,01/07/2025,30/06/2026
coni:129969,FIGC,933081,01/07/2025,30/06/2026
coni:129994,FIGC,910183,01/07/2025,30/06/2026
coni:129997,FIGC|OPES,700073,01/07/2025,30/06/2026
coni:129999,FIGC,915996,01/07/2025,30/06/2026
coni:130000,ENDAS|FIGC,71731,01/07/2025,30/06/2026
coni:130001,FIGC,962653,01/07/2025,30/06/2026
coni:130002,FIGC,945687,01/07/2025,30/06/2026
coni:130008,FIGC,935914,01/07/2025,30/06/2026
coni:130010,FIGC,935561,01/07/2025,30/06/2026
coni:130019,FIGC,945846,01/07/2025,30/06/2026
coni:130027,FIGC,912527,01/07/2025,30/06/2026
coni:130034,FIGC,62398,01/07/2025,30/06/2026
coni:130037,FIGC,57922,01/07/2025,30/06/2026
coni:130038,CSI|FIGC|FIP|PGS,203062,01/07/2025,30/06/2026
coni:130060,FIGC,948138,01/07/2025,30/06/2026
coni:130064,FIGC,947064,01/07/2025,30/06/2026
coni:130067,FIGC|UISP,915673,01/07/2025,30/06/2026
coni:130075,FIGC,932310,01/07/2025,30/06/2026
coni:130076,CSI|FIGC,00600824,16/07/2025,30/06/2026
coni:130078,FIGC,917622,01/07/2025,30/06/2026
coni:130084,FIGC,932962,01/07/2025,30/06/2026
coni:130089,FIGC,65341,01/07/2025,30/06/2026
coni:130095,FIGC,917673,01/07/2025,30/06/2026
coni:130098,AICS|FIGC,913928,01/07/2025,30/06/2026
coni:130102,FIGC,932915,01/07/2025,30/06/2026
coni:130104,FIGC,914963,01/07/2025,30/06/2026
coni:130107,FIGC,64783,01/07/2025,30/06/2026
coni:130108,FIGC,947521,01/07/2025,30/06/2026
coni:130111,FIGC,930205,01/07/2025,30/06/2026
coni:130112,FIGC,202317,01/07/2025,30/06/2026
coni:130126,AICS|CSI|FIGC|FIP,946218,01/07/2025,30/06/2026
coni:13019,FIGC,73305,01/07/2025,30/06/2026
coni:13030,FIGC|UISP,915606,01/07/2025,30/06/2026
coni:13031,FIGC,945895,01/07/2025,30/06/2026
coni:13036,FIGC,675955,01/07/2025,30/06/2026
coni:13043,FIGC,62670,01/07/2025,30/06/2026
coni:130492,CSEN|FIGC,949352,01/07/2025,30/06/2026
coni:13050,CSI|FIGC,02200089,06/07/2025,30/06/2026
coni:130530,CSI|FIGC|FIP,950422,01/07/2025,30/06/2026
coni:130532,CSEN|FIGC,942226,01/07/2025,30/06/2026
coni:130594,FIGC|UISP,100029,01/07/2025,30/06/2026
coni:130613,FIGC,760194,01/07/2025,30/06/2026
coni:130616,FIGC,49550,01/07/2025,30/06/2026
coni:130621,FIGC,60941,01/07/2025,30/06/2026
coni:130624,FIGC,65240,01/07/2025,30/06/2026
coni:130625,FIGC,935536,01/07/2025,30/06/2026
coni:130626,AICS|FIGC,940746,01/07/2025,30/06/2026
coni:130628,FIGC,73432,01/07/2025,30/06/2026
coni:13087,FIGC,61506,01/07/2025,30/06/2026
coni:130917,FIGC,955036,01/07/2025,30/06/2026
coni:13092,FIGC,945615,01/07/2025,30/06/2026
coni:13096,CSI|FIGC,650868,01/07/2025,30/06/2026
coni:131096,CSI|FIGC,964316,30/07/2025,30/06/2026
coni:131116,FIGC,913224,01/07/2025,30/06/2026
coni:131305,CSEN|FIGC,950397,01/07/2025,30/06/2026
coni:131510,FIGC,710791,01/07/2025,30/06/2026
coni:131514,FIGC,934633,01/07/2025,30/06/2026
coni:131516,FIGC,920750,01/07/2025,30/06/2026
coni:131517,FIGC,947640,01/07/2025,30/06/2026
coni:131520,CSEN|FIGC,947284,01/07/2025,30/06/2026
coni:131521,CSI|FIGC,947363,01/07/2025,30/06/2026
coni:131528,FIGC,69573,01/07/2025,30/06/2026
coni:131529,FIGC,66418,01/07/2025,30/06/2026
coni:131531,FIGC,5430,01/07/2025,30/06/2026
coni:10963,CSI|FIGC,206230,01/07/2025,30/06/2026
coni:124115,FIGC,100022,01/07/2025,30/06/2026
coni:124709,FIGC,915666,01/07/2025,30/06/2026
coni:125062,FIGC,946989,01/07/2025,30/06/2026
coni:125105,FIGC,947701,01/07/2025,30/06/2026
coni:125107,FIGC,935822,01/07/2025,30/06/2026
coni:125128,FIGC,916320,01/07/2025,30/06/2026
coni:125262,FIGC,64712,01/07/2025,30/06/2026
coni:125403,FIGC,913930,01/07/2025,30/06/2026
coni:125482,FIGC,934244,01/07/2025,30/06/2026
coni:125488,FIGC,41920,01/07/2025,30/06/2026
coni:125496,FIGC,951380,01/07/2025,30/06/2026
coni:125616,FIGC,630100,01/07/2025,30/06/2026
coni:125632,FIGC,71080,01/07/2025,30/06/2026
coni:125646,FIGC,948199,01/07/2025,30/06/2026
coni:125774,FIGC,700598,01/07/2025,30/06/2026
coni:125780,FIGC,70214,01/07/2025,30/06/2026
coni:125783,FIGC,937685,01/07/2025,30/06/2026
coni:125801,FIGC,945993,01/07/2025,30/06/2026
coni:125839,FIGC,952854,01/07/2025,30/06/2026
coni:127513,FIGC,100025,01/07/2025,30/06/2026
coni:12963,FIGC,914106,01/07/2025,30/06/2026
coni:130063,FIGC,945949,01/07/2025,30/06/2026
coni:130617,FIGC,60949,01/07/2025,30/06/2026
coni:131387,FIGC,949884,01/07/2025,30/06/2026
coni:131406,CSI|FIGC,962981,01/07/2025,30/06/2026
coni:131511,CSEN|FIGC,947733,01/07/2025,30/06/2026
coni:131532,FIGC,76463,01/07/2025,30/06/2026
coni:13163,FIGC,21790,01/07/2025,30/06/2026
coni:13177,FIGC,953036,01/07/2025,30/06/2026
coni:1318,FIGC,943257,01/07/2025,30/06/2026
coni:13193,CSI|FIGC,77225,01/07/2025,30/06/2026
coni:131946,AICS|FIGC,81991,01/07/2025,30/06/2026
coni:1325,CSI|FIGC,26770,01/07/2025,30/06/2026
coni:13252,FIGC,65287,01/07/2025,30/06/2026
coni:132625,FIGC,700112,01/07/2025,30/06/2026
coni:132633,FIGC,2420,01/07/2025,30/06/2026
coni:13265,FIGC,943036,01/07/2025,30/06/2026
coni:132656,FIGC,31260,01/07/2025,30/06/2026
coni:1327,CSI|FIGC,933826,01/07/2025,30/06/2026
coni:132727,FIGC,917119,01/07/2025,30/06/2026
coni:13274,FIGC,80965,01/07/2025,30/06/2026
coni:132743,FIGC,38120,01/07/2025,30/06/2026
coni:132744,FIGC,202638,01/07/2025,30/06/2026
coni:132749,CSEN|FIGC,8980,01/07/2025,30/06/2026
coni:132754,FIGC,51030,01/07/2025,30/06/2026
coni:132757,CSI|FIGC,11230,01/07/2025,30/06/2026
coni:132760,FIGC,30340,01/07/2025,30/06/2026
coni:132772,FIGC,918840,01/07/2025,30/06/2026
coni:132774,FIGC,30470,01/07/2025,30/06/2026
coni:132775,FIGC,58574,01/07/2025,30/06/2026
coni:132778,FIGC,918951,01/07/2025,30/06/2026
coni:13283,FIGC,916116,01/07/2025,30/06/2026
coni:132833,FIGC,937861,01/07/2025,30/06/2026
coni:132840,FIGC,79310,01/07/2025,30/06/2026
coni:132844,FIGC,911647,01/07/2025,30/06/2026
coni:132847,FIGC,201492,01/07/2025,30/06/2026
coni:132851,CSI|FIGC,919727,01/07/2025,30/06/2026
coni:132859,FIGC,953717,01/07/2025,30/06/2026
coni:132860,FIGC,918564,01/07/2025,30/06/2026
coni:132933,FIGC,740020,01/07/2025,30/06/2026
coni:132936,FIGC,740051,01/07/2025,30/06/2026
coni:132950,FIGC,916360,01/07/2025,30/06/2026
coni:132953,FIGC,76649,01/07/2025,30/06/2026
coni:132962,FIGC,640202,01/07/2025,30/06/2026
coni:132969,FIGC,940706,01/07/2025,30/06/2026
coni:132999,FIGC,710128,01/07/2025,30/06/2026
coni:133016,FIGC,651349,01/07/2025,30/06/2026
coni:13304,FIGC|UISP,917163,01/07/2025,30/06/2026
coni:133072,CSEN|FIGC,951533,01/07/2025,30/06/2026
coni:133087,FIGC,948923,01/07/2025,30/06/2026
coni:133090,FIGC,947987,01/07/2025,30/06/2026
coni:133098,FIGC,917240,01/07/2025,30/06/2026
coni:1331,FIGC,933819,01/07/2025,30/06/2026
coni:133104,FIGC,78996,01/07/2025,30/06/2026
coni:133123,CSI|FIGC,952328,01/07/2025,30/06/2026
coni:13316,FIGC,943567,01/07/2025,30/06/2026
coni:1332,FIGC,69893,01/07/2025,30/06/2026
coni:13320,FIGC,943458,01/07/2025,30/06/2026
coni:133361,ASC|FIGC,949361,01/07/2025,30/06/2026
coni:13343,FIGC,100051,01/07/2025,30/06/2026
coni:133432,ASC|CSEN|FIGC,954421,01/07/2025,30/06/2026
coni:133437,CSI|FIGC,964354,08/08/2025,30/06/2026
coni:133569,FIGC,949417,01/07/2025,30/06/2026
coni:133609,CSI|FIGC,951680,01/07/2025,30/06/2026
coni:13367,CSI|FIGC,947000,01/07/2025,30/06/2026
coni:13380,FIGC,914027,01/07/2025,30/06/2026
coni:133819,CSI|FIGC|UISP,922809,01/07/2025,30/06/2026
coni:1340,CSI|FIGC,938468,01/07/2025,30/06/2026
coni:134013,FIGC,946993,01/07/2025,30/06/2026
coni:134018,FIGC,943689,01/07/2025,30/06/2026
coni:134021,CSI|FIGC,937726,01/07/2025,30/06/2026
coni:134024,FIGC,915947,01/07/2025,30/06/2026
coni:134025,FIGC,947218,01/07/2025,30/06/2026
coni:134026,FIGC,947757,01/07/2025,30/06/2026
coni:134029,FIGC,947578,01/07/2025,30/06/2026
coni:13404,CSI|FIGC,04100117,01/07/2025,30/06/2026
coni:13406,FIGC,947467,01/07/2025,30/06/2026
coni:13415,FIGC|OPES,932341,01/07/2025,30/06/2026
coni:1342,CSI|FIGC,60832,01/07/2025,30/06/2026
coni:13464,FIGC,204126,01/07/2025,30/06/2026
coni:134731,CSI|FIGC,953670,01/07/2025,30/06/2026
coni:134741,CSEN|FIGC,953386,01/07/2025,30/06/2026
coni:134777,CSI|FIGC,15200436,01/07/2025,30/06/2026
coni:13485,FIGC,940701,01/07/2025,30/06/2026
coni:134865,FIGC,964442,08/08/2025,30/06/2026
coni:135007,CSEN|FIGC,63251,01/07/2025,30/06/2026
coni:13504,FIGC|US_ACLI,710865,01/07/2025,30/06/2026
coni:135197,FIGC,934725,01/07/2025,30/06/2026
coni:135209,FIGC|PGS,933092,01/07/2025,30/06/2026
coni:135218,FIGC,949274,01/07/2025,30/06/2026
coni:135221,FIGC,949275,01/07/2025,30/06/2026
coni:135227,FIGC,938559,01/07/2025,30/06/2026
coni:135233,FIGC,947237,01/07/2025,30/06/2026
coni:135239,FIGC,944113,01/07/2025,30/06/2026
coni:135240,FIGC|UISP,941888,01/07/2025,30/06/2026
coni:135245,FIGC,69985,01/07/2025,30/06/2026
coni:135246,FIGC,935946,01/07/2025,30/06/2026
coni:135247,FIGC,710263,01/07/2025,30/06/2026
coni:135248,FIGC,82422,01/07/2025,30/06/2026
coni:135249,FIGC,949237,01/07/2025,30/06/2026
coni:135253,CSI|FIGC|UISP,58287,01/07/2025,30/06/2026
coni:135273,FIGC,946252,01/07/2025,30/06/2026
coni:135278,FIGC,939197,01/07/2025,30/06/2026
coni:135282,FIGC,201007,01/07/2025,30/06/2026
coni:135283,FIGC,35130,01/07/2025,30/06/2026
coni:135295,FIGC,921968,01/07/2025,30/06/2026
coni:135296,FIGC,919840,01/07/2025,30/06/2026
coni:135299,FIGC,949199,01/07/2025,30/06/2026
coni:135308,FIGC,934302,01/07/2025,30/06/2026
coni:135315,FIGC,918546,01/07/2025,30/06/2026
coni:135317,FIGC,918020,01/07/2025,30/06/2026
coni:13532,FIGC,205471,01/07/2025,30/06/2026
coni:135322,AICS|CSI|FIGC|UISP,04200866,14/07/2025,30/06/2026
coni:135324,FIGC,943359,01/07/2025,30/06/2026
coni:135329,FIGC,61450,01/07/2025,30/06/2026
coni:135331,FIGC,946092,01/07/2025,30/06/2026
coni:135336,FIGC,947524,01/07/2025,30/06/2026
coni:135346,FIGC,919512,01/07/2025,30/06/2026
coni:135349,FIGC,946979,01/07/2025,30/06/2026
coni:135350,FIGC,910001,01/07/2025,30/06/2026
coni:135352,FIGC,933442,01/07/2025,30/06/2026
coni:135353,FIGC,921395,01/07/2025,30/06/2026
coni:135354,FIGC,963586,01/07/2025,30/06/2026
coni:135356,FIGC,76157,01/07/2025,30/06/2026
coni:135363,FIGC,947137,01/07/2025,30/06/2026
coni:135365,FIGC,665277,01/07/2025,30/06/2026
coni:135371,FIGC,65425,01/07/2025,30/06/2026
coni:135372,FIGC,951603,01/07/2025,30/06/2026
coni:135373,FIGC|PGS,949224,01/07/2025,30/06/2026
coni:135379,FIGC,930132,01/07/2025,30/06/2026
coni:135380,FIGC,918375,01/07/2025,30/06/2026
coni:135383,FIGC,39560,01/07/2025,30/06/2026
coni:135388,FIGC,941018,01/07/2025,30/06/2026
coni:135390,FIGC,936178,01/07/2025,30/06/2026
coni:135397,FIGC,79921,01/07/2025,30/06/2026
coni:135399,FIGC,78762,01/07/2025,30/06/2026
coni:135410,FIGC,949226,01/07/2025,30/06/2026
coni:135412,FIGC,931875,01/07/2025,30/06/2026
coni:135413,FIGC,935937,01/07/2025,30/06/2026
coni:135418,FIGC,949314,01/07/2025,30/06/2026
coni:135427,FIGC,949236,01/07/2025,30/06/2026
coni:135428,FIGC,915430,01/07/2025,30/06/2026
coni:135430,FIGC,949243,01/07/2025,30/06/2026
coni:135434,FIGC,949205,01/07/2025,30/06/2026
coni:135440,FIGC,945601,01/07/2025,30/06/2026
coni:135441,CSI|FIGC,937709,01/07/2025,30/06/2026
coni:135442,FIGC,949216,01/07/2025,30/06/2026
coni:135443,FIGC,949207,01/07/2025,30/06/2026
coni:135445,FIGC,945375,01/07/2025,30/06/2026
coni:135448,CSI|FIGC,53680,01/07/2025,30/06/2026
coni:135468,FIGC,963821,01/07/2025,30/06/2026
coni:135472,FIGC,676218,01/07/2025,30/06/2026
coni:135475,FIGC,949189,01/07/2025,30/06/2026
coni:135476,FIGC,918512,01/07/2025,30/06/2026
coni:135477,FIGC,675237,01/07/2025,30/06/2026
coni:135479,FIGC,949188,01/07/2025,30/06/2026
coni:135482,FIGC,930208,01/07/2025,30/06/2026
coni:135483,FIGC,62836,01/07/2025,30/06/2026
coni:135485,FIGC|UISP,914164,01/07/2025,30/06/2026
coni:135487,FIGC,918989,01/07/2025,30/06/2026
coni:135489,FIGC,934382,01/07/2025,30/06/2026
coni:135495,FIGC,963231,01/07/2025,30/06/2026
coni:135510,FIGC,949196,01/07/2025,30/06/2026
coni:135512,FIGC,949229,01/07/2025,30/06/2026
coni:135513,FIGC,949231,01/07/2025,30/06/2026
coni:135515,FIGC,941069,01/07/2025,30/06/2026
coni:135521,FIGC,760246,01/07/2025,30/06/2026
coni:135524,FIGC,949195,01/07/2025,30/06/2026
coni:135525,FIGC,949192,01/07/2025,30/06/2026
coni:135545,FIGC,930891,01/07/2025,30/06/2026
coni:135548,FIGC,60348,01/07/2025,30/06/2026
coni:135549,FIGC,938474,01/07/2025,30/06/2026
coni:13555,FIGC,912052,01/07/2025,30/06/2026
coni:135552,FIGC,915823,01/07/2025,30/06/2026
coni:135554,FIGC,932817,01/07/2025,30/06/2026
coni:135557,FIGC,916144,01/07/2025,30/06/2026
coni:135559,FIGC,962047,01/07/2025,30/06/2026
coni:135561,FIGC,58083,01/07/2025,30/06/2026
coni:135563,FIGC,918111,01/07/2025,30/06/2026
coni:13559,CSI|FIGC,952720,01/07/2025,30/06/2026
coni:13593,FIGC,919821,01/07/2025,30/06/2026
coni:1360,CSI|FIGC,29490,01/07/2025,30/06/2026
coni:13606,FIGC,917225,01/07/2025,30/06/2026
coni:136095,FIGC,949377,01/07/2025,30/06/2026
coni:136099,CSI|FIGC|UISP,949374,01/07/2025,30/06/2026
coni:136100,FIGC,919526,01/07/2025,30/06/2026
coni:136105,FIGC,760168,01/07/2025,30/06/2026
coni:136107,FIGC,943810,01/07/2025,30/06/2026
coni:136112,FIGC,949299,01/07/2025,30/06/2026
coni:136113,FIGC,949285,01/07/2025,30/06/2026
coni:136114,FIGC,941408,01/07/2025,30/06/2026
coni:136115,FIGC,947188,01/07/2025,30/06/2026
coni:136122,FIGC,949321,01/07/2025,30/06/2026
coni:136131,FIGC,73783,01/07/2025,30/06/2026
coni:136134,FIGC,949366,01/07/2025,30/06/2026
coni:136137,FIGC,949499,01/07/2025,30/06/2026
coni:136139,CSEN|FIGC,945855,01/07/2025,30/06/2026
coni:136142,FIGC,945732,01/07/2025,30/06/2026
coni:136150,FIGC,949416,01/07/2025,30/06/2026
coni:136153,FIGC,934227,01/07/2025,30/06/2026
coni:136155,FIGC,949446,01/07/2025,30/06/2026
coni:136160,FIGC,942096,01/07/2025,30/06/2026
coni:136162,FIGC,936377,01/07/2025,30/06/2026
coni:136173,FIGC,943710,01/07/2025,30/06/2026
coni:136176,FIGC,949259,01/07/2025,30/06/2026
coni:136191,FIGC,740002,01/07/2025,30/06/2026
coni:136198,FIGC,949559,01/07/2025,30/06/2026
coni:136199,FIGC,949447,01/07/2025,30/06/2026
coni:136200,CSI|FIGC,954840,01/07/2025,30/06/2026
coni:136202,FIGC,949425,01/07/2025,30/06/2026
coni:136204,FIGC,946981,01/07/2025,30/06/2026
coni:136208,CSEN|FIGC,920926,01/07/2025,30/06/2026
coni:136211,FIGC,949342,01/07/2025,30/06/2026
coni:136215,FIGC,921361,01/07/2025,30/06/2026
coni:136216,ASC|FIGC,949527,01/07/2025,30/06/2026
coni:136217,FIGC,949451,01/07/2025,30/06/2026
coni:136219,FIGC,949382,01/07/2025,30/06/2026
coni:136221,FIGC,954807,01/07/2025,30/06/2026
coni:136224,FIGC,949356,01/07/2025,30/06/2026
coni:136225,ENDAS|FIGC,949240,01/07/2025,30/06/2026
coni:136232,FIGC,949492,01/07/2025,30/06/2026
coni:136233,FIGC,949378,01/07/2025,30/06/2026
coni:136238,FIGC,947271,01/07/2025,30/06/2026
coni:136239,FIGC,945178,01/07/2025,30/06/2026
coni:136241,FIGC,949582,01/07/2025,30/06/2026
coni:136242,FIGC,920841,01/07/2025,30/06/2026
coni:136243,FIGC,949541,01/07/2025,30/06/2026
coni:136251,CSI|FIGC,949432,01/07/2025,30/06/2026
coni:136254,CSEN|FIGC|UISP,949181,01/07/2025,30/06/2026
coni:136258,FIGC,949282,01/07/2025,30/06/2026
coni:136264,FIGC,938464,01/07/2025,30/06/2026
coni:136270,FIGC,919195,01/07/2025,30/06/2026
coni:136273,FIGC,916179,01/07/2025,30/06/2026
coni:136285,FIGC,06700180,01/07/2025,30/06/2026
coni:136292,FIGC,949286,01/07/2025,30/06/2026
coni:13641,FIGC,937794,01/07/2025,30/06/2026
coni:13658,FIGC,941457,01/07/2025,30/06/2026
coni:136628,FIGC,962011,01/07/2025,30/06/2026
coni:136812,CSI|FIGC,954855,01/07/2025,30/06/2026
coni:13685,FIGC,80523,01/07/2025,30/06/2026
coni:13687,FIGC,919373,01/07/2025,30/06/2026
coni:136882,CSI|FIGC,962128,01/07/2025,30/06/2026
coni:13699,FIGC,921786,01/07/2025,30/06/2026
coni:137240,FIGC,952119,01/07/2025,30/06/2026
coni:13726,CSI|FIGC,02500165,09/07/2025,30/06/2026
coni:137301,AICS|FIGC,951938,01/07/2025,30/06/2026
coni:137308,FIGC,935686,01/07/2025,30/06/2026
coni:137357,CSEN|FIGC,950151,01/07/2025,30/06/2026
coni:137386,CSEN|FIGC,919884,01/07/2025,30/06/2026
coni:137496,FIGC,962253,01/07/2025,30/06/2026
coni:137673,FIGC,949401,01/07/2025,30/06/2026
coni:137677,AICS|FIGC,945096,01/07/2025,30/06/2026
coni:137678,FIGC,949617,01/07/2025,30/06/2026
coni:137682,FIGC,962660,01/07/2025,30/06/2026
coni:137685,FIGC,651304,01/07/2025,30/06/2026
coni:137686,ASC|FIGC,949752,01/07/2025,30/06/2026
coni:137689,CSI|FIGC,949868,01/07/2025,30/06/2026
coni:137690,FIGC,949556,01/07/2025,30/06/2026
coni:137699,FIGC,949525,01/07/2025,30/06/2026
coni:137701,FIGC,949504,01/07/2025,30/06/2026
coni:137708,FIGC,963077,01/07/2025,30/06/2026
coni:13771,FIGC,935658,01/07/2025,30/06/2026
coni:137712,FIGC,949783,01/07/2025,30/06/2026
coni:137715,FIGC,962918,01/07/2025,30/06/2026
coni:137718,FIGC,937897,01/07/2025,30/06/2026
coni:137721,FIGC,949610,01/07/2025,30/06/2026
coni:137731,ENDAS|FIGC,943506,01/07/2025,30/06/2026
coni:137734,FIGC,949681,01/07/2025,30/06/2026
coni:137740,FIGC,949748,01/07/2025,30/06/2026
coni:137751,FIGC,949999,01/07/2025,30/06/2026
coni:137755,FIGC,949522,01/07/2025,30/06/2026
coni:137756,CSI|FIGC,945751,01/07/2025,30/06/2026
coni:137767,FIGC,963017,01/07/2025,30/06/2026
coni:137771,FIGC,946066,01/07/2025,30/06/2026
coni:137774,FIGC,949892,01/07/2025,30/06/2026
coni:137796,FIGC,949362,01/07/2025,30/06/2026
coni:137809,FIGC|UISP,943932,01/07/2025,30/06/2026
coni:137817,FIGC,949564,01/07/2025,30/06/2026
coni:137818,AICS|FIGC,949873,01/07/2025,30/06/2026
coni:137819,FIGC,945370,01/07/2025,30/06/2026
coni:137822,FIGC,949174,01/07/2025,30/06/2026
coni:137834,CSI|FIGC,949262,01/07/2025,30/06/2026
coni:137835,FIGC,949815,01/07/2025,30/06/2026
coni:137844,FIGC,949537,01/07/2025,30/06/2026
coni:137845,FIGC,962341,01/07/2025,30/06/2026
coni:137854,FIGC,941518,01/07/2025,30/06/2026
coni:137861,FIGC,949383,01/07/2025,30/06/2026
coni:137862,FIGC,949653,01/07/2025,30/06/2026
coni:137863,CSI|FIGC,963023,01/07/2025,30/06/2026
coni:137869,FIGC,934985,01/07/2025,30/06/2026
coni:137871,FIGC,945793,01/07/2025,30/06/2026
coni:137873,FIGC,949615,01/07/2025,30/06/2026
coni:137879,FIGC,949277,01/07/2025,30/06/2026
coni:137880,FIGC,949750,01/07/2025,30/06/2026
coni:137881,FIGC,941703,01/07/2025,30/06/2026
coni:137882,FIGC,949851,01/07/2025,30/06/2026
coni:137884,FIGC,63429,01/07/2025,30/06/2026
coni:137885,CSEN|FIGC,949732,01/07/2025,30/06/2026
coni:137889,FIGC,943838,01/07/2025,30/06/2026
coni:137893,CSI|FIGC,934419,01/07/2025,30/06/2026
coni:137894,FIGC,945843,01/07/2025,30/06/2026
coni:137904,FIGC,949479,01/07/2025,30/06/2026
coni:137908,FIGC,914116,01/07/2025,30/06/2026
coni:137910,FIGC,949723,01/07/2025,30/06/2026
coni:137912,FIGC,964404,05/08/2025,30/06/2026
coni:137913,FIGC,938806,01/07/2025,30/06/2026
coni:137915,FIGC,915268,01/07/2025,30/06/2026
coni:137918,FIGC,949386,01/07/2025,30/06/2026
coni:137920,FIGC,949568,01/07/2025,30/06/2026
coni:137921,FIGC,204976,01/07/2025,30/06/2026
coni:137924,FIGC,75062,01/07/2025,30/06/2026
coni:13793,FIGC,916191,01/07/2025,30/06/2026
coni:137933,FIGC,917365,01/07/2025,30/06/2026
coni:137939,CSEN|FIGC,949488,01/07/2025,30/06/2026
coni:137943,FIGC,916649,01/07/2025,30/06/2026
coni:137945,FIGC,932588,01/07/2025,30/06/2026
coni:137948,FIGC,920708,01/07/2025,30/06/2026
coni:137951,FIGC,933690,01/07/2025,30/06/2026
coni:137955,FIGC,949711,01/07/2025,30/06/2026
coni:137957,FIGC,949689,01/07/2025,30/06/2026
coni:137968,FIGC,943585,01/07/2025,30/06/2026
coni:137972,FIGC,945650,01/07/2025,30/06/2026
coni:137974,FIGC,921166,01/07/2025,30/06/2026
coni:137978,FIGC,945775,01/07/2025,30/06/2026
coni:137979,FIGC,934111,01/07/2025,30/06/2026
coni:13798,FIGC|US_ACLI,931174,01/07/2025,30/06/2026
coni:137984,FIGC,921206,01/07/2025,30/06/2026
coni:137987,FIGC,780391,01/07/2025,30/06/2026
coni:137992,FIGC,949722,01/07/2025,30/06/2026
coni:138000,FIGC,949828,01/07/2025,30/06/2026
coni:138010,FIGC,949544,01/07/2025,30/06/2026
coni:138015,FIGC,949408,01/07/2025,30/06/2026
coni:138020,FIGC,64849,01/07/2025,30/06/2026
coni:138021,FIGC,945763,01/07/2025,30/06/2026
coni:138022,FIGC,920963,01/07/2025,30/06/2026
coni:138027,FIGC,949720,01/07/2025,30/06/2026
coni:138029,FIGC,949640,01/07/2025,30/06/2026
coni:138031,FIGC,949759,01/07/2025,30/06/2026
coni:138037,FIGC,949549,01/07/2025,30/06/2026
coni:138039,FIGC,921149,01/07/2025,30/06/2026
coni:138046,AICS|FIGC,949719,01/07/2025,30/06/2026
coni:138047,FIGC,943724,01/07/2025,30/06/2026
coni:138049,FIGC,600651,01/07/2025,30/06/2026
coni:138054,FIGC,949691,01/07/2025,30/06/2026
coni:138055,CSI|FIGC,949772,01/07/2025,30/06/2026
coni:138059,FIGC,949715,01/07/2025,30/06/2026
coni:138062,FIGC,915991,01/07/2025,30/06/2026
coni:138066,FIGC,600085,01/07/2025,30/06/2026
coni:138074,FIGC,949331,01/07/2025,30/06/2026
coni:138077,FIGC,949347,01/07/2025,30/06/2026
coni:138079,FIGC,946102,01/07/2025,30/06/2026
coni:138084,FIGC,914807,01/07/2025,30/06/2026
coni:138085,FIGC,750522,01/07/2025,30/06/2026
coni:138086,FIGC,82266,01/07/2025,30/06/2026
coni:138087,FIGC,81285,01/07/2025,30/06/2026
coni:138091,FIGC,943769,01/07/2025,30/06/2026
coni:138092,FIGC,949644,01/07/2025,30/06/2026
coni:138094,FIGC,949369,01/07/2025,30/06/2026
coni:138096,FIGC,43000,01/07/2025,30/06/2026
coni:138097,FIGC,66091,01/07/2025,30/06/2026
coni:13817,FIGC,947428,01/07/2025,30/06/2026
coni:138196,FIGC,964612,25/09/2025,30/06/2026
coni:13825,FIGC,935715,01/07/2025,30/06/2026
coni:138374,FIGC,953029,01/07/2025,30/06/2026
coni:138377,FIGC,949268,01/07/2025,30/06/2026
coni:138378,FIGC,931014,01/07/2025,30/06/2026
coni:13843,AICS|FIGC,78756,01/07/2025,30/06/2026
coni:138437,FIGC,938865,01/07/2025,30/06/2026
coni:13846,CSI|FIGC,948400,01/07/2025,30/06/2026
coni:13847,CSI|FIGC,949507,01/07/2025,30/06/2026
coni:13848,FIGC|UISP,912841,01/07/2025,30/06/2026
coni:138485,FIGC,964291,28/07/2025,30/06/2026
coni:13849,FIGC,932142,01/07/2025,30/06/2026
coni:138495,AICS|FIGC,950169,01/07/2025,30/06/2026
coni:1385,FIGC,940718,01/07/2025,30/06/2026
coni:13858,FIGC,780226,01/07/2025,30/06/2026
coni:13859,FIGC,917164,01/07/2025,30/06/2026
coni:138797,FIGC,954444,01/07/2025,30/06/2026
coni:138815,FIGC,954257,01/07/2025,30/06/2026
coni:138820,FIGC,964519,12/09/2025,30/06/2026
coni:13906,CSEN|FIGC,917685,01/07/2025,30/06/2026
coni:13908,FIGC,917682,01/07/2025,30/06/2026
coni:13912,FIGC,955182,01/07/2025,30/06/2026
coni:139178,FIGC,951430,01/07/2025,30/06/2026
coni:13933,FIGC,932464,01/07/2025,30/06/2026
coni:139335,ASC|FIGC,963790,01/07/2025,30/06/2026
coni:13937,CSI|FIGC,945744,01/07/2025,30/06/2026
coni:139406,FIGC,950380,01/07/2025,30/06/2026
coni:139558,FIGC,950389,01/07/2025,30/06/2026
coni:139572,FIGC,952067,01/07/2025,30/06/2026
coni:13958,FIGC,918934,01/07/2025,30/06/2026
coni:139598,FIGC,964753,18/09/2025,30/06/2026
coni:139686,CSI|FIGC,962905,01/07/2025,30/06/2026
coni:13974,FIGC,920687,01/07/2025,30/06/2026
coni:139752,FIGC,955001,01/07/2025,30/06/2026
coni:139754,FIGC,951572,01/07/2025,30/06/2026
coni:13976,FIGC,951554,01/07/2025,30/06/2026
coni:139807,FIGC,934292,01/07/2025,30/06/2026
coni:139810,FIGC,950114,01/07/2025,30/06/2026
coni:139812,FIGC|US_ACLI,950150,01/07/2025,30/06/2026
coni:139813,FIGC,941842,01/07/2025,30/06/2026
coni:139816,FIGC,949338,01/07/2025,30/06/2026
coni:139833,FIGC,964854,08/10/2025,30/06/2026
coni:139835,FIGC,950242,01/07/2025,30/06/2026
coni:139840,FIGC,949339,01/07/2025,30/06/2026
coni:139843,FIGC,936813,01/07/2025,30/06/2026
coni:139844,CSEN|FIGC,936624,01/07/2025,30/06/2026
coni:139848,FIGC,962557,01/07/2025,30/06/2026
coni:139855,FIGC,942147,01/07/2025,30/06/2026
coni:13986,FIGC,17550,01/07/2025,30/06/2026
coni:139862,FIGC,949844,01/07/2025,30/06/2026
coni:139877,CSI|FIGC,949906,01/07/2025,30/06/2026
coni:139883,FIGC,950100,01/07/2025,30/06/2026
coni:139885,FIGC,949622,01/07/2025,30/06/2026
coni:139886,FIGC,962508,01/07/2025,30/06/2026
coni:139891,FIGC,940982,01/07/2025,30/06/2026
coni:139893,FIGC,949392,01/07/2025,30/06/2026
coni:139895,FIGC,950154,01/07/2025,30/06/2026
coni:139896,FIGC|UISP,949968,01/07/2025,30/06/2026
coni:1399,FIGC,68166,01/07/2025,30/06/2026
coni:139903,FIGC,950090,01/07/2025,30/06/2026
coni:139905,FIGC,932824,01/07/2025,30/06/2026
coni:125635,FIGC,919482,01/07/2025,30/06/2026
coni:125819,FIGC,205606,01/07/2025,30/06/2026
coni:131534,FIGC,15310,01/07/2025,30/06/2026
coni:131536,FIGC,206159,01/07/2025,30/06/2026
coni:131584,CSI|FIGC,100059,01/07/2025,30/06/2026
coni:13159,FIGC,917845,01/07/2025,30/06/2026
coni:132109,AICS|FIGC,33270,01/07/2025,30/06/2026
coni:132670,FIGC,922757,01/07/2025,30/06/2026
coni:133097,FIGC,76265,01/07/2025,30/06/2026
coni:1334,AICS|FIGC,932167,01/07/2025,30/06/2026
coni:13341,FIGC,02502007,11/07/2025,30/06/2026
coni:13376,FIGC,921035,01/07/2025,30/06/2026
coni:135291,FIGC,945996,01/07/2025,30/06/2026
coni:135361,FIGC,650963,01/07/2025,30/06/2026
coni:135491,FIGC,949212,01/07/2025,30/06/2026
coni:135501,FIGC,61771,01/07/2025,30/06/2026
coni:135502,FIGC,915451,01/07/2025,30/06/2026
coni:135507,FIGC,949187,01/07/2025,30/06/2026
coni:13605,FIGC,74689,01/07/2025,30/06/2026
coni:136098,FIGC,931167,01/07/2025,30/06/2026
coni:136132,FIGC,65084,01/07/2025,30/06/2026
coni:136148,FIGC,947027,01/07/2025,30/06/2026
coni:136179,FIGC,951474,01/07/2025,30/06/2026
coni:136182,FIGC,949626,01/07/2025,30/06/2026
coni:136229,FIGC,949439,01/07/2025,30/06/2026
coni:136244,FIGC,206538,01/07/2025,30/06/2026
coni:136274,FIGC,949536,01/07/2025,30/06/2026
coni:136288,FIGC,914607,01/07/2025,30/06/2026
coni:13643,FIGC,70311,01/07/2025,30/06/2026
coni:136602,FIGC,949937,01/07/2025,30/06/2026
coni:1368,FIGC,912091,01/07/2025,30/06/2026
coni:13698,CSI|FIGC|UISP,952971,01/07/2025,30/06/2026
coni:136983,FIGC,949913,01/07/2025,30/06/2026
coni:137223,CSI|FIGC,949978,01/07/2025,30/06/2026
coni:13758,FIGC,953436,01/07/2025,30/06/2026
coni:137671,FIGC,949767,01/07/2025,30/06/2026
coni:137725,FIGC,949380,01/07/2025,30/06/2026
coni:137736,FIGC,949305,01/07/2025,30/06/2026
coni:137783,FIGC,933698,01/07/2025,30/06/2026
coni:137789,CSI|FIGC,945707,01/07/2025,30/06/2026
coni:137792,FIGC,949983,01/07/2025,30/06/2026
coni:137935,FIGC,949657,01/07/2025,30/06/2026
coni:137940,FIGC,936663,01/07/2025,30/06/2026
coni:137941,FIGC,934832,01/07/2025,30/06/2026
coni:137995,FIGC|PGS,70461,01/07/2025,30/06/2026
coni:138064,FIGC,79004,01/07/2025,30/06/2026
coni:138069,FIGC,949819,01/07/2025,30/06/2026
coni:138072,FIGC,949573,01/07/2025,30/06/2026
coni:138089,FIGC,75194,01/07/2025,30/06/2026
coni:138459,FIGC,954796,01/07/2025,30/06/2026
coni:138724,CSI|FIGC,949863,01/07/2025,30/06/2026
coni:1389,FIGC,943066,01/07/2025,30/06/2026
coni:139139,FIGC,952088,01/07/2025,30/06/2026
coni:139808,FIGC,950228,01/07/2025,30/06/2026
coni:139858,FIGC,949876,01/07/2025,30/06/2026
coni:139909,AICS|FIGC,949842,01/07/2025,30/06/2026
coni:139910,FIGC,949912,01/07/2025,30/06/2026
coni:139914,FIGC,963367,01/07/2025,30/06/2026
coni:139918,CSI|FIGC,949996,01/07/2025,30/06/2026
coni:139925,FIGC,950190,01/07/2025,30/06/2026
coni:139928,AICS|FIGC,915886,01/07/2025,30/06/2026
coni:139929,CSEN|FIGC,949696,01/07/2025,30/06/2026
coni:139932,FIGC,81339,01/07/2025,30/06/2026
coni:139938,FIGC,950311,01/07/2025,30/06/2026
coni:139944,ASC|FIGC,922695,01/07/2025,30/06/2026
coni:139954,ASC|FIGC,950019,01/07/2025,30/06/2026
coni:139956,FIGC,949987,01/07/2025,30/06/2026
coni:139959,CSI|FIGC,949838,01/07/2025,30/06/2026
coni:139984,FIGC,963110,01/07/2025,30/06/2026
coni:139988,FIGC,71655,01/07/2025,30/06/2026
coni:139995,FIGC,943803,01/07/2025,30/06/2026
coni:140001,FIGC,949805,01/07/2025,30/06/2026
coni:140002,FIGC,934068,01/07/2025,30/06/2026
coni:140003,FIGC,950305,01/07/2025,30/06/2026
coni:140006,FIGC,949861,01/07/2025,30/06/2026
coni:140011,FIGC,949497,01/07/2025,30/06/2026
coni:140013,FIGC,74242,01/07/2025,30/06/2026
coni:140016,FIGC,943782,01/07/2025,30/06/2026
coni:140017,FIGC,651202,01/07/2025,30/06/2026
coni:140022,FIGC,949565,01/07/2025,30/06/2026
coni:140027,FIGC,949967,01/07/2025,30/06/2026
coni:140029,FIGC,950027,01/07/2025,30/06/2026
coni:140030,FIGC,949796,01/07/2025,30/06/2026
coni:140031,CSEN|FIGC,950119,01/07/2025,30/06/2026
coni:140040,FIGC|PGS,11999,04/09/2025,31/08/2026
coni:140043,FIGC,950310,01/07/2025,30/06/2026
coni:140045,FIGC,945800,01/07/2025,30/06/2026
coni:140052,FIGC,946167,01/07/2025,30/06/2026
coni:140054,FIGC,950048,01/07/2025,30/06/2026
coni:140057,FIGC,949770,01/07/2025,30/06/2026
coni:140066,FIGC,942232,01/07/2025,30/06/2026
coni:140070,AICS|CSEN|FIGC,950194,01/07/2025,30/06/2026
coni:140072,FIGC,949470,01/07/2025,30/06/2026
coni:140075,FIGC,949849,01/07/2025,30/06/2026
coni:140080,ASC|FIGC,949341,01/07/2025,30/06/2026
coni:140082,AICS|CSI|FIGC|OPES,941174,01/07/2025,30/06/2026
coni:140088,FIGC,949460,01/07/2025,30/06/2026
coni:140090,ASC|FIGC,949335,01/07/2025,30/06/2026
coni:140091,ASC|FIGC,950176,01/07/2025,30/06/2026
coni:140099,CSEN|FIGC,942010,01/07/2025,30/06/2026
coni:140103,FIGC,934051,01/07/2025,30/06/2026
coni:140104,FIGC,949592,01/07/2025,30/06/2026
coni:140107,FIGC,950153,01/07/2025,30/06/2026
coni:140117,FIGC,665058,01/07/2025,30/06/2026
coni:140118,FIGC,201873,01/07/2025,30/06/2026
coni:140120,FIGC,948504,01/07/2025,30/06/2026
coni:140125,FIGC,953685,01/07/2025,30/06/2026
coni:140131,FIGC,938932,01/07/2025,30/06/2026
coni:140132,FIGC,962541,01/07/2025,30/06/2026
coni:140139,FIGC,945654,01/07/2025,30/06/2026
coni:140152,ASC|CSEN|FIGC,204456,01/07/2025,30/06/2026
coni:140157,FIGC,916347,01/07/2025,30/06/2026
coni:140164,FIGC,69051,01/07/2025,30/06/2026
coni:140166,FIGC,945486,01/07/2025,30/06/2026
coni:140278,FIGC,955038,01/07/2025,30/06/2026
coni:1403,FIGC,61479,01/07/2025,30/06/2026
coni:140304,FIGC|OPES,947809,01/07/2025,30/06/2026
coni:14034,AICS|CSI|FIGC,932555,01/07/2025,30/06/2026
coni:14040,FIGC,920935,01/07/2025,30/06/2026
coni:14041,AICS|FIGC,932629,01/07/2025,30/06/2026
coni:1405,FIGC|FIP|UISP,700545,01/07/2025,30/06/2026
coni:140502,CSEN|FIGC,964755,26/09/2025,30/06/2026
coni:140526,FIGC|PGS,952571,01/07/2025,30/06/2026
coni:14079,FIGC,952233,01/07/2025,30/06/2026
coni:14083,FIGC|UISP,65762,01/07/2025,30/06/2026
coni:140980,AICS|FIGC,962435,01/07/2025,30/06/2026
coni:14102,FIGC,964070,12/09/2025,30/06/2026
coni:141051,CSI|FIGC,952521,01/07/2025,30/06/2026
coni:141152,FIGC,943713,01/07/2025,30/06/2026
coni:141156,FIGC,912412,01/07/2025,30/06/2026
coni:141164,FIGC,950410,01/07/2025,30/06/2026
coni:141170,CSI|FIGC,949594,01/07/2025,30/06/2026
coni:141178,FIGC,950288,01/07/2025,30/06/2026
coni:141182,FIGC|UISP|US_ACLI,950283,01/07/2025,30/06/2026
coni:141183,FIGC,950411,01/07/2025,30/06/2026
coni:141192,FIGC,945801,01/07/2025,30/06/2026
coni:141197,FIGC,950466,01/07/2025,30/06/2026
coni:141202,FIGC,950440,01/07/2025,30/06/2026
coni:141205,ASC|CSEN|FIGC|UISP,950390,01/07/2025,30/06/2026
coni:141206,FIGC,950343,01/07/2025,30/06/2026
coni:141207,FIGC,945315,01/07/2025,30/06/2026
coni:141210,FIGC,936171,01/07/2025,30/06/2026
coni:141212,FIGC|PGS,941444,01/07/2025,30/06/2026
coni:14123,FIGC,962983,01/07/2025,30/06/2026
coni:141233,FIGC|UISP,949982,01/07/2025,30/06/2026
coni:141235,FIGC,949191,01/07/2025,30/06/2026
coni:141241,FIGC,949835,01/07/2025,30/06/2026
coni:14135,CSI|FIGC,78975,01/07/2025,30/06/2026
coni:141373,FIGC,938441,01/07/2025,30/06/2026
coni:14138,FIGC,947593,01/07/2025,30/06/2026
coni:14147,CSI|FIGC|FIP|PGS,04100120,04/07/2025,30/06/2026
coni:141494,ASC|FIGC,955628,01/07/2025,30/06/2026
coni:14160,FIGC,55980,01/07/2025,30/06/2026
coni:14179,FIGC,934081,01/07/2025,30/06/2026
coni:141827,FIGC,948341,01/07/2025,30/06/2026
coni:141832,FIGC,950028,01/07/2025,30/06/2026
coni:141836,FIGC,914904,01/07/2025,30/06/2026
coni:141838,FIGC,950446,01/07/2025,30/06/2026
coni:141848,FIGC,41350,01/07/2025,30/06/2026
coni:14185,FIGC,74880,01/07/2025,30/06/2026
coni:141862,FIGC,620531,01/07/2025,30/06/2026
coni:141865,FIGC,950270,01/07/2025,30/06/2026
coni:141866,FIGC,950174,01/07/2025,30/06/2026
coni:141872,FIGC,945897,01/07/2025,30/06/2026
coni:141876,FIGC,922183,01/07/2025,30/06/2026
coni:141878,FIGC,630627,01/07/2025,30/06/2026
coni:141880,FIGC,950281,01/07/2025,30/06/2026
coni:141889,FIGC,963795,01/07/2025,30/06/2026
coni:141902,FIGC,950348,01/07/2025,30/06/2026
coni:141918,FIGC,917094,01/07/2025,30/06/2026
coni:141919,FIGC,950152,01/07/2025,30/06/2026
coni:141926,FIGC,934112,01/07/2025,30/06/2026
coni:14218,CSI|FIGC,938320,01/07/2025,30/06/2026
coni:14277,FIGC,930788,01/07/2025,30/06/2026
coni:142776,CSEN|FIGC,955008,01/07/2025,30/06/2026
coni:14284,CSI|FIGC,675475,01/07/2025,30/06/2026
coni:143054,CSEN|FIGC|PGS,951722,01/07/2025,30/06/2026
coni:14323,FIGC,936346,01/07/2025,30/06/2026
coni:14341,ENDAS|FIGC,947419,01/07/2025,30/06/2026
coni:14356,FIGC,933868,01/07/2025,30/06/2026
coni:143660,FIGC,952305,01/07/2025,30/06/2026
coni:143775,FIGC,964194,07/08/2025,30/06/2026
coni:143776,FIGC,950595,01/07/2025,30/06/2026
coni:14389,FIGC,940879,01/07/2025,30/06/2026
coni:14395,FIGC,943655,01/07/2025,30/06/2026
coni:144065,CSEN|FIGC,950443,01/07/2025,30/06/2026
coni:14419,CSI|FIGC,938252,01/07/2025,30/06/2026
coni:1442,FIGC,206424,01/07/2025,30/06/2026
coni:1443,FIGC,943073,01/07/2025,30/06/2026
coni:144382,FIGC,949604,01/07/2025,30/06/2026
coni:14451,CSI|FIGC,630241,01/07/2025,30/06/2026
coni:14477,FIGC|UISP,930081,01/07/2025,30/06/2026
coni:144809,FIGC,963246,01/07/2025,30/06/2026
coni:14484,FIGC,920599,01/07/2025,30/06/2026
coni:14486,FIGC,921236,01/07/2025,30/06/2026
coni:144882,FIGC|UISP,963288,01/07/2025,30/06/2026
coni:144922,FIGC,951673,01/07/2025,30/06/2026
coni:145068,ASC|FIGC,912710,01/07/2025,30/06/2026
coni:14509,FIGC,930631,01/07/2025,30/06/2026
coni:14511,CSI|FIGC,922795,01/07/2025,30/06/2026
coni:145207,FIGC,963301,01/07/2025,30/06/2026
coni:14526,FIGC,931980,01/07/2025,30/06/2026
coni:145344,FIGC,954373,01/07/2025,30/06/2026
coni:145460,CSEN|FIGC,952422,01/07/2025,30/06/2026
coni:145623,FIGC,954357,01/07/2025,30/06/2026
coni:145635,FIGC,962675,01/07/2025,30/06/2026
coni:145803,CSEN|FIGC,954061,01/07/2025,30/06/2026
coni:145883,FIGC,964422,06/08/2025,30/06/2026
coni:14603,FIGC,941409,01/07/2025,30/06/2026
coni:14621,CSI|FIGC,2870,01/07/2025,30/06/2026
coni:146223,FIGC,944348,01/07/2025,30/06/2026
coni:146283,CSI|FIGC,951420,01/07/2025,30/06/2026
coni:146544,FIGC,950699,01/07/2025,30/06/2026
coni:146588,FIGC,932256,01/07/2025,30/06/2026
coni:14663,FIGC,953869,01/07/2025,30/06/2026
coni:147072,FIGC,951697,01/07/2025,30/06/2026
coni:14709,FIGC,937681,01/07/2025,30/06/2026
coni:14725,FIGC,74062,01/07/2025,30/06/2026
coni:147373,FIGC,951901,01/07/2025,30/06/2026
coni:147477,FIGC,952242,01/07/2025,30/06/2026
coni:147541,CSEN|FIGC,963789,01/07/2025,30/06/2026
coni:14755,FIGC|PGS,610599,01/07/2025,30/06/2026
coni:14761,FIGC|UISP,917527,01/07/2025,30/06/2026
coni:147696,CSI|FIGC,963167,01/07/2025,30/06/2026
coni:14774,FIGC,934440,01/07/2025,30/06/2026
coni:147747,FIGC,951597,01/07/2025,30/06/2026
coni:14776,FIGC,600498,01/07/2025,30/06/2026
coni:14794,FIGC,935581,01/07/2025,30/06/2026
coni:147965,FIGC,952230,01/07/2025,30/06/2026
coni:147982,FIGC,954327,01/07/2025,30/06/2026
coni:147994,FIGC,953988,01/07/2025,30/06/2026
coni:148040,CSI|FIGC,951375,01/07/2025,30/06/2026
coni:148053,FIGC,955636,01/07/2025,30/06/2026
coni:148074,FIGC,964353,05/08/2025,30/06/2026
coni:14813,FIGC,70392,01/07/2025,30/06/2026
coni:148348,ASC|FIGC,951639,01/07/2025,30/06/2026
coni:148391,FIGC,922829,01/07/2025,30/06/2026
coni:148392,FIGC,963650,01/07/2025,30/06/2026
coni:148475,ASC|FIGC,951546,01/07/2025,30/06/2026
coni:148585,FIGC,962999,01/07/2025,30/06/2026
coni:148607,FIGC,952351,01/07/2025,30/06/2026
coni:148632,FIGC|PGS,02501682,16/07/2025,30/06/2026
coni:14867,FIGC,700116,01/07/2025,30/06/2026
coni:148682,FIGC|PGS,951575,01/07/2025,30/06/2026
coni:1488,FIGC|PGS,947762,01/07/2025,30/06/2026
coni:148822,FIGC,951361,01/07/2025,30/06/2026
coni:148826,FIGC,58597,01/07/2025,30/06/2026
coni:148870,FIGC,951369,01/07/2025,30/06/2026
coni:148873,FIGC,951480,01/07/2025,30/06/2026
coni:148882,FIGC,951419,01/07/2025,30/06/2026
coni:148884,FIGC,951416,01/07/2025,30/06/2026
coni:148885,FIGC,951440,01/07/2025,30/06/2026
coni:148887,CSI|FIGC,951448,01/07/2025,30/06/2026
coni:148893,FIGC,951446,01/07/2025,30/06/2026
coni:148897,FIGC,951543,01/07/2025,30/06/2026
coni:148898,FIGC,951545,01/07/2025,30/06/2026
coni:148899,FIGC,951542,01/07/2025,30/06/2026
coni:1489,FIGC,911216,01/07/2025,30/06/2026
coni:148901,FIGC,951443,01/07/2025,30/06/2026
coni:148902,FIGC,951580,01/07/2025,30/06/2026
coni:148905,FIGC,951578,01/07/2025,30/06/2026
coni:148906,FIGC,951547,01/07/2025,30/06/2026
coni:148907,FIGC,951612,01/07/2025,30/06/2026
coni:148911,FIGC|UISP,951615,01/07/2025,30/06/2026
coni:148917,FIGC,951525,01/07/2025,30/06/2026
coni:148918,FIGC,951636,01/07/2025,30/06/2026
coni:148924,FIGC|UISP,951698,01/07/2025,30/06/2026
coni:148926,CSI|FIGC,951674,01/07/2025,30/06/2026
coni:148986,CSI|FIGC,710624,01/07/2025,30/06/2026
coni:148987,FIGC,730395,01/07/2025,30/06/2026
coni:149007,FIGC,920497,01/07/2025,30/06/2026
coni:149031,FIGC,951859,01/07/2025,30/06/2026
coni:149033,AICS|FIGC,951739,01/07/2025,30/06/2026
coni:149034,FIGC,951562,01/07/2025,30/06/2026
coni:149036,FIGC,951544,01/07/2025,30/06/2026
coni:14905,CSI|FIGC,922742,01/07/2025,30/06/2026
coni:149063,FIGC,938452,01/07/2025,30/06/2026
coni:149097,CSEN|FIGC,940802,01/07/2025,30/06/2026
coni:149100,FIGC,941250,01/07/2025,30/06/2026
coni:149122,FIGC,951445,01/07/2025,30/06/2026
coni:149123,FIGC,922638,01/07/2025,30/06/2026
coni:149129,FIGC,951613,01/07/2025,30/06/2026
coni:149131,FIGC,951632,01/07/2025,30/06/2026
coni:149132,FIGC,951675,01/07/2025,30/06/2026
coni:149134,FIGC,951692,01/07/2025,30/06/2026
coni:149135,FIGC,951696,01/07/2025,30/06/2026
coni:149137,FIGC,89009,18/05/2026,31/12/2026
coni:149138,FIGC,951702,01/07/2025,30/06/2026
coni:149145,FIGC,951723,01/07/2025,30/06/2026
coni:149146,FIGC,951724,01/07/2025,30/06/2026
coni:149150,AICS|FIGC,951731,01/07/2025,30/06/2026
coni:149154,FIGC,951750,01/07/2025,30/06/2026
coni:149155,FIGC,951754,01/07/2025,30/06/2026
coni:149156,FIGC,951756,01/07/2025,30/06/2026
coni:149159,FIGC,951761,01/07/2025,30/06/2026
coni:149166,FIGC,951791,01/07/2025,30/06/2026
coni:149167,AICS|CSI|FIGC,951793,01/07/2025,30/06/2026
coni:149171,FIGC,951800,01/07/2025,30/06/2026
coni:149177,FIGC,951807,01/07/2025,30/06/2026
coni:149182,FIGC,951824,01/07/2025,30/06/2026
coni:149183,FIGC,951830,01/07/2025,30/06/2026
coni:149194,CSI|FIGC,953049,01/07/2025,30/06/2026
coni:149200,FIGC,951735,01/07/2025,30/06/2026
coni:149202,ASC|CSEN|FIGC,951743,01/07/2025,30/06/2026
coni:149204,FIGC,951880,01/07/2025,30/06/2026
coni:149211,FIGC|UISP,951677,01/07/2025,30/06/2026
coni:14923,FIGC,943112,01/07/2025,30/06/2026
coni:149290,AICS|FIGC,951610,01/07/2025,30/06/2026
coni:149323,AICS|ASC|CSI|FIGC|UISP,954966,01/07/2025,30/06/2026
coni:1494,ENDAS|FIGC,945722,01/07/2025,30/06/2026
coni:149454,CSI|FIGC,964061,01/07/2025,30/06/2026
coni:149466,FIGC,951365,01/07/2025,30/06/2026
coni:149474,FIGC|PGS,951869,01/07/2025,30/06/2026
coni:149475,FIGC,951815,01/07/2025,30/06/2026
coni:14951,FIGC,919554,01/07/2025,30/06/2026
coni:149523,CSI|FIGC,206116,01/07/2025,30/06/2026
coni:149538,FIGC,955500,01/07/2025,30/06/2026
coni:14955,FIGC,952033,01/07/2025,30/06/2026
coni:149553,CSI|FIGC,951386,01/07/2025,30/06/2026
coni:149654,FIGC|UISP,922758,01/07/2025,30/06/2026
coni:149662,FIGC,675217,01/07/2025,30/06/2026
coni:149719,FIGC,954889,01/07/2025,30/06/2026
coni:14975,FIGC,919251,01/07/2025,30/06/2026
coni:14979,FIGC,943413,01/07/2025,30/06/2026
coni:149798,CSI|FIGC,951767,01/07/2025,30/06/2026
coni:149894,FIGC,952949,01/07/2025,30/06/2026
coni:149900,FIGC,955015,01/07/2025,30/06/2026
coni:149913,FIGC,952715,01/07/2025,30/06/2026
coni:149922,FIGC,941270,01/07/2025,30/06/2026
coni:149943,FIGC|UISP,962895,01/07/2025,30/06/2026
coni:149962,ASC|FIGC,953122,01/07/2025,30/06/2026
coni:149996,CSEN|FIGC,963094,01/07/2025,30/06/2026
coni:150015,CSI|FIGC,953168,01/07/2025,30/06/2026
coni:150077,FIGC,954876,01/07/2025,30/06/2026
coni:150078,FIGC,955030,01/07/2025,30/06/2026
coni:150084,FIGC,952082,01/07/2025,30/06/2026
coni:150187,FIGC,951384,01/07/2025,30/06/2026
coni:150188,CSI|FIGC,08200238,03/07/2025,30/06/2026
coni:150247,FIGC,955012,01/07/2025,30/06/2026
coni:150269,CSI|FIGC,963509,01/07/2025,30/06/2026
coni:150274,FIGC,952001,01/07/2025,30/06/2026
coni:15030,FIGC,30410,01/07/2025,30/06/2026
coni:150357,FIGC,954158,01/07/2025,30/06/2026
coni:150436,FIGC,945789,01/07/2025,30/06/2026
coni:15045,AICS|FIGC,770319,01/07/2025,30/06/2026
coni:150542,FIGC,930551,01/07/2025,30/06/2026
coni:150545,ASC|CSEN|FIGC,953354,01/07/2025,30/06/2026
coni:15057,FIGC,943198,01/07/2025,30/06/2026
coni:150667,FIGC,963832,01/07/2025,30/06/2026
coni:150690,FIGC,962422,01/07/2025,30/06/2026
coni:15076,CSI|FIGC,03701299,09/07/2025,30/06/2026
coni:15078,FIGC,943357,01/07/2025,30/06/2026
coni:150791,FIGC,951699,01/07/2025,30/06/2026
coni:150956,FIGC,952097,01/07/2025,30/06/2026
coni:15102,FIGC,943654,01/07/2025,30/06/2026
coni:15112,FIGC,780429,01/07/2025,30/06/2026
coni:151203,FIGC,951841,01/07/2025,30/06/2026
coni:151207,FIGC,952317,01/07/2025,30/06/2026
coni:15121,FIGC,921973,01/07/2025,30/06/2026
coni:15122,FIGC,780004,01/07/2025,30/06/2026
coni:15125,CSI|FIGC,935565,01/07/2025,30/06/2026
coni:151251,FIGC,951410,01/07/2025,30/06/2026
coni:151262,FIGC,952201,01/07/2025,30/06/2026
coni:151397,FIGC,951890,01/07/2025,30/06/2026
coni:151407,FIGC,951527,01/07/2025,30/06/2026
coni:151410,FIGC|UISP,953279,01/07/2025,30/06/2026
coni:15142,FIGC,918791,01/07/2025,30/06/2026
coni:151431,FIGC,951444,01/07/2025,30/06/2026
coni:151432,FIGC,951370,01/07/2025,30/06/2026
coni:151453,FIGC,951418,01/07/2025,30/06/2026
coni:151463,FIGC,951399,01/07/2025,30/06/2026
coni:15147,CSI|FIGC|PGS|UISP,15200255,11/07/2025,30/06/2026
coni:151529,FIGC,952292,01/07/2025,30/06/2026
coni:151557,FIGC,952169,01/07/2025,30/06/2026
coni:151558,FIGC,949708,01/07/2025,30/06/2026
coni:151615,FIGC,952223,01/07/2025,30/06/2026
coni:151623,CSI|FIGC,67151,01/07/2025,30/06/2026
coni:151628,FIGC,945251,01/07/2025,30/06/2026
coni:15164,FIGC,936376,01/07/2025,30/06/2026
coni:151677,FIGC,931385,01/07/2025,30/06/2026
coni:151699,FIGC,962226,01/07/2025,30/06/2026
coni:151708,CSEN|FIGC,952459,01/07/2025,30/06/2026
coni:1519,FIGC,780580,01/07/2025,30/06/2026
coni:151957,CSI|FIGC,951994,01/07/2025,30/06/2026
coni:15196,FIGC,80994,01/07/2025,30/06/2026
coni:15198,FIGC,945167,01/07/2025,30/06/2026
coni:15200,FIGC,943232,01/07/2025,30/06/2026
coni:15206,FIGC,935942,01/07/2025,30/06/2026
coni:152078,FIGC,952173,01/07/2025,30/06/2026
coni:152084,FIGC|PGS,952555,01/07/2025,30/06/2026
coni:152127,FIGC,951633,01/07/2025,30/06/2026
coni:152130,FIGC,951683,01/07/2025,30/06/2026
coni:152134,FIGC,951716,01/07/2025,30/06/2026
coni:152137,FIGC,951742,01/07/2025,30/06/2026
coni:152142,FIGC,951759,01/07/2025,30/06/2026
coni:152145,FIGC,951778,01/07/2025,30/06/2026
coni:152147,FIGC,951801,01/07/2025,30/06/2026
coni:152149,AICS|FIGC,951809,01/07/2025,30/06/2026
coni:152153,FIGC,951826,01/07/2025,30/06/2026
coni:152154,FIGC,951829,01/07/2025,30/06/2026
coni:152155,FIGC,963092,01/07/2025,30/06/2026
coni:152159,FIGC,951839,01/07/2025,30/06/2026
coni:15216,FIGC,770209,01/07/2025,30/06/2026
coni:152160,AICS|FIGC,951843,01/07/2025,30/06/2026
coni:152162,FIGC,951846,01/07/2025,30/06/2026
coni:152173,FIGC,922709,01/07/2025,30/06/2026
coni:152174,CSEN|FIGC,951862,01/07/2025,30/06/2026
coni:152176,FIGC,951868,01/07/2025,30/06/2026
coni:152177,FIGC,951870,01/07/2025,30/06/2026
coni:152190,FIGC,951915,01/07/2025,30/06/2026
coni:152194,FIGC,951926,01/07/2025,30/06/2026
coni:152198,FIGC,951933,01/07/2025,30/06/2026
coni:152200,FIGC,951937,01/07/2025,30/06/2026
coni:152201,FIGC,951939,01/07/2025,30/06/2026
coni:152202,FIGC,951943,01/07/2025,30/06/2026
coni:152207,FIGC,951953,01/07/2025,30/06/2026
coni:152212,FIGC,951962,01/07/2025,30/06/2026
coni:152220,FIGC,951979,01/07/2025,30/06/2026
coni:152224,FIGC,951987,01/07/2025,30/06/2026
coni:152226,FIGC,951989,01/07/2025,30/06/2026
coni:152228,FIGC,951993,01/07/2025,30/06/2026
coni:152231,FIGC,951997,01/07/2025,30/06/2026
coni:15224,FIGC,61582,01/07/2025,30/06/2026
coni:152246,FIGC,952025,01/07/2025,30/06/2026
coni:152260,CSI|FIGC,952050,01/07/2025,30/06/2026
coni:152264,FIGC,952060,01/07/2025,30/06/2026
coni:152265,FIGC,952061,01/07/2025,30/06/2026
coni:152271,FIGC,952068,01/07/2025,30/06/2026
coni:152272,FIGC,952070,01/07/2025,30/06/2026
coni:152278,FIGC,952080,01/07/2025,30/06/2026
coni:152293,FIGC,952109,01/07/2025,30/06/2026
coni:152294,CSI|FIGC,08001211,18/10/2025,30/06/2026
coni:152305,FIGC,952125,01/07/2025,30/06/2026
coni:152307,CSEN|FIGC,952134,01/07/2025,30/06/2026
coni:152308,FIGC,952136,01/07/2025,30/06/2026
coni:152310,FIGC,952139,01/07/2025,30/06/2026
coni:152313,FIGC,953858,01/07/2025,30/06/2026
coni:152314,FIGC,952148,01/07/2025,30/06/2026
coni:152317,CSI|FIGC,952152,01/07/2025,30/06/2026
coni:152325,FIGC,952172,01/07/2025,30/06/2026
coni:152326,CSI|FIGC|FIP,55869,07/07/2025,30/06/2026
coni:152332,FIGC,952186,01/07/2025,30/06/2026
coni:152333,FIGC,952189,01/07/2025,30/06/2026
coni:152336,FIGC,952195,01/07/2025,30/06/2026
coni:152339,FIGC,952198,01/07/2025,30/06/2026
coni:152340,FIGC,952202,01/07/2025,30/06/2026
coni:152344,FIGC,952210,01/07/2025,30/06/2026
coni:152356,ASC|FIGC|PGS,952228,01/07/2025,30/06/2026
coni:152357,FIGC,952229,01/07/2025,30/06/2026
coni:152361,FIGC,947589,01/07/2025,30/06/2026
coni:152364,FIGC,952239,01/07/2025,30/06/2026
coni:152370,FIGC|US_ACLI,952249,01/07/2025,30/06/2026
coni:152378,FIGC,952260,01/07/2025,30/06/2026
coni:152380,FIGC,952265,01/07/2025,30/06/2026
coni:152383,FIGC,952268,01/07/2025,30/06/2026
coni:152386,FIGC,952274,01/07/2025,30/06/2026
coni:152393,FIGC|OPES,11581,03/09/2025,31/08/2026
coni:152396,FIGC,952303,01/07/2025,30/06/2026
coni:152398,CSEN|FIGC,952306,01/07/2025,30/06/2026
coni:152400,FIGC,952312,01/07/2025,30/06/2026
coni:152401,FIGC,952313,01/07/2025,30/06/2026
coni:152403,FIGC,952321,01/07/2025,30/06/2026
coni:152406,CSI|FIGC,952330,01/07/2025,30/06/2026
coni:152408,FIGC,952332,01/07/2025,30/06/2026
coni:152415,FIGC,952353,01/07/2025,30/06/2026
coni:152428,FIGC,952379,01/07/2025,30/06/2026
coni:152435,FIGC,952399,01/07/2025,30/06/2026
coni:152442,FIGC,952426,01/07/2025,30/06/2026
coni:152461,FIGC,952489,01/07/2025,30/06/2026
coni:152465,FIGC,952502,01/07/2025,30/06/2026
coni:152466,FIGC,952504,01/07/2025,30/06/2026
coni:152473,FIGC,952516,01/07/2025,30/06/2026
coni:152477,CSEN|FIGC,952553,01/07/2025,30/06/2026
coni:152534,FIGC,938590,01/07/2025,30/06/2026
coni:15255,CSI|FIGC,62938,01/07/2025,30/06/2026
coni:15259,FIGC,933775,01/07/2025,30/06/2026
coni:15267,CSI|FIGC,910215,01/07/2025,30/06/2026
coni:15269,FIGC,954887,01/07/2025,30/06/2026
coni:136227,FIGC,949474,01/07/2025,30/06/2026
coni:140167,FIGC,949391,01/07/2025,30/06/2026
coni:141920,FIGC,949603,01/07/2025,30/06/2026
coni:141933,FIGC,941598,01/07/2025,30/06/2026
coni:142234,FIGC,100015,01/07/2025,30/06/2026
coni:14310,CSI|FIGC,02200182,18/07/2025,30/06/2026
coni:14490,FIGC,920595,01/07/2025,30/06/2026
coni:146450,CSEN|FIGC,951536,01/07/2025,30/06/2026
coni:148877,FIGC,951530,01/07/2025,30/06/2026
coni:149029,FIGC,66408,01/07/2025,30/06/2026
coni:14907,FIGC,930140,01/07/2025,30/06/2026
coni:149168,FIGC,951794,01/07/2025,30/06/2026
coni:14995,FIGC,930784,01/07/2025,30/06/2026
coni:150139,FIGC,951892,01/07/2025,30/06/2026
coni:151524,FIGC|PGS,962805,01/07/2025,30/06/2026
coni:151566,FIGC,954900,01/07/2025,30/06/2026
coni:151958,FIGC,952226,01/07/2025,30/06/2026
coni:152282,FIGC,952091,01/07/2025,30/06/2026
coni:152322,FIGC,952164,01/07/2025,30/06/2026
coni:152346,CSI|FIGC|OPES,952212,01/07/2025,30/06/2026
coni:152721,FIGC,770185,01/07/2025,30/06/2026
coni:15274,CSI|FIGC,62129,01/07/2025,30/06/2026
coni:15276,FIGC,55740,01/07/2025,30/06/2026
coni:152776,FIGC,951483,01/07/2025,30/06/2026
coni:15285,FIGC,940738,01/07/2025,30/06/2026
coni:152861,FIGC,64826,01/07/2025,30/06/2026
coni:152936,FIGC,951468,01/07/2025,30/06/2026
coni:153053,FIGC,922176,01/07/2025,30/06/2026
coni:15307,CSI|FIGC|FIP|UISP,73055,01/07/2025,30/06/2026
coni:153080,AICS|CSI|FIGC,00002121,04/09/2025,30/06/2026
coni:153151,FIGC,951893,01/07/2025,30/06/2026
coni:153327,FIGC,962484,01/07/2025,30/06/2026
coni:153382,FIGC,51740,01/07/2025,30/06/2026
coni:153400,FIGC,931080,01/07/2025,30/06/2026
coni:153403,CSI|FIGC,11500673,29/08/2025,30/06/2026
coni:153409,FIGC,940969,01/07/2025,30/06/2026
coni:153418,FIGC,948103,01/07/2025,30/06/2026
coni:15342,FIGC,916527,01/07/2025,30/06/2026
coni:153420,FIGC,949753,01/07/2025,30/06/2026
coni:153421,CSEN|FIGC,949992,01/07/2025,30/06/2026
coni:153423,FIGC,950290,01/07/2025,30/06/2026
coni:153431,FIGC,951372,01/07/2025,30/06/2026
coni:153432,CSI|FIGC,951373,01/07/2025,30/06/2026
coni:153433,FIGC,951376,01/07/2025,30/06/2026
coni:153435,FIGC,951379,01/07/2025,30/06/2026
coni:153440,FIGC,951405,01/07/2025,30/06/2026
coni:153442,FIGC,951414,01/07/2025,30/06/2026
coni:153447,FIGC,951466,01/07/2025,30/06/2026
coni:153449,FIGC,951470,01/07/2025,30/06/2026
coni:153451,FIGC,951475,01/07/2025,30/06/2026
coni:153452,FIGC,951477,01/07/2025,30/06/2026
coni:153455,FIGC,951509,01/07/2025,30/06/2026
coni:153458,FIGC,951528,01/07/2025,30/06/2026
coni:153463,FIGC,951917,01/07/2025,30/06/2026
coni:15350,FIGC,911634,01/07/2025,30/06/2026
coni:15353,CSI|FIGC,941283,01/07/2025,30/06/2026
coni:153600,FIGC,917817,01/07/2025,30/06/2026
coni:153618,FIGC,952549,01/07/2025,30/06/2026
coni:15363,FIGC,932898,01/07/2025,30/06/2026
coni:15369,FIGC,943916,01/07/2025,30/06/2026
coni:153750,FIGC,100006,01/07/2025,30/06/2026
coni:153753,FIGC,100013,01/07/2025,30/06/2026
coni:153762,FIGC,948273,01/07/2025,30/06/2026
coni:153774,FIGC,950545,01/07/2025,30/06/2026
coni:153777,FIGC,35610,01/07/2025,30/06/2026
coni:153852,FIGC,938487,01/07/2025,30/06/2026
coni:153854,FIGC,937018,01/07/2025,30/06/2026
coni:153985,FIGC,59971,01/07/2025,30/06/2026
coni:153992,FIGC,949542,01/07/2025,30/06/2026
coni:154,FIGC,58341,01/07/2025,30/06/2026
coni:15407,CSEN|FIGC,676194,01/07/2025,30/06/2026
coni:154176,FIGC,953050,01/07/2025,30/06/2026
coni:1542,FIGC,66023,01/07/2025,30/06/2026
coni:154512,FIGC,952586,01/07/2025,30/06/2026
coni:154680,CSI|FIGC,952052,01/07/2025,30/06/2026
coni:1547,FIGC,730464,01/07/2025,30/06/2026
coni:154892,FIGC,68950,01/07/2025,30/06/2026
coni:1552,FIGC,71269,01/07/2025,30/06/2026
coni:155254,FIGC,954897,01/07/2025,30/06/2026
coni:155324,FIGC,937662,01/07/2025,30/06/2026
coni:155387,FIGC,939163,01/07/2025,30/06/2026
coni:15548,CSI|FIGC,62196,01/07/2025,30/06/2026
coni:155495,AICS|FIGC,60894,01/07/2025,30/06/2026
coni:15551,FIGC,945376,01/07/2025,30/06/2026
coni:155637,CSI|FIGC,963068,01/07/2025,30/06/2026
coni:155807,ENDAS|FIGC,964407,05/08/2025,30/06/2026
coni:155887,FIGC,73197,01/07/2025,30/06/2026
coni:15593,FIGC,934718,01/07/2025,30/06/2026
coni:156034,FIGC,947819,01/07/2025,30/06/2026
coni:156084,FIGC|US_ACLI,17200,08/01/2026,31/12/2026
coni:156179,FIGC|OPES,964570,10/09/2025,30/06/2026
coni:156216,FIGC,953414,01/07/2025,30/06/2026
coni:156248,CSEN|FIGC,911709,01/07/2025,30/06/2026
coni:156270,FIGC,951888,01/07/2025,30/06/2026
coni:15628,FIGC,937956,01/07/2025,30/06/2026
coni:15637,FIGC,917205,01/07/2025,30/06/2026
coni:15645,FIGC,920236,01/07/2025,30/06/2026
coni:156470,CSI|FIGC,952193,01/07/2025,30/06/2026
coni:156589,ENDAS|FIGC,952639,01/07/2025,30/06/2026
coni:15661,FIGC,941519,01/07/2025,30/06/2026
coni:156680,FIGC,954164,01/07/2025,30/06/2026
coni:156724,FIGC,62170,01/07/2025,30/06/2026
coni:156817,FIGC|OPES,98536,02/09/2025,31/08/2026
coni:156904,FIGC,934024,01/07/2025,30/06/2026
coni:156940,FIGC,952714,01/07/2025,30/06/2026
coni:15695,FIGC,941741,01/07/2025,30/06/2026
coni:156956,ASC|FIGC,951643,01/07/2025,30/06/2026
coni:156975,ENDAS|FIGC|UISP,962337,01/07/2025,30/06/2026
coni:157013,FIGC|US_ACLI,962469,01/07/2025,30/06/2026
coni:157067,FIGC,74374,01/07/2025,30/06/2026
coni:1571,FIGC,750465,01/07/2025,30/06/2026
coni:15717,FIGC,937829,01/07/2025,30/06/2026
coni:15721,FIGC,932889,01/07/2025,30/06/2026
coni:157223,CSEN|FIGC,962006,01/07/2025,30/06/2026
coni:15723,FIGC,933680,01/07/2025,30/06/2026
coni:157266,FIGC,953035,01/07/2025,30/06/2026
coni:157284,FIGC,933143,01/07/2025,30/06/2026
coni:157291,FIGC,951374,01/07/2025,30/06/2026
coni:157292,FIGC,952207,01/07/2025,30/06/2026
coni:157294,FIGC,952329,01/07/2025,30/06/2026
coni:157295,FIGC,952427,01/07/2025,30/06/2026
coni:157313,FIGC,954201,01/07/2025,30/06/2026
coni:157483,FIGC,948137,01/07/2025,30/06/2026
coni:157502,FIGC,962913,01/07/2025,30/06/2026
coni:157560,CSI|FIGC,09800285,01/07/2025,30/06/2026
coni:15771,FIGC,943128,01/07/2025,30/06/2026
coni:1579,FIGC,74536,01/07/2025,30/06/2026
coni:15793,FIGC,934475,01/07/2025,30/06/2026
coni:157945,FIGC,953081,01/07/2025,30/06/2026
coni:15796,FIGC,943716,01/07/2025,30/06/2026
coni:157970,FIGC,952746,01/07/2025,30/06/2026
coni:157990,CSEN|FIGC,952886,01/07/2025,30/06/2026
coni:158033,CSEN|FIGC,955000,01/07/2025,30/06/2026
coni:158195,FIGC,953018,01/07/2025,30/06/2026
coni:158226,FIGC,945777,01/07/2025,30/06/2026
coni:15823,FIGC,934079,01/07/2025,30/06/2026
coni:158234,FIGC,952712,01/07/2025,30/06/2026
coni:158235,FIGC,952716,01/07/2025,30/06/2026
coni:158236,CSI|FIGC,952717,01/07/2025,30/06/2026
coni:158239,FIGC,952728,01/07/2025,30/06/2026
coni:158241,CSI|FIGC,952737,01/07/2025,30/06/2026
coni:158242,FIGC,952740,01/07/2025,30/06/2026
coni:158243,FIGC,952743,01/07/2025,30/06/2026
coni:158251,FIGC,952764,01/07/2025,30/06/2026
coni:158252,FIGC,952767,01/07/2025,30/06/2026
coni:158254,CSI|FIGC,952771,01/07/2025,30/06/2026
coni:158256,FIGC,952779,01/07/2025,30/06/2026
coni:158257,FIGC,952783,01/07/2025,30/06/2026
coni:158258,FIGC,952784,01/07/2025,30/06/2026
coni:158261,FIGC,952792,01/07/2025,30/06/2026
coni:158266,FIGC,952798,01/07/2025,30/06/2026
coni:158269,FIGC,952811,01/07/2025,30/06/2026
coni:158270,FIGC,952812,01/07/2025,30/06/2026
coni:158272,FIGC,952819,01/07/2025,30/06/2026
coni:158274,FIGC,952827,01/07/2025,30/06/2026
coni:158278,FIGC,952838,01/07/2025,30/06/2026
coni:158281,FIGC,952846,01/07/2025,30/06/2026
coni:158283,CSI|FIGC,04300930,05/09/2025,30/06/2026
coni:158286,FIGC,952861,01/07/2025,30/06/2026
coni:158288,CSEN|FIGC,952863,01/07/2025,30/06/2026
coni:158289,FIGC,952864,01/07/2025,30/06/2026
coni:158293,FIGC,952875,01/07/2025,30/06/2026
coni:158294,FIGC,952876,01/07/2025,30/06/2026
coni:158295,ENDAS|FIGC,952887,01/07/2025,30/06/2026
coni:158298,FIGC,952900,01/07/2025,30/06/2026
coni:158303,CSEN|FIGC,952911,01/07/2025,30/06/2026
coni:158304,FIGC,952915,01/07/2025,30/06/2026
coni:158307,CSI|FIGC|UISP,952923,01/07/2025,30/06/2026
coni:158309,ASC|FIGC,952950,01/07/2025,30/06/2026
coni:158310,FIGC,952962,01/07/2025,30/06/2026
coni:158315,FIGC,952989,01/07/2025,30/06/2026
coni:158339,FIGC,952882,01/07/2025,30/06/2026
coni:158346,CSI|FIGC,12200197,17/07/2025,30/06/2026
coni:158462,CSEN|FIGC,953943,01/07/2025,30/06/2026
coni:158478,FIGC,953495,01/07/2025,30/06/2026
coni:158509,FIGC,953852,01/07/2025,30/06/2026
coni:158535,FIGC,955151,01/07/2025,30/06/2026
coni:158537,FIGC,953175,01/07/2025,30/06/2026
coni:158605,FIGC,952937,01/07/2025,30/06/2026
coni:158606,AICS|FIGC,952807,01/07/2025,30/06/2026
coni:158609,AICS|FIGC,952892,01/07/2025,30/06/2026
coni:158610,FIGC,953039,01/07/2025,30/06/2026
coni:158611,FIGC,964630,10/09/2025,30/06/2026
coni:158614,FIGC,952810,01/07/2025,30/06/2026
coni:158616,CSI|FIGC,952963,01/07/2025,30/06/2026
coni:158619,FIGC,953026,01/07/2025,30/06/2026
coni:158621,FIGC,946984,01/07/2025,30/06/2026
coni:158625,FIGC|PGS,952955,01/07/2025,30/06/2026
coni:158629,FIGC,953016,01/07/2025,30/06/2026
coni:158631,FIGC,952850,01/07/2025,30/06/2026
coni:158632,FIGC|UISP,952884,01/07/2025,30/06/2026
coni:158633,FIGC,953017,01/07/2025,30/06/2026
coni:158643,CSI|FIGC,953098,01/07/2025,30/06/2026
coni:158645,FIGC,951752,01/07/2025,30/06/2026
coni:158647,FIGC,952736,01/07/2025,30/06/2026
coni:158651,CSI|FIGC,952794,01/07/2025,30/06/2026
coni:158652,FIGC,952801,01/07/2025,30/06/2026
coni:158654,FIGC,952804,01/07/2025,30/06/2026
coni:158656,FIGC,952822,01/07/2025,30/06/2026
coni:158658,FIGC,952881,01/07/2025,30/06/2026
coni:158664,FIGC,952957,01/07/2025,30/06/2026
coni:158665,FIGC,952967,01/07/2025,30/06/2026
coni:158667,FIGC,952973,01/07/2025,30/06/2026
coni:158668,FIGC,952982,01/07/2025,30/06/2026
coni:158669,FIGC,952988,01/07/2025,30/06/2026
coni:158672,FIGC,953005,01/07/2025,30/06/2026
coni:158673,CSI|FIGC|UISP,953006,01/07/2025,30/06/2026
coni:158675,FIGC,953008,01/07/2025,30/06/2026
coni:158676,ASC|CSEN|FIGC,953009,01/07/2025,30/06/2026
coni:158677,FIGC,953019,01/07/2025,30/06/2026
coni:158678,FIGC,953022,01/07/2025,30/06/2026
coni:158685,FIGC,953055,01/07/2025,30/06/2026
coni:158688,CSI|FIGC,953633,01/07/2025,30/06/2026
coni:158719,FIGC,953174,01/07/2025,30/06/2026
coni:158779,CSI|FIGC,953878,01/07/2025,30/06/2026
coni:15882,FIGC|OPES,932726,01/07/2025,30/06/2026
coni:158871,FIGC,954899,01/07/2025,30/06/2026
coni:158898,CSI|FIGC,09700164,01/07/2025,30/06/2026
coni:15890,CSI|FIGC,81923,01/07/2025,30/06/2026
coni:158971,CSI|FIGC,02001871,07/07/2025,30/06/2026
coni:158980,CSI|FIGC,952800,01/07/2025,30/06/2026
coni:158986,FIGC,952890,01/07/2025,30/06/2026
coni:158988,FIGC,952825,01/07/2025,30/06/2026
coni:158990,FIGC,953728,01/07/2025,30/06/2026
coni:158991,FIGC,953150,01/07/2025,30/06/2026
coni:158994,FIGC,952327,01/07/2025,30/06/2026
coni:158996,FIGC,952735,01/07/2025,30/06/2026
coni:158997,FIGC,952832,01/07/2025,30/06/2026
coni:158998,FIGC,952841,01/07/2025,30/06/2026
coni:159001,CSI|FIGC,952927,01/07/2025,30/06/2026
coni:159002,FIGC,952933,01/07/2025,30/06/2026
coni:159003,FIGC,952965,01/07/2025,30/06/2026
coni:159008,FIGC,953059,01/07/2025,30/06/2026
coni:159009,FIGC,953065,01/07/2025,30/06/2026
coni:159013,FIGC,953103,01/07/2025,30/06/2026
coni:159014,FIGC,953736,01/07/2025,30/06/2026
coni:159124,FIGC,963171,01/07/2025,30/06/2026
coni:159167,FIGC,948357,01/07/2025,30/06/2026
coni:15923,FIGC,917088,01/07/2025,30/06/2026
coni:159260,FIGC,955565,01/07/2025,30/06/2026
coni:159305,FIGC,945372,01/07/2025,30/06/2026
coni:159310,CSI|FIGC,951621,01/07/2025,30/06/2026
coni:159315,FIGC,952030,01/07/2025,30/06/2026
coni:15932,CSI|FIGC,204317,01/07/2025,30/06/2026
coni:159333,FIGC|OPES,954170,01/07/2025,30/06/2026
coni:159342,FIGC,952349,01/07/2025,30/06/2026
coni:159345,FIGC,952701,01/07/2025,30/06/2026
coni:159346,FIGC,952741,01/07/2025,30/06/2026
coni:159347,FIGC,952742,01/07/2025,30/06/2026
coni:159348,FIGC,952770,01/07/2025,30/06/2026
coni:159350,FIGC,952869,01/07/2025,30/06/2026
coni:159361,FIGC,953038,01/07/2025,30/06/2026
coni:159362,FIGC,953062,01/07/2025,30/06/2026
coni:159367,FIGC,963006,01/07/2025,30/06/2026
coni:159371,FIGC,953159,01/07/2025,30/06/2026
coni:159372,CSI|FIGC,953187,01/07/2025,30/06/2026
coni:159373,FIGC,953209,01/07/2025,30/06/2026
coni:159375,AICS|FIGC,953229,01/07/2025,30/06/2026
coni:159440,FIGC,955418,01/07/2025,30/06/2026
coni:15945,CSI|FIGC,944503,01/07/2025,30/06/2026
coni:159453,CSEN|FIGC,953901,01/07/2025,30/06/2026
coni:15947,FIGC,947252,01/07/2025,30/06/2026
coni:159529,FIGC,952866,01/07/2025,30/06/2026
coni:159531,FIGC,953156,01/07/2025,30/06/2026
coni:159534,FIGC,953274,01/07/2025,30/06/2026
coni:159607,FIGC,952986,01/07/2025,30/06/2026
coni:159608,FIGC,953129,01/07/2025,30/06/2026
coni:159609,FIGC,962506,01/07/2025,30/06/2026
coni:159610,FIGC,953207,01/07/2025,30/06/2026
coni:159611,FIGC,964165,01/07/2025,30/06/2026
coni:159613,FIGC,953249,01/07/2025,30/06/2026
coni:159614,ASC|FIGC,953250,01/07/2025,30/06/2026
coni:159619,FIGC,953321,01/07/2025,30/06/2026
coni:159620,FIGC,953329,01/07/2025,30/06/2026
coni:159643,FIGC,953442,01/07/2025,30/06/2026
coni:15965,CSI|FIGC|UISP,938282,01/07/2025,30/06/2026
coni:159729,FIGC,953890,01/07/2025,30/06/2026
coni:15973,FIGC,770357,01/07/2025,30/06/2026
coni:159760,FIGC,952960,01/07/2025,30/06/2026
coni:159765,FIGC,953299,01/07/2025,30/06/2026
coni:159770,FIGC,953295,01/07/2025,30/06/2026
coni:159774,FIGC,953197,01/07/2025,30/06/2026
coni:1598,FIGC,949587,01/07/2025,30/06/2026
coni:15981,FIGC,947067,01/07/2025,30/06/2026
coni:159862,FIGC,952145,01/07/2025,30/06/2026
coni:159901,FIGC,953161,01/07/2025,30/06/2026
coni:159904,FIGC,953173,01/07/2025,30/06/2026
coni:159905,FIGC,953179,01/07/2025,30/06/2026
coni:159906,FIGC,953180,01/07/2025,30/06/2026
coni:159909,FIGC,953215,01/07/2025,30/06/2026
coni:159910,FIGC,953218,01/07/2025,30/06/2026
coni:159911,FIGC,953244,01/07/2025,30/06/2026
coni:159912,FIGC,953251,01/07/2025,30/06/2026
coni:159916,FIGC,953284,01/07/2025,30/06/2026
coni:159920,FIGC,953327,01/07/2025,30/06/2026
coni:159921,FIGC,953341,01/07/2025,30/06/2026
coni:159922,FIGC,953383,01/07/2025,30/06/2026
coni:15993,FIGC|UISP,932339,01/07/2025,30/06/2026
coni:159947,CSI|FIGC,953188,01/07/2025,30/06/2026
coni:159949,FIGC,953236,01/07/2025,30/06/2026
coni:159951,FIGC,953277,01/07/2025,30/06/2026
coni:159952,FIGC,953280,01/07/2025,30/06/2026
coni:159954,FIGC,953306,01/07/2025,30/06/2026
coni:159956,FIGC,953183,01/07/2025,30/06/2026
coni:15998,FIGC|UISP,938183,01/07/2025,30/06/2026
coni:160049,FIGC,954955,01/07/2025,30/06/2026
coni:16006,FIGC,932678,01/07/2025,30/06/2026
coni:16011,FIGC,938129,01/07/2025,30/06/2026
coni:160157,FIGC,19520,01/07/2025,30/06/2026
coni:160158,FIGC,930648,01/07/2025,30/06/2026
coni:16016,FIGC,72871,01/07/2025,30/06/2026
coni:160164,FIGC,952738,01/07/2025,30/06/2026
coni:160174,FIGC,953139,01/07/2025,30/06/2026
coni:160186,FIGC,953481,01/07/2025,30/06/2026
coni:1603,FIGC,937022,01/07/2025,30/06/2026
coni:16030,FIGC,69884,01/07/2025,30/06/2026
coni:160329,FIGC|OPES,964440,08/08/2025,30/06/2026
coni:160362,FIGC,66939,01/07/2025,30/06/2026
coni:16037,FIGC,936351,01/07/2025,30/06/2026
coni:160442,CSEN|FIGC,952975,01/07/2025,30/06/2026
coni:160444,FIGC,952987,01/07/2025,30/06/2026
coni:160450,FIGC,953170,01/07/2025,30/06/2026
coni:160455,FIGC,953211,01/07/2025,30/06/2026
coni:160458,FIGC,953254,01/07/2025,30/06/2026
coni:160461,FIGC,953270,01/07/2025,30/06/2026
coni:160462,FIGC,953271,01/07/2025,30/06/2026
coni:160466,FIGC|PGS,953324,01/07/2025,30/06/2026
coni:160476,FIGC,953363,01/07/2025,30/06/2026
coni:160478,FIGC,953388,01/07/2025,30/06/2026
coni:160493,ASC|FIGC,955020,01/07/2025,30/06/2026
coni:160495,FIGC|OPES,953347,01/07/2025,30/06/2026
coni:16054,FIGC,943229,01/07/2025,30/06/2026
coni:160609,CSI|FIGC,953531,01/07/2025,30/06/2026
coni:160675,CSI|FIGC,954447,01/07/2025,30/06/2026
coni:160679,CSEN|FIGC|PGS,953549,01/07/2025,30/06/2026
coni:160728,CSI|FIGC,954160,01/07/2025,30/06/2026
coni:16074,FIGC,919805,01/07/2025,30/06/2026
coni:160745,FIGC,953507,01/07/2025,30/06/2026
coni:160820,FIGC|UISP,955110,01/07/2025,30/06/2026
coni:160851,FIGC,962899,01/07/2025,30/06/2026
coni:160860,FIGC,953415,01/07/2025,30/06/2026
coni:160861,FIGC,953501,01/07/2025,30/06/2026
coni:160863,CSEN|FIGC,953461,01/07/2025,30/06/2026
coni:160870,CSI|FIGC,953492,01/07/2025,30/06/2026
coni:160871,FIGC,952930,01/07/2025,30/06/2026
coni:16089,FIGC,58652,01/07/2025,30/06/2026
coni:16090,CSI|FIGC,7870,01/07/2025,30/06/2026
coni:160993,FIGC,954457,01/07/2025,30/06/2026
coni:16103,FIGC,947437,01/07/2025,30/06/2026
coni:161057,FIGC,955423,01/07/2025,30/06/2026
coni:161105,FIGC,57848,01/07/2025,30/06/2026
coni:161133,FIGC,963112,01/07/2025,30/06/2026
coni:161141,FIGC,953466,01/07/2025,30/06/2026
coni:161144,FIGC,953198,01/07/2025,30/06/2026
coni:161147,FIGC,964734,17/09/2025,30/06/2026
coni:161148,CSEN|FIGC,203893,01/07/2025,30/06/2026
coni:161155,FIGC,953444,01/07/2025,30/06/2026
coni:161192,CSEN|FIGC,953541,01/07/2025,30/06/2026
coni:161248,CSEN|FIGC,954409,01/07/2025,30/06/2026
coni:161302,FIGC,954277,01/07/2025,30/06/2026
coni:161315,FIGC,964968,20/10/2025,30/06/2026
coni:161352,FIGC,962514,01/07/2025,30/06/2026
coni:16136,FIGC,78879,01/07/2025,30/06/2026
coni:16139,FIGC,76343,01/07/2025,30/06/2026
coni:161467,FIGC,964681,18/09/2025,30/06/2026
coni:161472,FIGC,953282,01/07/2025,30/06/2026
coni:161584,FIGC,920823,01/07/2025,30/06/2026
coni:161627,FIGC,955591,01/07/2025,30/06/2026
coni:16166,FIGC|PGS,935703,01/07/2025,30/06/2026
coni:16168,FIGC,936186,01/07/2025,30/06/2026
coni:16173,CSEN|FIGC,935627,01/07/2025,30/06/2026
coni:16181,CSI|FIGC,770151,01/07/2025,30/06/2026
coni:161903,FIGC,950331,01/07/2025,30/06/2026
coni:161905,FIGC,963198,01/07/2025,30/06/2026
coni:162007,FIGC,740919,01/07/2025,30/06/2026
coni:162009,FIGC,938014,01/07/2025,30/06/2026
coni:162011,CSEN|FIGC,951891,01/07/2025,30/06/2026
coni:162012,FIGC,953494,01/07/2025,30/06/2026
coni:16210,FIGC,913906,01/07/2025,30/06/2026
coni:162114,FIGC,951611,01/07/2025,30/06/2026
coni:162126,FIGC,63973,01/07/2025,30/06/2026
coni:162127,FIGC,64276,01/07/2025,30/06/2026
coni:162128,FIGC,75024,01/07/2025,30/06/2026
coni:162129,FIGC,911563,01/07/2025,30/06/2026
coni:162130,FIGC,919852,01/07/2025,30/06/2026
coni:162132,FIGC,938364,01/07/2025,30/06/2026
coni:162133,FIGC,953356,01/07/2025,30/06/2026
coni:162134,FIGC,953533,01/07/2025,30/06/2026
coni:162135,FIGC,930095,01/07/2025,30/06/2026
coni:16215,FIGC,936158,01/07/2025,30/06/2026
coni:162233,FIGC,69952,01/07/2025,30/06/2026
coni:162253,FIGC,949727,01/07/2025,30/06/2026
coni:162286,CSEN|FIGC,953963,01/07/2025,30/06/2026
coni:162298,FIGC,68157,01/07/2025,30/06/2026
coni:162307,FIGC,914681,01/07/2025,30/06/2026
coni:162349,CSI|FIGC,943630,01/07/2025,30/06/2026
coni:162353,FIGC,953053,01/07/2025,30/06/2026
coni:162365,FIGC,955307,01/07/2025,30/06/2026
coni:162528,FIGC,81544,01/07/2025,30/06/2026
coni:16258,FIGC,780112,01/07/2025,30/06/2026
coni:16261,FIGC|UISP,920877,01/07/2025,30/06/2026
coni:162711,FIGC|FIP,200490,01/09/2025,31/08/2026
coni:162748,FIGC,953547,01/07/2025,30/06/2026
coni:162826,FIGC,953043,01/07/2025,30/06/2026
coni:162855,FIGC|US_ACLI,963180,01/07/2025,30/06/2026
coni:16297,FIGC,940755,01/07/2025,30/06/2026
coni:16300,FIGC|UISP,953654,01/07/2025,30/06/2026
coni:163088,FIGC,954206,01/07/2025,30/06/2026
coni:163128,FIGC,938591,01/07/2025,30/06/2026
coni:163187,FIGC,935229,01/07/2025,30/06/2026
coni:16331,CSI|FIGC,962031,01/07/2025,30/06/2026
coni:1635,FIGC,42090,01/07/2025,30/06/2026
coni:163591,FIGC,954234,01/07/2025,30/06/2026
coni:1636,FIGC,915806,01/07/2025,30/06/2026
coni:163820,FIGC,963663,01/07/2025,30/06/2026
coni:163877,CSI|FIGC,962349,01/07/2025,30/06/2026
coni:163888,ASC|FIGC,75699,01/07/2025,30/06/2026
coni:163896,FIGC,911107,01/07/2025,30/06/2026
coni:1639,FIGC,81910,01/07/2025,30/06/2026
coni:1641,FIGC,69415,01/07/2025,30/06/2026
coni:164280,FIGC,953956,01/07/2025,30/06/2026
coni:164292,FIGC,954462,01/07/2025,30/06/2026
coni:16430,FIGC|OPES,933014,01/07/2025,30/06/2026
coni:16448,FIGC,931357,01/07/2025,30/06/2026
coni:164516,AICS|FIGC,962630,01/07/2025,30/06/2026
coni:16475,FIGC,945295,01/07/2025,30/06/2026
coni:164780,FIGC,953565,01/07/2025,30/06/2026
coni:164781,CSEN|FIGC,953566,01/07/2025,30/06/2026
coni:16480,FIGC,933841,01/07/2025,30/06/2026
coni:165032,FIGC,953539,01/07/2025,30/06/2026
coni:16509,FIGC|OPES|UISP,77738,01/07/2025,30/06/2026
coni:165278,FIGC|UISP,955426,01/07/2025,30/06/2026
coni:16530,FIGC,675979,01/07/2025,30/06/2026
coni:16536,FIGC,934075,01/07/2025,30/06/2026
coni:165481,FIGC,955681,01/07/2025,30/06/2026
coni:16551,FIGC,937751,01/07/2025,30/06/2026
coni:16565,FIGC,69522,01/07/2025,30/06/2026
coni:1657,FIGC,710806,01/07/2025,30/06/2026
coni:16574,FIGC,937882,01/07/2025,30/06/2026
coni:165767,FIGC|OPES|UISP,954040,01/07/2025,30/06/2026
coni:1658,CSEN|FIGC,31445,01/01/2026,31/12/2026
coni:1662,FIGC,750139,01/07/2025,30/06/2026
coni:166255,CSI|FIGC,955142,01/07/2025,30/06/2026
coni:166286,FIGC,953181,01/07/2025,30/06/2026
coni:166287,FIGC,953193,01/07/2025,30/06/2026
coni:16640,FIGC,942988,01/07/2025,30/06/2026
coni:16650,CSI|FIGC,930599,01/07/2025,30/06/2026
coni:166536,FIGC,953824,01/07/2025,30/06/2026
coni:166556,ASC|CSI|FIGC,954161,01/07/2025,30/06/2026
coni:166778,FIGC,945960,01/07/2025,30/06/2026
coni:166859,CSI|FIGC,953661,01/07/2025,30/06/2026
coni:16690,FIGC,943666,01/07/2025,30/06/2026
coni:16699,CSI|FIGC,943005,01/07/2025,30/06/2026
coni:167004,FIGC,965057,05/02/2026,30/06/2026
coni:16705,AICS|FIGC,947426,01/07/2025,30/06/2026
coni:167086,ASC|FIGC,955436,01/07/2025,30/06/2026
coni:167095,CSEN|FIGC,954358,01/07/2025,30/06/2026
coni:16711,FIGC,947053,01/07/2025,30/06/2026
coni:167226,FIGC,953678,01/07/2025,30/06/2026
coni:167275,FIGC,913892,01/07/2025,30/06/2026
coni:167299,FIGC,953860,01/07/2025,30/06/2026
coni:167416,FIGC,953799,01/07/2025,30/06/2026
coni:167453,CSI|FIGC,963287,01/07/2025,30/06/2026
coni:167573,FIGC,953657,01/07/2025,30/06/2026
coni:167574,FIGC,953649,01/07/2025,30/06/2026
coni:135498,FIGC,70623,01/07/2025,30/06/2026
coni:152352,FIGC,952218,01/07/2025,30/06/2026
coni:153252,FIGC,955641,01/07/2025,30/06/2026
coni:153333,CSEN|FIGC,951507,01/07/2025,30/06/2026
coni:153428,FIGC,950445,01/07/2025,30/06/2026
coni:153448,FIGC,951467,01/07/2025,30/06/2026
coni:153453,FIGC,951482,01/07/2025,30/06/2026
coni:153459,FIGC,951565,01/07/2025,30/06/2026
coni:153997,FIGC,951886,01/07/2025,30/06/2026
coni:15406,CSI|FIGC|UISP,04301029,01/07/2025,30/06/2026
coni:15428,FIGC,81031,01/07/2025,30/06/2026
coni:154289,FIGC,964799,16/10/2025,30/06/2026
coni:154509,FIGC,955584,01/07/2025,30/06/2026
coni:156730,FIGC,934925,01/07/2025,30/06/2026
coni:1578,FIGC,912391,01/07/2025,30/06/2026
coni:157817,FIGC,953257,01/07/2025,30/06/2026
coni:15799,FIGC,934476,01/07/2025,30/06/2026
coni:158231,FIGC,949818,01/07/2025,30/06/2026
coni:158260,FIGC,952791,01/07/2025,30/06/2026
coni:158323,FIGC,68123,01/07/2025,30/06/2026
coni:158329,FIGC,78080,01/07/2025,30/06/2026
coni:159902,FIGC,953169,01/07/2025,30/06/2026
coni:16022,CSI|FIGC|UISP,910897,01/07/2025,30/06/2026
coni:160488,CSI|FIGC,953463,01/07/2025,30/06/2026
coni:164291,FIGC,953826,01/07/2025,30/06/2026
coni:16437,AICS|ASC|CSI|FIGC|UISP,H010191,08/09/2025,31/08/2026
coni:165221,FIGC,953942,01/07/2025,30/06/2026
coni:16580,FIGC|OPES,934592,01/07/2025,30/06/2026
coni:165815,FIGC,953548,01/07/2025,30/06/2026
coni:16594,CSI|FIGC,939357,01/07/2025,30/06/2026
coni:167501,FIGC,955547,01/07/2025,30/06/2026
coni:167520,FIGC,953639,01/07/2025,30/06/2026
coni:167548,FIGC|UISP,953790,01/07/2025,30/06/2026
coni:167575,FIGC,953683,01/07/2025,30/06/2026
coni:167579,FIGC,953536,01/07/2025,30/06/2026
coni:167581,FIGC,953750,01/07/2025,30/06/2026
coni:167584,FIGC,953733,01/07/2025,30/06/2026
coni:167586,FIGC,953674,01/07/2025,30/06/2026
coni:16759,CSI|FIGC|UISP,941627,01/07/2025,30/06/2026
coni:167591,AICS|FIGC,953702,01/07/2025,30/06/2026
coni:167593,CSI|FIGC,953713,01/07/2025,30/06/2026
coni:167594,FIGC,953632,01/07/2025,30/06/2026
coni:167595,FIGC,953778,01/07/2025,30/06/2026
coni:167596,FIGC,953712,01/07/2025,30/06/2026
coni:167600,FIGC,953777,01/07/2025,30/06/2026
coni:167602,FIGC,953666,01/07/2025,30/06/2026
coni:167603,FIGC,953636,01/07/2025,30/06/2026
coni:167605,CSI|FIGC,953795,01/07/2025,30/06/2026
coni:167606,CSI|FIGC,953667,01/07/2025,30/06/2026
coni:167608,AICS|FIGC,953792,01/07/2025,30/06/2026
coni:167609,FIGC,953664,01/07/2025,30/06/2026
coni:167610,FIGC,953696,01/07/2025,30/06/2026
coni:167613,FIGC,953796,01/07/2025,30/06/2026
coni:167616,FIGC,953715,01/07/2025,30/06/2026
coni:167620,FIGC,953651,01/07/2025,30/06/2026
coni:167624,FIGC,953640,01/07/2025,30/06/2026
coni:167628,FIGC,953686,01/07/2025,30/06/2026
coni:167629,FIGC,953663,01/07/2025,30/06/2026
coni:16763,CSI|FIGC,921056,01/07/2025,30/06/2026
coni:167632,FIGC,953731,01/07/2025,30/06/2026
coni:167635,AICS|FIGC,953641,01/07/2025,30/06/2026
coni:167636,FIGC,953730,01/07/2025,30/06/2026
coni:16764,FIGC,770370,01/07/2025,30/06/2026
coni:167641,FIGC,953676,01/07/2025,30/06/2026
coni:167678,FIGC,953868,01/07/2025,30/06/2026
coni:167694,AICS|FIGC,953896,01/07/2025,30/06/2026
coni:167705,FIGC,953638,01/07/2025,30/06/2026
coni:1678,CSI|FIGC,910187,01/07/2025,30/06/2026
coni:167806,FIGC,953838,01/07/2025,30/06/2026
coni:167807,FIGC,953672,01/07/2025,30/06/2026
coni:167813,FIGC,921252,01/07/2025,30/06/2026
coni:167816,FIGC,953773,01/07/2025,30/06/2026
coni:167820,FIGC,70058,01/07/2025,30/06/2026
coni:167825,FIGC,953723,01/07/2025,30/06/2026
coni:167832,FIGC,953822,01/07/2025,30/06/2026
coni:167833,AICS|FIGC,953829,01/07/2025,30/06/2026
coni:167835,CSI|FIGC,953839,01/07/2025,30/06/2026
coni:167837,CSEN|FIGC,953870,01/07/2025,30/06/2026
coni:16784,CSI|FIGC,920573,01/07/2025,30/06/2026
coni:167861,FIGC,02001925,14/07/2025,30/06/2026
coni:167875,FIGC,946977,01/07/2025,30/06/2026
coni:167890,FIGC,953897,01/07/2025,30/06/2026
coni:167896,CSI|FIGC,953788,01/07/2025,30/06/2026
coni:167924,CSI|FIGC|US_ACLI,954113,01/07/2025,30/06/2026
coni:167987,FIGC,954241,01/07/2025,30/06/2026
coni:168016,FIGC,954048,01/07/2025,30/06/2026
coni:168025,FIGC,953887,01/07/2025,30/06/2026
coni:168029,FIGC|FIP|UISP,953948,01/07/2025,30/06/2026
coni:168033,FIGC,953954,01/07/2025,30/06/2026
coni:168034,FIGC,954003,01/07/2025,30/06/2026
coni:168040,FIGC,953854,01/07/2025,30/06/2026
coni:168045,FIGC,953919,01/07/2025,30/06/2026
coni:168047,FIGC,953067,01/07/2025,30/06/2026
coni:168048,FIGC,953677,01/07/2025,30/06/2026
coni:168049,CSI|FIGC,03200160,01/07/2025,30/06/2026
coni:168050,FIGC,953720,01/07/2025,30/06/2026
coni:168051,FIGC|OPES,953782,01/07/2025,30/06/2026
coni:168080,FIGC,962822,01/07/2025,30/06/2026
coni:168103,CSI|FIGC,953846,01/07/2025,30/06/2026
coni:168114,CSI|FIGC,954060,01/07/2025,30/06/2026
coni:168132,FIGC,952044,01/07/2025,30/06/2026
coni:168133,FIGC,953653,01/07/2025,30/06/2026
coni:168135,FIGC,953701,01/07/2025,30/06/2026
coni:168136,FIGC|OPES,953785,01/07/2025,30/06/2026
coni:16814,FIGC,675837,01/07/2025,30/06/2026
coni:168141,FIGC,953823,01/07/2025,30/06/2026
coni:168142,FIGC,953798,01/07/2025,30/06/2026
coni:168144,AICS|FIGC,953776,01/07/2025,30/06/2026
coni:168147,FIGC,953845,01/07/2025,30/06/2026
coni:168148,FIGC,953849,01/07/2025,30/06/2026
coni:168152,FIGC,953921,01/07/2025,30/06/2026
coni:168153,FIGC,953903,01/07/2025,30/06/2026
coni:168156,FIGC,71825,01/07/2025,30/06/2026
coni:168160,FIGC,953905,01/07/2025,30/06/2026
coni:16821,CSI|FIGC,938584,01/07/2025,30/06/2026
coni:168249,AICS|FIGC,962591,01/07/2025,30/06/2026
coni:168265,CSI|FIGC,963436,01/07/2025,30/06/2026
coni:168289,FIGC,27370,01/07/2025,30/06/2026
coni:168330,FIGC,962955,01/07/2025,30/06/2026
coni:168332,FIGC,953941,01/07/2025,30/06/2026
coni:168333,FIGC,953910,01/07/2025,30/06/2026
coni:168338,FIGC,953944,01/07/2025,30/06/2026
coni:168339,FIGC,953995,01/07/2025,30/06/2026
coni:168342,FIGC,953962,01/07/2025,30/06/2026
coni:168349,FIGC,953898,01/07/2025,30/06/2026
coni:168355,CSEN|FIGC,954064,01/07/2025,30/06/2026
coni:168356,FIGC,954045,01/07/2025,30/06/2026
coni:168360,CSI|FIGC,953695,01/07/2025,30/06/2026
coni:168361,FIGC,953765,01/07/2025,30/06/2026
coni:168362,CSI|FIGC,953926,01/07/2025,30/06/2026
coni:168381,CSI|FIGC,963145,01/07/2025,30/06/2026
coni:168424,AICS|FIGC,954316,01/07/2025,30/06/2026
coni:168445,FIGC,964056,14/07/2025,30/06/2026
coni:168496,FIGC,954979,01/07/2025,30/06/2026
coni:168514,FIGC,962129,01/07/2025,30/06/2026
coni:168552,FIGC,953874,01/07/2025,30/06/2026
coni:168554,FIGC,953724,01/07/2025,30/06/2026
coni:168555,FIGC,953744,01/07/2025,30/06/2026
coni:168562,FIGC,953930,01/07/2025,30/06/2026
coni:168565,FIGC,954030,01/07/2025,30/06/2026
coni:168566,FIGC,953984,01/07/2025,30/06/2026
coni:168567,FIGC,953958,01/07/2025,30/06/2026
coni:168572,FIGC,953725,01/07/2025,30/06/2026
coni:168573,FIGC,953727,01/07/2025,30/06/2026
coni:168574,FIGC,953840,01/07/2025,30/06/2026
coni:168584,FIGC,914060,01/07/2025,30/06/2026
coni:1687,FIGC,16020,01/07/2025,30/06/2026
coni:168762,ENDAS|FIGC|PGS,953490,01/07/2025,30/06/2026
coni:168764,FIGC,954079,01/07/2025,30/06/2026
coni:168765,AICS|FIGC,953937,01/07/2025,30/06/2026
coni:168768,FIGC,954038,01/07/2025,30/06/2026
coni:168769,ASC|FIGC,954036,01/07/2025,30/06/2026
coni:168770,FIGC,954135,01/07/2025,30/06/2026
coni:168775,FIGC,953974,01/07/2025,30/06/2026
coni:168777,FIGC,954101,01/07/2025,30/06/2026
coni:168786,FIGC,954070,01/07/2025,30/06/2026
coni:168787,CSI|FIGC,954107,01/07/2025,30/06/2026
coni:16879,FIGC,770400,01/07/2025,30/06/2026
coni:16885,FIGC,675772,01/07/2025,30/06/2026
coni:168855,FIGC|US_ACLI,954166,01/07/2025,30/06/2026
coni:168859,FIGC,955172,01/07/2025,30/06/2026
coni:168902,AICS|FIGC,963762,01/07/2025,30/06/2026
coni:168963,FIGC,945249,01/07/2025,30/06/2026
coni:168966,FIGC,954147,01/07/2025,30/06/2026
coni:168967,FIGC,954183,01/07/2025,30/06/2026
coni:168969,FIGC,954136,01/07/2025,30/06/2026
coni:168970,FIGC,954022,01/07/2025,30/06/2026
coni:168972,FIGC,954102,01/07/2025,30/06/2026
coni:168973,FIGC,954092,01/07/2025,30/06/2026
coni:168974,FIGC,953952,01/07/2025,30/06/2026
coni:168975,FIGC,954018,01/07/2025,30/06/2026
coni:168976,FIGC,954142,01/07/2025,30/06/2026
coni:168977,FIGC,954143,01/07/2025,30/06/2026
coni:168980,FIGC,953997,01/07/2025,30/06/2026
coni:169005,FIGC,953693,01/07/2025,30/06/2026
coni:169007,FIGC,955313,01/07/2025,30/06/2026
coni:169021,FIGC,954174,01/07/2025,30/06/2026
coni:169095,FIGC,954150,01/07/2025,30/06/2026
coni:169102,FIGC,954109,01/07/2025,30/06/2026
coni:169103,FIGC,954057,01/07/2025,30/06/2026
coni:169217,FIGC,11800238,27/09/2025,30/06/2026
coni:169296,FIGC|OPES,963146,01/07/2025,30/06/2026
coni:169338,FIGC,954405,01/07/2025,30/06/2026
coni:16934,FIGC,675762,01/07/2025,30/06/2026
coni:169435,CSEN|FIGC,953550,01/07/2025,30/06/2026
coni:169521,FIGC|OPES,954168,01/07/2025,30/06/2026
coni:169522,FIGC,963116,01/07/2025,30/06/2026
coni:169524,FIGC,954181,01/07/2025,30/06/2026
coni:169528,FIGC,949845,01/07/2025,30/06/2026
coni:169529,FIGC,953951,01/07/2025,30/06/2026
coni:169531,FIGC,954148,01/07/2025,30/06/2026
coni:169536,FIGC,954232,01/07/2025,30/06/2026
coni:169538,FIGC,954218,01/07/2025,30/06/2026
coni:169541,FIGC,954200,01/07/2025,30/06/2026
coni:169547,FIGC,954176,01/07/2025,30/06/2026
coni:169548,FIGC,954191,01/07/2025,30/06/2026
coni:169549,FIGC,954163,01/07/2025,30/06/2026
coni:169551,FIGC,962867,01/07/2025,30/06/2026
coni:169552,FIGC,954936,01/07/2025,30/06/2026
coni:169553,FIGC,954162,01/07/2025,30/06/2026
coni:169554,FIGC,953473,01/07/2025,30/06/2026
coni:169555,FIGC,954091,01/07/2025,30/06/2026
coni:169558,FIGC,954208,01/07/2025,30/06/2026
coni:169559,FIGC,954211,01/07/2025,30/06/2026
coni:16962,FIGC,931585,01/07/2025,30/06/2026
coni:169670,FIGC,964499,11/09/2025,30/06/2026
coni:169691,FIGC,954035,01/07/2025,30/06/2026
coni:169700,FIGC,954407,01/07/2025,30/06/2026
coni:169723,FIGC,954029,01/07/2025,30/06/2026
coni:169725,FIGC,963980,01/07/2025,30/06/2026
coni:169727,FIGC,954262,01/07/2025,30/06/2026
coni:169728,FIGC,954177,01/07/2025,30/06/2026
coni:169733,FIGC,954300,01/07/2025,30/06/2026
coni:169740,FIGC,954157,01/07/2025,30/06/2026
coni:169742,FIGC,953497,01/07/2025,30/06/2026
coni:16981,CSI|FIGC,02402059,02/07/2025,30/06/2026
coni:169815,FIGC,954261,01/07/2025,30/06/2026
coni:169910,FIGC,954227,01/07/2025,30/06/2026
coni:169914,FIGC,953873,01/07/2025,30/06/2026
coni:169916,FIGC,955259,01/07/2025,30/06/2026
coni:169921,CSI|FIGC,07300436,01/07/2025,30/06/2026
coni:16994,AICS|FIGC|PGS,74563,01/07/2025,30/06/2026
coni:169956,FIGC,953812,01/07/2025,30/06/2026
coni:17,FIGC,32900,01/07/2025,30/06/2026
coni:170,FIGC,68758,01/07/2025,30/06/2026
coni:1700,FIGC,675531,01/07/2025,30/06/2026
coni:170116,ASC|FIGC,954266,01/07/2025,30/06/2026
coni:170139,FIGC,955315,01/07/2025,30/06/2026
coni:170164,FIGC,962825,01/07/2025,30/06/2026
coni:170178,FIGC|PGS,955409,01/07/2025,30/06/2026
coni:170219,FIGC,953435,01/07/2025,30/06/2026
coni:170223,FIGC,953929,01/07/2025,30/06/2026
coni:170227,FIGC,954192,01/07/2025,30/06/2026
coni:170237,FIGC,954315,01/07/2025,30/06/2026
coni:170240,CSI|FIGC,954331,01/07/2025,30/06/2026
coni:170245,FIGC,954352,01/07/2025,30/06/2026
coni:170246,FIGC,954361,01/07/2025,30/06/2026
coni:17025,FIGC,945138,01/07/2025,30/06/2026
coni:170256,FIGC,962097,01/07/2025,30/06/2026
coni:17026,FIGC|UISP,954155,01/07/2025,30/06/2026
coni:170331,CSI|FIGC,955053,01/07/2025,30/06/2026
coni:17034,FIGC,935624,01/07/2025,30/06/2026
coni:170471,FIGC,954140,01/07/2025,30/06/2026
coni:170475,FIGC,954254,01/07/2025,30/06/2026
coni:170479,CSEN|FIGC,963182,01/07/2025,30/06/2026
coni:170583,FIGC,944360,01/07/2025,30/06/2026
coni:17060,FIGC,700526,01/07/2025,30/06/2026
coni:170639,FIGC,954132,01/07/2025,30/06/2026
coni:170704,FIGC,954224,01/07/2025,30/06/2026
coni:17074,FIGC,919551,01/07/2025,30/06/2026
coni:170746,FIGC,953111,01/07/2025,30/06/2026
coni:170790,FIGC,954448,01/07/2025,30/06/2026
coni:170799,FIGC,951619,01/07/2025,30/06/2026
coni:17084,CSI|FIGC,73901,01/07/2025,30/06/2026
coni:170915,FIGC,954305,01/07/2025,30/06/2026
coni:170916,FIGC,954338,01/07/2025,30/06/2026
coni:17097,FIGC,945487,01/07/2025,30/06/2026
coni:171091,FIGC,953134,01/07/2025,30/06/2026
coni:171105,FIGC,954989,01/07/2025,30/06/2026
coni:171116,FIGC,963751,01/07/2025,30/06/2026
coni:17112,FIGC,945678,01/07/2025,30/06/2026
coni:17116,FIGC,952996,01/07/2025,30/06/2026
coni:171180,FIGC,955668,01/07/2025,30/06/2026
coni:171608,FIGC,936217,01/07/2025,30/06/2026
coni:171612,CSEN|FIGC,954087,01/07/2025,30/06/2026
coni:17168,CSI|FIGC,78007,01/07/2025,30/06/2026
coni:1717,FIGC,30390,01/07/2025,30/06/2026
coni:17170,CSI|FIGC,710353,01/07/2025,30/06/2026
coni:17176,FIGC,940743,01/07/2025,30/06/2026
coni:17185,FIGC,934758,01/07/2025,30/06/2026
coni:171889,FIGC,954404,01/07/2025,30/06/2026
coni:17190,AICS|FIGC,919904,01/07/2025,30/06/2026
coni:171951,FIGC|OPES,911334,01/07/2025,30/06/2026
coni:17212,CSI|FIGC,964759,24/09/2025,30/06/2026
coni:172425,FIGC,963443,01/07/2025,30/06/2026
coni:1726,FIGC,919143,01/07/2025,30/06/2026
coni:172655,FIGC,964938,16/10/2025,30/06/2026
coni:172725,FIGC,953925,01/07/2025,30/06/2026
coni:17279,FIGC,610720,01/07/2025,30/06/2026
coni:172798,CSEN|FIGC,949437,01/07/2025,30/06/2026
coni:172820,CSI|FIGC,963623,01/07/2025,30/06/2026
coni:173002,CSI|FIGC,962933,01/07/2025,30/06/2026
coni:173051,FIGC,955420,01/07/2025,30/06/2026
coni:173096,FIGC,954159,01/07/2025,30/06/2026
coni:17318,FIGC,954915,01/07/2025,30/06/2026
coni:173266,FIGC,954264,01/07/2025,30/06/2026
coni:173433,FIGC,931214,01/07/2025,30/06/2026
coni:17345,FIGC,943087,01/07/2025,30/06/2026
coni:17355,CSI|FIGC,13600069,08/07/2025,30/06/2026
coni:173569,FIGC,955670,01/07/2025,30/06/2026
coni:173683,FIGC,954464,01/07/2025,30/06/2026
coni:173703,FIGC,964373,01/08/2025,30/06/2026
coni:17377,CSI|FIGC,962692,01/07/2025,30/06/2026
coni:17379,CSI|FIGC,962874,01/07/2025,30/06/2026
coni:173975,FIGC,954534,01/07/2025,30/06/2026
coni:1740,FIGC,62238,01/07/2025,30/06/2026
coni:174017,FIGC,954565,01/07/2025,30/06/2026
coni:17403,FIGC,710231,01/07/2025,30/06/2026
coni:174227,FIGC,954514,01/07/2025,30/06/2026
coni:174359,FIGC,955549,01/07/2025,30/06/2026
coni:17446,FIGC,917457,01/07/2025,30/06/2026
coni:1745,CSI|FIGC,63054,01/07/2025,30/06/2026
coni:17451,FIGC,59155,01/07/2025,30/06/2026
coni:17457,FIGC,937911,01/07/2025,30/06/2026
coni:17458,FIGC,200884,01/07/2025,30/06/2026
coni:17461,FIGC,937749,01/07/2025,30/06/2026
coni:17463,FIGC,937750,01/07/2025,30/06/2026
coni:17472,FIGC,920713,01/07/2025,30/06/2026
coni:174725,FIGC,962348,01/07/2025,30/06/2026
coni:174788,CSI|FIGC,954911,01/07/2025,30/06/2026
coni:17493,FIGC,66563,01/07/2025,30/06/2026
coni:175083,ENDAS|FIGC,955545,01/07/2025,30/06/2026
coni:175165,FIGC,955199,01/07/2025,30/06/2026
coni:175219,FIGC,954999,01/07/2025,30/06/2026
coni:175225,FIGC,964644,16/10/2025,30/06/2026
coni:175299,FIGC,955337,01/07/2025,30/06/2026
coni:175333,FIGC,955043,01/07/2025,30/06/2026
coni:175343,FIGC,955165,01/07/2025,30/06/2026
coni:175384,FIGC,955528,01/07/2025,30/06/2026
coni:17544,FIGC,954914,01/07/2025,30/06/2026
coni:175456,FIGC|OPES|UISP,954771,01/07/2025,30/06/2026
coni:1757,CSI|FIGC,70228,01/07/2025,30/06/2026
coni:17570,FIGC,917115,01/07/2025,30/06/2026
coni:175710,ENDAS|FIGC,962597,01/07/2025,30/06/2026
coni:175719,FIGC,59162,01/07/2025,30/06/2026
coni:17574,FIGC,675214,01/07/2025,30/06/2026
coni:175745,FIGC,953743,01/07/2025,30/06/2026
coni:175746,FIGC,953817,01/07/2025,30/06/2026
coni:175854,FIGC,962497,01/07/2025,30/06/2026
coni:175862,FIGC,954521,01/07/2025,30/06/2026
coni:175866,FIGC,954769,01/07/2025,30/06/2026
coni:175867,CSI|FIGC,954770,01/07/2025,30/06/2026
coni:175868,FIGC|UISP,954772,01/07/2025,30/06/2026
coni:175869,FIGC,954775,01/07/2025,30/06/2026
coni:175870,FIGC,954776,01/07/2025,30/06/2026
coni:175871,FIGC,954777,01/07/2025,30/06/2026
coni:175874,FIGC,954784,01/07/2025,30/06/2026
coni:175879,FIGC|UISP,962875,01/07/2025,30/06/2026
coni:175880,FIGC,954805,01/07/2025,30/06/2026
coni:175882,FIGC,954809,01/07/2025,30/06/2026
coni:175886,FIGC,954831,01/07/2025,30/06/2026
coni:175887,FIGC,954833,01/07/2025,30/06/2026
coni:175888,FIGC,954835,01/07/2025,30/06/2026
coni:175894,FIGC,954847,01/07/2025,30/06/2026
coni:175895,FIGC,954849,01/07/2025,30/06/2026
coni:175896,FIGC,954853,01/07/2025,30/06/2026
coni:175897,FIGC,954942,01/07/2025,30/06/2026
coni:175899,FIGC,954948,01/07/2025,30/06/2026
coni:1759,FIGC,81867,01/07/2025,30/06/2026
coni:175901,FIGC,954967,01/07/2025,30/06/2026
coni:17608,FIGC,204984,01/07/2025,30/06/2026
coni:17615,FIGC,675315,01/07/2025,30/06/2026
coni:17618,FIGC,675902,01/07/2025,30/06/2026
coni:176191,CSI|FIGC,954928,01/07/2025,30/06/2026
coni:176207,FIGC,,,
coni:176223,FIGC,954825,01/07/2025,30/06/2026
coni:176224,FIGC,954826,01/07/2025,30/06/2026
coni:176225,FIGC,954841,01/07/2025,30/06/2026
coni:176228,FIGC,954864,01/07/2025,30/06/2026
coni:176229,FIGC,954877,01/07/2025,30/06/2026
coni:176230,FIGC,954878,01/07/2025,30/06/2026
coni:176233,FIGC,954901,01/07/2025,30/06/2026
coni:176234,FIGC,954902,01/07/2025,30/06/2026
coni:176238,FIGC,954910,01/07/2025,30/06/2026
coni:176240,CSI|FIGC,954926,01/07/2025,30/06/2026
coni:176241,FIGC,954927,01/07/2025,30/06/2026
coni:176244,CSEN|ENDAS|FIGC,954956,01/07/2025,30/06/2026
coni:176246,FIGC,954973,01/07/2025,30/06/2026
coni:176248,FIGC,954985,01/07/2025,30/06/2026
coni:17625,FIGC,922701,01/07/2025,30/06/2026
coni:176251,FIGC,954996,01/07/2025,30/06/2026
coni:176252,FIGC,955002,01/07/2025,30/06/2026
coni:176254,FIGC,955018,01/07/2025,30/06/2026
coni:176255,FIGC,955028,01/07/2025,30/06/2026
coni:17628,FIGC,675906,01/07/2025,30/06/2026
coni:17634,AICS|FIGC,918764,01/07/2025,30/06/2026
coni:176358,FIGC,955137,01/07/2025,30/06/2026
coni:176371,FIGC,955350,01/07/2025,30/06/2026
coni:176379,FIGC,620811,01/07/2025,30/06/2026
coni:176406,FIGC|OPES,963457,01/07/2025,30/06/2026
coni:17642,FIGC,943479,01/07/2025,30/06/2026
coni:176425,FIGC,954441,01/07/2025,30/06/2026
coni:176429,FIGC|OPES,954797,01/07/2025,30/06/2026
coni:176431,FIGC,954932,01/07/2025,30/06/2026
coni:176432,FIGC|PGS,954933,01/07/2025,30/06/2026
coni:176438,CSI|FIGC,954968,01/07/2025,30/06/2026
coni:176440,FIGC,954993,01/07/2025,30/06/2026
coni:176441,FIGC,955011,01/07/2025,30/06/2026
coni:176442,FIGC,955014,01/07/2025,30/06/2026
coni:176445,FIGC,955032,01/07/2025,30/06/2026
coni:176446,FIGC,955057,01/07/2025,30/06/2026
coni:176470,FIGC,955086,01/07/2025,30/06/2026
coni:176478,FIGC,955542,01/07/2025,30/06/2026
coni:17650,FIGC,945704,01/07/2025,30/06/2026
coni:176501,ASC|FIGC,962290,01/07/2025,30/06/2026
coni:176568,ENDAS|FIGC,955159,01/07/2025,30/06/2026
coni:17662,FIGC,945366,01/07/2025,30/06/2026
coni:176626,FIGC,955147,01/07/2025,30/06/2026
coni:176643,FIGC,954896,01/07/2025,30/06/2026
coni:176656,AICS|FIGC,955181,01/07/2025,30/06/2026
coni:176688,AICS|CSI|FIGC,963376,01/07/2025,30/06/2026
coni:176727,CSI|FIGC,962158,01/07/2025,30/06/2026
coni:176744,FIGC,964069,22/07/2025,30/06/2026
coni:1769,FIGC,15490,01/07/2025,30/06/2026
coni:176932,FIGC|UISP,955209,01/07/2025,30/06/2026
coni:176957,CSI|FIGC,955651,01/07/2025,30/06/2026
coni:176997,AICS|CSEN|FIGC,955276,01/07/2025,30/06/2026
coni:177031,FIGC,922824,01/07/2025,30/06/2026
coni:177041,FIGC,955376,01/07/2025,30/06/2026
coni:17708,CSI|FIGC,720334,01/07/2025,30/06/2026
coni:177164,FIGC,963599,01/07/2025,30/06/2026
coni:177177,CSEN|FIGC,955363,01/07/2025,30/06/2026
coni:177203,FIGC,955254,01/07/2025,30/06/2026
coni:177296,FIGC,955512,01/07/2025,30/06/2026
coni:17735,FIGC,780084,01/07/2025,30/06/2026
coni:17736,FIGC,945367,01/07/2025,30/06/2026
coni:177367,FIGC,964528,15/09/2025,30/06/2026
coni:17737,FIGC,931955,01/07/2025,30/06/2026
coni:177391,CSEN|FIGC,963163,01/07/2025,30/06/2026
coni:1774,FIGC,203128,01/07/2025,30/06/2026
coni:177423,CSI|FIGC,955495,01/07/2025,30/06/2026
coni:17744,FIGC,630268,01/07/2025,30/06/2026
coni:177442,CSI|FIGC|UISP,955069,01/07/2025,30/06/2026
coni:177511,FIGC,955197,01/07/2025,30/06/2026
coni:177527,FIGC,963346,01/07/2025,30/06/2026
coni:177657,FIGC,955244,01/07/2025,30/06/2026
coni:177706,FIGC,962464,01/07/2025,30/06/2026
coni:177767,FIGC,955243,01/07/2025,30/06/2026
coni:177816,FIGC,962054,01/07/2025,30/06/2026
coni:177841,FIGC,964733,26/09/2025,30/06/2026
coni:177867,FIGC|UISP,955126,01/07/2025,30/06/2026
coni:177889,CSEN|FIGC,955522,01/07/2025,30/06/2026
coni:177894,FIGC,955217,01/07/2025,30/06/2026
coni:178054,FIGC|UISP,955373,01/07/2025,30/06/2026
coni:178120,FIGC,955220,01/07/2025,30/06/2026
coni:178148,ASC|FIGC,955222,01/07/2025,30/06/2026
coni:178193,FIGC,955445,01/07/2025,30/06/2026
coni:178210,FIGC,955501,01/07/2025,30/06/2026
coni:17826,FIGC,947149,01/07/2025,30/06/2026
coni:178305,CSI|FIGC,962672,01/07/2025,30/06/2026
coni:178306,FIGC,955433,01/07/2025,30/06/2026
coni:178307,FIGC,955351,01/07/2025,30/06/2026
coni:17831,CSI|FIGC,675616,01/07/2025,30/06/2026
coni:178392,CSEN|FIGC,955494,01/07/2025,30/06/2026
coni:178445,FIGC,955421,01/07/2025,30/06/2026
coni:178565,FIGC,955189,01/07/2025,30/06/2026
coni:178597,FIGC,955398,01/07/2025,30/06/2026
coni:178649,FIGC,955444,01/07/2025,30/06/2026
coni:1788,FIGC,64471,01/07/2025,30/06/2026
coni:178800,FIGC,955592,01/07/2025,30/06/2026
coni:178977,FIGC,955437,01/07/2025,30/06/2026
coni:17898,FIGC,932667,01/07/2025,30/06/2026
coni:178989,FIGC,955090,01/07/2025,30/06/2026
coni:179002,FIGC,33480,01/07/2025,30/06/2026
coni:179006,FIGC,955091,01/07/2025,30/06/2026
coni:179009,FIGC,955302,01/07/2025,30/06/2026
coni:179010,FIGC,954013,01/07/2025,30/06/2026
coni:179011,FIGC,963011,01/07/2025,30/06/2026
coni:179013,FIGC,955184,01/07/2025,30/06/2026
coni:179022,FIGC,963550,01/07/2025,30/06/2026
coni:179115,FIGC,955149,01/07/2025,30/06/2026
coni:179157,CSEN|FIGC,955696,01/07/2025,30/06/2026
coni:179166,FIGC,955255,01/07/2025,30/06/2026
coni:179180,FIGC,955589,01/07/2025,30/06/2026
coni:179218,FIGC,954925,01/07/2025,30/06/2026
coni:179219,FIGC,955004,01/07/2025,30/06/2026
coni:179223,FIGC,955084,01/07/2025,30/06/2026
coni:179225,CSI|FIGC,01800214,29/10/2025,30/06/2026
coni:179227,FIGC,955249,01/07/2025,30/06/2026
coni:179229,FIGC,955263,01/07/2025,30/06/2026
coni:179232,FIGC,955119,01/07/2025,30/06/2026
coni:179233,CSI|FIGC,955065,01/07/2025,30/06/2026
coni:179235,FIGC,955136,01/07/2025,30/06/2026
coni:179238,FIGC,955228,01/07/2025,30/06/2026
coni:179240,FIGC,954815,01/07/2025,30/06/2026
coni:15401,FIGC,02400479,09/07/2025,30/06/2026
coni:160201,FIGC,952833,01/07/2025,30/06/2026
coni:167809,FIGC,953820,01/07/2025,30/06/2026
coni:167812,FIGC,953665,01/07/2025,30/06/2026
coni:168138,CSI|FIGC,953794,01/07/2025,30/06/2026
coni:168146,FIGC,953831,01/07/2025,30/06/2026
coni:168569,FIGC,954073,01/07/2025,30/06/2026
coni:168570,FIGC,954086,01/07/2025,30/06/2026
coni:168767,FIGC,954046,01/07/2025,30/06/2026
coni:170228,FIGC,954196,01/07/2025,30/06/2026
coni:170231,CSI|FIGC,954265,01/07/2025,30/06/2026
coni:17089,FIGC,780025,01/07/2025,30/06/2026
coni:170907,FIGC|PGS,954370,01/07/2025,30/06/2026
coni:172789,CSI|FIGC,932420,01/07/2025,30/06/2026
coni:176242,ASC|FIGC,954934,01/07/2025,30/06/2026
coni:176523,CSEN|FIGC,963380,01/07/2025,30/06/2026
coni:177302,FIGC,963491,01/07/2025,30/06/2026
coni:17762,CSI|FIGC,780065,01/07/2025,30/06/2026
coni:177849,ASC|FIGC,955430,01/07/2025,30/06/2026
coni:178276,FIGC,962537,01/07/2025,30/06/2026
coni:1783,FIGC,914602,01/07/2025,30/06/2026
coni:179222,FIGC,955076,01/07/2025,30/06/2026
coni:179224,FIGC,955114,01/07/2025,30/06/2026
coni:179241,FIGC,955245,01/07/2025,30/06/2026
coni:179242,FIGC,955246,01/07/2025,30/06/2026
coni:179243,FIGC,955331,01/07/2025,30/06/2026
coni:179244,FIGC,955381,01/07/2025,30/06/2026
coni:179245,FIGC,955438,01/07/2025,30/06/2026
coni:179246,FIGC,955446,01/07/2025,30/06/2026
coni:179247,ENDAS|FIGC,955447,01/07/2025,30/06/2026
coni:179254,FIGC,955062,01/07/2025,30/06/2026
coni:179255,FIGC,955078,01/07/2025,30/06/2026
coni:179257,FIGC,955127,01/07/2025,30/06/2026
coni:179260,FIGC,955183,01/07/2025,30/06/2026
coni:179261,FIGC,955190,01/07/2025,30/06/2026
coni:179262,FIGC,955208,01/07/2025,30/06/2026
coni:179263,FIGC,954930,01/07/2025,30/06/2026
coni:179264,ASC|FIGC,954990,01/07/2025,30/06/2026
coni:179268,FIGC,955297,01/07/2025,30/06/2026
coni:179270,FIGC,955310,01/07/2025,30/06/2026
coni:179271,FIGC,955361,01/07/2025,30/06/2026
coni:179272,FIGC|US_ACLI,955372,01/07/2025,30/06/2026
coni:179273,FIGC,955375,01/07/2025,30/06/2026
coni:179274,FIGC,955386,01/07/2025,30/06/2026
coni:179275,FIGC,955391,01/07/2025,30/06/2026
coni:179276,FIGC,955450,01/07/2025,30/06/2026
coni:179278,FIGC|OPES,955485,01/07/2025,30/06/2026
coni:179280,FIGC,934234,01/07/2025,30/06/2026
coni:179281,FIGC,954791,01/07/2025,30/06/2026
coni:179282,FIGC,954830,01/07/2025,30/06/2026
coni:179283,FIGC,955153,01/07/2025,30/06/2026
coni:179284,FIGC,955154,01/07/2025,30/06/2026
coni:179285,CSI|FIGC,955156,01/07/2025,30/06/2026
coni:179287,FIGC,955193,01/07/2025,30/06/2026
coni:179288,FIGC,955204,01/07/2025,30/06/2026
coni:179290,FIGC,955219,01/07/2025,30/06/2026
coni:179292,CSI|FIGC,955264,01/07/2025,30/06/2026
coni:179297,FIGC,941329,01/07/2025,30/06/2026
coni:179299,ASC|FIGC,955029,01/07/2025,30/06/2026
coni:179300,ASC|FIGC,955073,01/07/2025,30/06/2026
coni:179302,FIGC,955195,01/07/2025,30/06/2026
coni:179303,FIGC,955196,01/07/2025,30/06/2026
coni:179305,FIGC|US_ACLI,955294,01/07/2025,30/06/2026
coni:179306,FIGC,955317,01/07/2025,30/06/2026
coni:179308,FIGC,955352,01/07/2025,30/06/2026
coni:179314,FIGC,964279,01/07/2025,30/06/2026
coni:179315,FIGC,955439,01/07/2025,30/06/2026
coni:179316,FIGC,955443,01/07/2025,30/06/2026
coni:179317,FIGC,955453,01/07/2025,30/06/2026
coni:179319,FIGC|PGS,955492,01/07/2025,30/06/2026
coni:179324,FIGC,955530,01/07/2025,30/06/2026
coni:179326,FIGC,955534,01/07/2025,30/06/2026
coni:179327,FIGC,955548,01/07/2025,30/06/2026
coni:179328,FIGC,964995,27/10/2025,30/06/2026
coni:179332,FIGC,954908,01/07/2025,30/06/2026
coni:179336,FIGC,955157,01/07/2025,30/06/2026
coni:179339,FIGC,955200,01/07/2025,30/06/2026
coni:179341,FIGC,955203,01/07/2025,30/06/2026
coni:179345,FIGC,955260,01/07/2025,30/06/2026
coni:179346,FIGC,955380,01/07/2025,30/06/2026
coni:179349,FIGC,954916,01/07/2025,30/06/2026
coni:17935,CSI|FIGC,675067,01/07/2025,30/06/2026
coni:179354,FIGC,954998,01/07/2025,30/06/2026
coni:179356,FIGC,955006,01/07/2025,30/06/2026
coni:179357,FIGC,955007,01/07/2025,30/06/2026
coni:179360,FIGC,955117,01/07/2025,30/06/2026
coni:179362,AICS|FIGC,955227,01/07/2025,30/06/2026
coni:179364,FIGC,955237,01/07/2025,30/06/2026
coni:179366,FIGC,955240,01/07/2025,30/06/2026
coni:179368,FIGC,955256,01/07/2025,30/06/2026
coni:179370,FIGC,955269,01/07/2025,30/06/2026
coni:179373,FIGC,955323,01/07/2025,30/06/2026
coni:179375,FIGC,955336,01/07/2025,30/06/2026
coni:179384,FIGC,955475,01/07/2025,30/06/2026
coni:179386,CSI|FIGC,955019,01/07/2025,30/06/2026
coni:179390,FIGC,955238,01/07/2025,30/06/2026
coni:179393,FIGC,79295,01/07/2025,30/06/2026
coni:179394,FIGC,620769,01/07/2025,30/06/2026
coni:179396,FIGC,942201,01/07/2025,30/06/2026
coni:179398,FIGC,949487,01/07/2025,30/06/2026
coni:179403,FIGC,954256,01/07/2025,30/06/2026
coni:179405,FIGC,954824,01/07/2025,30/06/2026
coni:179406,FIGC,954987,01/07/2025,30/06/2026
coni:179407,FIGC,955033,01/07/2025,30/06/2026
coni:179408,FIGC,955034,01/07/2025,30/06/2026
coni:179409,CSEN|FIGC,963826,01/07/2025,30/06/2026
coni:179411,CSEN|FIGC,955116,01/07/2025,30/06/2026
coni:179412,CSI|FIGC,955129,01/07/2025,30/06/2026
coni:179414,FIGC,955202,01/07/2025,30/06/2026
coni:179415,FIGC,955281,01/07/2025,30/06/2026
coni:179416,FIGC,955282,01/07/2025,30/06/2026
coni:179418,FIGC,955285,01/07/2025,30/06/2026
coni:179422,FIGC,955330,01/07/2025,30/06/2026
coni:179424,FIGC,955358,01/07/2025,30/06/2026
coni:179426,FIGC,955362,01/07/2025,30/06/2026
coni:179428,FIGC,955394,01/07/2025,30/06/2026
coni:179429,FIGC|FIP,955413,01/07/2025,30/06/2026
coni:179430,FIGC,955459,01/07/2025,30/06/2026
coni:179431,FIGC,955493,01/07/2025,30/06/2026
coni:179435,FIGC,955513,01/07/2025,30/06/2026
coni:179437,FIGC,955520,01/07/2025,30/06/2026
coni:179438,FIGC,955535,01/07/2025,30/06/2026
coni:179439,FIGC,955539,01/07/2025,30/06/2026
coni:179440,FIGC,955546,01/07/2025,30/06/2026
coni:179446,ASC|FIGC,22349,02/01/2026,31/12/2026
coni:179447,FIGC,955593,01/07/2025,30/06/2026
coni:179448,FIGC,955594,01/07/2025,30/06/2026
coni:179452,FIGC,955622,01/07/2025,30/06/2026
coni:179467,FIGC,962786,01/07/2025,30/06/2026
coni:1798,FIGC|OPES,5884,01/09/2025,31/08/2026
coni:179814,FIGC,953357,01/07/2025,30/06/2026
coni:179816,FIGC,955559,01/07/2025,30/06/2026
coni:179817,FIGC,955595,01/07/2025,30/06/2026
coni:179820,FIGC,955306,01/07/2025,30/06/2026
coni:179827,FIGC,955123,01/07/2025,30/06/2026
coni:179828,FIGC,954940,01/07/2025,30/06/2026
coni:179836,FIGC,954228,01/07/2025,30/06/2026
coni:179841,FIGC,955353,01/07/2025,30/06/2026
coni:179842,FIGC,955367,01/07/2025,30/06/2026
coni:179850,ENDAS|FIGC,955448,01/07/2025,30/06/2026
coni:179853,FIGC,955461,01/07/2025,30/06/2026
coni:179858,FIGC,955537,01/07/2025,30/06/2026
coni:179860,FIGC,955605,01/07/2025,30/06/2026
coni:179867,FIGC,955027,01/07/2025,30/06/2026
coni:179869,FIGC,955082,01/07/2025,30/06/2026
coni:179870,FIGC,955108,01/07/2025,30/06/2026
coni:179875,FIGC,955231,01/07/2025,30/06/2026
coni:179878,CSI|FIGC,955286,01/07/2025,30/06/2026
coni:179880,FIGC,955319,01/07/2025,30/06/2026
coni:179884,FIGC,955327,01/07/2025,30/06/2026
coni:179885,FIGC,955334,01/07/2025,30/06/2026
coni:179889,FIGC,955471,01/07/2025,30/06/2026
coni:17989,ASC|FIGC,935191,01/07/2025,30/06/2026
coni:179890,FIGC,955487,01/07/2025,30/06/2026
coni:179898,FIGC,930833,01/07/2025,30/06/2026
coni:179925,FIGC,922815,01/07/2025,30/06/2026
coni:17994,AICS|CSI|FIGC|FIP|PGS|UISP,945538,01/07/2025,30/06/2026
coni:17998,FIGC,932136,01/07/2025,30/06/2026
coni:180238,FIGC,955597,01/07/2025,30/06/2026
coni:180239,FIGC,955599,01/07/2025,30/06/2026
coni:18035,FIGC,933052,01/07/2025,30/06/2026
coni:180390,FIGC,955650,01/07/2025,30/06/2026
coni:18042,FIGC,63526,01/07/2025,30/06/2026
coni:180437,FIGC,955671,01/07/2025,30/06/2026
coni:18052,CSEN|FIGC,934204,01/07/2025,30/06/2026
coni:180578,FIGC,962414,01/07/2025,30/06/2026
coni:180623,FIGC,922767,01/07/2025,30/06/2026
coni:180684,FIGC,962254,01/07/2025,30/06/2026
coni:180787,FIGC,963714,01/07/2025,30/06/2026
coni:1809,FIGC,630410,01/07/2025,30/06/2026
coni:180914,FIGC,955662,01/07/2025,30/06/2026
coni:18100,CSI|FIGC|UISP,917046,01/07/2025,30/06/2026
coni:18114,AICS|FIGC,946042,01/07/2025,30/06/2026
coni:18131,FIGC,933271,01/07/2025,30/06/2026
coni:18142,FIGC,630471,01/07/2025,30/06/2026
coni:181467,FIGC,962020,01/07/2025,30/06/2026
coni:181479,FIGC,955378,01/07/2025,30/06/2026
coni:181556,FIGC,962517,01/07/2025,30/06/2026
coni:181820,FIGC,955335,01/07/2025,30/06/2026
coni:18190,FIGC,206588,01/07/2025,30/06/2026
coni:1821,FIGC,78865,01/07/2025,30/06/2026
coni:182295,FIGC,963293,01/07/2025,30/06/2026
coni:18249,FIGC,630447,01/07/2025,30/06/2026
coni:18252,FIGC,68164,01/07/2025,30/06/2026
coni:182552,CSEN|FIGC,963050,01/07/2025,30/06/2026
coni:182557,FIGC,955406,01/07/2025,30/06/2026
coni:182603,FIGC,922682,01/07/2025,30/06/2026
coni:182672,FIGC,962367,01/07/2025,30/06/2026
coni:182742,FIGC,955188,01/07/2025,30/06/2026
coni:182744,FIGC,955300,01/07/2025,30/06/2026
coni:182747,FIGC,955687,01/07/2025,30/06/2026
coni:182798,FIGC|US_ACLI,922821,01/07/2025,30/06/2026
coni:182809,FIGC,962521,01/07/2025,30/06/2026
coni:182830,AICS|FIGC|UISP,922833,01/07/2025,30/06/2026
coni:18286,FIGC,60756,01/07/2025,30/06/2026
coni:182863,FIGC,963735,01/07/2025,30/06/2026
coni:182889,FIGC,962207,01/07/2025,30/06/2026
coni:18302,FIGC,675624,01/07/2025,30/06/2026
coni:183054,FIGC,630602,01/07/2025,30/06/2026
coni:1831,FIGC,66725,01/07/2025,30/06/2026
coni:183109,FIGC|UISP,964170,16/07/2025,30/06/2026
coni:183142,FIGC,962105,01/07/2025,30/06/2026
coni:1832,FIGC,150501,01/09/2025,31/08/2026
coni:18326,AICS|CSI|FIGC,780100,01/07/2025,30/06/2026
coni:183275,FIGC,962369,01/07/2025,30/06/2026
coni:183325,FIGC,963281,01/07/2025,30/06/2026
coni:183375,FIGC,962119,01/07/2025,30/06/2026
coni:183381,FIGC,922683,01/07/2025,30/06/2026
coni:18341,ENDAS|FIGC,938601,01/07/2025,30/06/2026
coni:183430,FIGC,922652,01/07/2025,30/06/2026
coni:183433,FIGC,922690,01/07/2025,30/06/2026
coni:183434,FIGC,922711,01/07/2025,30/06/2026
coni:183445,FIGC,922732,01/07/2025,30/06/2026
coni:183455,FIGC,922766,01/07/2025,30/06/2026
coni:183483,CSI|FIGC|UISP,962055,01/07/2025,30/06/2026
coni:183505,FIGC,922770,01/07/2025,30/06/2026
coni:183532,FIGC,922697,01/07/2025,30/06/2026
coni:183540,FIGC,922801,01/07/2025,30/06/2026
coni:183547,CSI|FIGC,922788,01/07/2025,30/06/2026
coni:183575,FIGC|PGS,922753,01/07/2025,30/06/2026
coni:183579,FIGC,922778,01/07/2025,30/06/2026
coni:183587,FIGC,922798,01/07/2025,30/06/2026
coni:183591,ASC|CSI|FIGC,922685,01/07/2025,30/06/2026
coni:183595,FIGC,922783,01/07/2025,30/06/2026
coni:183599,FIGC,922756,01/07/2025,30/06/2026
coni:183603,FIGC,922834,01/07/2025,30/06/2026
coni:183616,FIGC,922744,01/07/2025,30/06/2026
coni:183619,FIGC,922832,01/07/2025,30/06/2026
coni:183637,FIGC,922623,01/07/2025,30/06/2026
coni:183639,FIGC,922779,01/07/2025,30/06/2026
coni:183659,FIGC,922691,01/07/2025,30/06/2026
coni:183664,FIGC,962213,01/07/2025,30/06/2026
coni:183675,CSI|FIGC,922828,01/07/2025,30/06/2026
coni:183678,FIGC,962002,01/07/2025,30/06/2026
coni:183680,FIGC,922763,01/07/2025,30/06/2026
coni:183681,FIGC,962025,01/07/2025,30/06/2026
coni:183682,FIGC,922774,01/07/2025,30/06/2026
coni:183695,FIGC,922818,01/07/2025,30/06/2026
coni:183700,FIGC,962037,01/07/2025,30/06/2026
coni:183701,FIGC,962028,01/07/2025,30/06/2026
coni:183706,FIGC,962018,01/07/2025,30/06/2026
coni:183708,CSEN|FIGC,922812,01/07/2025,30/06/2026
coni:183710,FIGC,922802,01/07/2025,30/06/2026
coni:18372,FIGC,57917,01/07/2025,30/06/2026
coni:183724,FIGC,922841,01/07/2025,30/06/2026
coni:183734,FIGC,962034,01/07/2025,30/06/2026
coni:183740,FIGC,962036,01/07/2025,30/06/2026
coni:183757,FIGC,964878,09/10/2025,30/06/2026
coni:183766,FIGC,922813,01/07/2025,30/06/2026
coni:183767,FIGC,962001,01/07/2025,30/06/2026
coni:183777,FIGC,964431,08/08/2025,30/06/2026
coni:183793,FIGC,922797,01/07/2025,30/06/2026
coni:183809,FIGC,922826,01/07/2025,30/06/2026
coni:183814,FIGC,962048,01/07/2025,30/06/2026
coni:183831,AICS|CSEN|FIGC,964325,30/07/2025,30/06/2026
coni:183832,FIGC,922680,01/07/2025,30/06/2026
coni:183867,FIGC,962080,01/07/2025,30/06/2026
coni:183870,FIGC,962033,01/07/2025,30/06/2026
coni:183873,FIGC,962090,01/07/2025,30/06/2026
coni:183875,CSI|FIGC,962075,01/07/2025,30/06/2026
coni:183881,FIGC,962091,01/07/2025,30/06/2026
coni:183887,FIGC,962035,01/07/2025,30/06/2026
coni:183889,CSI|FIGC,962016,01/07/2025,30/06/2026
coni:18389,FIGC,7720,01/07/2025,30/06/2026
coni:1839,FIGC,58546,01/07/2025,30/06/2026
coni:183905,CSI|FIGC,962081,01/07/2025,30/06/2026
coni:183907,FIGC,962102,01/07/2025,30/06/2026
coni:183908,FIGC,922839,01/07/2025,30/06/2026
coni:183914,FIGC,962007,01/07/2025,30/06/2026
coni:183949,FIGC|UISP,962110,01/07/2025,30/06/2026
coni:183951,FIGC,962052,01/07/2025,30/06/2026
coni:183952,FIGC,962058,01/07/2025,30/06/2026
coni:184,FIGC,7430,01/07/2025,30/06/2026
coni:184016,FIGC,962078,01/07/2025,30/06/2026
coni:184019,FIGC,962145,01/07/2025,30/06/2026
coni:184020,CSEN|FIGC,962132,01/07/2025,30/06/2026
coni:184022,FIGC,962029,01/07/2025,30/06/2026
coni:184024,FIGC,962138,01/07/2025,30/06/2026
coni:184025,FIGC,962106,01/07/2025,30/06/2026
coni:184028,FIGC,962120,01/07/2025,30/06/2026
coni:184029,FIGC,962131,01/07/2025,30/06/2026
coni:184030,FIGC,962141,01/07/2025,30/06/2026
coni:184053,FIGC,962136,01/07/2025,30/06/2026
coni:184054,FIGC,962154,01/07/2025,30/06/2026
coni:184059,FIGC,962164,01/07/2025,30/06/2026
coni:184067,FIGC|UISP,962087,01/07/2025,30/06/2026
coni:184073,FIGC,962133,01/07/2025,30/06/2026
coni:184074,FIGC,962149,01/07/2025,30/06/2026
coni:184075,CSI|FIGC,962162,01/07/2025,30/06/2026
coni:184081,CSI|FIGC,962167,01/07/2025,30/06/2026
coni:184117,FIGC,962010,01/07/2025,30/06/2026
coni:184118,FIGC,962186,01/07/2025,30/06/2026
coni:184121,FIGC,962193,01/07/2025,30/06/2026
coni:184123,FIGC,962088,01/07/2025,30/06/2026
coni:184124,FIGC,962014,01/07/2025,30/06/2026
coni:184133,FIGC,962199,01/07/2025,30/06/2026
coni:184134,FIGC,962161,01/07/2025,30/06/2026
coni:184136,FIGC,962209,01/07/2025,30/06/2026
coni:184137,CSI|FIGC,962153,01/07/2025,30/06/2026
coni:184138,FIGC,962198,01/07/2025,30/06/2026
coni:184143,FIGC,962171,01/07/2025,30/06/2026
coni:184144,FIGC,962218,01/07/2025,30/06/2026
coni:184145,FIGC,71608,01/07/2025,30/06/2026
coni:184151,FIGC,962185,01/07/2025,30/06/2026
coni:184172,FIGC,955326,01/07/2025,30/06/2026
coni:184173,FIGC,955132,01/07/2025,30/06/2026
coni:184181,AICS|FIGC,962809,01/07/2025,30/06/2026
coni:184214,FIGC,962243,01/07/2025,30/06/2026
coni:184216,CSI|FIGC,02001239,22/07/2025,30/06/2026
coni:184221,CSEN|FIGC,922817,01/07/2025,30/06/2026
coni:184233,FIGC|UISP,962230,01/07/2025,30/06/2026
coni:184235,FIGC,962244,01/07/2025,30/06/2026
coni:184242,FIGC,962229,01/07/2025,30/06/2026
coni:184243,FIGC,962266,01/07/2025,30/06/2026
coni:184256,FIGC,962234,01/07/2025,30/06/2026
coni:184257,FIGC,962282,01/07/2025,30/06/2026
coni:184259,FIGC,962173,01/07/2025,30/06/2026
coni:184262,CSEN|FIGC,963652,01/07/2025,30/06/2026
coni:184268,FIGC,962285,01/07/2025,30/06/2026
coni:184271,FIGC,922681,01/07/2025,30/06/2026
coni:184282,FIGC,962284,01/07/2025,30/06/2026
coni:18430,FIGC,945264,01/07/2025,30/06/2026
coni:184326,FIGC,962245,01/07/2025,30/06/2026
coni:184331,FIGC,962265,01/07/2025,30/06/2026
coni:184350,FIGC,962039,01/07/2025,30/06/2026
coni:184376,FIGC|UISP,962197,01/07/2025,30/06/2026
coni:184377,FIGC,962168,01/07/2025,30/06/2026
coni:184380,FIGC,962180,01/07/2025,30/06/2026
coni:184381,ASC|FIGC,963713,01/07/2025,30/06/2026
coni:18443,FIGC,59285,01/07/2025,30/06/2026
coni:184439,FIGC,962262,01/07/2025,30/06/2026
coni:184440,FIGC,962318,01/07/2025,30/06/2026
coni:184451,FIGC,962321,01/07/2025,30/06/2026
coni:184453,FIGC,962359,01/07/2025,30/06/2026
coni:184454,FIGC,962357,01/07/2025,30/06/2026
coni:184455,FIGC,962157,01/07/2025,30/06/2026
coni:184459,CSEN|FIGC,962269,01/07/2025,30/06/2026
coni:184460,FIGC,962232,01/07/2025,30/06/2026
coni:184463,FIGC,962386,01/07/2025,30/06/2026
coni:184490,FIGC|PGS,962451,01/07/2025,30/06/2026
coni:1845,ENDAS|FIGC,750682,01/07/2025,30/06/2026
coni:184506,ASC|FIGC,962373,01/07/2025,30/06/2026
coni:184509,FIGC,962347,01/07/2025,30/06/2026
coni:184520,FIGC,962363,01/07/2025,30/06/2026
coni:184536,FIGC,962358,01/07/2025,30/06/2026
coni:184537,FIGC,962787,01/07/2025,30/06/2026
coni:184551,FIGC,962404,01/07/2025,30/06/2026
coni:184577,FIGC,962250,01/07/2025,30/06/2026
coni:184579,FIGC,962351,01/07/2025,30/06/2026
coni:184582,FIGC,962242,01/07/2025,30/06/2026
coni:184583,CSI|FIGC,962279,01/07/2025,30/06/2026
coni:184585,FIGC,962423,01/07/2025,30/06/2026
coni:184587,FIGC,962286,01/07/2025,30/06/2026
coni:184605,FIGC,962515,01/07/2025,30/06/2026
coni:184623,CSI|FIGC,962335,01/07/2025,30/06/2026
coni:184634,FIGC,962344,01/07/2025,30/06/2026
coni:184647,FIGC,922675,01/07/2025,30/06/2026
coni:184652,FIGC,962301,01/07/2025,30/06/2026
coni:184654,FIGC,962327,01/07/2025,30/06/2026
coni:184657,FIGC,962240,01/07/2025,30/06/2026
coni:184663,FIGC,962288,01/07/2025,30/06/2026
coni:184664,FIGC,962260,01/07/2025,30/06/2026
coni:184665,FIGC,962273,01/07/2025,30/06/2026
coni:184671,FIGC,962322,01/07/2025,30/06/2026
coni:184672,FIGC,962377,01/07/2025,30/06/2026
coni:184673,FIGC,962299,01/07/2025,30/06/2026
coni:184677,FIGC,962298,01/07/2025,30/06/2026
coni:184689,FIGC,964415,06/08/2025,30/06/2026
coni:184690,FIGC,962311,01/07/2025,30/06/2026
coni:184695,CSI|FIGC,962340,01/07/2025,30/06/2026
coni:184698,FIGC,962330,01/07/2025,30/06/2026
coni:184703,FIGC,962406,01/07/2025,30/06/2026
coni:184704,FIGC,964752,16/10/2025,30/06/2026
coni:184707,FIGC,962410,01/07/2025,30/06/2026
coni:184708,FIGC,962463,01/07/2025,30/06/2026
coni:184726,CSI|FIGC,962155,01/07/2025,30/06/2026
coni:184728,FIGC,962438,01/07/2025,30/06/2026
coni:184729,FIGC,962428,01/07/2025,30/06/2026
coni:184731,FIGC,962264,01/07/2025,30/06/2026
coni:184736,FIGC,962169,01/07/2025,30/06/2026
coni:184737,FIGC,962437,01/07/2025,30/06/2026
coni:18474,FIGC,915298,01/07/2025,30/06/2026
coni:184741,FIGC,962455,01/07/2025,30/06/2026
coni:18475,FIGC,81030,01/07/2025,30/06/2026
coni:184754,CSI|FIGC,962051,01/07/2025,30/06/2026
coni:184758,ENDAS|FIGC,962503,01/07/2025,30/06/2026
coni:184760,FIGC,962450,01/07/2025,30/06/2026
coni:184771,FIGC,962256,01/07/2025,30/06/2026
coni:184778,FIGC,962446,01/07/2025,30/06/2026
coni:184780,CSEN|FIGC,962461,01/07/2025,30/06/2026
coni:184786,FIGC,962518,01/07/2025,30/06/2026
coni:184805,FIGC,962342,01/07/2025,30/06/2026
coni:184807,FIGC,962456,01/07/2025,30/06/2026
coni:184809,FIGC,962445,01/07/2025,30/06/2026
coni:184811,FIGC,962462,01/07/2025,30/06/2026
coni:184814,FIGC,962257,01/07/2025,30/06/2026
coni:184815,FIGC,962501,01/07/2025,30/06/2026
coni:184816,AICS|FIGC,962535,01/07/2025,30/06/2026
coni:184819,FIGC,962454,01/07/2025,30/06/2026
coni:184822,FIGC,962498,01/07/2025,30/06/2026
coni:184824,FIGC,962452,01/07/2025,30/06/2026
coni:184827,FIGC,,,
coni:184835,FIGC,962530,01/07/2025,30/06/2026
coni:184840,FIGC,962524,01/07/2025,30/06/2026
coni:184855,FIGC,962302,01/07/2025,30/06/2026
coni:184856,FIGC,962333,01/07/2025,30/06/2026
coni:184900,FIGC,962581,01/07/2025,30/06/2026
coni:184901,FIGC,962329,01/07/2025,30/06/2026
coni:184902,FIGC,962272,01/07/2025,30/06/2026
coni:184937,FIGC,962274,01/07/2025,30/06/2026
coni:184946,FIGC,4125,01/07/2025,30/06/2026
coni:184948,ASC|FIGC,962350,01/07/2025,30/06/2026
coni:184949,FIGC,962271,01/07/2025,30/06/2026
coni:184977,FIGC,962292,01/07/2025,30/06/2026
coni:184981,FIGC,962388,01/07/2025,30/06/2026
coni:184982,FIGC,962214,01/07/2025,30/06/2026
coni:184984,FIGC,962467,01/07/2025,30/06/2026
coni:184987,FIGC,962362,01/07/2025,30/06/2026
coni:184993,FIGC,962375,01/07/2025,30/06/2026
coni:184995,FIGC,962400,01/07/2025,30/06/2026
coni:184996,FIGC,962439,01/07/2025,30/06/2026
coni:185003,FIGC,964618,05/09/2025,30/06/2026
coni:185004,FIGC,962324,01/07/2025,30/06/2026
coni:185045,FIGC,962378,01/07/2025,30/06/2026
coni:185058,FIGC,962546,01/07/2025,30/06/2026
coni:185085,FIGC,962585,01/07/2025,30/06/2026
coni:185088,FIGC,962372,01/07/2025,30/06/2026
coni:185089,AICS|FIGC,962480,01/07/2025,30/06/2026
coni:185099,FIGC,962552,01/07/2025,30/06/2026
coni:18512,CSI|FIGC,963249,01/07/2025,30/06/2026
coni:18513,FIGC,945142,01/07/2025,30/06/2026
coni:185146,FIGC,962512,01/07/2025,30/06/2026
coni:185156,FIGC,963187,01/07/2025,30/06/2026
coni:185157,CSI|FIGC,962659,01/07/2025,30/06/2026
coni:185159,FIGC,962533,01/07/2025,30/06/2026
coni:185160,FIGC,962558,01/07/2025,30/06/2026
coni:18517,FIGC,952821,01/07/2025,30/06/2026
coni:185171,FIGC,962561,01/07/2025,30/06/2026
coni:185172,CSI|FIGC,962562,01/07/2025,30/06/2026
coni:185174,FIGC,962474,01/07/2025,30/06/2026
coni:185175,FIGC,962379,01/07/2025,30/06/2026
coni:18518,FIGC,945144,01/07/2025,30/06/2026
coni:185225,FIGC,962095,01/07/2025,30/06/2026
coni:185229,FIGC,962509,01/07/2025,30/06/2026
coni:18523,FIGC,78936,01/07/2025,30/06/2026
coni:185237,FIGC,962309,01/07/2025,30/06/2026
coni:185238,FIGC,962277,01/07/2025,30/06/2026
coni:185240,FIGC,962579,01/07/2025,30/06/2026
coni:185241,FIGC,962547,01/07/2025,30/06/2026
coni:185255,FIGC,962583,01/07/2025,30/06/2026
coni:185279,FIGC,962565,01/07/2025,30/06/2026
coni:18528,FIGC,962888,01/07/2025,30/06/2026
coni:185285,AICS|FIGC,962595,01/07/2025,30/06/2026
coni:185299,FIGC,955596,01/07/2025,30/06/2026
coni:185314,FIGC,962545,01/07/2025,30/06/2026
coni:185332,FIGC,962626,01/07/2025,30/06/2026
coni:185334,FIGC,962303,01/07/2025,30/06/2026
coni:185335,FIGC,962627,01/07/2025,30/06/2026
coni:185345,FIGC,962651,01/07/2025,30/06/2026
coni:185352,FIGC,962632,01/07/2025,30/06/2026
coni:185401,FIGC,962803,01/07/2025,30/06/2026
coni:18541,FIGC,675679,01/07/2025,30/06/2026
coni:185485,FIGC,962646,01/07/2025,30/06/2026
coni:185503,FIGC,09600233,21/09/2025,30/06/2026
coni:18552,FIGC,710565,01/07/2025,30/06/2026
coni:185531,FIGC,962699,01/07/2025,30/06/2026
coni:185535,CSI|FIGC,963088,01/07/2025,30/06/2026
coni:185552,FIGC,08800080,01/07/2025,30/06/2026
coni:185562,FIGC,962691,01/07/2025,30/06/2026
coni:18564,FIGC,934011,01/07/2025,30/06/2026
coni:185652,CSEN|FIGC,963684,01/07/2025,30/06/2026
coni:18573,FIGC,740873,01/07/2025,30/06/2026
coni:178590,FIGC,955472,01/07/2025,30/06/2026
coni:179014,FIGC|OPES,955214,01/07/2025,30/06/2026
coni:179250,FIGC,955144,01/07/2025,30/06/2026
coni:179258,FIGC,955131,01/07/2025,30/06/2026
coni:179259,FIGC,955179,01/07/2025,30/06/2026
coni:179363,FIGC,955233,01/07/2025,30/06/2026
coni:179383,FIGC,955474,01/07/2025,30/06/2026
coni:179417,FIGC,955283,01/07/2025,30/06/2026
coni:179434,FIGC,955505,01/07/2025,30/06/2026
coni:179507,FIGC,962568,01/07/2025,30/06/2026
coni:179710,FIGC,955626,01/07/2025,30/06/2026
coni:179844,FIGC,955369,01/07/2025,30/06/2026
coni:179848,FIGC,962019,01/07/2025,30/06/2026
coni:179876,FIGC,955232,01/07/2025,30/06/2026
coni:179879,FIGC|UISP,955287,01/07/2025,30/06/2026
coni:179886,FIGC,955344,01/07/2025,30/06/2026
coni:179887,FIGC,955382,01/07/2025,30/06/2026
coni:179888,FIGC,955389,01/07/2025,30/06/2026
coni:181044,FIGC,730173,01/07/2025,30/06/2026
coni:181211,FIGC,953843,01/07/2025,30/06/2026
coni:183707,AICS|FIGC,922811,01/07/2025,30/06/2026
coni:18373,CSI|FIGC,940796,01/07/2025,30/06/2026
coni:184120,FIGC,962103,01/07/2025,30/06/2026
coni:184232,FIGC,962249,01/07/2025,30/06/2026
coni:184264,FIGC,962235,01/07/2025,30/06/2026
coni:184321,FIGC,962331,01/07/2025,30/06/2026
coni:18476,FIGC,70434,01/07/2025,30/06/2026
coni:185007,FIGC,962504,01/07/2025,30/06/2026
coni:185733,FIGC,962444,01/07/2025,30/06/2026
coni:185740,FIGC,962648,01/07/2025,30/06/2026
coni:185753,FIGC,962217,01/07/2025,30/06/2026
coni:185756,ASC|CSEN|FIGC,962499,01/07/2025,30/06/2026
coni:185758,FIGC,962669,01/07/2025,30/06/2026
coni:185759,FIGC|US_ACLI,962640,01/07/2025,30/06/2026
coni:185763,FIGC,962642,01/07/2025,30/06/2026
coni:185764,FIGC,962635,01/07/2025,30/06/2026
coni:185766,CSI|FIGC,962677,01/07/2025,30/06/2026
coni:185767,FIGC,962430,01/07/2025,30/06/2026
coni:185770,FIGC,962654,01/07/2025,30/06/2026
coni:185774,FIGC,962441,01/07/2025,30/06/2026
coni:185776,FIGC,962582,01/07/2025,30/06/2026
coni:185777,CSEN|FIGC,962729,01/07/2025,30/06/2026
coni:185778,FIGC,962289,01/07/2025,30/06/2026
coni:185785,FIGC,962639,01/07/2025,30/06/2026
coni:185786,FIGC,962418,01/07/2025,30/06/2026
coni:185787,FIGC,962482,01/07/2025,30/06/2026
coni:185788,FIGC,962656,01/07/2025,30/06/2026
coni:185789,FIGC,962684,01/07/2025,30/06/2026
coni:185791,FIGC,962487,01/07/2025,30/06/2026
coni:185793,FIGC,962062,01/07/2025,30/06/2026
coni:185794,FIGC,962740,01/07/2025,30/06/2026
coni:185795,FIGC,962336,01/07/2025,30/06/2026
coni:185796,FIGC,962686,01/07/2025,30/06/2026
coni:185797,FIGC,962283,01/07/2025,30/06/2026
coni:185799,FIGC,962489,01/07/2025,30/06/2026
coni:185856,FIGC,962553,01/07/2025,30/06/2026
coni:185876,FIGC,962730,01/07/2025,30/06/2026
coni:185878,CSI|FIGC,962806,01/07/2025,30/06/2026
coni:185954,FIGC,962755,01/07/2025,30/06/2026
coni:185968,FIGC,962696,01/07/2025,30/06/2026
coni:185999,ENDAS|FIGC,962603,01/07/2025,30/06/2026
coni:186000,FIGC,962443,01/07/2025,30/06/2026
coni:186001,FIGC,922637,01/07/2025,30/06/2026
coni:186013,FIGC,954846,01/07/2025,30/06/2026
coni:186022,FIGC,962613,01/07/2025,30/06/2026
coni:186023,FIGC,962680,01/07/2025,30/06/2026
coni:186026,FIGC,962742,01/07/2025,30/06/2026
coni:186029,FIGC,962566,01/07/2025,30/06/2026
coni:18604,FIGC,945359,01/07/2025,30/06/2026
coni:186052,FIGC,962767,01/07/2025,30/06/2026
coni:186070,FIGC,962538,01/07/2025,30/06/2026
coni:186112,FIGC,962629,01/07/2025,30/06/2026
coni:186120,FIGC,962356,01/07/2025,30/06/2026
coni:186125,FIGC|PGS,963792,01/07/2025,30/06/2026
coni:186137,CSI|FIGC,08001160,18/09/2025,30/06/2026
coni:186141,FIGC,962383,01/07/2025,30/06/2026
coni:186142,FIGC,922836,01/07/2025,30/06/2026
coni:186143,FIGC,922823,01/07/2025,30/06/2026
coni:186144,FIGC,962505,01/07/2025,30/06/2026
coni:186148,FIGC,962304,01/07/2025,30/06/2026
coni:186155,FIGC,962777,01/07/2025,30/06/2026
coni:186225,FIGC,962555,01/07/2025,30/06/2026
coni:18623,FIGC,62118,01/07/2025,30/06/2026
coni:186230,FIGC,962780,01/07/2025,30/06/2026
coni:186244,FIGC|PGS,962744,01/07/2025,30/06/2026
coni:186263,FIGC,962468,01/07/2025,30/06/2026
coni:186289,FIGC,962693,01/07/2025,30/06/2026
coni:186361,FIGC,962790,01/07/2025,30/06/2026
coni:186407,FIGC,962794,01/07/2025,30/06/2026
coni:186466,FIGC,962539,01/07/2025,30/06/2026
coni:18647,FIGC,912535,01/07/2025,30/06/2026
coni:186491,FIGC,962634,01/07/2025,30/06/2026
coni:1865,FIGC,48740,01/07/2025,30/06/2026
coni:186551,CSI|ENDAS|FIGC,00700405,30/08/2025,30/06/2026
coni:186644,FIGC,962519,01/07/2025,30/06/2026
coni:18666,FIGC|FIP|PGS,963600,01/07/2025,30/06/2026
coni:186689,FIGC,964370,01/08/2025,30/06/2026
coni:1867,FIGC,65644,01/07/2025,30/06/2026
coni:186748,FIGC,962804,01/07/2025,30/06/2026
coni:1868,CSEN|FIGC,921312,01/07/2025,30/06/2026
coni:186801,FIGC,962500,01/07/2025,30/06/2026
coni:186812,FIGC,922746,01/07/2025,30/06/2026
coni:186840,FIGC,962570,01/07/2025,30/06/2026
coni:18685,FIGC,935796,01/07/2025,30/06/2026
coni:186905,FIGC|UISP,962969,01/07/2025,30/06/2026
coni:187042,FIGC,963383,01/07/2025,30/06/2026
coni:18706,FIGC,935259,01/07/2025,30/06/2026
coni:187086,CSEN|FIGC,962859,01/07/2025,30/06/2026
coni:187286,FIGC|UISP,962807,01/07/2025,30/06/2026
coni:187366,FIGC,963592,01/07/2025,30/06/2026
coni:18737,FIGC,917107,01/07/2025,30/06/2026
coni:18760,FIGC,913987,01/07/2025,30/06/2026
coni:18779,AICS|FIGC,963108,01/07/2025,30/06/2026
coni:187822,FIGC,962812,01/07/2025,30/06/2026
coni:18793,FIGC,675011,01/07/2025,30/06/2026
coni:187985,CSEN|FIGC,964891,07/10/2025,30/06/2026
coni:18800,FIGC,770369,01/07/2025,30/06/2026
coni:188055,FIGC,962611,01/07/2025,30/06/2026
coni:188149,FIGC,962814,01/07/2025,30/06/2026
coni:188198,FIGC,963196,01/07/2025,30/06/2026
coni:188206,FIGC,963418,01/07/2025,30/06/2026
coni:18823,FIGC,916020,01/07/2025,30/06/2026
coni:18827,CSI|FIGC|FIP|PGS,675757,01/07/2025,30/06/2026
coni:188275,FIGC,963036,01/07/2025,30/06/2026
coni:18830,FIGC,942987,01/07/2025,30/06/2026
coni:188340,FIGC,963130,01/07/2025,30/06/2026
coni:18840,FIGC,941550,01/07/2025,30/06/2026
coni:188403,FIGC,964392,19/08/2025,30/06/2026
coni:18846,FIGC|UISP,918746,01/07/2025,30/06/2026
coni:188469,FIGC,963175,01/07/2025,30/06/2026
coni:18859,FIGC,947065,01/07/2025,30/06/2026
coni:18879,FIGC,913797,01/07/2025,30/06/2026
coni:188926,AICS|FIGC,963342,01/07/2025,30/06/2026
coni:188952,FIGC,955257,01/07/2025,30/06/2026
coni:1891,FIGC,916469,01/07/2025,30/06/2026
coni:18915,FIGC,921683,01/07/2025,30/06/2026
coni:18923,CSI|FIGC,937761,01/07/2025,30/06/2026
coni:189268,CSI|FIGC,963979,01/07/2025,30/06/2026
coni:189477,CSI|FIGC,963801,01/07/2025,30/06/2026
coni:18950,FIGC,922086,01/07/2025,30/06/2026
coni:18956,FIGC|UISP,964176,31/07/2025,30/06/2026
coni:189631,CSEN|FIGC,962815,01/07/2025,30/06/2026
coni:189806,FIGC,963558,01/07/2025,30/06/2026
coni:189840,CSEN|FIGC,962826,01/07/2025,30/06/2026
coni:18987,ENDAS|FIGC,780010,01/07/2025,30/06/2026
coni:189955,CSEN|FIGC,963220,01/07/2025,30/06/2026
coni:18996,FIGC,952883,01/07/2025,30/06/2026
coni:189961,ASC|FIGC,964776,19/09/2025,30/06/2026
coni:18999,FIGC,941433,01/07/2025,30/06/2026
coni:1900,AICS|FIGC,79236,01/07/2025,30/06/2026
coni:190049,CSI|FIGC,949614,01/07/2025,30/06/2026
coni:190083,AICS|FIGC,963338,01/07/2025,30/06/2026
coni:190092,FIGC,963340,01/07/2025,30/06/2026
coni:190139,FIGC,963267,01/07/2025,30/06/2026
coni:19018,FIGC,74245,01/07/2025,30/06/2026
coni:190248,FIGC,963766,01/07/2025,30/06/2026
coni:19027,FIGC,962616,01/07/2025,30/06/2026
coni:190296,FIGC,963483,01/07/2025,30/06/2026
coni:190310,FIGC,963065,01/07/2025,30/06/2026
coni:190324,AICS|FIGC,963425,01/07/2025,30/06/2026
coni:190328,FIGC,962827,01/07/2025,30/06/2026
coni:19033,CSI|FIGC,780898,01/07/2025,30/06/2026
coni:19035,CSI|FIGC,945864,01/07/2025,30/06/2026
coni:190417,FIGC,964757,10/10/2025,30/06/2026
coni:190453,CSI|FIGC,963317,01/07/2025,30/06/2026
coni:190466,FIGC,963105,01/07/2025,30/06/2026
coni:190490,ENDAS|FIGC,964222,21/07/2025,30/06/2026
coni:190504,FIGC,953729,01/07/2025,30/06/2026
coni:19051,FIGC,937694,01/07/2025,30/06/2026
coni:190523,FIGC,962834,01/07/2025,30/06/2026
coni:190549,CSEN|FIGC,962943,01/07/2025,30/06/2026
coni:190654,ASC|FIGC,963396,01/07/2025,30/06/2026
coni:190711,FIGC,962839,01/07/2025,30/06/2026
coni:19075,FIGC,963195,01/07/2025,30/06/2026
coni:190788,FIGC,962860,01/07/2025,30/06/2026
coni:190792,FIGC,962840,01/07/2025,30/06/2026
coni:190808,FIGC,953709,01/07/2025,30/06/2026
coni:190811,FIGC,962845,01/07/2025,30/06/2026
coni:190820,FIGC,962836,01/07/2025,30/06/2026
coni:190821,CSI|FIGC,962884,01/07/2025,30/06/2026
coni:190823,CSI|FIGC,963382,01/07/2025,30/06/2026
coni:190841,FIGC,963454,01/07/2025,30/06/2026
coni:190867,CSEN|FIGC,964828,30/09/2025,30/06/2026
coni:190939,FIGC,955632,01/07/2025,30/06/2026
coni:190958,ASC|CSEN|FIGC,962904,01/07/2025,30/06/2026
coni:190959,FIGC,962864,01/07/2025,30/06/2026
coni:190962,CSI|FIGC,02002032,04/07/2025,30/06/2026
coni:190970,FIGC|UISP,962930,01/07/2025,30/06/2026
coni:190988,FIGC|OPES,962853,01/07/2025,30/06/2026
coni:191025,FIGC,963118,01/07/2025,30/06/2026
coni:191033,FIGC|UISP,964574,10/09/2025,30/06/2026
coni:191036,FIGC,962964,01/07/2025,30/06/2026
coni:191037,CSI|FIGC,963038,01/07/2025,30/06/2026
coni:191039,CSEN|FIGC,963273,01/07/2025,30/06/2026
coni:191042,FIGC,962852,01/07/2025,30/06/2026
coni:191072,CSI|FIGC,963005,01/07/2025,30/06/2026
coni:191079,FIGC,963078,01/07/2025,30/06/2026
coni:191081,FIGC,962989,01/07/2025,30/06/2026
coni:191084,FIGC,963285,01/07/2025,30/06/2026
coni:191119,FIGC,962865,01/07/2025,30/06/2026
coni:19113,FIGC,944104,01/07/2025,30/06/2026
coni:191130,FIGC,963037,01/07/2025,30/06/2026
coni:191143,FIGC,962974,01/07/2025,30/06/2026
coni:191151,FIGC,962885,01/07/2025,30/06/2026
coni:191152,AICS|FIGC,962991,01/07/2025,30/06/2026
coni:191157,FIGC,963101,01/07/2025,30/06/2026
coni:191163,FIGC|OPES,963120,01/07/2025,30/06/2026
coni:191171,FIGC,962857,01/07/2025,30/06/2026
coni:191172,FIGC,962985,01/07/2025,30/06/2026
coni:191175,FIGC,963009,01/07/2025,30/06/2026
coni:191178,FIGC,963164,01/07/2025,30/06/2026
coni:191179,FIGC,963021,01/07/2025,30/06/2026
coni:191182,FIGC,963100,01/07/2025,30/06/2026
coni:191184,FIGC,962946,01/07/2025,30/06/2026
coni:191189,FIGC,962934,01/07/2025,30/06/2026
coni:191193,FIGC,963121,01/07/2025,30/06/2026
coni:191195,FIGC,962873,01/07/2025,30/06/2026
coni:191198,FIGC,962902,01/07/2025,30/06/2026
coni:191201,FIGC,963045,01/07/2025,30/06/2026
coni:191205,FIGC,963113,01/07/2025,30/06/2026
coni:191232,CSI|FIGC,964347,30/07/2025,30/06/2026
coni:191234,FIGC|UISP,962925,01/07/2025,30/06/2026
coni:191252,FIGC,963263,01/07/2025,30/06/2026
coni:191277,FIGC,963035,01/07/2025,30/06/2026
coni:191278,ASC|FIGC,963147,01/07/2025,30/06/2026
coni:191279,FIGC,962894,01/07/2025,30/06/2026
coni:191287,FIGC,963106,01/07/2025,30/06/2026
coni:191289,CSI|FIGC,04101433,02/07/2025,30/06/2026
coni:191304,FIGC,963039,01/07/2025,30/06/2026
coni:191305,FIGC,954293,01/07/2025,30/06/2026
coni:191310,FIGC,963041,01/07/2025,30/06/2026
coni:191324,FIGC,962937,01/07/2025,30/06/2026
coni:191326,FIGC,962948,01/07/2025,30/06/2026
coni:191337,FIGC,963062,01/07/2025,30/06/2026
coni:191338,FIGC,962951,01/07/2025,30/06/2026
coni:191339,FIGC,963034,01/07/2025,30/06/2026
coni:191340,FIGC|US_ACLI,962984,01/07/2025,30/06/2026
coni:191341,FIGC,963043,01/07/2025,30/06/2026
coni:191344,FIGC,932827,01/07/2025,30/06/2026
coni:191345,FIGC|PGS,962841,01/07/2025,30/06/2026
coni:191346,FIGC,962542,01/07/2025,30/06/2026
coni:191348,FIGC,962949,01/07/2025,30/06/2026
coni:191355,FIGC,962988,01/07/2025,30/06/2026
coni:191381,FIGC,963165,01/07/2025,30/06/2026
coni:191382,FIGC,962926,01/07/2025,30/06/2026
coni:191383,FIGC,963137,01/07/2025,30/06/2026
coni:191385,FIGC,962971,01/07/2025,30/06/2026
coni:191387,FIGC,963173,01/07/2025,30/06/2026
coni:191391,FIGC,963237,01/07/2025,30/06/2026
coni:191398,FIGC,963099,01/07/2025,30/06/2026
coni:191416,FIGC|OPES,963247,01/07/2025,30/06/2026
coni:191417,FIGC,963190,01/07/2025,30/06/2026
coni:191418,FIGC,963200,01/07/2025,30/06/2026
coni:19142,FIGC,945137,01/07/2025,30/06/2026
coni:191421,CSI|FIGC,963117,01/07/2025,30/06/2026
coni:191423,FIGC,962947,01/07/2025,30/06/2026
coni:191431,FIGC,963831,01/07/2025,30/06/2026
coni:191437,FIGC,963201,01/07/2025,30/06/2026
coni:191441,FIGC,963177,01/07/2025,30/06/2026
coni:191443,FIGC,963022,01/07/2025,30/06/2026
coni:191445,FIGC,963240,01/07/2025,30/06/2026
coni:191446,FIGC,963219,01/07/2025,30/06/2026
coni:191447,FIGC,963217,01/07/2025,30/06/2026
coni:191452,FIGC,963222,01/07/2025,30/06/2026
coni:191453,ASC|FIGC,963221,01/07/2025,30/06/2026
coni:191454,FIGC,963248,01/07/2025,30/06/2026
coni:191457,FIGC,962972,01/07/2025,30/06/2026
coni:191460,FIGC,962903,01/07/2025,30/06/2026
coni:191467,FIGC,963125,01/07/2025,30/06/2026
coni:191468,FIGC,963270,01/07/2025,30/06/2026
coni:191469,CSI|FIGC,962963,01/07/2025,30/06/2026
coni:191475,FIGC,963070,01/07/2025,30/06/2026
coni:191480,FIGC,963209,01/07/2025,30/06/2026
coni:191481,FIGC,963264,01/07/2025,30/06/2026
coni:191560,FIGC,962968,01/07/2025,30/06/2026
coni:191561,FIGC,962939,01/07/2025,30/06/2026
coni:191564,FIGC,962868,01/07/2025,30/06/2026
coni:191565,FIGC,962861,01/07/2025,30/06/2026
coni:191568,FIGC,962896,01/07/2025,30/06/2026
coni:191582,FIGC,962965,01/07/2025,30/06/2026
coni:191584,FIGC,963268,01/07/2025,30/06/2026
coni:191585,FIGC,963132,01/07/2025,30/06/2026
coni:191587,FIGC,962848,01/07/2025,30/06/2026
coni:191588,FIGC,963208,01/07/2025,30/06/2026
coni:191589,FIGC,963243,01/07/2025,30/06/2026
coni:191599,CSI|FIGC,962941,01/07/2025,30/06/2026
coni:191602,FIGC,963332,01/07/2025,30/06/2026
coni:191606,FIGC,963029,01/07/2025,30/06/2026
coni:191619,FIGC,962189,01/07/2025,30/06/2026
coni:191621,FIGC,963232,01/07/2025,30/06/2026
coni:191622,FIGC,963020,01/07/2025,30/06/2026
coni:191624,FIGC,963321,01/07/2025,30/06/2026
coni:191625,CSI|FIGC|UISP,04002099,01/07/2025,30/06/2026
coni:191653,CSEN|FIGC,963421,01/07/2025,30/06/2026
coni:191660,FIGC,963330,01/07/2025,30/06/2026
coni:191661,FIGC,963244,01/07/2025,30/06/2026
coni:191673,AICS|FIGC,963360,01/07/2025,30/06/2026
coni:191674,FIGC,963341,01/07/2025,30/06/2026
coni:191684,FIGC|OPES,963339,01/07/2025,30/06/2026
coni:191686,FIGC,963218,01/07/2025,30/06/2026
coni:191689,FIGC,963153,01/07/2025,30/06/2026
coni:191695,FIGC,963186,01/07/2025,30/06/2026
coni:191704,FIGC,963199,01/07/2025,30/06/2026
coni:191705,FIGC,963181,01/07/2025,30/06/2026
coni:191707,FIGC,962938,01/07/2025,30/06/2026
coni:191708,FIGC,963156,01/07/2025,30/06/2026
coni:191712,FIGC,963348,01/07/2025,30/06/2026
coni:191714,FIGC,963093,01/07/2025,30/06/2026
coni:191715,FIGC,963215,01/07/2025,30/06/2026
coni:191716,FIGC,963042,01/07/2025,30/06/2026
coni:191718,FIGC,963241,01/07/2025,30/06/2026
coni:191724,FIGC,962919,01/07/2025,30/06/2026
coni:191731,FIGC,963197,01/07/2025,30/06/2026
coni:191735,FIGC,963266,01/07/2025,30/06/2026
coni:191737,FIGC,963136,01/07/2025,30/06/2026
coni:191738,FIGC,963251,01/07/2025,30/06/2026
coni:191741,FIGC,963230,01/07/2025,30/06/2026
coni:191748,FIGC,962886,01/07/2025,30/06/2026
coni:191750,FIGC,963283,01/07/2025,30/06/2026
coni:191751,FIGC,963326,01/07/2025,30/06/2026
coni:191752,AICS|FIGC,963352,01/07/2025,30/06/2026
coni:191754,FIGC,963141,01/07/2025,30/06/2026
coni:191759,FIGC,962993,01/07/2025,30/06/2026
coni:191761,FIGC,963154,01/07/2025,30/06/2026
coni:191762,FIGC|UISP,963312,01/07/2025,30/06/2026
coni:191763,FIGC,963337,01/07/2025,30/06/2026
coni:191764,FIGC,963049,01/07/2025,30/06/2026
coni:191765,FIGC,963254,01/07/2025,30/06/2026
coni:191766,FIGC,963282,01/07/2025,30/06/2026
coni:191768,FIGC,962916,01/07/2025,30/06/2026
coni:191770,FIGC,963255,01/07/2025,30/06/2026
coni:191771,FIGC,963365,01/07/2025,30/06/2026
coni:191772,FIGC,963387,01/07/2025,30/06/2026
coni:191774,FIGC,963300,01/07/2025,30/06/2026
coni:191776,FIGC,963303,01/07/2025,30/06/2026
coni:191777,FIGC,963202,01/07/2025,30/06/2026
coni:191778,FIGC,963302,01/07/2025,30/06/2026
coni:191781,FIGC,963333,01/07/2025,30/06/2026
coni:191783,FIGC,963409,01/07/2025,30/06/2026
coni:191784,FIGC,963412,01/07/2025,30/06/2026
coni:191786,FIGC,962890,01/07/2025,30/06/2026
coni:191787,FIGC,963372,01/07/2025,30/06/2026
coni:191788,FIGC,963371,01/07/2025,30/06/2026
coni:191796,FIGC,963046,01/07/2025,30/06/2026
coni:191797,FIGC,963129,01/07/2025,30/06/2026
coni:191798,FIGC,963384,01/07/2025,30/06/2026
coni:191800,FIGC,963375,01/07/2025,30/06/2026
coni:191801,FIGC,963335,01/07/2025,30/06/2026
coni:191803,FIGC,962893,01/07/2025,30/06/2026
coni:191805,CSI|FIGC,963082,01/07/2025,30/06/2026
coni:191811,CSI|FIGC,963431,01/07/2025,30/06/2026
coni:191814,FIGC,962339,01/07/2025,30/06/2026
coni:191821,FIGC,963353,01/07/2025,30/06/2026
coni:191829,FIGC,963417,01/07/2025,30/06/2026
coni:191832,FIGC,962973,01/07/2025,30/06/2026
coni:191837,FIGC,963277,01/07/2025,30/06/2026
coni:191839,FIGC,963275,01/07/2025,30/06/2026
coni:191840,FIGC,963343,01/07/2025,30/06/2026
coni:191852,FIGC,962990,01/07/2025,30/06/2026
coni:191854,FIGC|UISP,963406,01/07/2025,30/06/2026
coni:191857,FIGC,963098,01/07/2025,30/06/2026
coni:191858,AICS|FIGC,964080,06/08/2025,30/06/2026
coni:191859,FIGC,963072,01/07/2025,30/06/2026
coni:191861,FIGC,963224,01/07/2025,30/06/2026
coni:191862,FIGC,963366,01/07/2025,30/06/2026
coni:191880,FIGC,963311,01/07/2025,30/06/2026
coni:191885,FIGC,963378,01/07/2025,30/06/2026
coni:191886,FIGC,963430,01/07/2025,30/06/2026
coni:191889,FIGC,963423,01/07/2025,30/06/2026
coni:1919,FIGC,6740,01/07/2025,30/06/2026
coni:191947,FIGC,963427,01/07/2025,30/06/2026
coni:191948,FIGC,963204,01/07/2025,30/06/2026
coni:191949,FIGC,963373,01/07/2025,30/06/2026
coni:191950,FIGC,963316,01/07/2025,30/06/2026
coni:191951,FIGC,963362,01/07/2025,30/06/2026
coni:191955,FIGC,963389,01/07/2025,30/06/2026
coni:191959,FIGC,963358,01/07/2025,30/06/2026
coni:191960,FIGC,963328,01/07/2025,30/06/2026
coni:191961,FIGC,963345,01/07/2025,30/06/2026
coni:191962,FIGC,963122,01/07/2025,30/06/2026
coni:191963,FIGC,963357,01/07/2025,30/06/2026
coni:191964,FIGC,963361,01/07/2025,30/06/2026
coni:191967,FIGC,962942,01/07/2025,30/06/2026
coni:191968,FIGC,963115,01/07/2025,30/06/2026
coni:191969,FIGC,963228,01/07/2025,30/06/2026
coni:191975,FIGC,963290,01/07/2025,30/06/2026
coni:191984,ASC|FIGC,963433,01/07/2025,30/06/2026
coni:191992,ASC|FIGC,963097,01/07/2025,30/06/2026
coni:191997,CSI|FIGC,963398,01/07/2025,30/06/2026
coni:191998,FIGC,963364,01/07/2025,30/06/2026
coni:192012,FIGC,963459,01/07/2025,30/06/2026
coni:192041,FIGC,962915,01/07/2025,30/06/2026
coni:192043,FIGC|OPES,963320,01/07/2025,30/06/2026
coni:192055,FIGC,963385,01/07/2025,30/06/2026
coni:192058,FIGC,963467,01/07/2025,30/06/2026
coni:192064,FIGC,963476,01/07/2025,30/06/2026
coni:192065,FIGC,963477,01/07/2025,30/06/2026
coni:192087,FIGC,963482,01/07/2025,30/06/2026
coni:192089,FIGC,963150,01/07/2025,30/06/2026
coni:192091,FIGC,963086,01/07/2025,30/06/2026
coni:192094,FIGC,964091,29/07/2025,30/06/2026
coni:192096,FIGC,963465,01/07/2025,30/06/2026
coni:192097,FIGC,963306,01/07/2025,30/06/2026
coni:192098,CSEN|FIGC,963053,01/07/2025,30/06/2026
coni:192099,CSEN|FIGC,963047,01/07/2025,30/06/2026
coni:192100,FIGC,963206,01/07/2025,30/06/2026
coni:192101,FIGC,963060,01/07/2025,30/06/2026
coni:192103,FIGC,962921,01/07/2025,30/06/2026
coni:192107,FIGC,962927,01/07/2025,30/06/2026
coni:192114,FIGC|PGS,15067,08/09/2025,31/08/2026
coni:192120,FIGC,963309,01/07/2025,30/06/2026
coni:192121,FIGC,963458,01/07/2025,30/06/2026
coni:192122,FIGC,963472,01/07/2025,30/06/2026
coni:192124,FIGC,963456,01/07/2025,30/06/2026
coni:192125,FIGC|UISP,963292,01/07/2025,30/06/2026
coni:19213,CSI|FIGC,919050,01/07/2025,30/06/2026
coni:192140,FIGC,963474,01/07/2025,30/06/2026
coni:192143,FIGC,963480,01/07/2025,30/06/2026
coni:192144,FIGC|PGS,963487,01/07/2025,30/06/2026
coni:192145,FIGC,963486,01/07/2025,30/06/2026
coni:192157,FIGC,963379,01/07/2025,30/06/2026
coni:192158,FIGC,963214,01/07/2025,30/06/2026
coni:192164,FIGC,963484,01/07/2025,30/06/2026
coni:192178,FIGC,962922,01/07/2025,30/06/2026
coni:192183,AICS|FIGC,963493,01/07/2025,30/06/2026
coni:192189,CSEN|FIGC,963463,01/07/2025,30/06/2026
coni:192191,FIGC,963323,01/07/2025,30/06/2026
coni:192192,FIGC,963494,01/07/2025,30/06/2026
coni:192194,FIGC,963227,01/07/2025,30/06/2026
coni:192198,FIGC,963485,01/07/2025,30/06/2026
coni:192200,FIGC,963481,01/07/2025,30/06/2026
coni:192201,FIGC,963495,01/07/2025,30/06/2026
coni:192204,FIGC,963442,01/07/2025,30/06/2026
coni:192206,FIGC,963502,01/07/2025,30/06/2026
coni:192253,FIGC,963504,01/07/2025,30/06/2026
coni:192254,FIGC,963507,01/07/2025,30/06/2026
coni:192255,FIGC,963460,01/07/2025,30/06/2026
coni:192256,FIGC,963464,01/07/2025,30/06/2026
coni:192257,CSI|FIGC,963505,01/07/2025,30/06/2026
coni:192272,FIGC,963401,01/07/2025,30/06/2026
coni:192275,FIGC,963522,01/07/2025,30/06/2026
coni:192276,FIGC,963506,01/07/2025,30/06/2026
coni:192297,CSI|FIGC,964254,22/07/2025,30/06/2026
coni:1923,FIGC,67716,01/07/2025,30/06/2026
coni:192313,FIGC,963513,01/07/2025,30/06/2026
coni:192324,FIGC,964411,05/08/2025,30/06/2026
coni:192328,FIGC,963166,01/07/2025,30/06/2026
coni:192330,FIGC|FIP|US_ACLI,963135,01/07/2025,30/06/2026
coni:192333,CSI|FIGC,09800388,11/07/2025,30/06/2026
coni:192334,FIGC,962952,01/07/2025,30/06/2026
coni:192354,FIGC,963496,01/07/2025,30/06/2026
coni:192355,FIGC,963537,01/07/2025,30/06/2026
coni:192360,FIGC,963526,01/07/2025,30/06/2026
coni:192361,FIGC,963534,01/07/2025,30/06/2026
coni:192362,FIGC,963520,01/07/2025,30/06/2026
coni:192387,FIGC,963466,01/07/2025,30/06/2026
coni:192392,FIGC,934009,01/07/2025,30/06/2026
coni:192393,FIGC,963518,01/07/2025,30/06/2026
coni:192394,FIGC,963516,01/07/2025,30/06/2026
coni:192410,FIGC,963071,01/07/2025,30/06/2026
coni:192412,FIGC,963528,01/07/2025,30/06/2026
coni:192419,AICS|FIGC,963803,01/07/2025,30/06/2026
coni:192436,FIGC,963560,01/07/2025,30/06/2026
coni:192437,FIGC,963305,01/07/2025,30/06/2026
coni:192447,FIGC,963363,01/07/2025,30/06/2026
coni:192460,FIGC,963013,01/07/2025,30/06/2026
coni:192465,FIGC,963402,01/07/2025,30/06/2026
coni:192467,FIGC,963569,01/07/2025,30/06/2026
coni:192494,FIGC,963574,01/07/2025,30/06/2026
coni:192495,FIGC,963143,01/07/2025,30/06/2026
coni:192502,FIGC,963578,01/07/2025,30/06/2026
coni:192504,FIGC,963580,01/07/2025,30/06/2026
coni:192507,FIGC,963554,01/07/2025,30/06/2026
coni:192509,FIGC,963576,01/07/2025,30/06/2026
coni:192514,FIGC|UISP,V310270,03/10/2025,31/08/2026
coni:192518,FIGC,963548,01/07/2025,30/06/2026
coni:192528,FIGC,963585,01/07/2025,30/06/2026
coni:192529,FIGC,963583,01/07/2025,30/06/2026
coni:192530,FIGC,963557,01/07/2025,30/06/2026
coni:192549,FIGC,963555,01/07/2025,30/06/2026
coni:192550,FIGC,963587,01/07/2025,30/06/2026
coni:192551,FIGC,963582,01/07/2025,30/06/2026
coni:192552,FIGC,963566,01/07/2025,30/06/2026
coni:192555,FIGC,963562,01/07/2025,30/06/2026
coni:192632,FIGC,963567,01/07/2025,30/06/2026
coni:192641,FIGC,964066,31/07/2025,30/06/2026
coni:192645,FIGC,963678,01/07/2025,30/06/2026
coni:192647,FIGC,964494,05/09/2025,30/06/2026
coni:192684,CSEN|FIGC,964191,17/07/2025,30/06/2026
coni:192689,FIGC,963032,01/07/2025,30/06/2026
coni:19269,FIGC,916037,01/07/2025,30/06/2026
coni:192690,FIGC,963549,01/07/2025,30/06/2026
coni:192701,FIGC,963531,01/07/2025,30/06/2026
coni:192724,CSEN|FIGC,963722,01/07/2025,30/06/2026
coni:192754,AICS|FIGC,964300,30/07/2025,30/06/2026
coni:192763,FIGC,963593,01/07/2025,30/06/2026
coni:19277,CSI|FIGC,676187,01/07/2025,30/06/2026
coni:192779,FIGC,964082,22/07/2025,30/06/2026
coni:192782,FIGC,963577,01/07/2025,30/06/2026
coni:192790,FIGC,963634,01/07/2025,30/06/2026
coni:192797,FIGC,963614,01/07/2025,30/06/2026
coni:192827,FIGC,963568,01/07/2025,30/06/2026
coni:192831,FIGC,963272,01/07/2025,30/06/2026
coni:192860,FIGC,963612,01/07/2025,30/06/2026
coni:192867,FIGC,963411,01/07/2025,30/06/2026
coni:192882,CSI|FIGC,964296,19/09/2025,30/06/2026
coni:192883,FIGC,963462,01/07/2025,30/06/2026
coni:192892,FIGC|OPES,964592,10/09/2025,30/06/2026
coni:192901,FIGC,963410,01/07/2025,30/06/2026
coni:192902,FIGC,963681,01/07/2025,30/06/2026
coni:192910,FIGC,963636,01/07/2025,30/06/2026
coni:192926,FIGC,963128,01/07/2025,30/06/2026
coni:192935,FIGC,963665,01/07/2025,30/06/2026
coni:192936,FIGC,963308,01/07/2025,30/06/2026
coni:192958,FIGC,963659,01/07/2025,30/06/2026
coni:192962,FIGC,963704,01/07/2025,30/06/2026
coni:192963,FIGC,963668,01/07/2025,30/06/2026
coni:192964,FIGC,963669,01/07/2025,30/06/2026
coni:192965,FIGC,963667,01/07/2025,30/06/2026
coni:192967,FIGC,963606,01/07/2025,30/06/2026
coni:192973,FIGC,963618,01/07/2025,30/06/2026
coni:193004,ASC|FIGC,963603,01/07/2025,30/06/2026
coni:193006,FIGC,963604,01/07/2025,30/06/2026
coni:193012,FIGC,963127,01/07/2025,30/06/2026
coni:193030,FIGC,963598,01/07/2025,30/06/2026
coni:193031,FIGC,963617,01/07/2025,30/06/2026
coni:193036,FIGC,963616,01/07/2025,30/06/2026
coni:193039,FIGC,963648,01/07/2025,30/06/2026
coni:193040,FIGC,963653,01/07/2025,30/06/2026
coni:193044,FIGC,963712,01/07/2025,30/06/2026
coni:193047,FIGC,963533,01/07/2025,30/06/2026
coni:193048,FIGC,963703,01/07/2025,30/06/2026
coni:193049,FIGC,963724,01/07/2025,30/06/2026
coni:193057,CSEN|FIGC,963538,01/07/2025,30/06/2026
coni:193063,FIGC,963725,01/07/2025,30/06/2026
coni:193064,FIGC,963646,01/07/2025,30/06/2026
coni:193066,FIGC,963640,01/07/2025,30/06/2026
coni:193070,FIGC,963594,01/07/2025,30/06/2026
coni:193076,FIGC,963642,01/07/2025,30/06/2026
coni:193096,FIGC,963718,01/07/2025,30/06/2026
coni:193100,FIGC,963660,01/07/2025,30/06/2026
coni:193103,FIGC,963683,01/07/2025,30/06/2026
coni:193106,FIGC,963685,01/07/2025,30/06/2026
coni:193111,FIGC,963731,01/07/2025,30/06/2026
coni:193120,FIGC,963706,01/07/2025,30/06/2026
coni:193122,FIGC|PGS,963727,01/07/2025,30/06/2026
coni:193127,FIGC,963737,01/07/2025,30/06/2026
coni:193154,FIGC,963601,01/07/2025,30/06/2026
coni:193155,FIGC,963723,01/07/2025,30/06/2026
coni:193156,FIGC,963607,01/07/2025,30/06/2026
coni:193157,CSEN|FIGC,963752,01/07/2025,30/06/2026
coni:193159,CSI|FIGC,963749,01/07/2025,30/06/2026
coni:193164,FIGC,963613,01/07/2025,30/06/2026
coni:193170,FIGC,963630,01/07/2025,30/06/2026
coni:193171,FIGC,963672,01/07/2025,30/06/2026
coni:193194,FIGC,963670,01/07/2025,30/06/2026
coni:193195,FIGC,963756,01/07/2025,30/06/2026
coni:193196,FIGC,963399,01/07/2025,30/06/2026
coni:193203,FIGC,963734,01/07/2025,30/06/2026
coni:193214,FIGC,963757,01/07/2025,30/06/2026
coni:193215,FIGC,963759,01/07/2025,30/06/2026
coni:193256,FIGC|UISP,V310261,03/10/2025,31/08/2026
coni:193264,FIGC,963615,01/07/2025,30/06/2026
coni:193272,FIGC,963572,01/07/2025,30/06/2026
coni:193273,FIGC,963711,01/07/2025,30/06/2026
coni:193275,FIGC|OPES,963631,01/07/2025,30/06/2026
coni:193287,FIGC,963673,01/07/2025,30/06/2026
coni:193293,FIGC,963765,01/07/2025,30/06/2026
coni:193295,CSEN|FIGC|UISP,964110,11/07/2025,30/06/2026
coni:19330,FIGC,915592,01/07/2025,30/06/2026
coni:193306,FIGC,963769,01/07/2025,30/06/2026
coni:193308,FIGC,963974,01/07/2025,30/06/2026
coni:193309,FIGC,963783,01/07/2025,30/06/2026
coni:193323,CSEN|FIGC,964267,30/07/2025,30/06/2026
coni:193326,FIGC,963666,01/07/2025,30/06/2026
coni:193377,FIGC,963716,01/07/2025,30/06/2026
coni:193378,FIGC,963786,01/07/2025,30/06/2026
coni:193400,FIGC,963794,01/07/2025,30/06/2026
coni:193402,FIGC,964918,07/10/2025,30/06/2026
coni:193407,FIGC,962920,01/07/2025,30/06/2026
coni:193477,FIGC,963810,01/07/2025,30/06/2026
coni:193501,FIGC,963674,01/07/2025,30/06/2026
coni:193509,FIGC,963817,01/07/2025,30/06/2026
coni:193522,FIGC,963823,01/07/2025,30/06/2026
coni:19353,FIGC,51830,01/07/2025,30/06/2026
coni:193541,FIGC,963768,01/07/2025,30/06/2026
coni:193542,FIGC,963595,01/07/2025,30/06/2026
coni:193550,FIGC,963760,01/07/2025,30/06/2026
coni:193551,FIGC,963702,01/07/2025,30/06/2026
coni:193566,CSI|FIGC,964447,01/10/2025,30/06/2026
coni:193567,CSI|FIGC,08001185,21/10/2025,30/06/2026
coni:193619,FIGC|OPES,964104,29/07/2025,30/06/2026
coni:193624,FIGC,963806,01/07/2025,30/06/2026
coni:193625,FIGC,963830,01/07/2025,30/06/2026
coni:193626,FIGC,963816,01/07/2025,30/06/2026
coni:193660,FIGC,963274,01/07/2025,30/06/2026
coni:193661,FIGC,963829,01/07/2025,30/06/2026
coni:19367,FIGC,206659,01/07/2025,30/06/2026
coni:193740,FIGC,963837,01/07/2025,30/06/2026
coni:19376,FIGC,13600015,13/07/2025,30/06/2026
coni:193769,FIGC,963838,01/07/2025,30/06/2026
coni:193858,ENDAS|FIGC,963787,01/07/2025,30/06/2026
coni:193868,FIGC,963721,01/07/2025,30/06/2026
coni:193875,FIGC,963822,01/07/2025,30/06/2026
coni:193883,CSI|FIGC,963280,01/07/2025,30/06/2026
coni:193911,FIGC,963808,01/07/2025,30/06/2026
coni:193991,FIGC,963862,01/07/2025,30/06/2026
coni:194056,ASC|FIGC,963938,01/07/2025,30/06/2026
coni:194068,AICS|FIGC,964530,25/09/2025,30/06/2026
coni:1941,FIGC,59236,01/07/2025,30/06/2026
coni:194145,FIGC,964416,06/08/2025,30/06/2026
coni:194209,FIGC,963865,01/07/2025,30/06/2026
coni:194218,FIGC,964383,01/08/2025,30/06/2026
coni:194226,FIGC,963868,01/07/2025,30/06/2026
coni:19428,FIGC,60226,01/07/2025,30/06/2026
coni:194315,AICS|FIGC,964406,06/08/2025,30/06/2026
coni:194452,CSEN|FIGC,963879,01/07/2025,30/06/2026
coni:19452,FIGC,947676,01/07/2025,30/06/2026
coni:19461,CSI|FIGC,13600016,02/07/2025,30/06/2026
coni:194683,FIGC,964999,04/11/2025,30/06/2026
coni:194722,CSEN|FIGC,963878,01/07/2025,30/06/2026
coni:194744,FIGC,963207,01/07/2025,30/06/2026
coni:194815,AICS|CSEN|FIGC,964969,20/10/2025,30/06/2026
coni:19484,CSI|FIGC,920574,01/07/2025,30/06/2026
coni:1949,FIGC,920742,01/07/2025,30/06/2026
coni:19492,CSI|FIGC,917053,01/07/2025,30/06/2026
coni:194940,FIGC,963892,01/07/2025,30/06/2026
coni:194941,FIGC,,,
coni:19524,FIGC,780609,01/07/2025,30/06/2026
coni:19526,AICS|FIGC,630670,01/07/2025,30/06/2026
coni:195291,FIGC,963894,01/07/2025,30/06/2026
coni:195460,FIGC,931293,01/07/2025,30/06/2026
coni:19563,FIGC,780338,01/07/2025,30/06/2026
coni:195695,FIGC,963897,01/07/2025,30/06/2026
coni:19593,CSI|FIGC,3660,01/07/2025,30/06/2026
coni:195971,FIGC,964818,07/10/2025,30/06/2026
coni:19598,FIGC,780371,01/07/2025,30/06/2026
coni:1960,FIGC,943634,01/07/2025,30/06/2026
coni:19624,FIGC,920914,01/07/2025,30/06/2026
coni:196250,FIGC,963902,01/07/2025,30/06/2026
coni:19633,CSI|FIGC,917478,01/07/2025,30/06/2026
coni:19638,FIGC,29150,01/07/2025,30/06/2026
coni:1964,FIGC,46180,01/07/2025,30/06/2026
coni:196416,FIGC,964796,08/10/2025,30/06/2026
coni:19659,FIGC,918773,01/07/2025,30/06/2026
coni:19664,CSI|FIGC,963245,01/07/2025,30/06/2026
coni:196657,FIGC,963911,01/07/2025,30/06/2026
coni:196689,FIGC,963937,01/07/2025,30/06/2026
coni:196699,FIGC,964813,07/10/2025,30/06/2026
coni:1967,FIGC,933861,01/07/2025,30/06/2026
coni:196732,CSI|FIGC,964012,24/07/2025,30/06/2026
coni:19684,CSI|FIGC,922724,01/07/2025,30/06/2026
coni:19688,ASC|FIGC|PGS,919951,01/07/2025,30/06/2026
coni:196962,FIGC,964777,08/10/2025,30/06/2026
coni:196975,CSI|FIGC,963971,01/07/2025,30/06/2026
coni:19699,FIGC,66602,01/07/2025,30/06/2026
coni:1970,FIGC,953655,01/07/2025,30/06/2026
coni:19700,FIGC,936104,01/07/2025,30/06/2026
coni:19701,FIGC,919765,01/07/2025,30/06/2026
coni:197055,FIGC,963621,01/07/2025,30/06/2026
coni:197146,FIGC,963973,01/07/2025,30/06/2026
coni:197160,CSEN|FIGC,963969,01/07/2025,30/06/2026
coni:197306,FIGC,963276,01/07/2025,30/06/2026
coni:19731,FIGC,917898,01/07/2025,30/06/2026
coni:197310,FIGC|FIP,56408,26/07/2025,30/06/2026
coni:197327,FIGC,964088,05/08/2025,30/06/2026
coni:197419,CSEN|FIGC,964072,15/07/2025,30/06/2026
coni:19746,FIGC,947717,01/07/2025,30/06/2026
coni:197490,FIGC,964242,22/07/2025,30/06/2026
coni:197541,FIGC,964106,11/07/2025,30/06/2026
coni:197544,FIGC,963972,01/07/2025,30/06/2026
coni:197547,FIGC,963985,01/07/2025,30/06/2026
coni:197578,FIGC,963982,01/07/2025,30/06/2026
coni:197605,ASC|CSI|ENDAS|FIGC,964541,08/09/2025,30/06/2026
coni:197703,CSI|FIGC,12200221,07/07/2025,30/06/2026
coni:197724,FIGC,963998,08/07/2025,30/06/2026
coni:197743,FIGC,963987,01/07/2025,30/06/2026
coni:197759,FIGC,964051,09/07/2025,30/06/2026
coni:197763,FIGC,964041,09/07/2025,30/06/2026
coni:197807,FIGC,964017,10/07/2025,30/06/2026
coni:197815,ASC|CSEN|FIGC,964167,05/08/2025,30/06/2026
coni:197818,FIGC,964021,10/07/2025,30/06/2026
coni:197824,FIGC,964030,10/07/2025,30/06/2026
coni:197826,ENDAS|FIGC,964034,10/07/2025,30/06/2026
coni:197827,FIGC,963993,01/07/2025,30/06/2026
coni:19784,CSI|FIGC,915583,01/07/2025,30/06/2026
coni:197856,FIGC,964004,11/07/2025,30/06/2026
coni:197857,FIGC,964038,11/07/2025,30/06/2026
coni:197868,FIGC,964100,11/07/2025,30/06/2026
coni:197873,FIGC,964099,11/07/2025,30/06/2026
coni:197875,FIGC,964108,11/07/2025,30/06/2026
coni:197878,FIGC,964114,11/07/2025,30/06/2026
coni:197881,FIGC,963975,07/07/2025,30/06/2026
coni:197900,FIGC,964120,01/07/2025,30/06/2026
coni:197906,FIGC,964033,14/07/2025,30/06/2026
coni:197907,FIGC,964071,14/07/2025,30/06/2026
coni:197918,FIGC,964124,14/07/2025,30/06/2026
coni:197920,FIGC,964107,14/07/2025,30/06/2026
coni:197924,FIGC,964036,14/07/2025,30/06/2026
coni:197931,FIGC,964132,01/07/2025,30/06/2026
coni:197933,FIGC,964005,04/07/2025,30/06/2026
coni:197934,FIGC,964090,14/07/2025,30/06/2026
coni:197936,FIGC,964119,14/07/2025,30/06/2026
coni:197940,FIGC,964141,01/07/2025,30/06/2026
coni:197942,FIGC,964000,07/07/2025,30/06/2026
coni:197943,FIGC,964543,10/09/2025,30/06/2026
coni:197962,FIGC,964137,15/07/2025,30/06/2026
coni:197963,FIGC,963997,08/07/2025,30/06/2026
coni:197965,FIGC,964139,15/07/2025,30/06/2026
coni:197966,FIGC,964143,15/07/2025,30/06/2026
coni:197971,FIGC,964148,15/07/2025,30/06/2026
coni:197972,FIGC,964145,15/07/2025,30/06/2026
coni:197976,FIGC,964150,15/07/2025,30/06/2026
coni:197980,FIGC,964154,15/07/2025,30/06/2026
coni:197983,CSI|FIGC,06400808,12/07/2025,30/06/2026
coni:197996,FIGC,964039,16/07/2025,30/06/2026
coni:197999,CSI|FIGC|PGS,964168,16/07/2025,30/06/2026
coni:198000,AICS|FIGC,964573,15/09/2025,30/06/2026
coni:198001,FIGC,964086,16/07/2025,30/06/2026
coni:198003,FIGC,964158,16/07/2025,30/06/2026
coni:198011,FIGC,964044,16/07/2025,30/06/2026
coni:198012,FIGC,964180,16/07/2025,30/06/2026
coni:198013,FIGC,964060,16/07/2025,30/06/2026
coni:198014,FIGC,964131,16/07/2025,30/06/2026
coni:198017,FIGC,964169,16/07/2025,30/06/2026
coni:19804,FIGC,915450,01/07/2025,30/06/2026
coni:198040,FIGC,964109,17/07/2025,30/06/2026
coni:198041,FIGC,964200,17/07/2025,30/06/2026
coni:198042,FIGC,963994,07/07/2025,30/06/2026
coni:198043,FIGC,964182,17/07/2025,30/06/2026
coni:198044,FIGC,964202,17/07/2025,30/06/2026
coni:198045,FIGC,964204,17/07/2025,30/06/2026
coni:198046,FIGC,964177,17/07/2025,30/06/2026
coni:198054,FIGC,964035,18/07/2025,30/06/2026
coni:198055,FIGC,964112,18/07/2025,30/06/2026
coni:198056,FIGC,964215,18/07/2025,30/06/2026
coni:198061,CSI|FIGC,964135,17/07/2025,30/06/2026
coni:198063,FIGC,964216,18/07/2025,30/06/2026
coni:198068,FIGC,964219,18/07/2025,30/06/2026
coni:198069,FIGC,964217,18/07/2025,30/06/2026
coni:198073,FIGC,964368,06/08/2025,30/06/2026
coni:198075,FIGC,964175,16/07/2025,30/06/2026
coni:198076,CSI|FIGC,964067,01/07/2025,30/06/2026
coni:198077,FIGC,963999,01/07/2025,30/06/2026
coni:198078,FIGC,964128,01/07/2025,30/06/2026
coni:198079,FIGC,964006,10/07/2025,30/06/2026
coni:198080,FIGC|UISP,964188,01/07/2025,30/06/2026
coni:198087,FIGC,964092,21/07/2025,30/06/2026
coni:198088,FIGC,964117,21/07/2025,30/06/2026
coni:198089,FIGC,964195,21/07/2025,30/06/2026
coni:198090,FIGC,964220,21/07/2025,30/06/2026
coni:198100,FIGC,964084,21/07/2025,30/06/2026
coni:198109,FIGC,964209,21/07/2025,30/06/2026
coni:198114,FIGC,964208,22/07/2025,30/06/2026
coni:198115,FIGC,964028,22/07/2025,30/06/2026
coni:198116,FIGC,964238,22/07/2025,30/06/2026
coni:198125,FIGC,964223,22/07/2025,30/06/2026
coni:198127,CSI|FIGC,964133,22/07/2025,30/06/2026
coni:198128,FIGC|PGS,964251,22/07/2025,30/06/2026
coni:198135,FIGC,964083,22/07/2025,30/06/2026
coni:198146,FIGC,964275,23/07/2025,30/06/2026
coni:198148,FIGC,964247,23/07/2025,30/06/2026
coni:198149,FIGC,964274,23/07/2025,30/06/2026
coni:198150,FIGC,964271,23/07/2025,30/06/2026
coni:198151,FIGC,964270,23/07/2025,30/06/2026
coni:198153,FIGC,964178,23/07/2025,30/06/2026
coni:198154,FIGC,964197,23/07/2025,30/06/2026
coni:198155,FIGC,964224,23/07/2025,30/06/2026
coni:198169,FIGC,964190,24/07/2025,30/06/2026
coni:198170,FIGC,964095,24/07/2025,30/06/2026
coni:198171,ASC|FIGC,964146,24/07/2025,30/06/2026
coni:198172,FIGC,964007,08/07/2025,30/06/2026
coni:198173,FIGC,964042,18/07/2025,30/06/2026
coni:198175,FIGC,964203,24/07/2025,30/06/2026
coni:19818,CSI|FIGC,930584,01/07/2025,30/06/2026
coni:198183,FIGC,964129,01/07/2025,30/06/2026
coni:198198,FIGC,964149,01/07/2025,30/06/2026
coni:198199,FIGC,964240,22/07/2025,30/06/2026
coni:198200,FIGC,964094,22/07/2025,30/06/2026
coni:198204,CSI|FIGC,964307,28/07/2025,30/06/2026
coni:198205,FIGC,964266,28/07/2025,30/06/2026
coni:198211,FIGC,964159,01/07/2025,30/06/2026
coni:198212,FIGC,964079,21/07/2025,30/06/2026
coni:198213,FIGC,964301,28/07/2025,30/06/2026
coni:198214,FIGC,964260,28/07/2025,30/06/2026
coni:198243,FIGC,964283,29/07/2025,30/06/2026
coni:198244,FIGC,964277,29/07/2025,30/06/2026
coni:198245,FIGC,964335,29/07/2025,30/06/2026
coni:198252,FIGC,965033,13/01/2026,30/06/2026
coni:198268,FIGC,964333,30/07/2025,30/06/2026
coni:198269,FIGC,964318,30/07/2025,30/06/2026
coni:198270,FIGC,964326,30/07/2025,30/06/2026
coni:198271,FIGC,964317,30/07/2025,30/06/2026
coni:198272,FIGC,964312,30/07/2025,30/06/2026
coni:198273,FIGC,964218,30/07/2025,30/06/2026
coni:198274,FIGC,964338,30/07/2025,30/06/2026
coni:198277,FIGC,964349,30/07/2025,30/06/2026
coni:198278,FIGC,964323,30/07/2025,30/06/2026
coni:198279,FIGC,964334,30/07/2025,30/06/2026
coni:198280,FIGC,964359,30/07/2025,30/06/2026
coni:198283,ASC|FIGC,964304,30/07/2025,30/06/2026
coni:198287,FIGC,964073,01/07/2025,30/06/2026
coni:198294,FIGC,964239,31/07/2025,30/06/2026
coni:198296,FIGC,964147,31/07/2025,30/06/2026
coni:198297,FIGC|OPES,964144,31/07/2025,30/06/2026
coni:198302,FIGC,964245,31/07/2025,30/06/2026
coni:198305,FIGC,964059,31/07/2025,30/06/2026
coni:198307,ENDAS|FIGC,964493,01/10/2025,30/06/2026
coni:198308,FIGC,964339,31/07/2025,30/06/2026
coni:198309,FIGC,964211,31/07/2025,30/06/2026
coni:198317,FIGC,964375,01/08/2025,30/06/2026
coni:198320,FIGC,964374,01/08/2025,30/06/2026
coni:198335,FIGC,964166,01/08/2025,30/06/2026
coni:198338,FIGC,964193,01/08/2025,30/06/2026
coni:198339,FIGC,964308,01/08/2025,30/06/2026
coni:198354,FIGC,964155,01/07/2025,30/06/2026
coni:198367,FIGC,964369,04/08/2025,30/06/2026
coni:198368,FIGC,964405,04/08/2025,30/06/2026
coni:198378,FIGC,964400,05/08/2025,30/06/2026
coni:198379,FIGC,964378,05/08/2025,30/06/2026
coni:19838,FIGC,919191,01/07/2025,30/06/2026
coni:198381,FIGC,964403,05/08/2025,30/06/2026
coni:198383,FIGC,964391,05/08/2025,30/06/2026
coni:198385,FIGC,964382,05/08/2025,30/06/2026
coni:198386,FIGC,964394,05/08/2025,30/06/2026
coni:198389,FIGC,964396,05/08/2025,30/06/2026
coni:198390,FIGC,964387,05/08/2025,30/06/2026
coni:198391,FIGC,964388,05/08/2025,30/06/2026
coni:198392,FIGC,964408,05/08/2025,30/06/2026
coni:198393,FIGC,964410,05/08/2025,30/06/2026
coni:198394,FIGC,964343,05/08/2025,30/06/2026
coni:198396,FIGC,964342,05/08/2025,30/06/2026
coni:198398,FIGC,964332,05/08/2025,30/06/2026
coni:198399,FIGC,964252,05/08/2025,30/06/2026
coni:198401,FIGC,964372,05/08/2025,30/06/2026
coni:198403,FIGC,964402,05/08/2025,30/06/2026
coni:198407,FIGC,964278,05/08/2025,30/06/2026
coni:198415,FIGC,964181,05/08/2025,30/06/2026
coni:198416,FIGC,964290,05/08/2025,30/06/2026
coni:198417,FIGC,964366,05/08/2025,30/06/2026
coni:198418,FIGC,964414,05/08/2025,30/06/2026
coni:198425,FIGC,964417,06/08/2025,30/06/2026
coni:198426,FIGC,964395,06/08/2025,30/06/2026
coni:198429,FIGC,964303,06/08/2025,30/06/2026
coni:198432,FIGC,964413,06/08/2025,30/06/2026
coni:198436,FIGC,964302,06/08/2025,30/06/2026
coni:198437,FIGC,964331,06/08/2025,30/06/2026
coni:198445,FIGC,964412,07/08/2025,30/06/2026
coni:198449,FIGC,964426,07/08/2025,30/06/2026
coni:198454,FIGC,964427,07/08/2025,30/06/2026
coni:198462,FIGC,964361,07/08/2025,30/06/2026
coni:198467,FIGC,964385,08/08/2025,30/06/2026
coni:198471,FIGC,964429,08/08/2025,30/06/2026
coni:198473,FIGC,964432,08/08/2025,30/06/2026
coni:198477,FIGC,964438,08/08/2025,30/06/2026
coni:198478,FIGC,964436,08/08/2025,30/06/2026
coni:198481,FIGC,964439,08/08/2025,30/06/2026
coni:198487,FIGC,963344,01/07/2025,30/06/2026
coni:198498,FIGC,964399,14/08/2025,30/06/2026
coni:198516,CSI|FIGC,964453,20/08/2025,30/06/2026
coni:198517,CSEN|FIGC,964452,20/08/2025,30/06/2026
coni:198518,FIGC,964451,20/08/2025,30/06/2026
coni:198519,FIGC,964454,20/08/2025,30/06/2026
coni:198520,FIGC,964450,20/08/2025,30/06/2026
coni:198523,FIGC,964547,10/09/2025,30/06/2026
coni:198526,AICS|FIGC,964503,21/08/2025,30/06/2026
coni:198528,FIGC,964504,21/08/2025,30/06/2026
coni:198529,FIGC,964500,21/08/2025,30/06/2026
coni:198530,FIGC,964371,21/08/2025,30/06/2026
coni:198532,AICS|FIGC,964771,22/10/2025,30/06/2026
coni:198533,AICS|FIGC,964853,07/10/2025,30/06/2026
coni:198544,FIGC,964501,21/08/2025,30/06/2026
coni:198552,FIGC,964346,25/08/2025,30/06/2026
coni:198553,FIGC,964230,25/08/2025,30/06/2026
coni:198554,FIGC,964423,25/08/2025,30/06/2026
coni:198564,FIGC,964320,26/08/2025,30/06/2026
coni:19857,CSI|FIGC,945504,01/07/2025,30/06/2026
coni:19858,CSEN|FIGC,936826,01/07/2025,30/06/2026
coni:198587,FIGC,964495,27/08/2025,30/06/2026
coni:198591,FIGC,964448,27/08/2025,30/06/2026
coni:198604,FIGC,964020,28/08/2025,30/06/2026
coni:198605,FIGC,964557,28/08/2025,30/06/2026
coni:198613,FIGC|OPES,964629,15/09/2025,30/06/2026
coni:198622,FIGC,964446,29/08/2025,30/06/2026
coni:198625,FIGC,964522,29/08/2025,30/06/2026
coni:198635,FIGC,964464,27/08/2025,30/06/2026
coni:198641,FIGC,964476,01/09/2025,30/06/2026
coni:198643,FIGC,964185,01/09/2025,30/06/2026
coni:198670,FIGC,964521,02/09/2025,30/06/2026
coni:198678,FIGC,964469,02/09/2025,30/06/2026
coni:198690,FIGC|US_ACLI,964600,11/09/2025,30/06/2026
coni:198722,FIGC,964459,03/09/2025,30/06/2026
coni:198728,FIGC,964561,03/09/2025,30/06/2026
coni:198774,FIGC,964471,04/09/2025,30/06/2026
coni:198775,FIGC,964420,04/09/2025,30/06/2026
coni:198778,FIGC,964588,04/09/2025,30/06/2026
coni:198780,FIGC,964492,04/09/2025,30/06/2026
coni:198790,FIGC,964480,04/09/2025,30/06/2026
coni:198793,FIGC,964514,04/09/2025,30/06/2026
coni:198817,FIGC,964496,05/09/2025,30/06/2026
coni:198824,FIGC,964510,05/09/2025,30/06/2026
coni:198826,FIGC|PGS,964614,05/09/2025,30/06/2026
coni:198827,FIGC,964549,05/09/2025,30/06/2026
coni:198840,FIGC,964518,05/09/2025,30/06/2026
coni:19886,CSI|FIGC,76411,01/07/2025,30/06/2026
coni:198869,FIGC,964481,08/09/2025,30/06/2026
coni:198879,ASC|FIGC,964523,08/09/2025,30/06/2026
coni:198880,CSI|FIGC,964294,08/09/2025,30/06/2026
coni:198882,FIGC,964553,08/09/2025,30/06/2026
coni:198883,FIGC,964552,08/09/2025,30/06/2026
coni:198884,FIGC,964554,08/09/2025,30/06/2026
coni:198886,FIGC,964566,08/09/2025,30/06/2026
coni:198887,FIGC,964603,08/09/2025,30/06/2026
coni:198888,FIGC,964631,08/09/2025,30/06/2026
coni:19890,CSI|FIGC,921989,01/07/2025,30/06/2026
coni:198907,FIGC,964479,09/09/2025,30/06/2026
coni:198910,FIGC,964477,09/09/2025,30/06/2026
coni:198930,FIGC,964498,09/09/2025,30/06/2026
coni:198931,FIGC,964478,09/09/2025,30/06/2026
coni:198932,FIGC,964475,09/09/2025,30/06/2026
coni:198938,FIGC,964660,09/09/2025,30/06/2026
coni:198942,FIGC,964362,31/07/2025,30/06/2026
coni:198959,CSEN|FIGC,964550,10/09/2025,30/06/2026
coni:198960,FIGC,964559,10/09/2025,30/06/2026
coni:198961,FIGC,964515,10/09/2025,30/06/2026
coni:198962,FIGC,964638,10/09/2025,30/06/2026
coni:198963,FIGC,964538,10/09/2025,30/06/2026
coni:198974,FIGC,964576,10/09/2025,30/06/2026
coni:198978,FIGC,964577,10/09/2025,30/06/2026
coni:198982,FIGC,964650,10/09/2025,30/06/2026
coni:198986,FIGC,964584,10/09/2025,30/06/2026
coni:198989,CSI|FIGC,964619,10/09/2025,30/06/2026
coni:198991,FIGC,964489,10/09/2025,30/06/2026
coni:198992,FIGC,964531,10/09/2025,30/06/2026
coni:198993,FIGC,964628,10/09/2025,30/06/2026
coni:198995,FIGC,964263,10/09/2025,30/06/2026
coni:198997,FIGC,964461,10/09/2025,30/06/2026
coni:198998,FIGC,964483,10/09/2025,30/06/2026
coni:199002,FIGC,964352,10/09/2025,30/06/2026
coni:199003,FIGC,964491,10/09/2025,30/06/2026
coni:199024,FIGC,964487,11/09/2025,30/06/2026
coni:199027,FIGC,964507,11/09/2025,30/06/2026
coni:185734,FIGC,962743,01/07/2025,30/06/2026
coni:185755,FIGC,962574,01/07/2025,30/06/2026
coni:185762,FIGC,962196,01/07/2025,30/06/2026
coni:185768,FIGC,962496,01/07/2025,30/06/2026
coni:185772,FIGC,962206,01/07/2025,30/06/2026
coni:187626,FIGC,963720,01/07/2025,30/06/2026
coni:191177,FIGC,962856,01/07/2025,30/06/2026
coni:191183,FIGC,963058,01/07/2025,30/06/2026
coni:191196,FIGC,963018,01/07/2025,30/06/2026
coni:191620,FIGC,962960,01/07/2025,30/06/2026
coni:191659,FIGC,963213,01/07/2025,30/06/2026
coni:191685,FIGC,963183,01/07/2025,30/06/2026
coni:191767,FIGC,963085,01/07/2025,30/06/2026
coni:191769,FIGC,963393,01/07/2025,30/06/2026
coni:191830,FIGC,964052,14/07/2025,30/06/2026
coni:191834,FIGC,963395,01/07/2025,30/06/2026
coni:191884,CSI|FIGC,04301049,01/07/2025,30/06/2026
coni:192076,FIGC,963294,01/07/2025,30/06/2026
coni:192112,FIGC,963461,01/07/2025,30/06/2026
coni:192205,FIGC,963499,01/07/2025,30/06/2026
coni:192512,FIGC,963553,01/07/2025,30/06/2026
coni:192703,FIGC,963556,01/07/2025,30/06/2026
coni:192711,FIGC,963584,01/07/2025,30/06/2026
coni:192856,FIGC,963620,01/07/2025,30/06/2026
coni:193265,FIGC,963671,01/07/2025,30/06/2026
coni:193266,AICS|FIGC,963643,01/07/2025,30/06/2026
coni:193271,FIGC,963521,01/07/2025,30/06/2026
coni:193422,FIGC,963791,01/07/2025,30/06/2026
coni:193428,FIGC,963800,01/07/2025,30/06/2026
coni:193588,FIGC,963635,01/07/2025,30/06/2026
coni:193623,FIGC,963796,01/07/2025,30/06/2026
coni:1953,FIGC,750082,01/07/2025,30/06/2026
coni:1956,CSI|FIGC,02400041,11/07/2025,30/06/2026
coni:195974,FIGC,964786,07/10/2025,30/06/2026
coni:196709,CSI|FIGC|UISP,11500683,13/09/2025,30/06/2026
coni:19671,FIGC,943013,01/07/2025,30/06/2026
coni:19695,FIGC,202254,01/07/2025,30/06/2026
coni:197460,FIGC,964013,11/07/2025,30/06/2026
coni:19751,FIGC,936789,01/07/2025,30/06/2026
coni:197574,FIGC,963983,01/07/2025,30/06/2026
coni:197816,FIGC,964032,01/07/2025,30/06/2026
coni:197817,CSI|FIGC,964019,10/07/2025,30/06/2026
coni:197858,FIGC,964062,11/07/2025,30/06/2026
coni:197935,FIGC,964121,01/07/2025,30/06/2026
coni:198037,FIGC,964015,17/07/2025,30/06/2026
coni:198130,FIGC,964043,22/07/2025,30/06/2026
coni:198131,FIGC,964187,22/07/2025,30/06/2026
coni:198152,FIGC,964264,23/07/2025,30/06/2026
coni:198156,FIGC,964253,23/07/2025,30/06/2026
coni:198219,ENDAS|FIGC,964228,28/07/2025,30/06/2026
coni:198276,FIGC,964206,30/07/2025,30/06/2026
coni:198300,FIGC,964356,31/07/2025,30/06/2026
coni:198488,FIGC,964424,07/08/2025,30/06/2026
coni:198489,FIGC,964234,05/08/2025,30/06/2026
coni:19850,FIGC,919243,01/07/2025,30/06/2026
coni:198842,FIGC,964586,05/09/2025,30/06/2026
coni:19885,ASC|FIGC,943885,01/07/2025,30/06/2026
coni:198851,FIGC|UISP,V110384,01/09/2025,31/08/2026
coni:199029,FIGC,964516,11/09/2025,30/06/2026
coni:199037,FIGC,964520,11/09/2025,30/06/2026
coni:199038,FIGC|OPES,964605,11/09/2025,30/06/2026
coni:199039,FIGC,964597,11/09/2025,30/06/2026
coni:199050,FIGC,964587,11/09/2025,30/06/2026
coni:199051,FIGC,964537,11/09/2025,30/06/2026
coni:199053,FIGC,964560,11/09/2025,30/06/2026
coni:199054,FIGC,964473,11/09/2025,30/06/2026
coni:199133,FIGC,964555,12/09/2025,30/06/2026
coni:199134,FIGC,964579,12/09/2025,30/06/2026
coni:19914,FIGC,23850,01/07/2025,30/06/2026
coni:199145,FIGC,964344,12/09/2025,30/06/2026
coni:199147,FIGC,964497,12/09/2025,30/06/2026
coni:199149,FIGC,964358,12/09/2025,30/06/2026
coni:199150,FIGC,964590,12/09/2025,30/06/2026
coni:199156,FIGC,964580,12/09/2025,30/06/2026
coni:199157,FIGC,964608,12/09/2025,30/06/2026
coni:199161,FIGC,964484,12/09/2025,30/06/2026
coni:199162,FIGC,964677,12/09/2025,30/06/2026
coni:199163,FIGC,964445,12/09/2025,30/06/2026
coni:199164,FIGC,964474,12/09/2025,30/06/2026
coni:199165,FIGC,964583,12/09/2025,30/06/2026
coni:199178,FIGC,964229,12/09/2025,30/06/2026
coni:199181,FIGC,964539,12/09/2025,30/06/2026
coni:199186,FIGC,964558,15/09/2025,30/06/2026
coni:199205,ENDAS|FIGC,964616,15/09/2025,30/06/2026
coni:199237,FIGC,964595,16/09/2025,30/06/2026
coni:199240,FIGC,964711,16/09/2025,30/06/2026
coni:199248,FIGC,964641,16/09/2025,30/06/2026
coni:199249,FIGC,964636,16/09/2025,30/06/2026
coni:199250,CSI|FIGC,964706,16/09/2025,30/06/2026
coni:199251,FIGC,964328,16/09/2025,30/06/2026
coni:199252,FIGC,964670,16/09/2025,30/06/2026
coni:199254,FIGC,964676,16/09/2025,30/06/2026
coni:199259,FIGC,964661,16/09/2025,30/06/2026
coni:199261,FIGC,964656,16/09/2025,30/06/2026
coni:199264,FIGC,964732,16/09/2025,30/06/2026
coni:199266,FIGC,964686,16/09/2025,30/06/2026
coni:199298,FIGC,964669,17/09/2025,30/06/2026
coni:199308,FIGC,964723,17/09/2025,30/06/2026
coni:199327,FIGC,964606,17/09/2025,30/06/2026
coni:199328,FIGC,964742,17/09/2025,30/06/2026
coni:199329,FIGC,964750,17/09/2025,30/06/2026
coni:199333,FIGC,964704,17/09/2025,30/06/2026
coni:199334,FIGC,964730,17/09/2025,30/06/2026
coni:199335,FIGC,964702,17/09/2025,30/06/2026
coni:199338,CSEN|FIGC,964703,17/09/2025,30/06/2026
coni:199358,FIGC|UISP,964700,18/09/2025,30/06/2026
coni:199359,FIGC,964672,18/09/2025,30/06/2026
coni:199360,FIGC,964718,18/09/2025,30/06/2026
coni:199371,FIGC,964486,18/09/2025,30/06/2026
coni:199401,FIGC,964692,19/09/2025,30/06/2026
coni:19941,CSI|FIGC|UISP,962869,01/07/2025,30/06/2026
coni:199413,FIGC,964696,19/09/2025,30/06/2026
coni:199452,FIGC,964666,16/09/2025,30/06/2026
coni:199453,FIGC,964285,04/08/2025,30/06/2026
coni:199455,ASC|FIGC,964705,19/09/2025,30/06/2026
coni:199495,CSI|FIGC,00600972,20/09/2025,30/06/2026
coni:199501,FIGC,964689,24/09/2025,30/06/2026
coni:199503,FIGC,964707,24/09/2025,30/06/2026
coni:199504,FIGC,964795,24/09/2025,30/06/2026
coni:199505,FIGC,964662,24/09/2025,30/06/2026
coni:199519,CSEN|FIGC,964807,24/09/2025,30/06/2026
coni:199521,FIGC,964805,24/09/2025,30/06/2026
coni:199532,FIGC,964713,24/09/2025,30/06/2026
coni:199537,CSEN|FIGC,964697,24/09/2025,30/06/2026
coni:199565,FIGC,964598,25/09/2025,30/06/2026
coni:199566,FIGC,964724,25/09/2025,30/06/2026
coni:199577,FIGC,964741,25/09/2025,30/06/2026
coni:199580,FIGC,964720,25/09/2025,30/06/2026
coni:199581,FIGC,964735,25/09/2025,30/06/2026
coni:199582,FIGC,964736,25/09/2025,30/06/2026
coni:199593,FIGC,08800100,24/09/2025,30/06/2026
coni:199595,FIGC,964651,26/09/2025,30/06/2026
coni:199596,FIGC,964722,26/09/2025,30/06/2026
coni:199597,FIGC,964740,26/09/2025,30/06/2026
coni:199602,FIGC,964701,26/09/2025,30/06/2026
coni:199603,FIGC,964572,26/09/2025,30/06/2026
coni:199614,FIGC,964831,26/09/2025,30/06/2026
coni:199634,FIGC,963188,01/07/2025,30/06/2026
coni:199666,FIGC,964785,30/09/2025,30/06/2026
coni:199709,FIGC,964775,01/10/2025,30/06/2026
coni:199711,FIGC,964673,01/10/2025,30/06/2026
coni:199712,CSI|FIGC,964721,01/10/2025,30/06/2026
coni:199715,FIGC,964832,01/10/2025,30/06/2026
coni:199716,FIGC,964862,01/10/2025,30/06/2026
coni:199730,FIGC,964485,01/10/2025,30/06/2026
coni:199731,FIGC,964826,01/10/2025,30/06/2026
coni:199732,FIGC,964460,01/10/2025,30/06/2026
coni:199733,FIGC,964758,01/10/2025,30/06/2026
coni:199749,FIGC,964804,02/10/2025,30/06/2026
coni:199755,FIGC,964808,02/10/2025,30/06/2026
coni:199757,FIGC,964864,02/10/2025,30/06/2026
coni:199762,FIGC,964810,02/10/2025,30/06/2026
coni:199790,FIGC,964376,07/08/2025,30/06/2026
coni:199791,FIGC,964761,01/10/2025,30/06/2026
coni:19982,CSI|FIGC,04100002,01/09/2025,31/08/2026
coni:199833,AICS|FIGC,964825,07/10/2025,30/06/2026
coni:199834,FIGC,964852,07/10/2025,30/06/2026
coni:199837,FIGC,964739,07/10/2025,30/06/2026
coni:199841,CSEN|CSI|FIGC,964715,07/10/2025,30/06/2026
coni:199842,FIGC,964797,07/10/2025,30/06/2026
coni:199843,FIGC,964892,07/10/2025,30/06/2026
coni:199844,FIGC,964890,07/10/2025,30/06/2026
coni:199845,FIGC,964655,07/10/2025,30/06/2026
coni:199847,FIGC,964803,07/10/2025,30/06/2026
coni:199848,FIGC,964787,07/10/2025,30/06/2026
coni:199850,CSEN|FIGC,964857,07/10/2025,30/06/2026
coni:199851,FIGC,964801,07/10/2025,30/06/2026
coni:199854,FIGC,964829,07/10/2025,30/06/2026
coni:199856,FIGC,964762,07/10/2025,30/06/2026
coni:199877,FIGC,964589,07/10/2025,30/06/2026
coni:199878,FIGC,964822,07/10/2025,30/06/2026
coni:199880,FIGC,964364,07/10/2025,30/06/2026
coni:199892,FIGC,964881,08/10/2025,30/06/2026
coni:199896,FIGC,964877,08/10/2025,30/06/2026
coni:199897,FIGC,964874,08/10/2025,30/06/2026
coni:199900,FIGC,964861,08/10/2025,30/06/2026
coni:199901,FIGC,964859,08/10/2025,30/06/2026
coni:199903,FIGC,964856,08/10/2025,30/06/2026
coni:199905,FIGC,964502,08/10/2025,30/06/2026
coni:199906,FIGC,964819,08/10/2025,30/06/2026
coni:199907,FIGC,,,
coni:199908,FIGC,964781,08/10/2025,30/06/2026
coni:199913,FIGC,963271,01/07/2025,30/06/2026
coni:199960,FIGC,964764,15/10/2025,30/06/2026
coni:199962,FIGC,964748,15/10/2025,30/06/2026
coni:199983,FIGC,964667,16/10/2025,30/06/2026
coni:199989,FIGC,964934,16/10/2025,30/06/2026
coni:199995,FIGC,964737,16/10/2025,30/06/2026
coni:199998,FIGC,964952,16/10/2025,30/06/2026
coni:2000,CSI|FIGC,77568,01/07/2025,30/06/2026
coni:200014,FIGC,964962,16/10/2025,30/06/2026
coni:200018,FIGC,964685,16/10/2025,30/06/2026
coni:200021,FIGC,964812,16/10/2025,30/06/2026
coni:200023,FIGC,964467,11/09/2025,30/06/2026
coni:200024,FIGC,964965,16/10/2025,30/06/2026
coni:200025,FIGC,964961,16/10/2025,30/06/2026
coni:20006,FIGC,913079,01/07/2025,30/06/2026
coni:200063,FIGC,964591,17/10/2025,30/06/2026
coni:200064,FIGC,964966,17/10/2025,30/06/2026
coni:200065,FIGC,964599,17/10/2025,30/06/2026
coni:20007,FIGC,947674,01/07/2025,30/06/2026
coni:200086,FIGC,964919,09/10/2025,30/06/2026
coni:200087,FIGC,964654,10/10/2025,30/06/2026
coni:200091,FIGC,964887,09/10/2025,30/06/2026
coni:200092,FIGC,964778,09/10/2025,30/06/2026
coni:200093,FIGC,964927,10/10/2025,30/06/2026
coni:200094,FIGC,964922,09/10/2025,30/06/2026
coni:200095,FIGC,964923,09/10/2025,30/06/2026
coni:200097,FIGC,964871,08/10/2025,30/06/2026
coni:200099,FIGC,964924,09/10/2025,30/06/2026
coni:2001,FIGC,76321,01/07/2025,30/06/2026
coni:200100,FIGC,964533,08/10/2025,30/06/2026
coni:200117,FIGC,964929,14/10/2025,30/06/2026
coni:200146,FIGC,964988,21/10/2025,30/06/2026
coni:200163,FIGC,964634,22/10/2025,30/06/2026
coni:200164,FIGC,964991,22/10/2025,30/06/2026
coni:200180,FIGC,964970,22/10/2025,30/06/2026
coni:200188,FIGC,964994,23/10/2025,30/06/2026
coni:200197,CSI|FIGC,06400826,20/10/2025,30/06/2026
coni:200206,FIGC,964699,23/10/2025,30/06/2026
coni:200224,FIGC,964992,24/10/2025,30/06/2026
coni:200243,FIGC,964990,22/10/2025,30/06/2026
coni:200244,FIGC,964622,23/10/2025,30/06/2026
coni:200246,FIGC,964869,14/10/2025,30/06/2026
coni:200280,FIGC,964996,28/10/2025,30/06/2026
coni:200281,FIGC,964989,28/10/2025,30/06/2026
coni:2003,FIGC|UISP|US_ACLI,710011,01/07/2025,30/06/2026
coni:200352,FIGC,964823,31/10/2025,30/06/2026
coni:20036,CSI|FIGC,914139,01/07/2025,30/06/2026
coni:200361,FIGC,941251,01/07/2025,30/06/2026
coni:200416,FIGC,965008,05/11/2025,30/06/2026
coni:200570,CSEN|FIGC,965010,11/11/2025,30/06/2026
coni:200571,FIGC,965023,11/11/2025,30/06/2026
coni:200733,FIGC|UISP,A060205,03/11/2025,31/08/2026
coni:200734,FIGC,964889,17/10/2025,30/06/2026
coni:200735,FIGC,965025,18/11/2025,30/06/2026
coni:200736,FIGC,964525,25/08/2025,30/06/2026
coni:200753,FIGC,965034,24/11/2025,30/06/2026
coni:200771,FIGC,965035,25/11/2025,30/06/2026
coni:20079,FIGC|OPES,939058,01/07/2025,30/06/2026
coni:2008,FIGC,76405,01/07/2025,30/06/2026
coni:200852,FIGC,965040,03/12/2025,30/06/2026
coni:20086,FIGC,919386,01/07/2025,30/06/2026
coni:200933,FIGC,965042,11/12/2025,30/06/2026
coni:201024,FIGC|UISP,H041772,28/11/2025,31/08/2026
coni:20119,FIGC,780928,01/07/2025,30/06/2026
coni:20121,CSI|FIGC,780425,01/07/2025,30/06/2026
coni:201300,FIGC,965046,13/01/2026,30/06/2026
coni:20175,FIGC,947348,01/07/2025,30/06/2026
coni:20199,FIGC,947669,01/07/2025,30/06/2026
coni:20225,FIGC,780350,01/07/2025,30/06/2026
coni:202260,FIGC,965048,09/03/2026,30/06/2026
coni:202353,FIGC,962520,01/07/2025,30/06/2026
coni:20240,FIGC|OPES,940759,01/07/2025,30/06/2026
coni:2026,FIGC,205209,01/07/2025,30/06/2026
coni:20263,FIGC,914190,01/07/2025,30/06/2026
coni:202981,FIGC,964604,30/09/2025,30/06/2026
coni:20329,ENDAS|FIGC,780821,01/07/2025,30/06/2026
coni:20331,CSI|FIGC|FIP,04100020,08/07/2025,30/06/2026
coni:20338,CSI|FIGC|UISP,913978,01/07/2025,30/06/2026
coni:20378,FIGC,932185,01/07/2025,30/06/2026
coni:20380,FIGC,921059,01/07/2025,30/06/2026
coni:20389,FIGC,675786,01/07/2025,30/06/2026
coni:20418,AICS|FIGC|FIP|PGS,69492,01/07/2025,30/06/2026
coni:20466,FIGC,943064,01/07/2025,30/06/2026
coni:20470,FIGC,780590,01/07/2025,30/06/2026
coni:20472,CSI|FIGC,917114,01/07/2025,30/06/2026
coni:20480,FIGC,931670,01/07/2025,30/06/2026
coni:20487,FIGC,69460,01/07/2025,30/06/2026
coni:20527,FIGC,938249,01/07/2025,30/06/2026
coni:20528,FIGC,730107,01/07/2025,30/06/2026
coni:20535,FIGC,930577,01/07/2025,30/06/2026
coni:20536,FIGC,943441,01/07/2025,30/06/2026
coni:2059,CSI|FIGC,675728,01/07/2025,30/06/2026
coni:20618,FIGC,940976,01/07/2025,30/06/2026
coni:20619,FIGC|UISP,780669,01/07/2025,30/06/2026
coni:20622,FIGC,917372,01/07/2025,30/06/2026
coni:20629,FIGC,780129,01/07/2025,30/06/2026
coni:20631,AICS|FIGC,940776,01/07/2025,30/06/2026
coni:20645,FIGC,78951,01/07/2025,30/06/2026
coni:20665,FIGC,932011,01/07/2025,30/06/2026
coni:20684,FIGC,945643,01/07/2025,30/06/2026
coni:20717,FIGC,780948,01/07/2025,30/06/2026
coni:2074,FIGC,205819,01/07/2025,30/06/2026
coni:2075,FIGC|UISP,C040428,03/10/2025,31/08/2026
coni:20776,CSI|FIGC,60829,01/07/2025,30/06/2026
coni:208,FIGC,82429,01/07/2025,30/06/2026
coni:20800,FIGC,917658,01/07/2025,30/06/2026
coni:20803,FIGC,949208,01/07/2025,30/06/2026
coni:2081,FIGC,78866,01/07/2025,30/06/2026
coni:20811,CSI|FIGC,10500085,12/07/2025,30/06/2026
coni:20842,FIGC,930015,01/07/2025,30/06/2026
coni:20857,FIGC,949463,01/07/2025,30/06/2026
coni:2087,FIGC,665041,01/07/2025,30/06/2026
coni:20874,FIGC,920042,01/07/2025,30/06/2026
coni:20875,FIGC,61055,01/07/2025,30/06/2026
coni:20880,FIGC,930597,01/07/2025,30/06/2026
coni:20884,FIGC,630467,01/07/2025,30/06/2026
coni:20912,FIGC|US_ACLI,912130,01/07/2025,30/06/2026
coni:20914,FIGC,60757,01/07/2025,30/06/2026
coni:20922,FIGC,57911,01/07/2025,30/06/2026
coni:20931,FIGC,920621,01/07/2025,30/06/2026
coni:20933,FIGC,932360,01/07/2025,30/06/2026
coni:20938,CSI|FIGC,935595,01/07/2025,30/06/2026
coni:20942,FIGC,5650,01/07/2025,30/06/2026
coni:20951,FIGC,913976,01/07/2025,30/06/2026
coni:2099,FIGC,78082,01/07/2025,30/06/2026
coni:21000,CSI|FIGC,79493,01/07/2025,30/06/2026
coni:21003,FIGC,69367,01/07/2025,30/06/2026
coni:2102,FIGC,914740,01/07/2025,30/06/2026
coni:21050,CSI|FIGC,04700270,13/08/2025,30/06/2026
coni:21058,FIGC,932324,01/07/2025,30/06/2026
coni:21067,FIGC,780567,01/07/2025,30/06/2026
coni:21078,CSI|FIGC,933032,01/07/2025,30/06/2026
coni:2109,FIGC,932397,01/07/2025,30/06/2026
coni:21094,FIGC,935564,01/07/2025,30/06/2026
coni:211,FIGC,56880,01/07/2025,30/06/2026
coni:2110,FIGC,954881,01/07/2025,30/06/2026
coni:21132,FIGC,912107,01/07/2025,30/06/2026
coni:21149,FIGC,780903,01/07/2025,30/06/2026
coni:21276,FIGC|UISP,932832,01/07/2025,30/06/2026
coni:21288,FIGC,81071,01/07/2025,30/06/2026
coni:21328,FIGC,675145,01/07/2025,30/06/2026
coni:21329,CSI|FIGC,675205,01/07/2025,30/06/2026
coni:21358,FIGC,933918,01/07/2025,30/06/2026
coni:2137,FIGC,5690,01/07/2025,30/06/2026
coni:2138,FIGC,67635,01/07/2025,30/06/2026
coni:21380,FIGC,935552,01/07/2025,30/06/2026
coni:21396,FIGC,780188,01/07/2025,30/06/2026
coni:21417,CSI|FIGC,630286,01/07/2025,30/06/2026
coni:21419,FIGC,921256,01/07/2025,30/06/2026
coni:21436,CSI|FIGC,630538,01/07/2025,30/06/2026
coni:21453,FIGC,915441,01/07/2025,30/06/2026
coni:21471,CSI|FIGC,915685,01/07/2025,30/06/2026
coni:21489,CSI|FIGC,02400276,10/07/2025,30/06/2026
coni:21499,CSI|FIGC,780776,01/07/2025,30/06/2026
coni:21524,CSI|FIGC,920880,01/07/2025,30/06/2026
coni:21540,CSI|FIGC,77219,01/07/2025,30/06/2026
coni:21544,FIGC,915743,01/07/2025,30/06/2026
coni:21572,FIGC,943155,01/07/2025,30/06/2026
coni:21590,FIGC,964085,01/07/2025,30/06/2026
coni:21598,CSI|FIGC,675328,01/07/2025,30/06/2026
coni:21603,FIGC,963225,01/07/2025,30/06/2026
coni:21617,CSI|FIGC,780713,01/07/2025,30/06/2026
coni:21637,CSI|FIGC,917220,01/07/2025,30/06/2026
coni:21652,FIGC,963900,01/07/2025,30/06/2026
coni:21656,FIGC|FIP,920339,01/07/2025,30/06/2026
coni:21671,FIGC,937025,01/07/2025,30/06/2026
coni:21716,CSI|FIGC,945107,01/07/2025,30/06/2026
coni:21724,FIGC,935698,01/07/2025,30/06/2026
coni:21747,CSI|FIGC,01200303,04/09/2025,30/06/2026
coni:21754,FIGC,936138,01/07/2025,30/06/2026
coni:21769,FIGC,936179,01/07/2025,30/06/2026
coni:2177,FIGC,933907,01/07/2025,30/06/2026
coni:21771,CSI|FIGC|US_ACLI,931148,01/07/2025,30/06/2026
coni:21794,CSI|FIGC,02200382,01/07/2025,30/06/2026
coni:218,CSI|FIGC,34370,01/07/2025,30/06/2026
coni:21821,CSI|FIGC|UISP,937833,01/07/2025,30/06/2026
coni:21828,FIGC,920575,01/07/2025,30/06/2026
coni:21835,FIGC,933845,01/07/2025,30/06/2026
coni:21860,CSI|FIGC,952948,01/07/2025,30/06/2026
coni:21868,CSI|FIGC,937683,01/07/2025,30/06/2026
coni:2188,CSI|FIGC|UISP,202328,01/07/2025,30/06/2026
coni:21885,FIGC|UISP,938018,01/07/2025,30/06/2026
coni:21920,CSI|FIGC,675541,01/07/2025,30/06/2026
coni:21962,CSI|FIGC,02400203,07/07/2025,30/06/2026
coni:21982,FIGC,78840,01/07/2025,30/06/2026
coni:2200,FIGC,71022,01/07/2025,30/06/2026
coni:22004,FIGC,934026,01/07/2025,30/06/2026
coni:2201,FIGC,62247,01/07/2025,30/06/2026
coni:22019,FIGC,917136,01/07/2025,30/06/2026
coni:2202,FIGC,63519,01/07/2025,30/06/2026
coni:22034,FIGC,917143,01/07/2025,30/06/2026
coni:22040,FIGC,780927,01/07/2025,30/06/2026
coni:22044,FIGC,917308,01/07/2025,30/06/2026
coni:22045,FIGC,918618,01/07/2025,30/06/2026
coni:22048,FIGC,675207,01/07/2025,30/06/2026
coni:2205,FIGC,200470,01/07/2025,30/06/2026
coni:22052,FIGC,780926,01/07/2025,30/06/2026
coni:22084,FIGC,932439,01/07/2025,30/06/2026
coni:22097,CSI|FIGC,02501767,07/07/2025,30/06/2026
coni:22105,FIGC,81070,01/07/2025,30/06/2026
coni:2212,CSEN|CSI|FIGC,620345,01/07/2025,30/06/2026
coni:22121,FIGC,911466,01/07/2025,30/06/2026
coni:22185,FIGC,780355,01/07/2025,30/06/2026
coni:22265,FIGC,675322,01/07/2025,30/06/2026
coni:22270,FIGC,80056,01/07/2025,30/06/2026
coni:223,FIGC,73414,01/07/2025,30/06/2026
coni:22307,FIGC,940875,01/07/2025,30/06/2026
coni:2236,FIGC,946083,01/07/2025,30/06/2026
coni:22366,CSI|FIGC,920317,01/07/2025,30/06/2026
coni:22375,FIGC,934497,01/07/2025,30/06/2026
coni:22411,FIGC,941029,01/07/2025,30/06/2026
coni:22450,FIGC,780359,01/07/2025,30/06/2026
coni:22473,FIGC,940742,01/07/2025,30/06/2026
coni:22491,CSI|FIGC,920647,01/07/2025,30/06/2026
coni:22499,CSI|FIGC,81197,01/07/2025,30/06/2026
coni:22525,FIGC,935546,01/07/2025,30/06/2026
coni:22530,FIGC,935547,01/07/2025,30/06/2026
coni:22538,FIGC,919543,01/07/2025,30/06/2026
coni:22542,FIGC,919440,01/07/2025,30/06/2026
coni:22565,ENDAS|FIGC,79963,01/07/2025,30/06/2026
coni:22599,FIGC,919126,01/07/2025,30/06/2026
coni:22632,AICS|FIGC,1580,01/07/2025,30/06/2026
coni:22633,FIGC,949201,01/07/2025,30/06/2026
coni:22691,CSI|FIGC|FIP|UISP,02000465,06/07/2025,30/06/2026
coni:22698,FIGC,946145,01/07/2025,30/06/2026
coni:227,CSI|FIGC,68299,01/07/2025,30/06/2026
coni:2273,FIGC,67063,01/07/2025,30/06/2026
coni:22739,FIGC,935647,01/07/2025,30/06/2026
coni:22770,CSEN|FIGC,936269,01/07/2025,30/06/2026
coni:22785,FIGC,935767,01/07/2025,30/06/2026
coni:22803,FIGC,913796,01/07/2025,30/06/2026
coni:22820,FIGC,915538,01/07/2025,30/06/2026
coni:22851,FIGC,61605,01/07/2025,30/06/2026
coni:22858,FIGC,964174,01/07/2025,30/06/2026
coni:22877,FIGC,665009,01/07/2025,30/06/2026
coni:22894,FIGC,943541,01/07/2025,30/06/2026
coni:2292,CSI|FIGC,68300,01/07/2025,30/06/2026
coni:22925,CSI|FIGC,943410,01/07/2025,30/06/2026
coni:2294,FIGC,917169,01/07/2025,30/06/2026
coni:22968,FIGC|UISP,943004,01/07/2025,30/06/2026
coni:22969,ENDAS|FIGC,780894,01/07/2025,30/06/2026
coni:2297,FIGC,64387,01/07/2025,30/06/2026
coni:22976,FIGC|UISP,943116,01/07/2025,30/06/2026
coni:22979,FIGC,942981,01/07/2025,30/06/2026
coni:2302,CSEN|FIGC,780895,01/07/2025,30/06/2026
coni:23023,ASC|FIGC,740339,01/07/2025,30/06/2026
coni:2303,AICS|FIGC,937784,01/07/2025,30/06/2026
coni:23030,AICS|FIGC,938270,01/07/2025,30/06/2026
coni:2304,FIGC,79047,01/07/2025,30/06/2026
coni:23063,FIGC,920700,01/07/2025,30/06/2026
coni:23126,FIGC,932121,01/07/2025,30/06/2026
coni:23143,CSI|FIGC,937887,01/07/2025,30/06/2026
coni:23152,FIGC,947491,01/07/2025,30/06/2026
coni:23194,CSI|FIGC,76410,01/07/2025,30/06/2026
coni:23206,FIGC,914040,01/07/2025,30/06/2026
coni:23213,CSI|FIGC,938198,01/07/2025,30/06/2026
coni:23244,FIGC|UISP,665044,01/07/2025,30/06/2026
coni:23273,FIGC,934505,01/07/2025,30/06/2026
coni:23299,FIGC,940876,01/07/2025,30/06/2026
coni:23308,FIGC,945427,01/07/2025,30/06/2026
coni:23312,FIGC,916125,01/07/2025,30/06/2026
coni:2333,CSEN|FIGC,181,01/07/2025,30/06/2026
coni:23335,FIGC,945636,01/07/2025,30/06/2026
coni:23350,CSI|FIGC|UISP,915699,01/07/2025,30/06/2026
coni:2337,CSI|FIGC,04100081,04/07/2025,30/06/2026
coni:23394,CSI|FIGC|UISP,205534,01/07/2025,30/06/2026
coni:23399,FIGC,940748,01/07/2025,30/06/2026
coni:23410,FIGC,943288,01/07/2025,30/06/2026
coni:23412,AICS|CSI|FIGC|UISP,912832,01/07/2025,30/06/2026
coni:23430,FIGC,12380,01/07/2025,30/06/2026
coni:23434,FIGC|FIP|UISP,937801,01/07/2025,30/06/2026
coni:23456,FIGC,937805,01/07/2025,30/06/2026
coni:23465,CSI|FIGC,17500436,09/07/2025,30/06/2026
coni:23482,FIGC,937957,01/07/2025,30/06/2026
coni:23499,FIGC,26340,01/07/2025,30/06/2026
coni:23562,FIGC|UISP,945163,01/07/2025,30/06/2026
coni:23563,FIGC,620347,01/07/2025,30/06/2026
coni:23565,CSI|FIGC|OPES|UISP,04001751,24/07/2025,30/06/2026
coni:23571,CSI|FIGC,952263,01/07/2025,30/06/2026
coni:2358,FIGC,75975,01/07/2025,30/06/2026
coni:23596,FIGC,945499,01/07/2025,30/06/2026
coni:23598,FIGC,945301,01/07/2025,30/06/2026
coni:23606,FIGC|UISP,945345,01/07/2025,30/06/2026
coni:23623,FIGC,914380,01/07/2025,30/06/2026
coni:23647,FIGC,780617,01/07/2025,30/06/2026
coni:23714,FIGC,913119,01/07/2025,30/06/2026
coni:2372,CSEN|FIGC,72906,01/07/2025,30/06/2026
coni:23769,CSI|FIGC,947127,01/07/2025,30/06/2026
coni:23775,FIGC,943016,01/07/2025,30/06/2026
coni:23843,CSI|FIGC,930322,01/07/2025,30/06/2026
coni:2385,ASC|FIGC,911621,01/07/2025,30/06/2026
coni:23851,CSI|FIGC,930570,01/07/2025,30/06/2026
coni:23854,FIGC,917730,01/07/2025,30/06/2026
coni:23861,CSI|FIGC,02200459,01/07/2025,30/06/2026
coni:2387,CSI|FIGC,58910,01/07/2025,30/06/2026
coni:23896,FIGC,69168,01/07/2025,30/06/2026
coni:239,FIGC,675223,01/07/2025,30/06/2026
coni:23906,FIGC,948234,01/07/2025,30/06/2026
coni:23930,CSI|FIGC,917050,01/07/2025,30/06/2026
coni:23938,CSI|FIGC,930666,01/07/2025,30/06/2026
coni:23956,FIGC,780297,01/07/2025,30/06/2026
coni:23966,FIGC,71116,01/07/2025,30/06/2026
coni:23978,FIGC,917341,01/07/2025,30/06/2026
coni:23991,FIGC,917487,01/07/2025,30/06/2026
coni:23998,FIGC,9690,01/07/2025,30/06/2026
coni:24037,FIGC,917408,01/07/2025,30/06/2026
coni:24045,FIGC,911720,01/07/2025,30/06/2026
coni:2405,FIGC,205535,01/07/2025,30/06/2026
coni:24073,FIGC,914018,01/07/2025,30/06/2026
coni:24075,ENDAS|FIGC,932299,01/07/2025,30/06/2026
coni:24076,FIGC|UISP,947274,01/07/2025,30/06/2026
coni:24089,FIGC,932290,01/07/2025,30/06/2026
coni:24102,FIGC,913935,01/07/2025,30/06/2026
coni:24104,AICS|FIGC,81045,01/07/2025,30/06/2026
coni:24133,FIGC,915900,01/07/2025,30/06/2026
coni:24148,FIGC,947359,01/07/2025,30/06/2026
coni:24163,FIGC,940747,01/07/2025,30/06/2026
coni:24198,FIGC,943305,01/07/2025,30/06/2026
coni:2420,CSI|FIGC,67315,01/07/2025,30/06/2026
coni:24200,FIGC,61609,01/07/2025,30/06/2026
coni:24214,FIGC,61595,01/07/2025,30/06/2026
coni:24236,CSI|FIGC,04101078,03/07/2025,30/06/2026
coni:24253,FIGC,780742,01/07/2025,30/06/2026
coni:2427,FIGC,71597,01/07/2025,30/06/2026
coni:2434,FIGC,964437,08/08/2025,30/06/2026
coni:24355,CSI|FIGC,962068,01/07/2025,30/06/2026
coni:24356,FIGC,911714,01/07/2025,30/06/2026
coni:24357,FIGC,919068,01/07/2025,30/06/2026
coni:24367,FIGC,945248,01/07/2025,30/06/2026
coni:24369,FIGC,730358,01/07/2025,30/06/2026
coni:24372,CSI|FIGC,02400221,10/07/2025,30/06/2026
coni:24373,FIGC,916416,01/07/2025,30/06/2026
coni:24409,FIGC|PGS,945858,01/07/2025,30/06/2026
coni:24437,AICS|CSI|FIGC|UISP,76737,01/07/2025,30/06/2026
coni:24459,CSEN|FIGC,620963,01/07/2025,30/06/2026
coni:24460,CSEN|FIGC,934041,01/07/2025,30/06/2026
coni:24486,FIGC,917139,01/07/2025,30/06/2026
coni:24495,CSI|FIGC,77724,01/07/2025,30/06/2026
coni:24515,CSI|FIGC,934316,01/07/2025,30/06/2026
coni:24531,FIGC|UISP,922784,01/07/2025,30/06/2026
coni:24548,FIGC,917140,01/07/2025,30/06/2026
coni:24585,CSI|FIGC|UISP,951867,01/07/2025,30/06/2026
coni:24593,FIGC,919022,01/07/2025,30/06/2026
coni:24610,FIGC,962976,01/07/2025,30/06/2026
coni:24639,FIGC,947413,01/07/2025,30/06/2026
coni:2466,FIGC,64708,01/07/2025,30/06/2026
coni:24672,CSI|FIGC,70265,01/07/2025,30/06/2026
coni:24696,FIGC,951570,01/07/2025,30/06/2026
coni:24700,FIGC,750111,01/07/2025,30/06/2026
coni:24702,FIGC,943315,01/07/2025,30/06/2026
coni:24709,FIGC,943034,01/07/2025,30/06/2026
coni:24721,CSI|FIGC|UISP,80823,01/07/2025,30/06/2026
coni:24738,FIGC,943455,01/07/2025,30/06/2026
coni:24754,FIGC,943082,01/07/2025,30/06/2026
coni:2476,FIGC,930960,01/07/2025,30/06/2026
coni:248,FIGC,78764,01/07/2025,30/06/2026
coni:24808,CSI|FIGC,920882,01/07/2025,30/06/2026
coni:24814,FIGC,780775,01/07/2025,30/06/2026
coni:24815,FIGC,740654,01/07/2025,30/06/2026
coni:24817,FIGC,780833,01/07/2025,30/06/2026
coni:2482,FIGC,22290,01/07/2025,30/06/2026
coni:24837,FIGC,780780,01/07/2025,30/06/2026
coni:24842,FIGC,944474,01/07/2025,30/06/2026
coni:24860,FIGC,930230,01/07/2025,30/06/2026
coni:24867,FIGC,78254,01/07/2025,30/06/2026
coni:24921,CSI|FIGC,951708,01/07/2025,30/06/2026
coni:24922,FIGC,922635,01/07/2025,30/06/2026
coni:24925,FIGC,920533,01/07/2025,30/06/2026
coni:24928,FIGC,935809,01/07/2025,30/06/2026
coni:24956,FIGC,918781,01/07/2025,30/06/2026
coni:25010,FIGC,920588,01/07/2025,30/06/2026
coni:25029,FIGC,918743,01/07/2025,30/06/2026
coni:25031,FIGC|OPES,963764,01/07/2025,30/06/2026
coni:25038,CSEN|FIGC,935272,01/07/2025,30/06/2026
coni:25078,CSI|FIGC,937935,01/07/2025,30/06/2026
coni:25084,FIGC,930049,01/07/2025,30/06/2026
coni:25089,CSEN|CSI|FIGC,962959,01/07/2025,30/06/2026
coni:25091,FIGC,74628,01/07/2025,30/06/2026
coni:25092,FIGC,930707,01/07/2025,30/06/2026
coni:25099,FIGC,665068,01/07/2025,30/06/2026
coni:25116,FIGC,930967,01/07/2025,30/06/2026
coni:2514,FIGC,675530,01/07/2025,30/06/2026
coni:25141,FIGC,933824,01/07/2025,30/06/2026
coni:25172,FIGC,945474,01/07/2025,30/06/2026
coni:25211,CSI|FIGC,953079,01/07/2025,30/06/2026
coni:25224,FIGC,935737,01/07/2025,30/06/2026
coni:2523,FIGC,202038,01/07/2025,30/06/2026
coni:25231,FIGC,938370,01/07/2025,30/06/2026
coni:25235,CSI|FIGC,935834,01/07/2025,30/06/2026
coni:25236,CSI|FIGC,940749,01/07/2025,30/06/2026
coni:25263,FIGC,951402,01/07/2025,30/06/2026
coni:2531,FIGC,917540,01/07/2025,30/06/2026
coni:2536,FIGC,943330,01/07/2025,30/06/2026
coni:25362,CSEN|FIGC,910159,01/07/2025,30/06/2026
coni:2537,FIGC,750030,01/07/2025,30/06/2026
coni:25406,FIGC,930651,01/07/2025,30/06/2026
coni:25424,ASC|FIGC,912654,01/07/2025,30/06/2026
coni:25425,FIGC,930932,01/07/2025,30/06/2026
coni:25437,FIGC,952802,01/07/2025,30/06/2026
coni:25455,FIGC,932383,01/07/2025,30/06/2026
coni:25464,FIGC,932816,01/07/2025,30/06/2026
coni:25469,FIGC,915889,01/07/2025,30/06/2026
coni:25477,CSI|FIGC,04700157,31/01/2026,30/06/2026
coni:25480,CSEN|FIGC,620795,01/07/2025,30/06/2026
coni:25482,FIGC,206155,01/07/2025,30/06/2026
coni:25485,AICS|FIGC,58642,01/07/2025,30/06/2026
coni:25486,AICS|FIGC,66842,01/07/2025,30/06/2026
coni:25491,FIGC,940789,01/07/2025,30/06/2026
coni:25499,FIGC,941102,01/07/2025,30/06/2026
coni:25509,FIGC,947105,01/07/2025,30/06/2026
coni:25510,FIGC,913868,01/07/2025,30/06/2026
coni:2552,FIGC,945398,01/07/2025,30/06/2026
coni:25541,FIGC,941412,01/07/2025,30/06/2026
coni:25548,FIGC,914252,01/07/2025,30/06/2026
coni:25579,FIGC,947043,01/07/2025,30/06/2026
coni:25582,CSI|FIGC,963170,01/07/2025,30/06/2026
coni:25595,FIGC,947234,01/07/2025,30/06/2026
coni:25612,CSI|FIGC,03100429,07/07/2025,30/06/2026
coni:25634,CSI|FIGC,02501649,24/07/2025,30/06/2026
coni:25638,CSI|FIGC,938200,01/07/2025,30/06/2026
coni:25646,FIGC,930797,01/07/2025,30/06/2026
coni:25668,FIGC,20640,01/07/2025,30/06/2026
coni:25672,CSI|FIGC,03500479,04/07/2025,30/06/2026
coni:25673,ASC|CSI|FIGC,913863,01/07/2025,30/06/2026
coni:25681,FIGC,78854,01/07/2025,30/06/2026
coni:25763,CSI|FIGC,946992,01/07/2025,30/06/2026
coni:25775,FIGC,933847,01/07/2025,30/06/2026
coni:258,CSEN|FIGC,70849,01/07/2025,30/06/2026
coni:25810,FIGC,940784,01/07/2025,30/06/2026
coni:25815,FIGC,919544,01/07/2025,30/06/2026
coni:25817,ENDAS|FIGC,943063,01/07/2025,30/06/2026
coni:25822,ASC|FIGC,943061,01/07/2025,30/06/2026
coni:25824,FIGC,943067,01/07/2025,30/06/2026
coni:25826,ENDAS|FIGC,943284,01/07/2025,30/06/2026
coni:25842,CSEN|FIGC,943047,01/07/2025,30/06/2026
coni:2585,FIGC,58130,01/07/2025,30/06/2026
coni:25873,ASC|FIGC,62365,01/07/2025,30/06/2026
coni:25893,FIGC,79566,01/07/2025,30/06/2026
coni:25905,FIGC,932118,01/07/2025,30/06/2026
coni:25933,FIGC,920569,01/07/2025,30/06/2026
coni:25954,FIGC,934143,01/07/2025,30/06/2026
coni:25975,FIGC,77212,01/07/2025,30/06/2026
coni:25982,AICS|FIGC,916123,01/07/2025,30/06/2026
coni:26004,FIGC,780850,01/07/2025,30/06/2026
coni:26033,FIGC,204549,01/07/2025,30/06/2026
coni:26082,FIGC,620730,01/07/2025,30/06/2026
coni:26096,CSI|FIGC,963139,01/07/2025,30/06/2026
coni:26099,FIGC,913650,01/07/2025,30/06/2026
coni:261,CSI|FIGC,75838,01/07/2025,30/06/2026
coni:26113,FIGC|UISP,934650,01/07/2025,30/06/2026
coni:2612,FIGC,630403,01/07/2025,30/06/2026
coni:26135,FIGC,954880,01/07/2025,30/06/2026
coni:26146,FIGC,945232,01/07/2025,30/06/2026
coni:26155,FIGC,945175,01/07/2025,30/06/2026
coni:26164,FIGC,58764,01/07/2025,30/06/2026
coni:26171,FIGC,676155,01/07/2025,30/06/2026
coni:26177,FIGC,945477,01/07/2025,30/06/2026
coni:26200,FIGC,934000,01/07/2025,30/06/2026
coni:26213,FIGC,943294,01/07/2025,30/06/2026
coni:26255,FIGC,917488,01/07/2025,30/06/2026
coni:26303,CSI|FIGC,952773,01/07/2025,30/06/2026
coni:2631,CSI|FIGC,933827,01/07/2025,30/06/2026
coni:26311,FIGC,934013,01/07/2025,30/06/2026
coni:26347,CSI|FIGC,953705,01/07/2025,30/06/2026
coni:26360,FIGC|FIP,019087014,01/09/2025,31/08/2026
coni:26389,FIGC,943390,01/07/2025,30/06/2026
coni:26429,FIGC,947093,01/07/2025,30/06/2026
coni:2643,FIGC,780699,01/07/2025,30/06/2026
coni:26431,FIGC,917131,01/07/2025,30/06/2026
coni:26452,FIGC,917393,01/07/2025,30/06/2026
coni:26481,CSI|FIGC,935905,01/07/2025,30/06/2026
coni:26483,FIGC,947408,01/07/2025,30/06/2026
coni:26486,FIGC,947161,01/07/2025,30/06/2026
coni:26516,FIGC,947507,01/07/2025,30/06/2026
coni:26568,FIGC,938485,01/07/2025,30/06/2026
coni:26574,FIGC,63034,01/07/2025,30/06/2026
coni:26577,FIGC,935598,01/07/2025,30/06/2026
coni:26579,CSI|FIGC,920929,01/07/2025,30/06/2026
coni:26597,FIGC,935768,01/07/2025,30/06/2026
coni:26602,FIGC,935818,01/07/2025,30/06/2026
coni:26603,FIGC,75405,01/07/2025,30/06/2026
coni:26624,FIGC,952840,01/07/2025,30/06/2026
coni:2664,FIGC,920670,01/07/2025,30/06/2026
coni:26678,CSI|FIGC,945507,01/07/2025,30/06/2026
coni:26704,FIGC|PGS,940770,01/07/2025,30/06/2026
coni:26728,CSI|FIGC,77454,01/07/2025,30/06/2026
coni:26743,CSI|FIGC,945448,01/07/2025,30/06/2026
coni:26745,CSI|FIGC,03100416,14/07/2025,30/06/2026
coni:26764,FIGC,919032,01/07/2025,30/06/2026
coni:268,FIGC,58274,01/07/2025,30/06/2026
coni:26822,FIGC,918757,01/07/2025,30/06/2026
coni:2687,FIGC,675087,01/07/2025,30/06/2026
coni:26872,FIGC,937792,01/07/2025,30/06/2026
coni:26892,CSI|FIGC,937781,01/07/2025,30/06/2026
coni:26897,FIGC,938350,01/07/2025,30/06/2026
coni:269,FIGC,76240,01/07/2025,30/06/2026
coni:2690,CSI|FIGC,943467,01/07/2025,30/06/2026
coni:26901,FIGC,919280,01/07/2025,30/06/2026
coni:26906,FIGC,940692,01/07/2025,30/06/2026
coni:27010,FIGC|UISP,943474,01/07/2025,30/06/2026
coni:27040,FIGC|UISP,918998,01/07/2025,30/06/2026
coni:27043,FIGC,919115,01/07/2025,30/06/2026
coni:27065,FIGC,951537,01/07/2025,30/06/2026
coni:27091,FIGC,951404,01/07/2025,30/06/2026
coni:27096,FIGC,949210,01/07/2025,30/06/2026
coni:27099,CSI|FIGC,02402688,20/09/2025,30/06/2026
coni:27153,CSEN|CSI|FIGC,920872,01/07/2025,30/06/2026
coni:27217,CSI|FIGC,941199,01/07/2025,30/06/2026
coni:27238,FIGC|FIP,910616,01/07/2025,30/06/2026
coni:27245,CSI|FIGC,77725,01/07/2025,30/06/2026
coni:27249,ENDAS|FIGC,940814,01/07/2025,30/06/2026
coni:27262,FIGC,940787,01/07/2025,30/06/2026
coni:27283,CSI|FIGC,949281,01/07/2025,30/06/2026
coni:27290,FIGC,954818,01/07/2025,30/06/2026
coni:27333,FIGC|PGS|UISP,962125,01/07/2025,30/06/2026
coni:27345,CSI|FIGC|FIP,945588,01/07/2025,30/06/2026
coni:27353,FIGC,946044,01/07/2025,30/06/2026
coni:27460,FIGC,920830,01/07/2025,30/06/2026
coni:27469,FIGC,930654,01/07/2025,30/06/2026
coni:27506,FIGC,951401,01/07/2025,30/06/2026
coni:27518,FIGC,932790,01/07/2025,30/06/2026
coni:27521,FIGC,940819,01/07/2025,30/06/2026
coni:27539,FIGC,932315,01/07/2025,30/06/2026
coni:27547,CSI|FIGC,946990,01/07/2025,30/06/2026
coni:27579,FIGC,943559,01/07/2025,30/06/2026
coni:27589,FIGC,943429,01/07/2025,30/06/2026
coni:27596,CSI|FIGC,943504,01/07/2025,30/06/2026
coni:27663,FIGC,945596,01/07/2025,30/06/2026
coni:27680,FIGC,945546,01/07/2025,30/06/2026
coni:27682,FIGC,750110,01/07/2025,30/06/2026
coni:27714,CSI|FIGC,932156,01/07/2025,30/06/2026
coni:27723,FIGC,917816,01/07/2025,30/06/2026
coni:27732,FIGC,932133,01/07/2025,30/06/2026
coni:27739,FIGC,913494,01/07/2025,30/06/2026
coni:27758,FIGC,933988,01/07/2025,30/06/2026
coni:27775,FIGC,780408,01/07/2025,30/06/2026
coni:27792,FIGC,79108,01/07/2025,30/06/2026
coni:2780,FIGC,58565,01/07/2025,30/06/2026
coni:27801,FIGC,910664,01/07/2025,30/06/2026
coni:27805,AICS|FIGC,933769,01/07/2025,30/06/2026
coni:27820,FIGC,945229,01/07/2025,30/06/2026
coni:27927,CSI|FIGC,75641,01/07/2025,30/06/2026
coni:27948,FIGC,934014,01/07/2025,30/06/2026
coni:27975,CSI|FIGC,954893,01/07/2025,30/06/2026
coni:2800,FIGC,80118,01/07/2025,30/06/2026
coni:28002,CSI|FIGC,03500103,01/07/2025,30/06/2026
coni:28004,FIGC,951447,01/07/2025,30/06/2026
coni:28008,FIGC,949242,01/07/2025,30/06/2026
coni:28010,FIGC,945510,01/07/2025,30/06/2026
coni:28017,FIGC,66427,01/07/2025,30/06/2026
coni:28045,CSI|FIGC,947339,01/07/2025,30/06/2026
coni:28051,FIGC,947074,01/07/2025,30/06/2026
coni:28105,FIGC,935602,01/07/2025,30/06/2026
coni:28121,ASC|FIGC,910871,01/07/2025,30/06/2026
coni:28124,FIGC,940911,01/07/2025,30/06/2026
coni:28132,FIGC,24720,01/07/2025,30/06/2026
coni:28140,FIGC,621240,01/07/2025,30/06/2026
coni:2820,CSI|FIGC,62447,01/07/2025,30/06/2026
coni:28202,AICS|FIGC,919678,01/07/2025,30/06/2026
coni:28241,FIGC,933943,01/07/2025,30/06/2026
coni:28243,FIGC,938255,01/07/2025,30/06/2026
coni:28286,FIGC,82025,01/07/2025,30/06/2026
coni:28300,FIGC,938770,01/07/2025,30/06/2026
coni:28334,ENDAS|FIGC,937892,01/07/2025,30/06/2026
coni:28336,FIGC,937788,01/07/2025,30/06/2026
coni:28343,FIGC,938082,01/07/2025,30/06/2026
coni:28345,FIGC,937786,01/07/2025,30/06/2026
coni:2836,CSI|FIGC,68508,01/07/2025,30/06/2026
coni:28377,FIGC,922068,01/07/2025,30/06/2026
coni:28394,CSI|ENDAS|FIGC,939914,01/07/2025,30/06/2026
coni:28469,FIGC,935708,01/07/2025,30/06/2026
coni:28491,FIGC,935938,01/07/2025,30/06/2026
coni:28504,FIGC,750091,01/07/2025,30/06/2026
coni:28514,FIGC,750090,01/07/2025,30/06/2026
coni:28518,FIGC,780848,01/07/2025,30/06/2026
coni:28519,FIGC,940783,01/07/2025,30/06/2026
coni:28525,ENDAS|FIGC,940929,01/07/2025,30/06/2026
coni:28539,FIGC,750136,01/07/2025,30/06/2026
coni:28627,FIGC,964544,17/09/2025,30/06/2026
coni:28639,FIGC,937868,01/07/2025,30/06/2026
coni:28668,FIGC,931925,01/07/2025,30/06/2026
coni:28677,FIGC,930869,01/07/2025,30/06/2026
coni:28681,FIGC,915494,01/07/2025,30/06/2026
coni:28686,FIGC,963662,01/07/2025,30/06/2026
coni:28690,FIGC,937835,01/07/2025,30/06/2026
coni:28696,FIGC,937773,01/07/2025,30/06/2026
coni:28704,FIGC,20520,01/07/2025,30/06/2026
coni:28705,FIGC,931868,01/07/2025,30/06/2026
coni:28708,FIGC,943049,01/07/2025,30/06/2026
coni:28741,CSEN|CSI|FIGC,910140,01/07/2025,30/06/2026
coni:28743,FIGC,750138,01/07/2025,30/06/2026
coni:2888,FIGC,78245,01/07/2025,30/06/2026
coni:28881,CSI|FIGC,940689,01/07/2025,30/06/2026
coni:28882,FIGC,940992,01/07/2025,30/06/2026
coni:28922,FIGC|UISP,962887,01/07/2025,30/06/2026
coni:28925,FIGC,947569,01/07/2025,30/06/2026
coni:28932,FIGC,932184,01/07/2025,30/06/2026
coni:28937,FIGC,932213,01/07/2025,30/06/2026
coni:28963,FIGC,620891,01/07/2025,30/06/2026
coni:28985,FIGC,934929,01/07/2025,30/06/2026
coni:28990,FIGC,920552,01/07/2025,30/06/2026
coni:29019,ASC|FIGC,914950,01/07/2025,30/06/2026
coni:29051,AICS|CSEN|FIGC,780019,01/07/2025,30/06/2026
coni:29115,FIGC,943060,01/07/2025,30/06/2026
coni:29197,FIGC,953764,01/07/2025,30/06/2026
coni:292,FIGC,61551,01/07/2025,30/06/2026
coni:2921,FIGC,81034,01/07/2025,30/06/2026
coni:2922,FIGC,47530,01/07/2025,30/06/2026
coni:29225,CSEN|CSI|FIGC,917226,01/07/2025,30/06/2026
coni:29235,FIGC,915678,01/07/2025,30/06/2026
coni:29238,FIGC,945085,01/07/2025,30/06/2026
coni:29239,FIGC,750407,01/07/2025,30/06/2026
coni:29240,FIGC,916203,01/07/2025,30/06/2026
coni:2926,FIGC,750494,01/07/2025,30/06/2026
coni:29263,FIGC,945591,01/07/2025,30/06/2026
coni:29270,CSI|FIGC,949287,01/07/2025,30/06/2026
coni:29282,CSI|FIGC,954907,01/07/2025,30/06/2026
coni:29293,FIGC,62198,01/07/2025,30/06/2026
coni:293,FIGC,57742,01/07/2025,30/06/2026
coni:29300,FIGC,239674,01/01/2026,31/12/2026
coni:29325,FIGC,675765,01/07/2025,30/06/2026
coni:29334,FIGC,57837,01/07/2025,30/06/2026
coni:29355,FIGC,918843,01/07/2025,30/06/2026
coni:29364,CSEN|FIGC,936032,01/07/2025,30/06/2026
coni:2937,FIGC,72632,01/07/2025,30/06/2026
coni:29383,FIGC,44910,01/07/2025,30/06/2026
coni:29393,FIGC,947480,01/07/2025,30/06/2026
coni:29414,FIGC,200285,01/07/2025,30/06/2026
coni:29501,FIGC|UISP,82364,01/07/2025,30/06/2026
coni:29543,FIGC,941266,01/07/2025,30/06/2026
coni:29544,FIGC|UISP,947782,01/07/2025,30/06/2026
coni:29598,AICS|FIGC,750291,01/07/2025,30/06/2026
coni:29608,FIGC,620356,01/07/2025,30/06/2026
coni:29626,FIGC,17450,01/07/2025,30/06/2026
coni:29635,CSEN|FIGC,941023,01/07/2025,30/06/2026
coni:29636,CSEN|FIGC,945503,01/07/2025,30/06/2026
coni:29645,FIGC,941251,01/07/2025,30/06/2026
coni:2965,FIGC,1860,01/07/2025,30/06/2026
coni:29661,ASC|FIGC,941055,01/07/2025,30/06/2026
coni:29664,FIGC,941522,01/07/2025,30/06/2026
coni:29714,FIGC,917166,01/07/2025,30/06/2026
coni:29736,FIGC,913506,01/07/2025,30/06/2026
coni:29753,FIGC,930026,01/07/2025,30/06/2026
coni:29760,FIGC,945852,01/07/2025,30/06/2026
coni:29766,FIGC,945558,01/07/2025,30/06/2026
coni:29781,FIGC,913857,01/07/2025,30/06/2026
coni:29783,FIGC,943212,01/07/2025,30/06/2026
coni:29837,FIGC,918096,01/07/2025,30/06/2026
coni:29859,ASC|CSI|FIGC|US_ACLI,920286,01/07/2025,30/06/2026
coni:2986,FIGC|UISP,964582,16/09/2025,30/06/2026
coni:29864,ASC|FIGC,915986,01/07/2025,30/06/2026
coni:29873,FIGC|UISP,915576,01/07/2025,30/06/2026
coni:29874,FIGC,918059,01/07/2025,30/06/2026
coni:29878,FIGC,675864,01/07/2025,30/06/2026
coni:29881,FIGC,918057,01/07/2025,30/06/2026
coni:29891,FIGC,950628,01/07/2025,30/06/2026
coni:29901,ASC|CSEN|FIGC,945987,01/07/2025,30/06/2026
coni:29916,FIGC,915612,01/07/2025,30/06/2026
coni:29919,FIGC,9455,01/07/2025,30/06/2026
coni:29923,CSI|FIGC,77465,01/07/2025,30/06/2026
coni:2995,CSI|FIGC|PGS,02200070,08/07/2025,30/06/2026
coni:30009,FIGC,946988,01/07/2025,30/06/2026
coni:30011,FIGC,943221,01/07/2025,30/06/2026
coni:30014,FIGC,922810,01/07/2025,30/06/2026
coni:30017,CSI|FIGC,952925,01/07/2025,30/06/2026
coni:30029,FIGC,917171,01/07/2025,30/06/2026
coni:30042,FIGC,940858,01/07/2025,30/06/2026
coni:30061,FIGC,203256,01/07/2025,30/06/2026
coni:30127,FIGC,675745,01/07/2025,30/06/2026
coni:30140,CSEN|CSI|FIGC|FIP|UISP,59453,01/07/2025,30/06/2026
coni:30145,FIGC,621011,01/07/2025,30/06/2026
coni:3015,FIGC,938306,01/07/2025,30/06/2026
coni:30192,FIGC,949327,01/07/2025,30/06/2026
coni:3020,FIGC,740341,01/07/2025,30/06/2026
coni:30215,CSEN|FIGC,919717,01/07/2025,30/06/2026
coni:30234,FIGC,740866,01/07/2025,30/06/2026
coni:30248,CSI|FIGC,79929,01/07/2025,30/06/2026
coni:30268,CSI|FIGC,951389,01/07/2025,30/06/2026
coni:30273,FIGC|UISP,930969,01/07/2025,30/06/2026
coni:30278,CSEN|FIGC,964054,01/07/2025,30/06/2026
coni:30290,FIGC,66415,01/07/2025,30/06/2026
coni:30312,FIGC,940838,01/07/2025,30/06/2026
coni:30333,FIGC,620943,01/07/2025,30/06/2026
coni:30344,CSEN|FIGC,204676,01/07/2025,30/06/2026
coni:30351,FIGC,913969,01/07/2025,30/06/2026
coni:30364,FIGC,937987,01/07/2025,30/06/2026
coni:30365,FIGC|UISP,932795,01/07/2025,30/06/2026
coni:30377,CSEN|FIGC,920081,01/07/2025,30/06/2026
coni:30398,FIGC|UISP,921733,01/07/2025,30/06/2026
coni:30465,ASC|FIGC,914679,01/07/2025,30/06/2026
coni:3047,FIGC,750213,01/07/2025,30/06/2026
coni:30488,FIGC,61667,01/07/2025,30/06/2026
coni:30508,FIGC,912865,01/07/2025,30/06/2026
coni:30513,FIGC,920554,01/07/2025,30/06/2026
coni:30528,FIGC,939080,01/07/2025,30/06/2026
coni:30533,FIGC,912753,01/07/2025,30/06/2026
coni:30534,FIGC,60811,01/07/2025,30/06/2026
coni:30541,CSI|FIGC,952723,01/07/2025,30/06/2026
coni:30544,FIGC,935709,01/07/2025,30/06/2026
coni:30551,FIGC,675366,01/07/2025,30/06/2026
coni:30554,FIGC,945148,01/07/2025,30/06/2026
coni:30649,FIGC,933256,01/07/2025,30/06/2026
coni:30698,FIGC,59034,01/07/2025,30/06/2026
coni:30699,CSI|FIGC,55250,01/07/2025,30/06/2026
coni:30702,CSEN|FIGC,931079,01/07/2025,30/06/2026
coni:30710,FIGC,66504,01/07/2025,30/06/2026
coni:30711,CSI|FIGC,676148,01/07/2025,30/06/2026
coni:30718,FIGC,931287,01/07/2025,30/06/2026
coni:30720,FIGC,0463539,29/07/2025,30/06/2026
coni:30721,FIGC,943058,01/07/2025,30/06/2026
coni:30726,CSI|FIGC,8860,01/07/2025,30/06/2026
coni:30741,ASC|FIGC,943851,01/07/2025,30/06/2026
coni:30743,CSEN|FIGC,936327,01/07/2025,30/06/2026
coni:3075,FIGC,934467,01/07/2025,30/06/2026
coni:30764,FIGC,620702,01/07/2025,30/06/2026
coni:30778,AICS|CSI|FIGC,941453,01/07/2025,30/06/2026
coni:30781,FIGC,941621,01/07/2025,30/06/2026
coni:30794,ASC|CSI|FIGC,917811,01/07/2025,30/06/2026
coni:30824,ASC|FIGC,933272,01/07/2025,30/06/2026
coni:30852,FIGC,945597,01/07/2025,30/06/2026
coni:30875,CSEN|FIGC,933096,01/07/2025,30/06/2026
coni:30922,CSI|FIGC|FIP,952782,01/07/2025,30/06/2026
coni:30934,FIGC,953704,01/07/2025,30/06/2026
coni:30969,ASC|FIGC,964430,08/09/2025,30/06/2026
coni:30975,CSI|FIGC,945159,01/07/2025,30/06/2026
coni:30993,FIGC,910553,01/07/2025,30/06/2026
coni:31002,FIGC,922764,01/07/2025,30/06/2026
coni:31016,FIGC,61071,01/07/2025,30/06/2026
coni:31028,FIGC,918813,01/07/2025,30/06/2026
coni:3109,CSI|FIGC,200462,01/07/2025,30/06/2026
coni:31113,CSEN|CSI|FIGC,933428,01/07/2025,30/06/2026
coni:31178,FIGC,675908,01/07/2025,30/06/2026
coni:31210,CSEN|CSI|FIGC|FIP|UISP,941217,01/07/2025,30/06/2026
coni:31220,FIGC,947041,01/07/2025,30/06/2026
coni:31232,FIGC,932024,01/07/2025,30/06/2026
coni:31251,FIGC,933791,01/07/2025,30/06/2026
coni:31315,FIGC,934996,01/07/2025,30/06/2026
coni:3133,FIGC,80011,01/07/2025,30/06/2026
coni:31342,CSEN|FIGC,916427,01/07/2025,30/06/2026
coni:31349,CSI|FIGC|FIP|UISP,934056,01/07/2025,30/06/2026
coni:31378,CSI|FIGC,55430,01/07/2025,30/06/2026
coni:31391,CSI|FIGC|FIP|UISP,02000125,07/07/2025,30/06/2026
coni:31399,FIGC,932494,01/07/2025,30/06/2026
coni:31408,FIGC,932285,01/07/2025,30/06/2026
coni:31414,CSEN|FIGC,936424,01/07/2025,30/06/2026
coni:31420,FIGC,59818,01/07/2025,30/06/2026
coni:31423,CSEN|FIGC,949436,01/07/2025,30/06/2026
coni:31425,CSI|FIGC,10140,01/07/2025,30/06/2026
coni:31426,FIGC,932147,01/07/2025,30/06/2026
coni:31429,CSI|FIGC,952775,01/07/2025,30/06/2026
coni:31433,CSEN|FIGC,932970,01/07/2025,30/06/2026
coni:3145,FIGC,919296,01/07/2025,30/06/2026
coni:31452,CSEN|FIGC,933757,01/07/2025,30/06/2026
coni:31464,FIGC,53750,01/07/2025,30/06/2026
coni:31479,FIGC,71265,01/07/2025,30/06/2026
coni:31520,CSEN|FIGC,934417,01/07/2025,30/06/2026
coni:31530,CSEN|FIGC,935849,01/07/2025,30/06/2026
coni:3155,CSI|FIGC,914528,01/07/2025,30/06/2026
coni:31566,FIGC,935337,01/07/2025,30/06/2026
coni:3160,FIGC,914293,01/07/2025,30/06/2026
coni:31615,CSEN|FIGC,962750,01/07/2025,30/06/2026
coni:31658,FIGC|UISP,915963,01/07/2025,30/06/2026
coni:31669,CSI|FIGC,69320,01/07/2025,30/06/2026
coni:31680,FIGC,911377,01/07/2025,30/06/2026
coni:31693,FIGC,935979,01/07/2025,30/06/2026
coni:31698,FIGC,65517,01/07/2025,30/06/2026
coni:317,FIGC,60938,01/07/2025,30/06/2026
coni:31710,FIGC,936105,01/07/2025,30/06/2026
coni:3174,FIGC,65721,01/07/2025,30/06/2026
coni:31742,FIGC,955003,01/07/2025,30/06/2026
coni:3175,FIGC,918965,01/07/2025,30/06/2026
coni:31785,FIGC,68339,01/07/2025,30/06/2026
coni:31811,FIGC,933813,01/07/2025,30/06/2026
coni:31822,FIGC,934249,01/07/2025,30/06/2026
coni:31825,CSI|FIGC|FIP,918788,01/07/2025,30/06/2026
coni:31835,FIGC,933951,01/07/2025,30/06/2026
coni:31852,FIGC,938716,01/07/2025,30/06/2026
coni:31872,FIGC,205999,01/07/2025,30/06/2026
coni:3190,FIGC,77733,01/07/2025,30/06/2026
coni:31911,FIGC,938166,01/07/2025,30/06/2026
coni:31919,FIGC,3460,01/07/2025,30/06/2026
coni:3193,FIGC,949672,01/07/2025,30/06/2026
coni:31932,CSEN|CSI|FIGC|UISP,939070,01/07/2025,30/06/2026
coni:3202,FIGC,952947,01/07/2025,30/06/2026
coni:32039,FIGC,8110,01/07/2025,30/06/2026
coni:32047,FIGC,941785,01/07/2025,30/06/2026
coni:32068,CSEN|FIGC,940945,01/07/2025,30/06/2026
coni:32088,AICS|CSEN|CSI|FIGC|OPES,941122,01/07/2025,30/06/2026
coni:32126,FIGC|UISP,900,01/07/2025,30/06/2026
coni:32144,FIGC,62185,01/07/2025,30/06/2026
coni:32167,FIGC,943023,01/07/2025,30/06/2026
coni:32170,FIGC,943910,01/07/2025,30/06/2026
coni:32178,CSEN|FIGC,943979,01/07/2025,30/06/2026
coni:322,FIGC,700207,01/07/2025,30/06/2026
coni:32208,CSI|FIGC,935596,01/07/2025,30/06/2026
coni:32209,FIGC,941061,01/07/2025,30/06/2026
coni:32213,CSEN|FIGC,942021,01/07/2025,30/06/2026
coni:32224,AICS|FIGC,953857,01/07/2025,30/06/2026
coni:32227,ASC|CSEN|FIGC,939646,01/07/2025,30/06/2026
coni:32228,FIGC,916724,01/07/2025,30/06/2026
coni:3223,FIGC|UISP,201399,01/07/2025,30/06/2026
coni:32230,FIGC,941492,01/07/2025,30/06/2026
coni:32246,ASC|FIGC,941657,01/07/2025,30/06/2026
coni:32261,CSEN|FIGC,941132,01/07/2025,30/06/2026
coni:32269,FIGC,941976,01/07/2025,30/06/2026
coni:3227,FIGC,28710,01/07/2025,30/06/2026
coni:32276,FIGC,80971,01/07/2025,30/06/2026
coni:32277,FIGC,945207,01/07/2025,30/06/2026
coni:32278,FIGC,935747,01/07/2025,30/06/2026
coni:32280,FIGC,951693,01/07/2025,30/06/2026
coni:32283,CSEN|FIGC,945489,01/07/2025,30/06/2026
coni:32288,CSEN|FIGC,913103,01/07/2025,30/06/2026
coni:32295,FIGC,70272,01/07/2025,30/06/2026
coni:32380,ASC|CSEN|CSI|FIGC,946393,01/07/2025,30/06/2026
coni:3242,FIGC,962429,01/07/2025,30/06/2026
coni:32456,FIGC,54670,01/07/2025,30/06/2026
coni:32469,CSEN|FIGC,964698,24/09/2025,30/06/2026
coni:32513,CSEN|FIGC,943752,01/07/2025,30/06/2026
coni:32529,CSEN|FIGC,943487,01/07/2025,30/06/2026
coni:32552,FIGC,931266,01/07/2025,30/06/2026
coni:32556,CSEN|FIGC,943727,01/07/2025,30/06/2026
coni:3256,CSEN|CSI|FIGC,913037,01/07/2025,30/06/2026
coni:3257,FIGC,70310,01/07/2025,30/06/2026
coni:3266,AICS|FIGC|UISP,750223,01/07/2025,30/06/2026
coni:32673,FIGC,676170,01/07/2025,30/06/2026
coni:32680,FIGC,937722,01/07/2025,30/06/2026
coni:32682,CSI|FIGC,937718,01/07/2025,30/06/2026
coni:32690,FIGC,710773,01/07/2025,30/06/2026
coni:32707,FIGC,937723,01/07/2025,30/06/2026
coni:3271,FIGC,74882,01/07/2025,30/06/2026
coni:32711,CSI|FIGC,937724,01/07/2025,30/06/2026
coni:32724,FIGC,937687,01/07/2025,30/06/2026
coni:32728,FIGC,68291,01/07/2025,30/06/2026
coni:32732,FIGC,941151,01/07/2025,30/06/2026
coni:32741,FIGC,676080,01/07/2025,30/06/2026
coni:32777,CSEN|FIGC,945534,01/07/2025,30/06/2026
coni:3278,FIGC,630400,01/07/2025,30/06/2026
coni:32785,FIGC,937865,01/07/2025,30/06/2026
coni:32817,FIGC,945989,01/07/2025,30/06/2026
coni:32828,FIGC,945515,01/07/2025,30/06/2026
coni:3288,FIGC,69370,01/07/2025,30/06/2026
coni:32996,FIGC,916231,01/07/2025,30/06/2026
coni:33044,FIGC,947130,01/07/2025,30/06/2026
coni:33050,FIGC,940752,01/07/2025,30/06/2026
coni:33052,CSI|FIGC,940991,01/07/2025,30/06/2026
coni:33062,FIGC|FIP|UISP,949394,01/07/2025,30/06/2026
coni:33071,CSI|FIGC,941388,01/07/2025,30/06/2026
coni:33080,CSEN|FIGC,947979,01/07/2025,30/06/2026
coni:3314,CSI|FIGC,03500595,08/07/2025,30/06/2026
coni:33169,FIGC,4530,01/07/2025,30/06/2026
coni:33189,FIGC,66542,01/07/2025,30/06/2026
coni:333,FIGC,710797,01/07/2025,30/06/2026
coni:33332,FIGC,943151,01/07/2025,30/06/2026
coni:33333,FIGC,943070,01/07/2025,30/06/2026
coni:33351,FIGC,920680,01/07/2025,30/06/2026
coni:33353,FIGC,72708,01/07/2025,30/06/2026
coni:33357,FIGC,916163,01/07/2025,30/06/2026
coni:33362,CSI|FIGC,78965,01/07/2025,30/06/2026
coni:33372,FIGC,206256,01/07/2025,30/06/2026
coni:3341,FIGC,915577,01/07/2025,30/06/2026
coni:33467,FIGC,12150,01/07/2025,30/06/2026
coni:33490,FIGC,71264,01/07/2025,30/06/2026
coni:33559,FIGC,77214,01/07/2025,30/06/2026
coni:3364,FIGC,70852,01/07/2025,30/06/2026
coni:33650,FIGC,919528,01/07/2025,30/06/2026
coni:33669,FIGC,945173,01/07/2025,30/06/2026
coni:33697,FIGC,651094,01/07/2025,30/06/2026
coni:33714,CSI|FIGC|UISP,77785,01/07/2025,30/06/2026
coni:33732,FIGC,952781,01/07/2025,30/06/2026
coni:33746,FIGC,947382,01/07/2025,30/06/2026
coni:33747,CSI|FIGC,200440,01/09/2025,31/08/2026
coni:33785,FIGC,921274,01/07/2025,30/06/2026
coni:33812,CSI|FIGC|OPES,947126,01/07/2025,30/06/2026
coni:33830,FIGC,951412,01/07/2025,30/06/2026
coni:33833,FIGC,947232,01/07/2025,30/06/2026
coni:33837,FIGC,963096,01/07/2025,30/06/2026
coni:33915,FIGC,931130,01/07/2025,30/06/2026
coni:33925,FIGC,930218,01/07/2025,30/06/2026
coni:33944,FIGC,962855,01/07/2025,30/06/2026
coni:33970,FIGC,964184,01/07/2025,30/06/2026
coni:33979,FIGC,922781,01/07/2025,30/06/2026
coni:34026,FIGC,932257,01/07/2025,30/06/2026
coni:34058,CSI|FIGC|FIP|UISP,75831,01/07/2025,30/06/2026
coni:34110,FIGC,930458,01/07/2025,30/06/2026
coni:3412,FIGC,937912,01/07/2025,30/06/2026
coni:34166,FIGC,937826,01/07/2025,30/06/2026
coni:34172,FIGC,77899,01/07/2025,30/06/2026
coni:34194,FIGC,82010,01/07/2025,30/06/2026
coni:3420,CSI|FIGC,640024,01/07/2025,30/06/2026
coni:34206,CSI|FIGC,02000229,04/07/2025,30/06/2026
coni:3423,FIGC,13920,01/07/2025,30/06/2026
coni:34238,FIGC,936294,01/07/2025,30/06/2026
coni:34242,FIGC,56710,01/07/2025,30/06/2026
coni:34247,FIGC,962548,01/07/2025,30/06/2026
coni:34250,FIGC,932913,01/07/2025,30/06/2026
coni:3429,FIGC,932735,01/07/2025,30/06/2026
coni:34308,FIGC|UISP,675036,01/07/2025,30/06/2026
coni:34310,CSI|FIGC,69365,01/07/2025,30/06/2026
coni:34343,FIGC,937757,01/07/2025,30/06/2026
coni:34351,FIGC,941577,01/07/2025,30/06/2026
coni:34425,CSEN|CSI|FIGC,13010,01/07/2025,30/06/2026
coni:34476,FIGC,947029,01/07/2025,30/06/2026
coni:34498,FIGC,675013,01/07/2025,30/06/2026
coni:3451,FIGC,43510,01/07/2025,30/06/2026
coni:34522,CSI|FIGC|FIP,675015,01/07/2025,30/06/2026
coni:3454,FIGC,52320,01/07/2025,30/06/2026
coni:34570,FIGC,943450,01/07/2025,30/06/2026
coni:34648,FIGC,934335,01/07/2025,30/06/2026
coni:34659,FIGC,954894,01/07/2025,30/06/2026
coni:34691,FIGC,78774,01/07/2025,30/06/2026
coni:34709,FIGC,964305,05/08/2025,30/06/2026
coni:34737,FIGC,43370,01/07/2025,30/06/2026
coni:34793,FIGC,935784,01/07/2025,30/06/2026
coni:3482,FIGC,676161,01/07/2025,30/06/2026
coni:34863,FIGC,676162,01/07/2025,30/06/2026
coni:34871,FIGC,945187,01/07/2025,30/06/2026
coni:34924,FIGC,936091,01/07/2025,30/06/2026
coni:34927,FIGC,2810,01/07/2025,30/06/2026
coni:3495,FIGC,79906,01/07/2025,30/06/2026
coni:34991,FIGC,64607,01/07/2025,30/06/2026
coni:34997,CSI|FIGC,60837,01/07/2025,30/06/2026
coni:35004,FIGC,943260,01/07/2025,30/06/2026
coni:35018,FIGC,675452,01/07/2025,30/06/2026
coni:3505,FIGC|UISP,29700,01/07/2025,30/06/2026
coni:35069,FIGC,937693,01/07/2025,30/06/2026
coni:35076,FIGC,937932,01/07/2025,30/06/2026
coni:35089,FIGC,938184,01/07/2025,30/06/2026
coni:3509,FIGC,910959,01/07/2025,30/06/2026
coni:35096,FIGC,938568,01/07/2025,30/06/2026
coni:351,FIGC,932706,01/07/2025,30/06/2026
coni:35208,FIGC,100063,01/07/2025,30/06/2026
coni:3527,FIGC,916056,01/07/2025,30/06/2026
coni:3529,FIGC|UISP,630198,01/07/2025,30/06/2026
coni:35383,FIGC,676202,01/07/2025,30/06/2026
coni:35445,FIGC,915912,01/07/2025,30/06/2026
coni:35459,FIGC,943008,01/07/2025,30/06/2026
coni:3551,FIGC,941125,01/07/2025,30/06/2026
coni:35654,FIGC,945346,01/07/2025,30/06/2026
coni:35807,FIGC,947134,01/07/2025,30/06/2026
coni:3586,FIGC,932779,01/07/2025,30/06/2026
coni:35905,CSI|FIGC,81658,01/07/2025,30/06/2026
coni:3591,FIGC,962345,01/07/2025,30/06/2026
coni:35954,CSI|FIGC|FIP,730117,01/07/2025,30/06/2026
coni:35955,FIGC,60923,01/07/2025,30/06/2026
coni:35970,FIGC,24330,01/07/2025,30/06/2026
coni:35974,CSEN|FIGC,48500,01/07/2025,30/06/2026
coni:35978,FIGC,48230,01/07/2025,30/06/2026
coni:35985,CSI|FIGC|FIP|UISP,090601,01/09/2025,31/08/2026
coni:35990,FIGC,4090,01/07/2025,30/06/2026
coni:35992,CSI|FIGC,202612,01/07/2025,30/06/2026
coni:36009,FIGC,53760,01/07/2025,30/06/2026
coni:36013,FIGC,67339,01/07/2025,30/06/2026
coni:36015,FIGC,311,01/07/2025,30/06/2026
coni:36018,AICS|FIGC,918754,01/07/2025,30/06/2026
coni:3602,FIGC,203803,01/07/2025,30/06/2026
coni:36022,AICS|FIGC,11570,01/07/2025,30/06/2026
coni:36023,FIGC,43700,01/07/2025,30/06/2026
coni:36025,FIGC|FIP,59908,01/07/2025,30/06/2026
coni:36027,AICS|FIGC,27630,01/07/2025,30/06/2026
coni:3603,FIGC,2710,01/07/2025,30/06/2026
coni:36036,FIGC,61569,01/07/2025,30/06/2026
coni:36058,FIGC,59215,01/07/2025,30/06/2026
coni:36066,FIGC|FIP,14980,01/07/2025,30/06/2026
coni:36068,CSI|FIGC,780426,01/07/2025,30/06/2026
coni:36080,AICS|FIGC,59308,01/07/2025,30/06/2026
coni:36094,FIGC,63255,01/07/2025,30/06/2026
coni:3611,FIGC,55340,01/07/2025,30/06/2026
coni:36128,FIGC,66203,01/07/2025,30/06/2026
coni:36132,CSEN|CSI|FIGC|FIP,700092,01/07/2025,30/06/2026
coni:36141,FIGC,60030,01/07/2025,30/06/2026
coni:36153,FIGC,65065,01/07/2025,30/06/2026
coni:36159,FIGC,70137,01/07/2025,30/06/2026
coni:36173,AICS|FIGC|FIP|OPES,0190630,04/07/2025,30/06/2026
coni:36175,FIGC,63580,01/07/2025,30/06/2026
coni:36178,FIGC,62602,01/07/2025,30/06/2026
coni:36179,FIGC|UISP,930917,01/07/2025,30/06/2026
coni:36192,FIGC,33040,01/07/2025,30/06/2026
coni:36197,FIGC|FIP|UISP,0190755,08/07/2025,30/06/2026
coni:3620,FIGC,500110,01/07/2025,30/06/2026
coni:36216,FIGC,18230,01/07/2025,30/06/2026
coni:36222,FIGC,30650,01/07/2025,30/06/2026
coni:36224,FIGC,66659,01/07/2025,30/06/2026
coni:36242,FIGC|UISP,6200,01/07/2025,30/06/2026
coni:36252,FIGC,34400,01/07/2025,30/06/2026
coni:36262,FIGC,36980,01/07/2025,30/06/2026
coni:36268,FIGC,66090,01/07/2025,30/06/2026
coni:36283,FIGC|PGS,910519,01/07/2025,30/06/2026
coni:36306,FIGC,81861,01/07/2025,30/06/2026
coni:36314,FIGC|PGS,912525,01/07/2025,30/06/2026
coni:36325,FIGC,60130,01/07/2025,30/06/2026
coni:36331,FIGC,66991,01/07/2025,30/06/2026
coni:36332,FIGC,81656,01/07/2025,30/06/2026
coni:36340,FIGC,58925,01/07/2025,30/06/2026
coni:36345,FIGC|UISP,19280,01/07/2025,30/06/2026
coni:36352,FIGC,64473,01/07/2025,30/06/2026
coni:36357,FIGC,60357,01/07/2025,30/06/2026
coni:36358,FIGC,65724,01/07/2025,30/06/2026
coni:36417,FIGC,28860,01/07/2025,30/06/2026
coni:36432,FIGC,60035,01/07/2025,30/06/2026
coni:36441,FIGC|FIP,934105,01/07/2025,30/06/2026
coni:36446,FIGC,40410,01/07/2025,30/06/2026
coni:36451,FIGC,67124,01/07/2025,30/06/2026
coni:36461,FIGC,21500,01/07/2025,30/06/2026
coni:36474,CSI|FIGC|UISP,920566,01/07/2025,30/06/2026
coni:36476,FIGC,914516,01/07/2025,30/06/2026
coni:36477,FIGC,41650,01/07/2025,30/06/2026
coni:36490,FIGC,949707,01/07/2025,30/06/2026
coni:36495,FIGC,60933,01/07/2025,30/06/2026
coni:36498,FIGC,59512,01/07/2025,30/06/2026
coni:36514,CSI|FIGC|FIP,955140,01/07/2025,30/06/2026
coni:36517,FIGC,58595,01/07/2025,30/06/2026
coni:36536,FIGC,52920,01/07/2025,30/06/2026
coni:36554,FIGC,964192,01/07/2025,30/06/2026
coni:36564,FIGC,66683,01/07/2025,30/06/2026
coni:3658,FIGC,750248,01/07/2025,30/06/2026
coni:36580,FIGC,77834,01/07/2025,30/06/2026
coni:36588,FIGC,58931,01/07/2025,30/06/2026
coni:36593,CSI|FIGC,913784,01/07/2025,30/06/2026
coni:36602,FIGC,920556,01/07/2025,30/06/2026
coni:36620,CSI|FIGC,73244,01/07/2025,30/06/2026
coni:36638,FIGC,200463,01/07/2025,30/06/2026
coni:36660,AICS|FIGC|FIP,60468,01/07/2025,30/06/2026
coni:36663,FIGC,65615,01/07/2025,30/06/2026
coni:36666,FIGC|UISP,56660,01/07/2025,30/06/2026
coni:36668,ENDAS|FIGC|FIP,916525,01/07/2025,30/06/2026
coni:36688,CSI|FIGC,64229,01/07/2025,30/06/2026
coni:36702,FIGC,25380,01/07/2025,30/06/2026
coni:36723,FIGC,912284,01/07/2025,30/06/2026
coni:36735,FIGC,8580,01/07/2025,30/06/2026
coni:36749,FIGC,18590,01/07/2025,30/06/2026
coni:36755,FIGC,730396,01/07/2025,30/06/2026
coni:3676,FIGC,954871,01/07/2025,30/06/2026
coni:36765,FIGC,19930,01/07/2025,30/06/2026
coni:36767,FIGC,46530,01/07/2025,30/06/2026
coni:36768,FIGC,58603,01/07/2025,30/06/2026
coni:36769,FIGC,205057,01/07/2025,30/06/2026
coni:36775,FIGC,65820,01/07/2025,30/06/2026
coni:36802,FIGC,78370,01/07/2025,30/06/2026
coni:36812,FIGC,203460,01/07/2025,30/06/2026
coni:36815,CSI|FIGC,62140,01/07/2025,30/06/2026
coni:3682,CSI|FIGC,08100498,26/07/2025,30/06/2026
coni:36820,FIGC,42450,01/07/2025,30/06/2026
coni:36823,CSI|FIGC,25920,01/07/2025,30/06/2026
coni:36842,FIGC,00435,01/06/2025,31/05/2026
coni:36850,CSI|FIGC,954866,01/07/2025,30/06/2026
coni:36858,FIGC,911762,01/07/2025,30/06/2026
coni:36869,FIGC,57630,01/07/2025,30/06/2026
coni:36872,FIGC,38330,01/07/2025,30/06/2026
coni:36908,FIGC,49940,01/07/2025,30/06/2026
coni:36913,FIGC,46870,01/07/2025,30/06/2026
coni:36930,FIGC,948204,01/07/2025,30/06/2026
coni:36938,FIGC,949239,01/07/2025,30/06/2026
coni:36943,FIGC,920972,01/07/2025,30/06/2026
coni:36949,FIGC,60948,01/07/2025,30/06/2026
coni:3695,FIGC,780624,01/07/2025,30/06/2026
coni:36952,FIGC,62440,01/07/2025,30/06/2026
coni:36953,FIGC|US_ACLI,03781,02/07/2025,31/05/2026
coni:36957,FIGC,48610,01/07/2025,30/06/2026
coni:36965,CSI|FIGC,61966,01/07/2025,30/06/2026
coni:36967,FIGC,8480,01/07/2025,30/06/2026
coni:36971,FIGC,65412,01/07/2025,30/06/2026
coni:36977,FIGC,60765,01/07/2025,30/06/2026
coni:36982,FIGC,57706,01/07/2025,30/06/2026
coni:36992,CSI|FIGC|FIP|UISP,74431,01/07/2025,30/06/2026
coni:37006,ASC|CSI|FIGC,72624,01/07/2025,30/06/2026
coni:37026,AICS|FIGC,50030,01/07/2025,30/06/2026
coni:37032,FIGC,54350,01/07/2025,30/06/2026
coni:37037,FIGC,59311,01/07/2025,30/06/2026
coni:37041,FIGC,76326,01/07/2025,30/06/2026
coni:37069,FIGC,,,
coni:37070,FIGC,,,
coni:37072,FIGC,66423,01/07/2025,30/06/2026
coni:37106,FIGC,201161,01/07/2025,30/06/2026
coni:37116,FIGC,79039,01/07/2025,30/06/2026
coni:37127,FIGC,935567,01/07/2025,30/06/2026
coni:37140,FIGC,43090,01/07/2025,30/06/2026
coni:37163,FIGC,79339,01/07/2025,30/06/2026
coni:37167,CSI|FIGC,26280,01/07/2025,30/06/2026
coni:37168,AICS|CSEN|FIGC|FIP|UISP,68384,01/07/2025,30/06/2026
coni:37187,FIGC,206731,01/07/2025,30/06/2026
coni:37220,FIGC,700347,01/07/2025,30/06/2026
coni:37225,FIGC,64391,01/07/2025,30/06/2026
coni:37226,FIGC,56250,01/07/2025,30/06/2026
coni:3723,FIGC,918283,01/07/2025,30/06/2026
coni:37232,FIGC,65913,01/07/2025,30/06/2026
coni:37238,CSEN|FIGC,915185,01/07/2025,30/06/2026
coni:37242,FIGC,921684,01/07/2025,30/06/2026
coni:37276,FIGC,60179,01/07/2025,30/06/2026
coni:37284,CSI|FIGC,64561,01/07/2025,30/06/2026
coni:37356,FIGC,31530,01/07/2025,30/06/2026
coni:37374,FIGC,675586,01/07/2025,30/06/2026
coni:374,FIGC,59474,01/07/2025,30/06/2026
coni:37434,FIGC,919104,01/07/2025,30/06/2026
coni:3744,CSI|FIGC,02400002,12/07/2025,30/06/2026
coni:37462,FIGC|UISP,00290,04/06/2025,31/05/2026
coni:37485,FIGC,917052,01/07/2025,30/06/2026
coni:375,FIGC,62487,01/07/2025,30/06/2026
coni:37521,FIGC,41850,01/07/2025,30/06/2026
coni:37552,FIGC,59803,01/07/2025,30/06/2026
coni:37554,FIGC,61259,01/07/2025,30/06/2026
coni:37556,FIGC,62418,01/07/2025,30/06/2026
coni:37557,FIGC|UISP,59226,01/07/2025,30/06/2026
coni:37558,CSI|FIGC,630101,01/07/2025,30/06/2026
coni:37568,FIGC,19500,01/07/2025,30/06/2026
coni:37576,FIGC,79936,01/07/2025,30/06/2026
coni:3758,CSI|FIGC|FIP,205093,01/07/2025,30/06/2026
coni:37580,CSI|FIGC|FIP|UISP,59010,01/07/2025,30/06/2026
coni:37588,CSEN|CSI|FIGC,919160,01/07/2025,30/06/2026
coni:3759,FIGC,72528,01/07/2025,30/06/2026
coni:37618,FIGC,940751,01/07/2025,30/06/2026
coni:3762,CSI|FIGC,930778,01/07/2025,30/06/2026
coni:37628,FIGC,15880,01/07/2025,30/06/2026
coni:37640,CSI|FIGC,964322,01/07/2025,30/06/2026
coni:3767,FIGC,202623,01/07/2025,30/06/2026
coni:37690,FIGC,1620,01/07/2025,30/06/2026
coni:3771,CSI|FIGC|FIP|UISP,76475,01/07/2025,30/06/2026
coni:37713,FIGC,12610,01/07/2025,30/06/2026
coni:37722,CSI|FIGC,76344,01/07/2025,30/06/2026
coni:37725,FIGC|PGS,947157,01/07/2025,30/06/2026
coni:37735,FIGC,60701,01/07/2025,30/06/2026
coni:37737,FIGC,36130,01/07/2025,30/06/2026
coni:37739,FIGC|PGS,26630,01/07/2025,30/06/2026
coni:37741,FIGC|UISP,43760,01/07/2025,30/06/2026
coni:37752,FIGC,41860,01/07/2025,30/06/2026
coni:37754,FIGC,65059,01/07/2025,30/06/2026
coni:37755,FIGC|UISP,68506,01/07/2025,30/06/2026
coni:37756,FIGC,70153,01/07/2025,30/06/2026
coni:37767,FIGC,37610,01/07/2025,30/06/2026
coni:37781,FIGC,43220,01/07/2025,30/06/2026
coni:37789,FIGC,57772,01/07/2025,30/06/2026
coni:37791,FIGC,59327,01/07/2025,30/06/2026
coni:37796,FIGC,49380,01/07/2025,30/06/2026
coni:37810,FIGC,13770,01/07/2025,30/06/2026
coni:37812,FIGC,60074,01/07/2025,30/06/2026
coni:37816,FIGC,62322,01/07/2025,30/06/2026
coni:37818,CSI|FIGC,16840,01/07/2025,30/06/2026
coni:37845,FIGC,42230,01/07/2025,30/06/2026
coni:37849,FIGC,11590,01/07/2025,30/06/2026
coni:37851,CSEN|FIGC,740343,01/07/2025,30/06/2026
coni:37854,FIGC|UISP,934974,01/07/2025,30/06/2026
coni:37864,FIGC,52780,01/07/2025,30/06/2026
coni:3787,FIGC,76568,01/07/2025,30/06/2026
coni:37872,FIGC,964196,01/07/2025,30/06/2026
coni:37877,FIGC,47710,01/07/2025,30/06/2026
coni:37878,FIGC,47370,01/07/2025,30/06/2026
coni:37900,FIGC,640195,01/07/2025,30/06/2026
coni:37909,FIGC,42360,01/07/2025,30/06/2026
coni:37917,FIGC,58659,01/07/2025,30/06/2026
coni:37923,FIGC,19250,01/07/2025,30/06/2026
coni:37929,CSI|FIGC|FIP,00416,01/06/2025,31/05/2026
coni:37937,FIGC,44870,01/07/2025,30/06/2026
coni:37938,FIGC,44340,01/07/2025,30/06/2026
coni:37945,FIGC,17430,01/07/2025,30/06/2026
coni:37950,FIGC,68022,01/07/2025,30/06/2026
coni:37951,FIGC,37500,01/07/2025,30/06/2026
coni:37959,FIGC,945537,01/07/2025,30/06/2026
coni:37972,CSEN|FIGC,202953,01/07/2025,30/06/2026
coni:37976,FIGC,930109,01/07/2025,30/06/2026
coni:37979,CSI|FIGC|FIP|UISP,10570,01/07/2025,30/06/2026
coni:37994,FIGC,47740,01/07/2025,30/06/2026
coni:37998,FIGC,01645,13/06/2025,31/05/2026
coni:37999,FIGC,58571,01/07/2025,30/06/2026
coni:38002,FIGC,710736,01/07/2025,30/06/2026
coni:38004,FIGC,44230,01/07/2025,30/06/2026
coni:38014,CSI|FIGC|UISP,201417,01/07/2025,30/06/2026
coni:38015,FIGC,054,01/07/2025,30/06/2026
coni:38021,FIGC,62434,01/07/2025,30/06/2026
coni:38024,CSI|FIGC,962928,01/07/2025,30/06/2026
coni:38027,FIGC,933937,01/07/2025,30/06/2026
coni:38028,FIGC,143,01/07/2025,30/06/2026
coni:38029,FIGC,49170,01/07/2025,30/06/2026
coni:38037,FIGC,37250,01/07/2025,30/06/2026
coni:38040,FIGC,915774,01/07/2025,30/06/2026
coni:38042,FIGC,81872,01/07/2025,30/06/2026
coni:38043,FIGC,912766,01/07/2025,30/06/2026
coni:38046,FIGC,750086,01/07/2025,30/06/2026
coni:38048,CSI|FIGC,934347,01/07/2025,30/06/2026
coni:38061,CSEN|FIGC,00551,04/06/2025,31/05/2026
coni:38066,FIGC,945312,01/07/2025,30/06/2026
coni:38079,FIGC,62822,01/07/2025,30/06/2026
coni:38086,FIGC,70182,01/07/2025,30/06/2026
coni:38096,FIGC,63291,01/07/2025,30/06/2026
coni:38097,FIGC,244,01/07/2025,30/06/2026
coni:38098,FIGC,65608,01/07/2025,30/06/2026
coni:38101,FIGC,760171,01/07/2025,30/06/2026
coni:38102,ASC|CSEN|FIGC|FIP,51090,01/07/2025,30/06/2026
coni:38113,FIGC,64818,01/07/2025,30/06/2026
coni:38115,FIGC,00758,07/07/2025,31/05/2026
coni:38129,FIGC,81035,01/07/2025,30/06/2026
coni:3813,FIGC,81280,01/07/2025,30/06/2026
coni:38132,FIGC,20920,01/07/2025,30/06/2026
coni:38140,FIGC,46790,01/07/2025,30/06/2026
coni:38143,FIGC,51150,01/07/2025,30/06/2026
coni:38147,FIGC|UISP,204069,01/07/2025,30/06/2026
coni:3816,FIGC,62933,01/07/2025,30/06/2026
coni:38204,CSI|FIGC,47480,01/07/2025,30/06/2026
coni:3821,FIGC,64040,01/07/2025,30/06/2026
coni:38217,CSI|FIGC,72510,01/07/2025,30/06/2026
coni:38245,FIGC,962194,01/07/2025,30/06/2026
coni:38246,FIGC,65273,01/07/2025,30/06/2026
coni:38267,FIGC,700005,01/07/2025,30/06/2026
coni:38269,FIGC,60530,01/07/2025,30/06/2026
coni:38297,FIGC,62199,01/07/2025,30/06/2026
coni:3830,FIGC,40910,01/07/2025,30/06/2026
coni:38309,CSI|FIGC,03500626,17/08/2025,30/06/2026
coni:38315,FIGC,675104,01/07/2025,30/06/2026
coni:38322,FIGC,21990,01/07/2025,30/06/2026
coni:38327,FIGC,921098,01/07/2025,30/06/2026
coni:38328,FIGC,13830,01/07/2025,30/06/2026
coni:38329,CSEN|FIGC,50420,01/07/2025,30/06/2026
coni:38331,FIGC,02808,11/06/2025,31/05/2026
coni:38333,FIGC,28180,01/07/2025,30/06/2026
coni:38336,FIGC,26330,01/07/2025,30/06/2026
coni:38340,FIGC,665432,01/07/2025,30/06/2026
coni:38352,AICS|FIGC,00585,01/06/2025,31/05/2026
coni:38353,FIGC,179,01/07/2025,30/06/2026
coni:38360,FIGC,963083,01/07/2025,30/06/2026
coni:38365,FIGC,912285,01/07/2025,30/06/2026
coni:38375,CSEN|FIGC,58573,01/07/2025,30/06/2026
coni:38377,FIGC,50400,01/07/2025,30/06/2026
coni:38381,CSI|FIGC,12200085,14/07/2025,30/06/2026
coni:38394,FIGC,00196,13/06/2025,31/05/2026
coni:38397,FIGC,74487,01/07/2025,30/06/2026
coni:38405,FIGC,949248,01/07/2025,30/06/2026
coni:38413,FIGC,9130,01/07/2025,30/06/2026
coni:38416,FIGC,80144,01/07/2025,30/06/2026
coni:38434,CSI|FIGC,630177,01/07/2025,30/06/2026
coni:38436,FIGC,62500,01/07/2025,30/06/2026
coni:38437,FIGC,932116,01/07/2025,30/06/2026
coni:38459,FIGC|US_ACLI,00112,07/06/2025,31/05/2026
coni:38460,FIGC,00330,03/06/2025,31/05/2026
coni:38462,CSEN|FIGC,49280,01/07/2025,30/06/2026
coni:38463,FIGC,58580,01/07/2025,30/06/2026
coni:38469,FIGC,28640,01/07/2025,30/06/2026
coni:38487,CSI|FIGC,955248,01/07/2025,30/06/2026
coni:38496,FIGC,933930,01/07/2025,30/06/2026
coni:38497,FIGC,42740,01/07/2025,30/06/2026
coni:38509,FIGC|UISP,44770,01/07/2025,30/06/2026
coni:3852,FIGC,910894,01/07/2025,30/06/2026
coni:38521,FIGC,15670,01/07/2025,30/06/2026
coni:38530,FIGC,66463,01/07/2025,30/06/2026
coni:38534,CSI|FIGC,52210,01/07/2025,30/06/2026
coni:38535,FIGC,56320,01/07/2025,30/06/2026
coni:38544,FIGC,67707,01/07/2025,30/06/2026
coni:38569,FIGC,67787,01/07/2025,30/06/2026
coni:38574,AICS|FIGC,65290,01/07/2025,30/06/2026
coni:38578,FIGC,943126,01/07/2025,30/06/2026
coni:38588,FIGC,64651,01/07/2025,30/06/2026
coni:38593,FIGC,55630,01/07/2025,30/06/2026
coni:38623,FIGC,20090,01/07/2025,30/06/2026
coni:38636,FIGC|FIP,64292,01/07/2025,30/06/2026
coni:38667,FIGC,71750,01/07/2025,30/06/2026
coni:38668,FIGC,60945,01/07/2025,30/06/2026
coni:38678,FIGC,62918,01/07/2025,30/06/2026
coni:38679,FIGC,943032,01/07/2025,30/06/2026
coni:38688,FIGC,67241,01/07/2025,30/06/2026
coni:38696,FIGC,63286,01/07/2025,30/06/2026
coni:38698,FIGC,59326,01/07/2025,30/06/2026
coni:38702,FIGC,57918,01/07/2025,30/06/2026
coni:38703,FIGC,18920,01/07/2025,30/06/2026
coni:38731,CSEN|CSI|FIGC|UISP,920907,01/07/2025,30/06/2026
coni:38755,FIGC,13270,01/07/2025,30/06/2026
coni:38785,FIGC,920661,01/07/2025,30/06/2026
coni:38787,FIGC,64771,01/07/2025,30/06/2026
coni:38818,FIGC,27790,01/07/2025,30/06/2026
coni:38829,FIGC,1420,01/07/2025,30/06/2026
coni:38834,FIGC,962094,01/07/2025,30/06/2026
coni:38847,FIGC,65720,01/07/2025,30/06/2026
coni:38876,FIGC,66516,01/07/2025,30/06/2026
coni:38886,FIGC,22010,01/07/2025,30/06/2026
coni:38887,FIGC,54150,01/07/2025,30/06/2026
coni:38889,FIGC,64114,01/07/2025,30/06/2026
coni:38893,FIGC,35670,01/07/2025,30/06/2026
coni:38895,FIGC,6290,01/07/2025,30/06/2026
coni:38897,FIGC,952774,01/07/2025,30/06/2026
coni:38899,FIGC,52200,01/07/2025,30/06/2026
coni:3890,FIGC,750052,01/07/2025,30/06/2026
coni:38908,FIGC,962909,01/07/2025,30/06/2026
coni:38913,FIGC,66388,01/07/2025,30/06/2026
coni:38952,FIGC,947066,01/07/2025,30/06/2026
coni:38964,FIGC,63299,01/07/2025,30/06/2026
coni:38971,FIGC|UISP,964237,05/08/2025,30/06/2026
coni:38973,AICS|FIGC,68383,01/07/2025,30/06/2026
coni:38983,FIGC,65970,01/07/2025,30/06/2026
coni:38987,FIGC,68405,01/07/2025,30/06/2026
coni:39002,FIGC,203072,01/07/2025,30/06/2026
coni:39016,FIGC,45040,01/07/2025,30/06/2026
coni:39018,CSI|FIGC,68090,01/07/2025,30/06/2026
coni:39025,FIGC,60915,01/07/2025,30/06/2026
coni:39034,FIGC|PGS,203212,01/07/2025,30/06/2026
coni:3904,CSI|FIGC,915504,01/07/2025,30/06/2026
coni:39043,FIGC,937700,01/07/2025,30/06/2026
coni:39059,CSI|FIGC,964075,01/07/2025,30/06/2026
coni:3906,FIGC,68572,01/07/2025,30/06/2026
coni:39080,CSI|FIGC,755,01/07/2025,30/06/2026
coni:39088,CSI|FIGC|UISP,947327,01/07/2025,30/06/2026
coni:39092,FIGC,73645,01/07/2025,30/06/2026
coni:39106,CSI|FIGC,932145,01/07/2025,30/06/2026
coni:39119,FIGC,81809,01/07/2025,30/06/2026
coni:39130,CSI|FIGC,48450,01/07/2025,30/06/2026
coni:39166,FIGC,RCA001040,01/10/2025,30/09/2026
coni:39194,FIGC,81983,01/07/2025,30/06/2026
coni:39195,FIGC,201559,01/07/2025,30/06/2026
coni:39213,FIGC,203805,01/07/2025,30/06/2026
coni:39231,FIGC,68934,01/07/2025,30/06/2026
coni:39251,FIGC,70557,01/07/2025,30/06/2026
coni:3926,CSEN|FIGC,953770,01/07/2025,30/06/2026
coni:39262,FIGC,64768,01/07/2025,30/06/2026
coni:39270,FIGC|PGS,921465,01/07/2025,30/06/2026
coni:39313,ASC|FIGC|PGS,16093,23/12/2025,31/08/2026
coni:39314,FIGC,65250,01/07/2025,30/06/2026
coni:39353,FIGC,750283,01/07/2025,30/06/2026
coni:39388,FIGC,200436,01/07/2025,30/06/2026
coni:39396,CSI|FIGC,953631,01/07/2025,30/06/2026
coni:39399,CSI|FIGC,204814,01/07/2025,30/06/2026
coni:39414,CSI|FIGC,917174,01/07/2025,30/06/2026
coni:39444,FIGC,70010,01/07/2025,30/06/2026
coni:39448,FIGC|UISP,69441,01/07/2025,30/06/2026
coni:39519,FIGC,72793,01/07/2025,30/06/2026
coni:39520,FIGC,73651,01/07/2025,30/06/2026
coni:39528,FIGC|UISP,910457,01/07/2025,30/06/2026
coni:39530,FIGC,65795,01/07/2025,30/06/2026
coni:39549,CSEN|FIGC,963451,01/07/2025,30/06/2026
coni:39578,FIGC,910298,01/07/2025,30/06/2026
coni:39579,CSEN|CSI|FIGC,74929,01/07/2025,30/06/2026
coni:3963,FIGC,922676,01/07/2025,30/06/2026
coni:39666,FIGC,48170,01/07/2025,30/06/2026
coni:39751,FIGC,921164,01/07/2025,30/06/2026
coni:39782,FIGC,58197,01/07/2025,30/06/2026
coni:39788,FIGC,67959,01/07/2025,30/06/2026
coni:39789,FIGC,948094,01/07/2025,30/06/2026
coni:39791,CSEN|FIGC|PGS,921744,01/07/2025,30/06/2026
coni:39847,CSI|FIGC,82158,01/07/2025,30/06/2026
coni:39930,FIGC,8720,01/07/2025,30/06/2026
coni:3996,FIGC|UISP,930085,01/07/2025,30/06/2026
coni:39994,FIGC,954185,01/07/2025,30/06/2026
coni:4,FIGC,935562,01/07/2025,30/06/2026
coni:40007,FIGC,044,01/07/2025,30/06/2026
coni:40050,FIGC,920162,01/07/2025,30/06/2026
coni:40065,FIGC,204022,01/07/2025,30/06/2026
coni:40097,FIGC,206717,01/07/2025,30/06/2026
coni:402,FIGC,13700,01/07/2025,30/06/2026
coni:40223,CSI|FIGC,943331,01/07/2025,30/06/2026
coni:40230,CSI|FIGC|UISP,79141,01/07/2025,30/06/2026
coni:40295,FIGC,963434,01/07/2025,30/06/2026
coni:403,FIGC,71390,01/07/2025,30/06/2026
coni:4033,FIGC,80034,01/07/2025,30/06/2026
coni:40372,FIGC,911843,01/07/2025,30/06/2026
coni:4040,FIGC|OPES,963178,01/07/2025,30/06/2026
coni:4042,ASC|CSI|FIGC,915851,01/07/2025,30/06/2026
coni:4043,FIGC,62437,01/07/2025,30/06/2026
coni:40459,FIGC,675480,01/07/2025,30/06/2026
coni:4046,FIGC,24150,01/07/2025,30/06/2026
coni:40513,CSI|FIGC,922747,01/07/2025,30/06/2026
coni:40516,CSI|FIGC,962513,01/07/2025,30/06/2026
coni:40533,FIGC,947170,01/07/2025,30/06/2026
coni:40551,FIGC,915870,01/07/2025,30/06/2026
coni:40564,FIGC,202845,01/07/2025,30/06/2026
coni:40573,AICS|FIGC,917492,01/07/2025,30/06/2026
coni:40579,FIGC,964381,01/08/2025,30/06/2026
coni:40666,FIGC,954043,01/07/2025,30/06/2026
coni:4067,FIGC,77130,01/07/2025,30/06/2026
coni:40684,CSEN|FIGC,962215,01/07/2025,30/06/2026
coni:407,FIGC,922651,01/07/2025,30/06/2026
coni:4076,FIGC,949766,01/07/2025,30/06/2026
coni:4077,CSEN|FIGC|FIP,954848,01/07/2025,30/06/2026
coni:40793,FIGC,920912,01/07/2025,30/06/2026
coni:408,FIGC,32410,01/07/2025,30/06/2026
coni:40869,FIGC,912261,01/07/2025,30/06/2026
coni:40990,ASC|FIGC,919748,01/07/2025,30/06/2026
coni:410,AICS|FIGC,45230,01/07/2025,30/06/2026
coni:4101,CSI|FIGC,630113,01/07/2025,30/06/2026
coni:4110,FIGC|UISP,930656,01/07/2025,30/06/2026
coni:41157,CSEN|CSI|FIGC,932508,01/07/2025,30/06/2026
coni:41215,FIGC,20360,01/07/2025,30/06/2026
coni:41248,FIGC,81195,01/07/2025,30/06/2026
coni:4133,FIGC,77692,01/07/2025,30/06/2026
coni:41330,ENDAS|FIGC,962862,01/07/2025,30/06/2026
coni:41345,CSI|FIGC,18000034,29/08/2025,30/06/2026
coni:41367,FIGC,921783,01/07/2025,30/06/2026
coni:41370,FIGC,932631,01/07/2025,30/06/2026
coni:41378,FIGC,920357,01/07/2025,30/06/2026
coni:414,FIGC,13930,01/07/2025,30/06/2026
coni:4145,FIGC,917409,01/07/2025,30/06/2026
coni:4146,FIGC|UISP,57948,01/07/2025,30/06/2026
coni:41530,FIGC|PGS,931694,01/07/2025,30/06/2026
coni:41602,FIGC,932421,01/07/2025,30/06/2026
coni:4163,CSI|FIGC,917410,01/07/2025,30/06/2026
coni:41640,FIGC,915509,01/07/2025,30/06/2026
coni:41644,FIGC|UISP,710788,01/07/2025,30/06/2026
coni:41695,FIGC,934091,01/07/2025,30/06/2026
coni:41757,FIGC,919093,01/07/2025,30/06/2026
coni:41804,AICS|CSI|FIGC,937655,01/07/2025,30/06/2026
coni:41815,FIGC,934462,01/07/2025,30/06/2026
coni:41846,FIGC,200334,01/07/2025,30/06/2026
coni:41860,FIGC,630243,01/07/2025,30/06/2026
coni:41883,AICS|FIGC,946019,01/07/2025,30/06/2026
coni:4190,FIGC,38620,01/07/2025,30/06/2026
coni:41936,FIGC,932423,01/07/2025,30/06/2026
coni:4194,FIGC,676152,01/07/2025,30/06/2026
coni:41954,FIGC,7090,01/07/2025,30/06/2026
coni:41971,FIGC,954958,01/07/2025,30/06/2026
coni:4204,FIGC,35990,01/07/2025,30/06/2026
coni:42047,FIGC,915369,01/07/2025,30/06/2026
coni:42073,FIGC,941528,01/07/2025,30/06/2026
coni:42109,FIGC,200690,01/07/2025,30/06/2026
coni:42122,FIGC,912491,01/07/2025,30/06/2026
coni:4214,FIGC,71198,01/07/2025,30/06/2026
coni:42195,FIGC,962027,01/07/2025,30/06/2026
coni:42207,AICS|CSI|FIGC,919002,01/07/2025,30/06/2026
coni:42257,CSEN|FIGC,203127,01/07/2025,30/06/2026
coni:42361,FIGC,955455,01/07/2025,30/06/2026
coni:42410,FIGC,665428,01/07/2025,30/06/2026
coni:42411,ASC|FIGC,963161,01/07/2025,30/06/2026
coni:42424,FIGC,914918,01/07/2025,30/06/2026
coni:42430,FIGC,917687,01/07/2025,30/06/2026
coni:42457,ASC|FIGC,935171,01/07/2025,30/06/2026
coni:42467,FIGC,947462,01/07/2025,30/06/2026
coni:42490,CSEN|ENDAS|FIGC|UISP,948001,01/07/2025,30/06/2026
coni:42510,FIGC,730505,01/07/2025,30/06/2026
coni:42534,FIGC,955524,01/07/2025,30/06/2026
coni:42538,FIGC,955390,01/07/2025,30/06/2026
coni:42544,FIGC,60737,01/07/2025,30/06/2026
coni:42596,FIGC,934477,01/07/2025,30/06/2026
coni:42699,FIGC,770365,01/07/2025,30/06/2026
coni:42809,FIGC,76917,01/07/2025,30/06/2026
coni:4281,AICS|FIGC,919669,01/07/2025,30/06/2026
coni:42837,FIGC,917656,01/07/2025,30/06/2026
coni:42862,FIGC,917254,01/07/2025,30/06/2026
coni:429,CSEN|FIGC,676093,01/07/2025,30/06/2026
coni:42992,FIGC,930344,01/07/2025,30/06/2026
coni:4303,FIGC,932332,01/07/2025,30/06/2026
coni:43083,FIGC,950442,01/07/2025,30/06/2026
coni:4316,FIGC,20600,01/07/2025,30/06/2026
coni:4320,FIGC,949459,01/07/2025,30/06/2026
coni:43207,FIGC|PGS,930974,01/07/2025,30/06/2026
coni:4322,FIGC,59464,01/07/2025,30/06/2026
coni:4326,ASC|FIGC|UISP,963359,01/07/2025,30/06/2026
coni:43300,CSI|FIGC,917913,01/07/2025,30/06/2026
coni:43397,FIGC,945118,01/07/2025,30/06/2026
coni:4340,AICS|FIGC,954536,01/07/2025,30/06/2026
coni:43406,FIGC,953056,01/07/2025,30/06/2026
coni:43490,CSI|FIGC,964214,18/07/2025,30/06/2026
coni:43503,FIGC,933713,01/07/2025,30/06/2026
coni:4351,FIGC,947535,01/07/2025,30/06/2026
coni:43563,CSI|FIGC|UISP,921317,01/07/2025,30/06/2026
coni:43567,FIGC,920114,01/07/2025,30/06/2026
coni:43624,AICS|CSI|FIGC,962846,01/07/2025,30/06/2026
coni:43695,CSI|FIGC,946971,01/07/2025,30/06/2026
coni:43747,FIGC|FIP|OPES,203294,01/07/2025,30/06/2026
coni:43748,FIGC,936550,01/07/2025,30/06/2026
coni:43756,FIGC,934107,01/07/2025,30/06/2026
coni:43771,FIGC,600714,01/07/2025,30/06/2026
coni:43792,FIGC,911582,01/07/2025,30/06/2026
coni:43859,FIGC,730213,01/07/2025,30/06/2026
coni:439,FIGC,34930,01/07/2025,30/06/2026
coni:4398,FIGC,81816,01/07/2025,30/06/2026
coni:43988,FIGC,75427,01/07/2025,30/06/2026
coni:44010,FIGC,914882,01/07/2025,30/06/2026
coni:4402,FIGC,64827,01/07/2025,30/06/2026
coni:44163,CSI|FIGC|FIP|UISP,02002020,14/07/2025,30/06/2026
coni:44264,FIGC,912010,01/07/2025,30/06/2026
coni:44334,ASC|FIGC,943196,01/07/2025,30/06/2026
coni:44341,FIGC|UISP,921122,01/07/2025,30/06/2026
coni:44346,FIGC,795295,01/07/2025,30/06/2026
coni:444,CSI|FIGC,930010,01/07/2025,30/06/2026
coni:44443,FIGC,934411,01/07/2025,30/06/2026
coni:44506,CSI|FIGC,962950,01/07/2025,30/06/2026
coni:44520,FIGC,941413,01/07/2025,30/06/2026
coni:44545,FIGC,947189,01/07/2025,30/06/2026
coni:4457,FIGC,917147,01/07/2025,30/06/2026
coni:44597,FIGC,949836,01/07/2025,30/06/2026
coni:44631,FIGC,932890,01/07/2025,30/06/2026
coni:4470,FIGC,203028,01/07/2025,30/06/2026
coni:44724,AICS|FIGC,940839,01/07/2025,30/06/2026
coni:44765,CSI|FIGC,01800178,06/07/2025,30/06/2026
coni:44811,CSEN|FIGC,201720,01/07/2025,30/06/2026
coni:44874,CSI|FIGC,675827,01/07/2025,30/06/2026
coni:44965,FIGC,945835,01/07/2025,30/06/2026
coni:4500,FIGC,630007,01/07/2025,30/06/2026
coni:4508,FIGC,949512,01/07/2025,30/06/2026
coni:45124,CSI|FIGC,963394,01/07/2025,30/06/2026
coni:4513,CSI|FIGC|FIP|UISP,740,01/07/2025,30/06/2026
coni:45167,ASC|CSEN|FIGC,915891,01/07/2025,30/06/2026
coni:45184,FIGC|UISP,947295,01/07/2025,30/06/2026
coni:45212,FIGC|PGS,949478,01/07/2025,30/06/2026
coni:45221,FIGC,943510,01/07/2025,30/06/2026
coni:453,FIGC,60963,01/07/2025,30/06/2026
coni:45327,CSEN|FIGC,206542,01/07/2025,30/06/2026
coni:4538,FIGC,949560,01/07/2025,30/06/2026
coni:45387,FIGC|UISP,938455,01/07/2025,30/06/2026
coni:45443,FIGC,938069,01/07/2025,30/06/2026
coni:45484,FIGC,919620,01/07/2025,30/06/2026
coni:45554,FIGC,938272,01/07/2025,30/06/2026
coni:45562,CSI|FIGC,921708,01/07/2025,30/06/2026
coni:4561,FIGC,943459,01/07/2025,30/06/2026
coni:45729,FIGC,940841,01/07/2025,30/06/2026
coni:45733,CSI|FIGC,936056,01/07/2025,30/06/2026
coni:45748,CSEN|FIGC,200160,01/07/2025,30/06/2026
coni:45753,FIGC,941216,01/07/2025,30/06/2026
coni:45764,CSEN|FIGC,941592,01/07/2025,30/06/2026
coni:45775,FIGC,943362,01/07/2025,30/06/2026
coni:45801,CSI|FIGC,945325,01/07/2025,30/06/2026
coni:45838,FIGC,940932,01/07/2025,30/06/2026
coni:45868,CSI|FIGC,941752,01/07/2025,30/06/2026
coni:4588,FIGC,64317,01/07/2025,30/06/2026
coni:4595,FIGC,750683,01/07/2025,30/06/2026
coni:45957,FIGC,936951,01/07/2025,30/06/2026
coni:4599,FIGC,74594,01/07/2025,30/06/2026
coni:46027,FIGC,945670,01/07/2025,30/06/2026
coni:46029,FIGC,917018,01/07/2025,30/06/2026
coni:46077,CSI|FIGC,918036,01/07/2025,30/06/2026
coni:46106,FIGC,930142,01/07/2025,30/06/2026
coni:4619,CSI|FIGC,81587,01/07/2025,30/06/2026
coni:4622,FIGC,700366,01/07/2025,30/06/2026
coni:4623,FIGC,56020,01/07/2025,30/06/2026
coni:46369,FIGC,962849,01/07/2025,30/06/2026
coni:46395,CSEN|FIGC,933277,01/07/2025,30/06/2026
coni:46445,FIGC,945250,01/07/2025,30/06/2026
coni:46458,FIGC,934098,01/07/2025,30/06/2026
coni:4648,CSI|FIGC,700064,01/07/2025,30/06/2026
coni:46494,CSEN|FIGC,64916,01/07/2025,30/06/2026
coni:46539,FIGC,911899,01/07/2025,30/06/2026
coni:46662,FIGC,205235,01/07/2025,30/06/2026
coni:4667,CSI|FIGC,61969,01/07/2025,30/06/2026
coni:467,CSI|FIGC|US_ACLI,00063,01/06/2025,31/05/2026
coni:4670,FIGC,630597,01/07/2025,30/06/2026
coni:46706,FIGC,934536,01/07/2025,30/06/2026
coni:46710,FIGC,921578,01/07/2025,30/06/2026
coni:46725,FIGC,945094,01/07/2025,30/06/2026
coni:4679,FIGC,67353,01/07/2025,30/06/2026
coni:4682,FIGC,916446,01/07/2025,30/06/2026
coni:46888,CSI|FIGC,930966,01/07/2025,30/06/2026
coni:46937,FIGC,941999,01/07/2025,30/06/2026
coni:4694,CSI|FIGC,920535,01/07/2025,30/06/2026
coni:4696,CSI|FIGC,943223,01/07/2025,30/06/2026
coni:46966,FIGC,912795,01/07/2025,30/06/2026
coni:46979,FIGC,962246,01/07/2025,30/06/2026
coni:46983,FIGC,941221,01/07/2025,30/06/2026
coni:46995,CSI|FIGC,73746,01/07/2025,30/06/2026
coni:47,FIGC,953660,01/07/2025,30/06/2026
coni:470,FIGC,75862,01/07/2025,30/06/2026
coni:47052,FIGC|UISP,950616,01/07/2025,30/06/2026
coni:47061,FIGC,945424,01/07/2025,30/06/2026
coni:471,FIGC|UISP,76476,01/07/2025,30/06/2026
coni:47113,FIGC,72945,01/07/2025,30/06/2026
coni:47120,CSEN|FIGC,914243,01/07/2025,30/06/2026
coni:47121,FIGC,944055,01/07/2025,30/06/2026
coni:4723,FIGC,700123,01/07/2025,30/06/2026
coni:47240,FIGC,941159,01/07/2025,30/06/2026
coni:47389,FIGC,943959,01/07/2025,30/06/2026
coni:47400,FIGC,932867,01/07/2025,30/06/2026
coni:47409,FIGC,932996,01/07/2025,30/06/2026
coni:4745,FIGC|FIP,724,01/07/2025,30/06/2026
coni:4749,FIGC,750031,01/07/2025,30/06/2026
coni:47589,FIGC,945260,01/07/2025,30/06/2026
coni:47619,FIGC,964649,25/09/2025,30/06/2026
coni:477,FIGC,47280,01/07/2025,30/06/2026
coni:4771,FIGC,917149,01/07/2025,30/06/2026
coni:4781,CSEN|FIGC,032,01/07/2025,30/06/2026
coni:47938,FIGC,944197,01/07/2025,30/06/2026
coni:47957,FIGC,962975,01/07/2025,30/06/2026
coni:4804,AICS|FIGC,947016,01/07/2025,30/06/2026
coni:48050,FIGC,954313,01/07/2025,30/06/2026
coni:4807,FIGC,947019,01/07/2025,30/06/2026
coni:481,CSI|FIGC,67533,01/07/2025,30/06/2026
coni:48181,FIGC,205855,01/07/2025,30/06/2026
coni:48235,FIGC,943055,01/07/2025,30/06/2026
coni:48240,FIGC,943184,01/07/2025,30/06/2026
coni:4825,FIGC,600626,01/07/2025,30/06/2026
coni:48260,FIGC,944145,01/07/2025,30/06/2026
coni:48272,CSI|FIGC,951395,01/07/2025,30/06/2026
coni:48403,FIGC,935189,01/07/2025,30/06/2026
coni:4846,FIGC,74812,01/07/2025,30/06/2026
coni:48467,FIGC,620273,01/07/2025,30/06/2026
coni:4849,FIGC,931612,01/07/2025,30/06/2026
coni:48492,FIGC,939564,01/07/2025,30/06/2026
coni:485,CSI|FIGC,01621,03/06/2025,31/05/2026
coni:48554,FIGC,943355,01/07/2025,30/06/2026
coni:48751,CSEN|FIGC,920189,01/07/2025,30/06/2026
coni:48771,CSEN|FIGC,931146,01/07/2025,30/06/2026
coni:48791,CSEN|FIGC,964345,01/09/2025,30/06/2026
coni:48805,CSI|FIGC|PGS,962957,01/07/2025,30/06/2026
coni:48868,FIGC,955314,01/07/2025,30/06/2026
coni:48875,FIGC,951592,01/07/2025,30/06/2026
coni:48908,FIGC,940933,01/07/2025,30/06/2026
coni:4891,FIGC,917199,01/07/2025,30/06/2026
coni:48951,FIGC,933124,01/07/2025,30/06/2026
coni:48999,CSI|FIGC,962575,01/07/2025,30/06/2026
coni:49,FIGC,0862386,08/07/2025,30/06/2026
coni:49027,FIGC,932516,01/07/2025,30/06/2026
coni:49052,FIGC,964025,21/07/2025,30/06/2026
coni:49150,CSEN|FIGC,921922,01/07/2025,30/06/2026
coni:49159,FIGC,964246,08/08/2025,30/06/2026
coni:49170,CSI|FIGC,00400287,28/07/2025,30/06/2026
coni:49195,FIGC,962231,01/07/2025,30/06/2026
coni:4922,ENDAS|FIGC,621238,01/07/2025,30/06/2026
coni:49234,FIGC,934198,01/07/2025,30/06/2026
coni:49289,FIGC|UISP,947773,01/07/2025,30/06/2026
coni:49295,FIGC,947940,01/07/2025,30/06/2026
coni:4931,FIGC,914309,01/07/2025,30/06/2026
coni:49348,FIGC,943544,01/07/2025,30/06/2026
coni:4937,FIGC,10510,01/07/2025,30/06/2026
coni:49407,FIGC,940953,01/07/2025,30/06/2026
coni:4941,CSI|FIGC,60800,01/07/2025,30/06/2026
coni:49592,AICS|FIGC,936024,01/07/2025,30/06/2026
coni:49605,FIGC,911833,01/07/2025,30/06/2026
coni:49687,FIGC|OPES,911772,01/07/2025,30/06/2026
coni:49750,FIGC,962139,01/07/2025,30/06/2026
coni:49758,FIGC|UISP,943029,01/07/2025,30/06/2026
coni:49761,FIGC,1850,01/07/2025,30/06/2026
coni:49802,FIGC,68185,01/07/2025,30/06/2026
coni:4981,FIGC,750064,01/07/2025,30/06/2026
coni:49832,FIGC,932703,01/07/2025,30/06/2026
coni:49835,FIGC,940977,01/07/2025,30/06/2026
coni:499,CSI|FIGC,780702,01/07/2025,30/06/2026
coni:49902,CSEN|FIGC,938583,01/07/2025,30/06/2026
coni:49946,FIGC,933080,01/07/2025,30/06/2026
coni:5012,FIGC,914940,01/07/2025,30/06/2026
coni:50120,FIGC,915507,01/07/2025,30/06/2026
coni:5013,FIGC,59088,01/07/2025,30/06/2026
coni:50199,CSEN|FIGC,931828,01/07/2025,30/06/2026
coni:50257,ASC|CSEN|FIGC,948012,01/07/2025,30/06/2026
coni:5026,FIGC,650730,01/07/2025,30/06/2026
coni:50298,FIGC,68795,01/07/2025,30/06/2026
coni:50306,FIGC,932791,01/07/2025,30/06/2026
coni:50316,CSEN|FIGC,931554,01/07/2025,30/06/2026
coni:5032,FIGC,949218,01/07/2025,30/06/2026
coni:50326,FIGC,933609,01/07/2025,30/06/2026
coni:5033,FIGC,914119,01/07/2025,30/06/2026
coni:50380,FIGC,934651,01/07/2025,30/06/2026
coni:50428,CSEN|FIGC,936257,01/07/2025,30/06/2026
coni:5044,AICS|FIGC,920719,01/07/2025,30/06/2026
coni:50517,FIGC,942630,01/07/2025,30/06/2026
coni:50534,CSEN|FIGC,941450,01/07/2025,30/06/2026
coni:5054,FIGC,79994,01/07/2025,30/06/2026
coni:5062,FIGC,665345,01/07/2025,30/06/2026
coni:50682,CSEN|FIGC,964886,07/10/2025,30/06/2026
coni:50746,FIGC|OPES,911004,01/07/2025,30/06/2026
coni:50752,FIGC,936350,01/07/2025,30/06/2026
coni:50764,FIGC,935975,01/07/2025,30/06/2026
coni:50782,FIGC,945869,01/07/2025,30/06/2026
coni:50784,CSI|FIGC,952200,01/07/2025,30/06/2026
coni:509,CSI|FIGC|FIP,15280,01/07/2025,30/06/2026
coni:50930,FIGC,938824,01/07/2025,30/06/2026
coni:50937,FIGC,938843,01/07/2025,30/06/2026
coni:50966,FIGC,932916,01/07/2025,30/06/2026
coni:5106,FIGC,620973,01/07/2025,30/06/2026
coni:51105,FIGC,945199,01/07/2025,30/06/2026
coni:51124,CSEN|FIGC,964463,10/09/2025,30/06/2026
coni:5115,FIGC,700113,01/07/2025,30/06/2026
coni:51189,FIGC,947620,01/07/2025,30/06/2026
coni:512,FIGC,59248,01/07/2025,30/06/2026
coni:51238,FIGC,938595,01/07/2025,30/06/2026
coni:5128,FIGC,912040,01/07/2025,30/06/2026
coni:51299,FIGC,941253,01/07/2025,30/06/2026
coni:51387,FIGC,949787,01/07/2025,30/06/2026
coni:5142,FIGC,60736,01/07/2025,30/06/2026
coni:5147,FIGC,914404,01/07/2025,30/06/2026
coni:51479,FIGC,945804,01/07/2025,30/06/2026
coni:5149,FIGC,918740,01/07/2025,30/06/2026
coni:5155,FIGC,919175,01/07/2025,30/06/2026
coni:51553,CSI|FIGC,962412,01/07/2025,30/06/2026
coni:5167,FIGC,913082,01/07/2025,30/06/2026
coni:5184,FIGC,62988,01/07/2025,30/06/2026
coni:51857,FIGC|OPES,933267,01/07/2025,30/06/2026
coni:51899,FIGC,934185,01/07/2025,30/06/2026
coni:52075,CSI|FIGC,947582,01/07/2025,30/06/2026
coni:5208,FIGC,935584,01/07/2025,30/06/2026
coni:5209,FIGC,932413,01/07/2025,30/06/2026
coni:5215,FIGC|OPES,954077,01/07/2025,30/06/2026
coni:5222,FIGC,72616,01/07/2025,30/06/2026
coni:52286,FIGC,947070,01/07/2025,30/06/2026
coni:52386,FIGC|OPES,932981,01/07/2025,30/06/2026
coni:52395,FIGC|OPES,914445,01/07/2025,30/06/2026
coni:52618,FIGC|OPES,,,
coni:5263,CSI|FIGC,952813,01/07/2025,30/06/2026
coni:52681,CSI|FIGC,941318,01/07/2025,30/06/2026
coni:52693,FIGC,941814,01/07/2025,30/06/2026
coni:5282,FIGC,964045,17/07/2025,30/06/2026
coni:5296,FIGC,912802,01/07/2025,30/06/2026
coni:52977,FIGC|OPES,947903,01/07/2025,30/06/2026
coni:52993,FIGC,675236,01/07/2025,30/06/2026
coni:52996,FIGC|US_ACLI,943072,01/07/2025,30/06/2026
coni:53,CSI|FIGC|FIP|UISP,932026,01/07/2025,30/06/2026
coni:53034,FIGC,676255,01/07/2025,30/06/2026
coni:53040,FIGC,945896,01/07/2025,30/06/2026
coni:53056,FIGC,935538,01/07/2025,30/06/2026
coni:53103,CSI|FIGC,43120,01/07/2025,30/06/2026
coni:53112,FIGC,28060,01/07/2025,30/06/2026
coni:53119,FIGC,25040,01/07/2025,30/06/2026
coni:5312,FIGC,943763,01/07/2025,30/06/2026
coni:53129,FIGC,64565,01/07/2025,30/06/2026
coni:53154,FIGC,65595,01/07/2025,30/06/2026
coni:53162,FIGC,42760,01/07/2025,30/06/2026
coni:53164,FIGC,74531,01/07/2025,30/06/2026
coni:532,CSI|FIGC,77730,01/07/2025,30/06/2026
coni:53208,FIGC,69080,01/07/2025,30/06/2026
coni:53224,FIGC,70900,01/07/2025,30/06/2026
coni:53228,FIGC,66695,01/07/2025,30/06/2026
coni:53236,AICS|FIGC,954858,01/07/2025,30/06/2026
coni:53243,FIGC,73526,01/07/2025,30/06/2026
coni:53249,CSI|FIGC,66847,01/07/2025,30/06/2026
coni:53261,FIGC,58767,01/07/2025,30/06/2026
coni:53293,FIGC,203396,01/07/2025,30/06/2026
coni:53300,FIGC,14920,01/07/2025,30/06/2026
coni:53303,FIGC,69375,01/07/2025,30/06/2026
coni:53306,FIGC,931734,01/07/2025,30/06/2026
coni:5332,FIGC,80109,01/07/2025,30/06/2026
coni:53326,FIGC|PGS,939035,01/07/2025,30/06/2026
coni:53331,FIGC|PGS,933683,01/07/2025,30/06/2026
coni:53345,FIGC|UISP,78799,01/07/2025,30/06/2026
coni:5338,CSI|FIGC,67398,01/07/2025,30/06/2026
coni:53385,FIGC,675721,01/07/2025,30/06/2026
coni:53386,FIGC|UISP,6030,01/07/2025,30/06/2026
coni:53396,FIGC,204768,01/07/2025,30/06/2026
coni:53397,FIGC,59152,01/07/2025,30/06/2026
coni:53403,FIGC,665278,01/07/2025,30/06/2026
coni:53427,FIGC,934330,01/07/2025,30/06/2026
coni:53448,FIGC,912567,01/07/2025,30/06/2026
coni:53488,FIGC,64432,01/07/2025,30/06/2026
coni:53556,FIGC,200448,01/07/2025,30/06/2026
coni:5356,CSI|FIGC,949284,01/07/2025,30/06/2026
coni:53588,CSI|FIGC,780563,01/07/2025,30/06/2026
coni:53685,FIGC,4590,01/07/2025,30/06/2026
coni:537,FIGC,68628,01/07/2025,30/06/2026
coni:5370,CSI|FIGC,963149,01/07/2025,30/06/2026
coni:5372,FIGC,936876,01/07/2025,30/06/2026
coni:53729,FIGC,17930,01/07/2025,30/06/2026
coni:5374,FIGC,951481,01/07/2025,30/06/2026
coni:53809,FIGC,73701,01/07/2025,30/06/2026
coni:53816,FIGC,206432,01/07/2025,30/06/2026
coni:53846,FIGC,740215,01/07/2025,30/06/2026
coni:53888,FIGC,68507,01/07/2025,30/06/2026
coni:5391,FIGC,910265,01/07/2025,30/06/2026
coni:53938,FIGC,72394,01/07/2025,30/06/2026
coni:54052,FIGC,78850,01/07/2025,30/06/2026
coni:54073,CSI|FIGC|OPES,953460,01/07/2025,30/06/2026
coni:54077,CSI|FIGC,675575,01/07/2025,30/06/2026
coni:5409,FIGC,920692,01/07/2025,30/06/2026
coni:54122,FIGC,500630,01/07/2025,30/06/2026
coni:542,FIGC,74266,01/07/2025,30/06/2026
coni:54231,CSI|FIGC,963501,01/07/2025,30/06/2026
coni:54238,CSEN|FIGC,911513,01/07/2025,30/06/2026
coni:5425,CSEN|FIGC,665380,01/07/2025,30/06/2026
coni:54252,AICS|ENDAS|FIGC,931519,01/07/2025,30/06/2026
coni:5426,FIGC|PGS,953648,01/07/2025,30/06/2026
coni:54277,FIGC,911674,01/07/2025,30/06/2026
coni:54406,FIGC,750284,01/07/2025,30/06/2026
coni:54455,FIGC,935739,01/07/2025,30/06/2026
coni:54558,FIGC,964048,01/07/2025,30/06/2026
coni:54570,FIGC,932036,01/07/2025,30/06/2026
coni:54600,FIGC,204311,01/07/2025,30/06/2026
coni:54670,CSI|FIGC,02300178,03/07/2025,30/06/2026
coni:54690,FIGC|FIP,943453,01/07/2025,30/06/2026
coni:547,FIGC,78862,01/07/2025,30/06/2026
coni:5474,FIGC,760023,01/07/2025,30/06/2026
coni:54740,FIGC,780323,01/07/2025,30/06/2026
coni:54762,FIGC,81992,01/07/2025,30/06/2026
coni:5481,FIGC,945629,01/07/2025,30/06/2026
coni:5486,FIGC,500145,01/07/2025,30/06/2026
coni:54905,FIGC,204017,01/07/2025,30/06/2026
coni:54907,CSI|FIGC,15200354,02/07/2025,30/06/2026
coni:54933,FIGC,962756,01/07/2025,30/06/2026
coni:5495,AICS|FIGC,204948,01/07/2025,30/06/2026
coni:54990,CSI|FIGC,938548,01/07/2025,30/06/2026
coni:54998,FIGC|UISP,750044,01/07/2025,30/06/2026
coni:55099,CSEN|FIGC,919811,01/07/2025,30/06/2026
coni:55150,FIGC,962236,01/07/2025,30/06/2026
coni:5525,FIGC,650729,01/07/2025,30/06/2026
coni:55303,FIGC,917977,01/07/2025,30/06/2026
coni:55310,FIGC,951905,01/07/2025,30/06/2026
coni:5533,FIGC,938379,01/07/2025,30/06/2026
coni:55332,FIGC,40750,01/07/2025,30/06/2026
coni:55396,FIGC,941797,01/07/2025,30/06/2026
coni:55414,FIGC,940971,01/07/2025,30/06/2026
coni:55427,FIGC,56580,01/07/2025,30/06/2026
coni:55442,FIGC,720276,01/07/2025,30/06/2026
coni:55479,FIGC,943529,01/07/2025,30/06/2026
coni:55490,FIGC,937672,01/07/2025,30/06/2026
coni:55736,FIGC,937859,01/07/2025,30/06/2026
coni:5578,FIGC,38400,01/07/2025,30/06/2026
coni:55783,FIGC,955035,01/07/2025,30/06/2026
coni:55799,FIGC,916693,01/07/2025,30/06/2026
coni:5580,FIGC,63279,01/07/2025,30/06/2026
coni:5589,FIGC,75835,01/07/2025,30/06/2026
coni:55904,CSI|FIGC|UISP,911947,01/07/2025,30/06/2026
coni:55920,FIGC,938698,01/07/2025,30/06/2026
coni:55967,FIGC,5760,01/07/2025,30/06/2026
coni:56030,FIGC,700233,01/07/2025,30/06/2026
coni:56115,FIGC,955135,01/07/2025,30/06/2026
coni:56291,CSI|FIGC,964250,23/07/2025,30/06/2026
coni:56366,FIGC,917988,01/07/2025,30/06/2026
coni:56387,FIGC,912053,01/07/2025,30/06/2026
coni:5644,FIGC,19120,01/07/2025,30/06/2026
coni:5653,FIGC,204975,01/07/2025,30/06/2026
coni:566,FIGC,750186,01/07/2025,30/06/2026
coni:5660,CSEN|FIGC,620090,01/07/2025,30/06/2026
coni:56610,FIGC,750535,01/07/2025,30/06/2026
coni:56637,CSI|FIGC,675297,01/07/2025,30/06/2026
coni:56653,CSI|FIGC,82159,01/07/2025,30/06/2026
coni:56699,CSI|FIGC,962293,01/07/2025,30/06/2026
coni:56710,FIGC,921506,01/07/2025,30/06/2026
coni:56730,CSI|FIGC|UISP,5920,01/07/2025,30/06/2026
coni:56747,CSEN|FIGC,962166,01/07/2025,30/06/2026
coni:5683,FIGC,65537,01/07/2025,30/06/2026
coni:56851,FIGC,963258,01/07/2025,30/06/2026
coni:56852,FIGC,947333,01/07/2025,30/06/2026
coni:57042,CSI|FIGC,780817,01/07/2025,30/06/2026
coni:57153,FIGC,760043,01/07/2025,30/06/2026
coni:57156,FIGC,936470,01/07/2025,30/06/2026
coni:5723,FIGC,940893,01/07/2025,30/06/2026
coni:57264,FIGC,942016,01/07/2025,30/06/2026
coni:57288,FIGC,740552,01/07/2025,30/06/2026
coni:57312,CSI|FIGC,795261,01/07/2025,30/06/2026
coni:57336,FIGC,963532,01/07/2025,30/06/2026
coni:5738,FIGC,45890,01/07/2025,30/06/2026
coni:57406,FIGC,950029,01/07/2025,30/06/2026
coni:57561,FIGC,81396,01/07/2025,30/06/2026
coni:57592,CSI|FIGC,962220,01/07/2025,30/06/2026
coni:57612,AICS|CSEN|CSI|FIGC,951804,01/07/2025,30/06/2026
coni:57628,FIGC,919803,01/07/2025,30/06/2026
coni:57630,FIGC,911849,01/07/2025,30/06/2026
coni:57696,FIGC,953503,01/07/2025,30/06/2026
coni:57704,FIGC,938744,01/07/2025,30/06/2026
coni:5789,CSI|FIGC,25600,01/07/2025,30/06/2026
coni:57912,FIGC,937800,01/07/2025,30/06/2026
coni:57919,FIGC,943560,01/07/2025,30/06/2026
coni:57929,FIGC,938299,01/07/2025,30/06/2026
coni:57944,FIGC|US_ACLI,952711,01/07/2025,30/06/2026
coni:57945,FIGC,922542,01/07/2025,30/06/2026
coni:58125,FIGC,955396,01/07/2025,30/06/2026
coni:58191,CSI|FIGC,912963,01/07/2025,30/06/2026
coni:58209,CSEN|FIGC,945906,01/07/2025,30/06/2026
coni:5822,FIGC,949557,01/07/2025,30/06/2026
coni:5828,FIGC,600183,01/07/2025,30/06/2026
coni:58312,FIGC,932796,01/07/2025,30/06/2026
coni:58352,CSI|FIGC,948201,01/07/2025,30/06/2026
coni:58404,FIGC,74672,01/07/2025,30/06/2026
coni:58477,FIGC,948232,01/07/2025,30/06/2026
coni:58511,FIGC,770175,01/07/2025,30/06/2026
coni:58560,FIGC,931924,01/07/2025,30/06/2026
coni:58683,CSI|FIGC,943419,01/07/2025,30/06/2026
coni:5875,FIGC,665417,01/07/2025,30/06/2026
coni:58772,FIGC,947870,01/07/2025,30/06/2026
coni:58983,CSI|FIGC,963992,08/07/2025,30/06/2026
coni:59146,FIGC,945294,01/07/2025,30/06/2026
coni:59152,FIGC,918981,01/07/2025,30/06/2026
coni:59161,FIGC,650029,01/07/2025,30/06/2026
coni:59266,FIGC,918256,01/07/2025,30/06/2026
coni:5927,FIGC,20880,01/07/2025,30/06/2026
coni:59312,CSI|FIGC,935749,01/07/2025,30/06/2026
coni:59335,FIGC|US_ACLI,942150,01/07/2025,30/06/2026
coni:59348,FIGC,795124,01/07/2025,30/06/2026
coni:5936,FIGC,915706,01/07/2025,30/06/2026
coni:5940,FIGC,290,01/07/2025,30/06/2026
coni:59456,CSI|FIGC,952765,01/07/2025,30/06/2026
coni:59475,FIGC,919619,01/07/2025,30/06/2026
coni:59524,AICS|FIGC,954917,01/07/2025,30/06/2026
coni:5960,AICS|CSEN|CSI|FIGC,938536,01/07/2025,30/06/2026
coni:59600,FIGC|US_ACLI,933779,01/07/2025,30/06/2026
coni:5961,FIGC,45660,01/07/2025,30/06/2026
coni:59631,FIGC,934029,01/07/2025,30/06/2026
coni:59772,FIGC,921692,01/07/2025,30/06/2026
coni:59911,FIGC,937955,01/07/2025,30/06/2026
coni:600,CSI|FIGC,62816,01/07/2025,30/06/2026
coni:6002,CSI|FIGC,951563,01/07/2025,30/06/2026
coni:60043,FIGC,938382,01/07/2025,30/06/2026
coni:60081,FIGC,912740,01/07/2025,30/06/2026
coni:60094,FIGC,931534,01/07/2025,30/06/2026
coni:60218,FIGC,951403,01/07/2025,30/06/2026
coni:60252,FIGC,940836,01/07/2025,30/06/2026
coni:60301,FIGC,933045,01/07/2025,30/06/2026
coni:60379,FIGC,795291,01/07/2025,30/06/2026
coni:6043,CSI|FIGC,69466,01/07/2025,30/06/2026
coni:60500,FIGC,943372,01/07/2025,30/06/2026
coni:60630,ASC|FIGC,931561,01/07/2025,30/06/2026
coni:60649,FIGC,942978,01/07/2025,30/06/2026
coni:60667,FIGC,946093,01/07/2025,30/06/2026
coni:60683,FIGC,600276,01/07/2025,30/06/2026
coni:60684,FIGC,921903,01/07/2025,30/06/2026
coni:6072,FIGC,919071,01/07/2025,30/06/2026
coni:60822,CSI|FIGC,953546,01/07/2025,30/06/2026
coni:60869,FIGC,943816,01/07/2025,30/06/2026
coni:60915,FIGC,941341,01/07/2025,30/06/2026
coni:60946,FIGC|UISP,964462,17/09/2025,30/06/2026
coni:61097,FIGC,917965,01/07/2025,30/06/2026
coni:61189,CSEN|FIGC,795085,01/07/2025,30/06/2026
coni:61193,FIGC|OPES,918286,01/07/2025,30/06/2026
coni:61195,CSI|FIGC,964122,22/07/2025,30/06/2026
coni:612,FIGC,53470,01/07/2025,30/06/2026
coni:61228,FIGC,938842,01/07/2025,30/06/2026
coni:61322,FIGC,916562,01/07/2025,30/06/2026
coni:61331,FIGC,954205,01/07/2025,30/06/2026
coni:6134,FIGC,947062,01/07/2025,30/06/2026
coni:61385,FIGC,66454,01/07/2025,30/06/2026
coni:614,FIGC,74508,01/07/2025,30/06/2026
coni:61518,FIGC,944250,01/07/2025,30/06/2026
coni:61552,ASC|CSEN|FIGC,936792,01/07/2025,30/06/2026
coni:6164,FIGC,945356,01/07/2025,30/06/2026
coni:61686,FIGC,938756,01/07/2025,30/06/2026
coni:61696,FIGC,720321,01/07/2025,30/06/2026
coni:6174,FIGC,25420,01/07/2025,30/06/2026
coni:61790,FIGC,943371,01/07/2025,30/06/2026
coni:6196,FIGC,80054,01/07/2025,30/06/2026
coni:62046,FIGC,75080,01/07/2025,30/06/2026
coni:62056,FIGC,953361,01/07/2025,30/06/2026
coni:6210,FIGC,936108,01/07/2025,30/06/2026
coni:6213,CSEN|FIGC,943092,01/07/2025,30/06/2026
coni:6216,FIGC,911299,01/07/2025,30/06/2026
coni:62266,CSI|FIGC,955171,01/07/2025,30/06/2026
coni:62296,FIGC,943915,01/07/2025,30/06/2026
coni:6234,FIGC,78478,01/07/2025,30/06/2026
coni:62354,FIGC,945983,01/07/2025,30/06/2026
coni:62472,FIGC,675457,01/07/2025,30/06/2026
coni:62483,FIGC,945338,01/07/2025,30/06/2026
coni:62511,FIGC|FIP|PGS,918862,01/07/2025,30/06/2026
coni:62528,FIGC,948170,01/07/2025,30/06/2026
coni:62607,FIGC,35760,01/07/2025,30/06/2026
coni:6261,FIGC,34220,01/07/2025,30/06/2026
coni:62663,FIGC,947145,01/07/2025,30/06/2026
coni:62669,FIGC,947770,01/07/2025,30/06/2026
coni:62785,CSI|FIGC,201622,01/07/2025,30/06/2026
coni:62788,CSI|FIGC|PGS,675808,01/07/2025,30/06/2026
coni:62899,FIGC,934243,01/07/2025,30/06/2026
coni:63028,FIGC,78994,01/07/2025,30/06/2026
coni:63076,FIGC,941152,01/07/2025,30/06/2026
coni:63120,CSI|FIGC,936653,01/07/2025,30/06/2026
coni:63178,FIGC,947052,01/07/2025,30/06/2026
coni:63266,FIGC,936102,01/07/2025,30/06/2026
coni:63400,FIGC,939034,01/07/2025,30/06/2026
coni:63500,FIGC,914502,01/07/2025,30/06/2026
coni:63574,FIGC,934358,01/07/2025,30/06/2026
coni:6364,FIGC|UISP,600238,01/07/2025,30/06/2026
coni:63669,FIGC|OPES,943794,01/07/2025,30/06/2026
coni:63764,CSEN|FIGC,915596,01/07/2025,30/06/2026
coni:6386,FIGC,80288,01/07/2025,30/06/2026
coni:63935,FIGC,949570,01/07/2025,30/06/2026
coni:64022,CSI|FIGC,948176,01/07/2025,30/06/2026
coni:64025,FIGC,963914,01/07/2025,30/06/2026
coni:64042,FIGC,948071,01/07/2025,30/06/2026
coni:64054,CSEN|FIGC,921474,01/07/2025,30/06/2026
coni:64082,FIGC,937959,01/07/2025,30/06/2026
coni:641,FIGC,02312,10/06/2025,31/05/2026
coni:6416,FIGC,750033,01/07/2025,30/06/2026
coni:64222,FIGC,917219,01/07/2025,30/06/2026
coni:64256,AICS|FIGC,932103,01/07/2025,30/06/2026
coni:64284,FIGC,946395,01/07/2025,30/06/2026
coni:6431,FIGC,74675,01/07/2025,30/06/2026
coni:6434,FIGC,71120,01/07/2025,30/06/2026
coni:64437,CSI|FIGC,02000189,16/08/2025,30/06/2026
coni:6446,FIGC,700600,01/07/2025,30/06/2026
coni:6458,CSI|FIGC,73987,01/07/2025,30/06/2026
coni:64625,FIGC,930739,01/07/2025,30/06/2026
coni:64688,FIGC|US_ACLI,75065,01/07/2025,30/06/2026
coni:6470,FIGC|UISP,70554,01/07/2025,30/06/2026
coni:6482,FIGC,947098,01/07/2025,30/06/2026
coni:64831,FIGC,938325,01/07/2025,30/06/2026
coni:6494,FIGC,69883,01/07/2025,30/06/2026
coni:64946,FIGC,203669,01/07/2025,30/06/2026
coni:65013,FIGC,942999,01/07/2025,30/06/2026
coni:65023,FIGC,943502,01/07/2025,30/06/2026
coni:65036,CSI|FIGC,938094,01/07/2025,30/06/2026
coni:6505,FIGC,940715,01/07/2025,30/06/2026
coni:651,FIGC,16130,01/07/2025,30/06/2026
coni:65205,FIGC,941682,01/07/2025,30/06/2026
coni:65215,FIGC,934620,01/07/2025,30/06/2026
coni:65221,FIGC,962057,01/07/2025,30/06/2026
coni:65294,CSI|FIGC,100043,01/07/2025,30/06/2026
coni:6534,FIGC|UISP,750624,01/07/2025,30/06/2026
coni:65494,CSEN|FIGC,949455,01/07/2025,30/06/2026
coni:6550,CSI|FIGC,947114,01/07/2025,30/06/2026
coni:6554,FIGC|UISP,917562,01/07/2025,30/06/2026
coni:6556,FIGC,6000,01/07/2025,30/06/2026
coni:6561,CSI|FIGC,935553,01/07/2025,30/06/2026
coni:65613,FIGC,943259,01/07/2025,30/06/2026
coni:65874,FIGC,943827,01/07/2025,30/06/2026
coni:65889,FIGC,941488,01/07/2025,30/06/2026
coni:65958,FIGC,936058,01/07/2025,30/06/2026
coni:65972,FIGC,935943,01/07/2025,30/06/2026
coni:6604,FIGC|UISP,918884,01/07/2025,30/06/2026
coni:66089,FIGC,945682,01/07/2025,30/06/2026
coni:66095,FIGC,945797,01/07/2025,30/06/2026
coni:66156,FIGC,943108,01/07/2025,30/06/2026
coni:66207,FIGC,953220,01/07/2025,30/06/2026
coni:6626,FIGC,60228,01/07/2025,30/06/2026
coni:66324,CSI|FIGC,630648,01/07/2025,30/06/2026
coni:66398,FIGC,945865,01/07/2025,30/06/2026
coni:66403,FIGC,952936,01/07/2025,30/06/2026
coni:6644,CSI|FIGC,203743,01/07/2025,30/06/2026
coni:66468,CSI|FIGC,932382,01/07/2025,30/06/2026
coni:66488,FIGC,947398,01/07/2025,30/06/2026
coni:66499,FIGC,947184,01/07/2025,30/06/2026
coni:6660,CSI|FIGC|UISP,66925,01/07/2025,30/06/2026
coni:66604,FIGC|UISP,943000,01/07/2025,30/06/2026
coni:6670,FIGC,920866,01/07/2025,30/06/2026
coni:66743,FIGC,937678,01/07/2025,30/06/2026
coni:6678,FIGC,915784,01/07/2025,30/06/2026
coni:669,FIGC,931542,01/07/2025,30/06/2026
coni:66971,CSI|FIGC,952815,01/07/2025,30/06/2026
coni:6710,FIGC,917093,01/07/2025,30/06/2026
coni:67143,FIGC,918742,01/07/2025,30/06/2026
coni:6721,FIGC,78045,01/07/2025,30/06/2026
coni:67247,FIGC|UISP,930640,01/07/2025,30/06/2026
coni:67325,CSI|FIGC|UISP,955077,01/07/2025,30/06/2026
coni:6739,FIGC,945841,01/07/2025,30/06/2026
coni:6754,FIGC,630117,01/07/2025,30/06/2026
coni:67558,FIGC,938026,01/07/2025,30/06/2026
coni:67559,FIGC|UISP,937658,01/07/2025,30/06/2026
coni:67563,FIGC|PGS|UISP,963080,01/07/2025,30/06/2026
coni:6765,FIGC,77830,01/07/2025,30/06/2026
coni:677,CSI|FIGC,70261,01/07/2025,30/06/2026
coni:67778,FIGC,945535,01/07/2025,30/06/2026
coni:6779,FIGC,954851,01/07/2025,30/06/2026
coni:6789,CSI|FIGC,675523,01/07/2025,30/06/2026
coni:67914,FIGC,69355,01/07/2025,30/06/2026
coni:67915,FIGC,675589,01/07/2025,30/06/2026
coni:67966,FIGC,953659,01/07/2025,30/06/2026
coni:68018,CSI|FIGC,943225,01/07/2025,30/06/2026
coni:68044,CSI|FIGC,917206,01/07/2025,30/06/2026
coni:68141,FIGC,938095,01/07/2025,30/06/2026
coni:68182,CSI|FIGC,02001409,08/07/2025,30/06/2026
coni:68224,FIGC,948233,01/07/2025,30/06/2026
coni:68262,FIGC,7400,01/07/2025,30/06/2026
coni:68278,FIGC,71110,01/07/2025,30/06/2026
coni:68282,FIGC,964611,01/07/2025,30/06/2026
coni:68284,CSI|FIGC,8490,01/07/2025,30/06/2026
coni:68285,FIGC,58627,01/07/2025,30/06/2026
coni:68312,FIGC,58423,01/07/2025,30/06/2026
coni:68330,AICS|FIGC,69497,01/07/2025,30/06/2026
coni:68340,FIGC,73246,01/07/2025,30/06/2026
coni:68359,FIGC,55690,01/07/2025,30/06/2026
coni:68369,CSI|FIGC,630412,01/07/2025,30/06/2026
coni:6840,FIGC,700417,01/07/2025,30/06/2026
coni:68400,FIGC,28670,01/07/2025,30/06/2026
coni:68420,CSI|FIGC,964022,17/07/2025,30/06/2026
coni:68423,FIGC,2300,01/07/2025,30/06/2026
coni:68425,FIGC,292,01/07/2025,30/06/2026
coni:68437,CSI|FIGC,675405,01/07/2025,30/06/2026
coni:68453,FIGC,66698,01/07/2025,30/06/2026
coni:68454,FIGC,68085,01/07/2025,30/06/2026
coni:68462,AICS|FIGC,74067,01/07/2025,30/06/2026
coni:6847,FIGC,940793,01/07/2025,30/06/2026
coni:68507,FIGC,74783,01/07/2025,30/06/2026
coni:68508,FIGC|UISP,68221,01/07/2025,30/06/2026
coni:68510,CSI|FIGC,58662,01/07/2025,30/06/2026
coni:68515,CSEN|FIGC,73065,01/07/2025,30/06/2026
coni:68521,FIGC,69137,01/07/2025,30/06/2026
coni:68525,AICS|FIGC,914063,01/07/2025,30/06/2026
coni:68579,FIGC,74888,01/07/2025,30/06/2026
coni:6859,CSI|FIGC,947039,01/07/2025,30/06/2026
coni:68612,FIGC,66765,01/07/2025,30/06/2026
coni:68636,FIGC,81002,01/07/2025,30/06/2026
coni:68640,FIGC,73866,01/07/2025,30/06/2026
coni:68674,FIGC,740131,01/07/2025,30/06/2026
coni:68686,FIGC,67757,01/07/2025,30/06/2026
coni:68687,FIGC,02242,01/06/2025,31/05/2026
coni:68702,FIGC,28160,01/07/2025,30/06/2026
coni:68714,FIGC,70161,01/07/2025,30/06/2026
coni:68717,CSI|FIGC,76928,01/07/2025,30/06/2026
coni:68736,CSI|FIGC,64811,01/07/2025,30/06/2026
coni:68738,FIGC,81790,01/07/2025,30/06/2026
coni:68741,FIGC,74557,01/07/2025,30/06/2026
coni:68746,FIGC,750516,01/07/2025,30/06/2026
coni:68747,FIGC,675631,01/07/2025,30/06/2026
coni:68753,CSEN|FIGC|PGS,205146,01/07/2025,30/06/2026
coni:68769,FIGC,17910,01/07/2025,30/06/2026
coni:68778,FIGC,920973,01/07/2025,30/06/2026
coni:68786,FIGC,913395,01/07/2025,30/06/2026
coni:6880,FIGC,13080,01/07/2025,30/06/2026
coni:68812,FIGC,75301,01/07/2025,30/06/2026
coni:6884,AICS|FIGC,8920,01/07/2025,30/06/2026
coni:68842,FIGC,58379,01/07/2025,30/06/2026
coni:689,FIGC,930078,01/07/2025,30/06/2026
coni:6893,FIGC,75374,01/07/2025,30/06/2026
coni:68936,FIGC,750017,01/07/2025,30/06/2026
coni:6895,FIGC,917160,01/07/2025,30/06/2026
coni:68957,FIGC,47360,01/07/2025,30/06/2026
coni:68969,CSI|FIGC,72840,01/07/2025,30/06/2026
coni:68985,FIGC,665322,01/07/2025,30/06/2026
coni:69106,FIGC,73523,01/07/2025,30/06/2026
coni:69133,FIGC,964046,10/07/2025,30/06/2026
coni:6914,FIGC,600721,01/07/2025,30/06/2026
coni:69140,FIGC,630261,01/07/2025,30/06/2026
coni:69148,FIGC,63322,01/07/2025,30/06/2026
coni:69177,FIGC,740044,01/07/2025,30/06/2026
coni:69180,FIGC,203907,01/07/2025,30/06/2026
coni:6920,FIGC,750499,01/07/2025,30/06/2026
coni:69206,FIGC,962961,01/07/2025,30/06/2026
coni:69228,FIGC,26020,01/07/2025,30/06/2026
coni:6924,ENDAS|FIGC,912715,01/07/2025,30/06/2026
coni:69375,FIGC,932157,01/07/2025,30/06/2026
coni:69424,FIGC,947063,01/07/2025,30/06/2026
coni:6943,CSI|FIGC,954801,01/07/2025,30/06/2026
coni:69442,CSI|FIGC|FIP,200508,01/09/2025,31/08/2026
coni:69461,CSI|FIGC,952787,01/07/2025,30/06/2026
coni:69462,FIGC,962940,01/07/2025,30/06/2026
coni:69543,FIGC|FIP|PGS|UISP,04000244,18/07/2025,30/06/2026
coni:69552,CSI|FIGC,205335,01/07/2025,30/06/2026
coni:6956,FIGC,921023,01/07/2025,30/06/2026
coni:69587,FIGC,56060,01/07/2025,30/06/2026
coni:6959,FIGC,918947,01/07/2025,30/06/2026
coni:69602,ASC|FIGC,951514,01/07/2025,30/06/2026
coni:69665,FIGC,750010,01/07/2025,30/06/2026
coni:69667,FIGC,932552,01/07/2025,30/06/2026
coni:69686,CSI|FIGC,03200086,16/07/2025,30/06/2026
coni:69719,FIGC,910397,01/07/2025,30/06/2026
coni:69772,FIGC,963707,01/07/2025,30/06/2026
coni:69842,CSI|FIGC,938035,01/07/2025,30/06/2026
coni:69845,FIGC,74235,01/07/2025,30/06/2026
coni:69890,CSEN|CSI|FIGC,943056,01/07/2025,30/06/2026
coni:69905,FIGC,203777,01/07/2025,30/06/2026
coni:69921,FIGC,915374,01/07/2025,30/06/2026
coni:6993,FIGC,947587,01/07/2025,30/06/2026
coni:69930,FIGC,910308,01/07/2025,30/06/2026
coni:69940,FIGC,917358,01/07/2025,30/06/2026
coni:69946,FIGC,205582,01/07/2025,30/06/2026
coni:69978,ASC|FIGC,51080,01/07/2025,30/06/2026
coni:70,FIGC,910184,01/07/2025,30/06/2026
coni:70037,FIGC,12060,01/07/2025,30/06/2026
coni:70151,CSI|FIGC,932095,01/07/2025,30/06/2026
coni:70194,CSI|ENDAS|FIGC|FIP,13600017,03/07/2025,30/06/2026
coni:70259,FIGC,921437,01/07/2025,30/06/2026
coni:7028,FIGC,75649,01/07/2025,30/06/2026
coni:70303,FIGC,962871,01/07/2025,30/06/2026
coni:70370,FIGC,937923,01/07/2025,30/06/2026
coni:70375,FIGC,911792,01/07/2025,30/06/2026
coni:70416,FIGC,948104,01/07/2025,30/06/2026
coni:7042,FIGC,935756,01/07/2025,30/06/2026
coni:70488,CSI|FIGC,203712,01/07/2025,30/06/2026
coni:70494,FIGC,945475,01/07/2025,30/06/2026
coni:7063,FIGC,500134,01/07/2025,30/06/2026
coni:70644,FIGC,780340,01/07/2025,30/06/2026
coni:70667,CSI|FIGC,954861,01/07/2025,30/06/2026
coni:70702,AICS|FIGC,916122,01/07/2025,30/06/2026
coni:70742,FIGC,964633,04/09/2025,30/06/2026
coni:70749,FIGC,941343,01/07/2025,30/06/2026
coni:70837,CSI|FIGC,00700018,01/07/2025,30/06/2026
coni:7088,FIGC,39490,01/07/2025,30/06/2026
coni:7093,CSI|FIGC,15390,01/07/2025,30/06/2026
coni:70959,FIGC,913870,01/07/2025,30/06/2026
coni:71036,CSI|FIGC,780806,01/07/2025,30/06/2026
coni:7109,FIGC,947317,01/07/2025,30/06/2026
coni:71098,FIGC,795310,01/07/2025,30/06/2026
coni:7113,FIGC,945186,01/07/2025,30/06/2026
coni:7122,FIGC,206197,01/07/2025,30/06/2026
coni:71274,FIGC,963619,01/07/2025,30/06/2026
coni:71292,FIGC,916197,01/07/2025,30/06/2026
coni:71312,FIGC,921789,01/07/2025,30/06/2026
coni:7133,FIGC,954081,01/07/2025,30/06/2026
coni:7138,FIGC,936450,01/07/2025,30/06/2026
coni:71533,FIGC,933075,01/07/2025,30/06/2026
coni:71537,CSI|FIGC,941101,01/07/2025,30/06/2026
coni:71575,FIGC,74353,01/07/2025,30/06/2026
coni:71632,FIGC,912487,01/07/2025,30/06/2026
coni:71787,FIGC,81934,01/07/2025,30/06/2026
coni:71866,AICS|FIGC,917453,01/07/2025,30/06/2026
coni:7187,FIGC,650966,01/07/2025,30/06/2026
coni:7189,CSEN|FIGC,650982,01/07/2025,30/06/2026
coni:7195,FIGC,79005,01/07/2025,30/06/2026
coni:71959,CSI|ENDAS|FIGC,70546,01/07/2025,30/06/2026
coni:71961,FIGC,943301,01/07/2025,30/06/2026
coni:71973,FIGC,201948,01/07/2025,30/06/2026
coni:71989,CSEN|FIGC,912221,01/07/2025,30/06/2026
coni:71998,FIGC,921792,01/07/2025,30/06/2026
coni:72015,FIGC,946103,01/07/2025,30/06/2026
coni:7206,FIGC,71129,01/07/2025,30/06/2026
coni:7207,CSI|FIGC,02400251,16/07/2025,30/06/2026
coni:72073,FIGC,944002,01/07/2025,30/06/2026
coni:72180,FIGC,936468,01/07/2025,30/06/2026
coni:72198,CSI|FIGC,13600359,17/07/2025,30/06/2026
coni:7225,FIGC,675718,01/07/2025,30/06/2026
coni:7226,FIGC,942997,01/07/2025,30/06/2026
coni:72357,FIGC|PGS,938195,01/07/2025,30/06/2026
coni:72362,FIGC,68904,01/07/2025,30/06/2026
coni:7240,CSI|FIGC,917468,01/07/2025,30/06/2026
coni:199046,FIGC,964532,11/09/2025,30/06/2026
coni:199052,FIGC,964545,11/09/2025,30/06/2026
coni:199151,FIGC,964259,12/09/2025,30/06/2026
coni:199183,FIGC,963895,01/08/2025,30/06/2026
coni:199211,FIGC,964632,15/09/2025,30/06/2026
coni:199296,FIGC,964482,17/09/2025,30/06/2026
coni:199297,FIGC,964527,17/09/2025,30/06/2026
coni:199598,FIGC,964747,26/09/2025,30/06/2026
coni:199835,FIGC,964763,07/10/2025,30/06/2026
coni:199970,FIGC,964957,15/10/2025,30/06/2026
coni:200012,FIGC,964958,16/10/2025,30/06/2026
coni:200088,FIGC,964865,08/10/2025,30/06/2026
coni:200096,FIGC,964855,10/10/2025,30/06/2026
coni:201779,AICS|FIGC,964329,29/07/2025,30/06/2026
coni:2025,FIGC,938142,01/07/2025,30/06/2026
coni:20257,CSI|FIGC|FIP,780889,01/07/2025,30/06/2026
coni:20703,FIGC,780923,01/07/2025,30/06/2026
coni:20873,FIGC,930216,01/07/2025,30/06/2026
coni:20906,FIGC,946997,01/07/2025,30/06/2026
coni:21152,FIGC,914381,01/07/2025,30/06/2026
coni:21503,FIGC,33830,01/07/2025,30/06/2026
coni:21516,FIGC,937783,01/07/2025,30/06/2026
coni:22046,FIGC,70868,01/07/2025,30/06/2026
coni:22088,FIGC,937843,01/07/2025,30/06/2026
coni:22435,FIGC,941104,01/07/2025,30/06/2026
coni:2252,ENDAS|FIGC|UISP,964276,05/08/2025,30/06/2026
coni:2312,FIGC,922755,01/07/2025,30/06/2026
coni:23548,FIGC,940739,01/07/2025,30/06/2026
coni:23608,FIGC,951805,01/07/2025,30/06/2026
coni:2484,FIGC|OPES,675391,01/07/2025,30/06/2026
coni:25264,CSI|FIGC,80977,01/07/2025,30/06/2026
coni:25271,FIGC,81750,01/07/2025,30/06/2026
coni:25467,FIGC,63310,01/07/2025,30/06/2026
coni:2647,FIGC,917175,01/07/2025,30/06/2026
coni:26604,FIGC,935780,01/07/2025,30/06/2026
coni:26664,FIGC,4190,01/07/2025,30/06/2026
coni:26749,CSI|FIGC,945482,01/07/2025,30/06/2026
coni:2680,CSI|FIGC,80177,01/07/2025,30/06/2026
coni:26914,FIGC,3900,01/07/2025,30/06/2026
coni:26928,CSI|FIGC,09500343,27/10/2025,30/06/2026
coni:27444,FIGC,943028,01/07/2025,30/06/2026
coni:27813,ASC|FIGC,910609,01/07/2025,30/06/2026
coni:27868,CSEN|CSI|FIGC|FIP|PGS,945940,01/07/2025,30/06/2026
coni:27944,FIGC,934278,01/07/2025,30/06/2026
coni:28026,CSI|FIGC,947071,01/07/2025,30/06/2026
coni:28031,FIGC,932545,01/07/2025,30/06/2026
coni:28249,CSI|FIGC,933878,01/07/2025,30/06/2026
coni:28606,FIGC,620982,01/07/2025,30/06/2026
coni:28880,FIGC,941030,01/07/2025,30/06/2026
coni:30036,FIGC,917643,01/07/2025,30/06/2026
coni:30809,CSI|FIGC,64312,01/07/2025,30/06/2026
coni:31009,CSEN|FIGC,919940,01/07/2025,30/06/2026
coni:31031,FIGC,930021,01/07/2025,30/06/2026
coni:31072,FIGC,62179,01/07/2025,30/06/2026
coni:31819,FIGC,73307,01/07/2025,30/06/2026
coni:32436,FIGC,945442,01/07/2025,30/06/2026
coni:32858,AICS|FIGC,945886,01/07/2025,30/06/2026
coni:33129,FIGC,949464,01/07/2025,30/06/2026
coni:33471,FIGC|US_ACLI,917576,01/07/2025,30/06/2026
coni:33510,FIGC,676023,01/07/2025,30/06/2026
coni:35636,AICS|FIGC,945679,01/07/2025,30/06/2026
coni:36293,FIGC,935528,01/07/2025,30/06/2026
coni:36297,ASC|FIGC,66806,01/07/2025,30/06/2026
coni:36334,FIGC|UISP,201367,01/07/2025,30/06/2026
coni:36335,FIGC,24710,01/07/2025,30/06/2026
coni:36603,FIGC,52580,01/07/2025,30/06/2026
coni:36948,CSI|FIGC,61557,01/07/2025,30/06/2026
coni:37014,AICS|CSI|FIGC,48640,01/07/2025,30/06/2026
coni:37035,FIGC,20740,01/07/2025,30/06/2026
coni:37036,FIGC,78359,01/07/2025,30/06/2026
coni:37040,AICS|CSI|FIGC|FIP,963210,01/07/2025,30/06/2026
coni:37056,AICS|FIGC,58620,01/07/2025,30/06/2026
coni:37075,FIGC,57780,01/07/2025,30/06/2026
coni:3735,FIGC,73843,01/07/2025,30/06/2026
coni:37856,FIGC,1960,01/07/2025,30/06/2026
coni:37861,FIGC,23610,01/07/2025,30/06/2026
coni:38016,FIGC,132,01/07/2025,30/06/2026
coni:38264,FIGC,5290,01/07/2025,30/06/2026
coni:38364,FIGC,66548,01/07/2025,30/06/2026
coni:38548,FIGC,945145,01/07/2025,30/06/2026
coni:39050,FIGC,912499,01/07/2025,30/06/2026
coni:3944,FIGC,64593,01/07/2025,30/06/2026
coni:4003,FIGC,600111,01/07/2025,30/06/2026
coni:40842,FIGC|US_ACLI,651046,01/07/2025,30/06/2026
coni:4147,FIGC,700,01/07/2025,30/06/2026
coni:4150,FIGC,917309,01/07/2025,30/06/2026
coni:4225,FIGC,23250,01/07/2025,30/06/2026
coni:43663,FIGC,935169,01/07/2025,30/06/2026
coni:4386,FIGC,80901,01/07/2025,30/06/2026
coni:46528,FIGC,916467,01/07/2025,30/06/2026
coni:47878,FIGC|PGS,919685,01/07/2025,30/06/2026
coni:4793,CSI|FIGC,930077,01/07/2025,30/06/2026
coni:5063,FIGC,650227,01/07/2025,30/06/2026
coni:5071,FIGC,943020,01/07/2025,30/06/2026
coni:52932,FIGC|OPES|UISP,962176,01/07/2025,30/06/2026
coni:5304,FIGC,500119,01/07/2025,30/06/2026
coni:53404,FIGC,912950,01/07/2025,30/06/2026
coni:53444,FIGC,15270,01/07/2025,30/06/2026
coni:53997,FIGC,949200,01/07/2025,30/06/2026
coni:54274,FIGC,203759,01/07/2025,30/06/2026
coni:54802,FIGC,935313,01/07/2025,30/06/2026
coni:5802,AICS|FIGC,48880,01/07/2025,30/06/2026
coni:5969,FIGC,917208,01/07/2025,30/06/2026
coni:5979,FIGC,78867,01/07/2025,30/06/2026
coni:5989,FIGC,78946,01/07/2025,30/06/2026
coni:5991,FIGC,79360,01/07/2025,30/06/2026
coni:63978,FIGC,942149,01/07/2025,30/06/2026
coni:6463,FIGC,918217,01/07/2025,30/06/2026
coni:65442,FIGC|UISP,938721,01/07/2025,30/06/2026
coni:66326,FIGC|US_ACLI,947798,01/07/2025,30/06/2026
coni:6821,FIGC,938185,01/07/2025,30/06/2026
coni:68283,FIGC,62239,01/07/2025,30/06/2026
coni:684,FIGC,77711,01/07/2025,30/06/2026
coni:69102,CSEN|CSI|FIGC,01808,01/06/2025,31/05/2026
coni:69482,FIGC,204204,01/07/2025,30/06/2026
coni:69615,FIGC,917547,01/07/2025,30/06/2026
coni:69835,FIGC,915845,01/07/2025,30/06/2026
coni:70083,FIGC,916000,01/07/2025,30/06/2026
coni:70504,CSI|FIGC,954151,01/07/2025,30/06/2026
coni:70773,FIGC,780241,01/07/2025,30/06/2026
coni:70951,AICS|FIGC|UISP,72875,01/07/2025,30/06/2026
coni:7158,FIGC,74595,01/07/2025,30/06/2026
coni:71872,FIGC,947994,01/07/2025,30/06/2026
coni:7249,FIGC,750268,01/07/2025,30/06/2026
coni:72518,CSI|FIGC,934251,01/07/2025,30/06/2026
coni:72614,FIGC,934027,01/07/2025,30/06/2026
coni:72624,FIGC,910324,01/07/2025,30/06/2026
coni:72664,FIGC,941523,01/07/2025,30/06/2026
coni:727,FIGC,675872,01/07/2025,30/06/2026
coni:7275,FIGC,18630,01/07/2025,30/06/2026
coni:73053,FIGC,941134,01/07/2025,30/06/2026
coni:73109,FIGC,941566,01/07/2025,30/06/2026
coni:732,FIGC,78047,01/07/2025,30/06/2026
coni:73227,CSI|FIGC,910357,01/07/2025,30/06/2026
coni:73259,FIGC,962320,01/07/2025,30/06/2026
coni:73369,CSEN|FIGC,920017,01/07/2025,30/06/2026
coni:73376,AICS|CSI|FIGC,204276,01/07/2025,30/06/2026
coni:73405,FIGC,947292,01/07/2025,30/06/2026
coni:735,FIGC,74848,01/07/2025,30/06/2026
coni:7350,FIGC,00218,01/06/2025,31/05/2026
coni:73531,FIGC,938567,01/07/2025,30/06/2026
coni:73621,CSEN|FIGC,936627,01/07/2025,30/06/2026
coni:73712,FIGC,12890,01/07/2025,30/06/2026
coni:73782,FIGC,953263,01/07/2025,30/06/2026
coni:738,CSI|FIGC|UISP,962084,01/07/2025,30/06/2026
coni:73817,CSI|FIGC,676006,01/07/2025,30/06/2026
coni:73854,CSI|FIGC,780621,01/07/2025,30/06/2026
coni:73856,FIGC,943404,01/07/2025,30/06/2026
coni:73886,FIGC,963912,01/07/2025,30/06/2026
coni:73899,FIGC,710528,01/07/2025,30/06/2026
coni:7392,FIGC,8440,01/07/2025,30/06/2026
coni:73992,FIGC,945822,01/07/2025,30/06/2026
coni:74000,FIGC,936349,01/07/2025,30/06/2026
coni:74075,FIGC,945090,01/07/2025,30/06/2026
coni:7428,FIGC,914824,01/07/2025,30/06/2026
coni:7429,FIGC|UISP,937682,01/07/2025,30/06/2026
coni:74316,FIGC,938215,01/07/2025,30/06/2026
coni:74351,FIGC|UISP,100005,01/07/2025,30/06/2026
coni:74443,FIGC,952956,01/07/2025,30/06/2026
coni:74563,FIGC,947420,01/07/2025,30/06/2026
coni:7458,FIGC,945136,01/07/2025,30/06/2026
coni:74599,CSEN|FIGC,720668,01/07/2025,30/06/2026
coni:74623,FIGC|UISP,921489,01/07/2025,30/06/2026
coni:74649,CSI|FIGC,676111,01/07/2025,30/06/2026
coni:7466,FIGC,937697,01/07/2025,30/06/2026
coni:74679,FIGC,203723,01/07/2025,30/06/2026
coni:74717,CSI|FIGC,922004,01/07/2025,30/06/2026
coni:74725,CSI|FIGC,00700070,02/07/2025,30/06/2026
coni:74740,ASC|CSEN|FIGC,940865,01/07/2025,30/06/2026
coni:74764,CSI|FIGC,08300002,11/07/2025,30/06/2026
coni:74860,CSI|FIGC,204346,01/07/2025,30/06/2026
coni:74869,CSI|FIGC,675739,01/07/2025,30/06/2026
coni:74885,CSI|FIGC,932282,01/07/2025,30/06/2026
coni:74920,CSI|FIGC|FIP,675271,01/07/2025,30/06/2026
coni:74967,FIGC,941037,01/07/2025,30/06/2026
coni:75060,FIGC,938431,01/07/2025,30/06/2026
coni:75078,CSI|FIGC|UISP,02001835,09/07/2025,30/06/2026
coni:751,FIGC|UISP,910303,01/07/2025,30/06/2026
coni:7511,FIGC,943526,01/07/2025,30/06/2026
coni:75112,CSI|FIGC,59159,01/07/2025,30/06/2026
coni:75121,FIGC,943084,01/07/2025,30/06/2026
coni:75206,CSI|FIGC,675349,01/07/2025,30/06/2026
coni:7524,CSI|FIGC,13600031,01/07/2025,30/06/2026
coni:75411,CSI|FIGC,918893,01/07/2025,30/06/2026
coni:7545,FIGC,600106,01/07/2025,30/06/2026
coni:755,FIGC,67411,01/07/2025,30/06/2026
coni:7556,CSI|FIGC|UISP,910441,01/07/2025,30/06/2026
coni:7560,FIGC|UISP,66099,01/07/2025,30/06/2026
coni:75602,CSI|FIGC,921582,01/07/2025,30/06/2026
coni:7570,FIGC,750081,01/07/2025,30/06/2026
coni:75706,CSEN|CSI|FIGC,08200119,01/07/2025,30/06/2026
coni:75795,ASC|FIGC,939467,01/07/2025,30/06/2026
coni:758,FIGC,62720,01/07/2025,30/06/2026
coni:7586,FIGC,675027,01/07/2025,30/06/2026
coni:75863,AICS|FIGC,936935,01/07/2025,30/06/2026
coni:76005,FIGC,941328,01/07/2025,30/06/2026
coni:7606,FIGC,934045,01/07/2025,30/06/2026
coni:7609,FIGC,651277,01/07/2025,30/06/2026
coni:761,FIGC,74905,01/07/2025,30/06/2026
coni:76150,FIGC|UISP,952036,01/07/2025,30/06/2026
coni:7626,FIGC,32660,01/07/2025,30/06/2026
coni:76277,CSEN|FIGC,921115,01/07/2025,30/06/2026
coni:76300,FIGC,919290,01/07/2025,30/06/2026
coni:76366,CSI|FIGC,28610,01/07/2025,30/06/2026
coni:7637,FIGC,44550,01/07/2025,30/06/2026
coni:76373,FIGC,30860,01/07/2025,30/06/2026
coni:76421,ASC|FIGC,939158,01/07/2025,30/06/2026
coni:7646,FIGC|FIP,61078,01/07/2025,30/06/2026
coni:76466,FIGC,939094,01/07/2025,30/06/2026
coni:76477,CSI|FIGC|PGS,205124,01/07/2025,30/06/2026
coni:765,FIGC,43340,01/07/2025,30/06/2026
coni:76518,AICS|FIGC,945328,01/07/2025,30/06/2026
coni:76548,FIGC,940725,01/07/2025,30/06/2026
coni:7656,FIGC,65525,01/07/2025,30/06/2026
coni:7657,FIGC,937958,01/07/2025,30/06/2026
coni:7666,FIGC,71442,01/07/2025,30/06/2026
coni:76784,FIGC,944243,01/07/2025,30/06/2026
coni:76791,FIGC,916018,01/07/2025,30/06/2026
coni:76813,FIGC,963386,01/07/2025,30/06/2026
coni:76868,CSEN|FIGC,932635,01/07/2025,30/06/2026
coni:76883,AICS|ASC|FIGC,946265,01/07/2025,30/06/2026
coni:77032,FIGC,936452,01/07/2025,30/06/2026
coni:7704,FIGC,500533,01/07/2025,30/06/2026
coni:77108,FIGC,950267,01/07/2025,30/06/2026
coni:77154,FIGC,941617,01/07/2025,30/06/2026
coni:77185,FIGC,944203,01/07/2025,30/06/2026
coni:77223,CSEN|FIGC,936106,01/07/2025,30/06/2026
coni:7725,FIGC,79465,01/07/2025,30/06/2026
coni:77262,FIGC,937032,01/07/2025,30/06/2026
coni:77329,FIGC,912582,01/07/2025,30/06/2026
coni:7733,FIGC,947722,01/07/2025,30/06/2026
coni:7734,FIGC,31770,01/07/2025,30/06/2026
coni:77399,FIGC,910989,01/07/2025,30/06/2026
coni:7742,FIGC,915647,01/07/2025,30/06/2026
coni:77431,FIGC,911999,01/07/2025,30/06/2026
coni:77434,CSEN|FIGC,962838,01/07/2025,30/06/2026
coni:77435,CSI|FIGC,03500644,17/07/2025,30/06/2026
coni:77457,FIGC,730569,01/07/2025,30/06/2026
coni:77484,FIGC,941232,01/07/2025,30/06/2026
coni:77493,FIGC,941223,01/07/2025,30/06/2026
coni:775,FIGC,730258,01/07/2025,30/06/2026
coni:77501,FIGC,932917,01/07/2025,30/06/2026
coni:7765,CSI|FIGC,650100,01/07/2025,30/06/2026
coni:7766,CSI|FIGC,930008,01/07/2025,30/06/2026
coni:7770,FIGC,915597,01/07/2025,30/06/2026
coni:7773,FIGC,68382,01/07/2025,30/06/2026
coni:77905,FIGC,943839,01/07/2025,30/06/2026
coni:78101,FIGC,947810,01/07/2025,30/06/2026
coni:78144,FIGC,964882,07/10/2025,30/06/2026
coni:78266,FIGC,931912,01/07/2025,30/06/2026
coni:78427,FIGC,947970,01/07/2025,30/06/2026
coni:78436,FIGC,947707,01/07/2025,30/06/2026
coni:78454,FIGC,938238,01/07/2025,30/06/2026
coni:7846,FIGC,937978,01/07/2025,30/06/2026
coni:78461,FIGC,952250,01/07/2025,30/06/2026
coni:78648,FIGC,962111,01/07/2025,30/06/2026
coni:7867,FIGC,938346,01/07/2025,30/06/2026
coni:78758,FIGC,932199,01/07/2025,30/06/2026
coni:78882,FIGC,936872,01/07/2025,30/06/2026
coni:78952,FIGC|UISP,945308,01/07/2025,30/06/2026
coni:78986,FIGC,952569,01/07/2025,30/06/2026
coni:7899,FIGC,936517,01/07/2025,30/06/2026
coni:79092,FIGC,937021,01/07/2025,30/06/2026
coni:79152,ENDAS|FIGC,963547,01/07/2025,30/06/2026
coni:7935,FIGC,81856,01/07/2025,30/06/2026
coni:794,FIGC,80019,01/07/2025,30/06/2026
coni:79442,FIGC,76446,01/07/2025,30/06/2026
coni:79500,FIGC,938303,01/07/2025,30/06/2026
coni:79559,CSI|FIGC,963067,01/07/2025,30/06/2026
coni:79694,FIGC,950439,01/07/2025,30/06/2026
coni:7976,CSI|FIGC,67006,01/07/2025,30/06/2026
coni:7982,FIGC,932738,01/07/2025,30/06/2026
coni:7989,FIGC,932831,01/07/2025,30/06/2026
coni:79919,FIGC,933336,01/07/2025,30/06/2026
coni:79929,FIGC,949667,01/07/2025,30/06/2026
coni:8,FIGC,70559,01/07/2025,30/06/2026
coni:80060,FIGC,81385,01/07/2025,30/06/2026
coni:80145,FIGC,932834,01/07/2025,30/06/2026
coni:802,FIGC,80634,01/07/2025,30/06/2026
coni:80315,FIGC,934319,01/07/2025,30/06/2026
coni:8051,FIGC,919953,01/07/2025,30/06/2026
coni:80624,CSI|FIGC,935902,01/07/2025,30/06/2026
coni:80639,FIGC,962866,01/07/2025,30/06/2026
coni:80756,AICS|FIGC,913278,01/07/2025,30/06/2026
coni:8081,CSI|FIGC,913682,01/07/2025,30/06/2026
coni:8082,FIGC,935650,01/07/2025,30/06/2026
coni:80851,FIGC,954330,01/07/2025,30/06/2026
coni:80923,FIGC,934813,01/07/2025,30/06/2026
coni:8094,FIGC,81701,01/07/2025,30/06/2026
coni:80955,FIGC,952231,01/07/2025,30/06/2026
coni:80969,FIGC,952056,01/07/2025,30/06/2026
coni:80985,FIGC,780612,01/07/2025,30/06/2026
coni:80997,FIGC,964272,24/07/2025,30/06/2026
coni:81048,FIGC,914631,01/07/2025,30/06/2026
coni:8105,FIGC,935990,01/07/2025,30/06/2026
coni:81053,CSI|FIGC,954275,01/07/2025,30/06/2026
coni:81068,AICS|FIGC,912837,01/07/2025,30/06/2026
coni:8119,FIGC,31410,01/07/2025,30/06/2026
coni:8142,FIGC,1740,01/07/2025,30/06/2026
coni:8143,CSI|FIGC|UISP,930782,01/07/2025,30/06/2026
coni:81437,CSI|FIGC,947553,01/07/2025,30/06/2026
coni:8149,FIGC,760207,01/07/2025,30/06/2026
coni:81635,FIGC,964824,01/10/2025,30/06/2026
coni:81643,FIGC,931496,01/07/2025,30/06/2026
coni:8165,FIGC,914706,01/07/2025,30/06/2026
coni:817,FIGC,69076,01/07/2025,30/06/2026
coni:8173,CSI|ENDAS|FIGC,710800,01/07/2025,30/06/2026
coni:8179,FIGC,920896,01/07/2025,30/06/2026
coni:81923,FIGC,934603,01/07/2025,30/06/2026
coni:81953,FIGC,934872,01/07/2025,30/06/2026
coni:8202,FIGC,917411,01/07/2025,30/06/2026
coni:82102,FIGC,935960,01/07/2025,30/06/2026
coni:82121,FIGC,936125,01/07/2025,30/06/2026
coni:822,FIGC,68813,01/07/2025,30/06/2026
coni:82247,CSI|FIGC,938688,01/07/2025,30/06/2026
coni:82252,FIGC,963591,01/07/2025,30/06/2026
coni:82264,FIGC,919279,01/07/2025,30/06/2026
coni:82443,FIGC,941481,01/07/2025,30/06/2026
coni:82490,FIGC,941725,01/07/2025,30/06/2026
coni:82560,FIGC,932848,01/07/2025,30/06/2026
coni:82619,CSI|FIGC,943236,01/07/2025,30/06/2026
coni:8265,FIGC|UISP,937793,01/07/2025,30/06/2026
coni:82658,FIGC,947720,01/07/2025,30/06/2026
coni:82735,FIGC,64411,01/07/2025,30/06/2026
coni:8278,FIGC,933803,01/07/2025,30/06/2026
coni:828,CSI|FIGC,81580,01/07/2025,30/06/2026
coni:82801,FIGC,945806,01/07/2025,30/06/2026
coni:8285,FIGC,911689,01/07/2025,30/06/2026
coni:8298,FIGC,920748,01/07/2025,30/06/2026
coni:8306,CSI|FIGC,934122,01/07/2025,30/06/2026
coni:83142,FIGC,941150,01/07/2025,30/06/2026
coni:8318,FIGC,934402,01/07/2025,30/06/2026
coni:83249,CSEN|FIGC,944476,01/07/2025,30/06/2026
coni:8326,FIGC,65031,01/07/2025,30/06/2026
coni:83289,FIGC,945231,01/07/2025,30/06/2026
coni:83294,FIGC,945092,01/07/2025,30/06/2026
coni:83296,CSI|FIGC,03500508,14/07/2025,30/06/2026
coni:83427,FIGC|UISP,57846,01/07/2025,30/06/2026
coni:83434,CSI|FIGC,81060,01/07/2025,30/06/2026
coni:83444,FIGC,67530,01/07/2025,30/06/2026
coni:8346,FIGC,934406,01/07/2025,30/06/2026
coni:83500,FIGC|US_ACLI,937895,01/07/2025,30/06/2026
coni:83509,FIGC|UISP,940996,01/07/2025,30/06/2026
coni:83530,FIGC,934660,01/07/2025,30/06/2026
coni:83537,FIGC,200730,01/07/2025,30/06/2026
coni:83575,FIGC,947048,01/07/2025,30/06/2026
coni:83624,FIGC,913936,01/07/2025,30/06/2026
coni:83647,FIGC,205622,01/07/2025,30/06/2026
coni:83704,FIGC,952910,01/07/2025,30/06/2026
coni:83718,FIGC,943207,01/07/2025,30/06/2026
coni:8372,FIGC,914465,01/07/2025,30/06/2026
coni:83778,FIGC,44680,01/07/2025,30/06/2026
coni:83784,FIGC,74202,01/07/2025,30/06/2026
coni:83793,FIGC,68797,01/07/2025,30/06/2026
coni:83796,CSI|FIGC,910330,01/07/2025,30/06/2026
coni:838,FIGC,62241,01/07/2025,30/06/2026
coni:83814,FIGC,937689,01/07/2025,30/06/2026
coni:83821,FIGC,64825,01/07/2025,30/06/2026
coni:83826,CSI|FIGC,63055,01/07/2025,30/06/2026
coni:83833,FIGC,64159,01/07/2025,30/06/2026
coni:83836,FIGC,23390,01/07/2025,30/06/2026
coni:83838,FIGC,918960,01/07/2025,30/06/2026
coni:83843,FIGC,67544,01/07/2025,30/06/2026
coni:83861,FIGC,68233,01/07/2025,30/06/2026
coni:83883,CSI|FIGC,28940,01/07/2025,30/06/2026
coni:839,CSEN|FIGC,954883,01/07/2025,30/06/2026
coni:8396,FIGC,916521,01/07/2025,30/06/2026
coni:84021,FIGC,915643,01/07/2025,30/06/2026
coni:84058,CSI|FIGC,947964,01/07/2025,30/06/2026
coni:84100,AICS|FIGC,60385,01/07/2025,30/06/2026
coni:84135,FIGC,65083,01/07/2025,30/06/2026
coni:8417,FIGC,964201,05/08/2025,30/06/2026
coni:84211,FIGC,61618,01/07/2025,30/06/2026
coni:84233,CSI|FIGC,962117,01/07/2025,30/06/2026
coni:84308,FIGC,750137,01/07/2025,30/06/2026
coni:84311,CSI|FIGC,75634,01/07/2025,30/06/2026
coni:84315,FIGC|UISP,780896,01/07/2025,30/06/2026
coni:84339,FIGC,76789,01/07/2025,30/06/2026
coni:84381,FIGC,68237,01/07/2025,30/06/2026
coni:84403,FIGC,201876,01/07/2025,30/06/2026
coni:845,FIGC,65776,01/07/2025,30/06/2026
coni:8450,FIGC,C011440,09/09/2025,31/08/2026
coni:8451,FIGC,932269,01/07/2025,30/06/2026
coni:84519,FIGC,780540,01/07/2025,30/06/2026
coni:8452,FIGC,947187,01/07/2025,30/06/2026
coni:84540,FIGC,75960,01/07/2025,30/06/2026
coni:84566,FIGC,201241,01/07/2025,30/06/2026
coni:84601,CSEN|FIGC,206727,01/07/2025,30/06/2026
coni:84699,FIGC,760166,01/07/2025,30/06/2026
coni:84716,ASC|FIGC,950196,01/07/2025,30/06/2026
coni:8474,CSI|FIGC,02200069,13/07/2025,30/06/2026
coni:84825,AICS|CSEN|CSI|FIGC|FIP,949847,01/07/2025,30/06/2026
coni:84918,FIGC,75624,01/07/2025,30/06/2026
coni:8492,FIGC,73288,01/07/2025,30/06/2026
coni:84930,FIGC,740172,01/07/2025,30/06/2026
coni:85016,FIGC,675857,01/07/2025,30/06/2026
coni:85077,FIGC,916577,01/07/2025,30/06/2026
coni:8510,FIGC|UISP,963916,01/07/2025,30/06/2026
coni:8514,FIGC,947425,01/07/2025,30/06/2026
coni:85197,CSI|FIGC,930643,01/07/2025,30/06/2026
coni:85207,FIGC,675884,01/07/2025,30/06/2026
coni:85239,FIGC,71836,01/07/2025,30/06/2026
coni:85332,FIGC,910283,01/07/2025,30/06/2026
coni:85363,FIGC,910286,01/07/2025,30/06/2026
coni:8537,FIGC,933894,01/07/2025,30/06/2026
coni:8540,FIGC,934675,01/07/2025,30/06/2026
coni:8542,FIGC,64410,01/07/2025,30/06/2026
coni:85485,FIGC,710152,01/07/2025,30/06/2026
coni:85511,FIGC,912714,01/07/2025,30/06/2026
coni:85624,FIGC,934644,01/07/2025,30/06/2026
coni:8567,FIGC,69487,01/07/2025,30/06/2026
coni:857,FIGC,53960,01/07/2025,30/06/2026
coni:85722,FIGC,936137,01/07/2025,30/06/2026
coni:85750,CSI|FIGC,740116,01/07/2025,30/06/2026
coni:85806,FIGC,951398,01/07/2025,30/06/2026
coni:85886,FIGC,6430,01/07/2025,30/06/2026
coni:85914,FIGC,913390,01/07/2025,30/06/2026
coni:85992,FIGC,932127,01/07/2025,30/06/2026
coni:8605,FIGC,80422,01/07/2025,30/06/2026
coni:86195,FIGC,949576,01/07/2025,30/06/2026
coni:86251,CSI|FIGC,918284,01/07/2025,30/06/2026
coni:86285,CSI|FIGC,930587,01/07/2025,30/06/2026
coni:8641,CSI|FIGC,13600085,01/09/2025,30/06/2026
coni:86416,CSI|FIGC,950620,01/07/2025,30/06/2026
coni:86465,FIGC,912549,01/07/2025,30/06/2026
coni:86483,FIGC,963503,01/07/2025,30/06/2026
coni:8649,CSI|FIGC,15200364,01/07/2025,30/06/2026
coni:86668,FIGC,600719,01/07/2025,30/06/2026
coni:8669,FIGC,19470,01/07/2025,30/06/2026
coni:86693,CSI|FIGC,940828,01/07/2025,30/06/2026
coni:86768,CSI|FIGC,917311,01/07/2025,30/06/2026
coni:86794,FIGC,948230,01/07/2025,30/06/2026
coni:86852,CSI|FIGC,935576,01/07/2025,30/06/2026
coni:86908,FIGC,76673,01/07/2025,30/06/2026
coni:86933,FIGC|UISP,943547,01/07/2025,30/06/2026
coni:86971,ASC|CSI|FIGC,936777,01/07/2025,30/06/2026
coni:8708,FIGC,66837,01/07/2025,30/06/2026
coni:8710,FIGC,62832,01/07/2025,30/06/2026
coni:8724,FIGC,915808,01/07/2025,30/06/2026
coni:874,FIGC,C010194,02/09/2025,31/08/2026
coni:87408,FIGC,919719,01/07/2025,30/06/2026
coni:87415,CSI|FIGC,948268,01/07/2025,30/06/2026
coni:8743,FIGC,917399,01/07/2025,30/06/2026
coni:87495,FIGC,916791,01/07/2025,30/06/2026
coni:8757,FIGC,935002,01/07/2025,30/06/2026
coni:87595,FIGC,962753,01/07/2025,30/06/2026
coni:87804,FIGC,947294,01/07/2025,30/06/2026
coni:8782,FIGC,675930,01/07/2025,30/06/2026
coni:8789,FIGC,935560,01/07/2025,30/06/2026
coni:8792,AICS|ASC|CSI|FIGC,72563,01/07/2025,30/06/2026
coni:88071,FIGC|PGS,954533,01/07/2025,30/06/2026
coni:88208,FIGC,946439,01/07/2025,30/06/2026
coni:8831,ENDAS|FIGC,66811,01/07/2025,30/06/2026
coni:88310,FIGC,780623,01/07/2025,30/06/2026
coni:88311,CSEN|FIGC,943751,01/07/2025,30/06/2026
coni:88317,FIGC,916520,01/07/2025,30/06/2026
coni:8832,CSI|FIGC|UISP,75717,01/07/2025,30/06/2026
coni:8836,FIGC,911092,01/07/2025,30/06/2026
coni:88459,FIGC,964336,25/09/2025,30/06/2026
coni:88466,CSI|FIGC,962863,01/07/2025,30/06/2026
coni:88485,FIGC,945411,01/07/2025,30/06/2026
coni:88503,FIGC,945103,01/07/2025,30/06/2026
coni:8859,FIGC,58106,01/07/2025,30/06/2026
coni:8861,CSI|FIGC,69606,01/07/2025,30/06/2026
coni:88647,FIGC,921392,01/07/2025,30/06/2026
coni:8881,FIGC,941619,01/07/2025,30/06/2026
coni:88817,FIGC,963991,01/07/2025,30/06/2026
coni:88848,ENDAS|FIGC|FIP,963473,01/07/2025,30/06/2026
coni:88877,CSI|FIGC,675816,01/07/2025,30/06/2026
coni:88982,CSEN|FIGC,943353,01/07/2025,30/06/2026
coni:89195,FIGC,921779,01/07/2025,30/06/2026
coni:8926,FIGC,964548,10/09/2025,30/06/2026
coni:8927,FIGC,938110,01/07/2025,30/06/2026
coni:89293,FIGC,945463,01/07/2025,30/06/2026
coni:89345,FIGC,939072,01/07/2025,30/06/2026
coni:89376,CSEN|FIGC,939051,01/07/2025,30/06/2026
coni:89553,CSI|FIGC,950462,01/07/2025,30/06/2026
coni:89563,FIGC,936755,01/07/2025,30/06/2026
coni:89599,FIGC,26100,01/07/2025,30/06/2026
coni:897,FIGC,750238,01/07/2025,30/06/2026
coni:89829,FIGC,935861,01/07/2025,30/06/2026
coni:8988,CSI|FIGC,630669,01/07/2025,30/06/2026
coni:89885,CSEN|FIGC,943745,01/07/2025,30/06/2026
coni:8990,FIGC,937665,01/07/2025,30/06/2026
coni:89905,FIGC,934762,01/07/2025,30/06/2026
coni:89913,FIGC,932993,01/07/2025,30/06/2026
coni:8993,FIGC,201807,01/07/2025,30/06/2026
coni:89932,FIGC,944287,01/07/2025,30/06/2026
coni:89933,FIGC,936558,01/07/2025,30/06/2026
coni:89999,ASC|FIGC,946201,01/07/2025,30/06/2026
coni:90038,AICS|FIGC|UISP,963882,01/07/2025,30/06/2026
coni:90109,ASC|FIGC,934811,01/07/2025,30/06/2026
coni:9013,FIGC,930964,01/07/2025,30/06/2026
coni:90167,FIGC,945985,01/07/2025,30/06/2026
coni:90192,FIGC,945986,01/07/2025,30/06/2026
coni:90374,FIGC,947926,01/07/2025,30/06/2026
coni:90451,FIGC,938761,01/07/2025,30/06/2026
coni:90493,FIGC,943033,01/07/2025,30/06/2026
coni:90575,FIGC,937886,01/07/2025,30/06/2026
coni:90661,FIGC,943894,01/07/2025,30/06/2026
coni:907,FIGC,68632,01/07/2025,30/06/2026
coni:90807,FIGC,940890,01/07/2025,30/06/2026
coni:90883,FIGC|US_ACLI,945212,01/07/2025,30/06/2026
coni:90918,FIGC,943366,01/07/2025,30/06/2026
coni:90959,FIGC,965052,26/01/2026,30/06/2026
coni:91023,AICS|FIGC,943059,01/07/2025,30/06/2026
coni:91109,FIGC,944264,01/07/2025,30/06/2026
coni:91111,FIGC,954350,01/07/2025,30/06/2026
coni:91159,FIGC,949562,01/07/2025,30/06/2026
coni:91197,FIGC,206125,01/07/2025,30/06/2026
coni:91207,FIGC,947516,01/07/2025,30/06/2026
coni:91276,AICS|FIGC,946065,01/07/2025,30/06/2026
coni:91284,FIGC|UISP,947328,01/07/2025,30/06/2026
coni:91295,FIGC,945146,01/07/2025,30/06/2026
coni:9131,FIGC,917334,01/07/2025,30/06/2026
coni:91325,CSI|FIGC,945210,01/07/2025,30/06/2026
coni:9141,CSI|FIGC|UISP,205439,01/07/2025,30/06/2026
coni:9149,FIGC,921121,01/07/2025,30/06/2026
coni:9153,FIGC,932204,01/07/2025,30/06/2026
coni:91556,CSI|FIGC,05600888,05/07/2025,30/06/2026
coni:91656,FIGC,949232,01/07/2025,30/06/2026
coni:91699,FIGC,911468,01/07/2025,30/06/2026
coni:9174,FIGC,12560,01/07/2025,30/06/2026
coni:92012,FIGC,740807,01/07/2025,30/06/2026
coni:9203,FIGC,940823,01/07/2025,30/06/2026
coni:92169,FIGC,947341,01/07/2025,30/06/2026
coni:92220,FIGC,916085,01/07/2025,30/06/2026
coni:92255,FIGC,78843,01/07/2025,30/06/2026
coni:9229,FIGC,945216,01/07/2025,30/06/2026
coni:92388,FIGC,780367,01/07/2025,30/06/2026
coni:92392,CSEN|CSI|FIGC,936259,01/07/2025,30/06/2026
coni:9242,FIGC,946244,01/07/2025,30/06/2026
coni:92429,FIGC,780322,01/07/2025,30/06/2026
coni:9244,FIGC,932221,01/07/2025,30/06/2026
coni:92552,FIGC,740920,01/07/2025,30/06/2026
coni:9256,FIGC|UISP,962401,01/07/2025,30/06/2026
coni:92619,CSI|FIGC,780419,01/07/2025,30/06/2026
coni:92664,FIGC,933657,01/07/2025,30/06/2026
coni:92742,FIGC,949430,01/07/2025,30/06/2026
coni:92751,FIGC,943024,01/07/2025,30/06/2026
coni:92786,FIGC,936094,01/07/2025,30/06/2026
coni:92815,FIGC,918250,01/07/2025,30/06/2026
coni:92871,CSI|FIGC|UISP,946074,01/07/2025,30/06/2026
coni:9289,FIGC,930638,01/07/2025,30/06/2026
coni:9296,CSI|FIGC|FIP,922835,01/07/2025,30/06/2026
coni:93027,FIGC,943430,01/07/2025,30/06/2026
coni:93081,FIGC,945266,01/07/2025,30/06/2026
coni:93116,FIGC,947201,01/07/2025,30/06/2026
coni:93166,CSI|FIGC,931533,01/07/2025,30/06/2026
coni:93209,FIGC,780958,01/07/2025,30/06/2026
coni:93334,FIGC,936120,01/07/2025,30/06/2026
coni:9339,FIGC,938658,01/07/2025,30/06/2026
coni:93449,FIGC,918861,01/07/2025,30/06/2026
coni:9348,CSI|FIGC,940807,01/07/2025,30/06/2026
coni:9355,FIGC,941130,01/07/2025,30/06/2026
coni:93668,FIGC,956018,01/07/2025,30/06/2026
coni:93766,FIGC,948112,01/07/2025,30/06/2026
coni:9377,FIGC,204818,01/07/2025,30/06/2026
coni:93995,FIGC,07000611,01/07/2025,30/06/2026
coni:9413,CSI|FIGC|UISP,948238,01/07/2025,30/06/2026
coni:9418,FIGC,933921,01/07/2025,30/06/2026
coni:94249,CSEN|FIGC,910043,01/07/2025,30/06/2026
coni:94262,CSEN|FIGC|FIP,914676,01/07/2025,30/06/2026
coni:94269,CSI|FIGC,912791,01/07/2025,30/06/2026
coni:94499,CSI|FIGC,933912,01/07/2025,30/06/2026
coni:94511,CSEN|FIGC,919937,01/07/2025,30/06/2026
coni:94537,ASC|FIGC,938855,01/07/2025,30/06/2026
coni:94548,ASC|FIGC,921129,01/07/2025,30/06/2026
coni:94583,FIGC,931242,01/07/2025,30/06/2026
coni:94644,FIGC,720344,01/07/2025,30/06/2026
coni:94647,CSEN|FIGC,933503,01/07/2025,30/06/2026
coni:94696,CSEN|FIGC,934542,01/07/2025,30/06/2026
coni:94707,FIGC,934241,01/07/2025,30/06/2026
coni:9476,FIGC,202272,01/07/2025,30/06/2026
coni:94768,FIGC,938745,01/07/2025,30/06/2026
coni:94771,ASC|FIGC,935451,01/07/2025,30/06/2026
coni:94779,CSEN|ENDAS|FIGC,937034,01/07/2025,30/06/2026
coni:94866,CSEN|FIGC,938067,01/07/2025,30/06/2026
coni:94876,CSEN|FIGC,938708,01/07/2025,30/06/2026
coni:9497,FIGC,937802,01/07/2025,30/06/2026
coni:94978,FIGC,941687,01/07/2025,30/06/2026
coni:9507,FIGC,947220,01/07/2025,30/06/2026
coni:95135,ENDAS|FIGC|PGS,963511,01/07/2025,30/06/2026
coni:95291,FIGC,205826,01/07/2025,30/06/2026
coni:95297,CSI|FIGC,675218,01/07/2025,30/06/2026
coni:953,FIGC,29390,01/07/2025,30/06/2026
coni:95334,FIGC,918798,01/07/2025,30/06/2026
coni:95337,FIGC,915589,01/07/2025,30/06/2026
coni:95340,CSI|FIGC|UISP,963205,01/07/2025,30/06/2026
coni:95350,FIGC,676041,01/07/2025,30/06/2026
coni:95365,FIGC,917128,01/07/2025,30/06/2026
coni:95370,CSI|FIGC,953886,01/07/2025,30/06/2026
coni:95374,FIGC,914160,01/07/2025,30/06/2026
coni:95381,CSI|FIGC,204343,01/07/2025,30/06/2026
coni:95385,FIGC|FIP,34986,10/07/2025,30/06/2026
coni:95395,AICS|CSI|FIGC,964380,01/08/2025,30/06/2026
coni:954,FIGC,918099,01/07/2025,30/06/2026
coni:9543,FIGC,931253,01/07/2025,30/06/2026
coni:9547,CSI|FIGC|PGS,13600040,04/07/2025,30/06/2026
coni:95491,FIGC,913813,01/07/2025,30/06/2026
coni:95492,FIGC,676031,01/07/2025,30/06/2026
coni:95504,FIGC,57610,01/07/2025,30/06/2026
coni:95526,FIGC,71901,01/07/2025,30/06/2026
coni:9553,FIGC,77436,01/07/2025,30/06/2026
coni:95550,FIGC|FIP|UISP,43260,01/07/2025,30/06/2026
coni:95566,FIGC,951492,01/07/2025,30/06/2026
coni:95578,CSI|FIGC,70366,01/07/2025,30/06/2026
coni:95581,FIGC,940898,01/07/2025,30/06/2026
coni:95588,FIGC,915410,01/07/2025,30/06/2026
coni:95604,FIGC,935568,01/07/2025,30/06/2026
coni:95616,CSI|FIGC,964324,31/07/2025,30/06/2026
coni:95721,FIGC,72625,01/07/2025,30/06/2026
coni:95722,FIGC,962202,01/07/2025,30/06/2026
coni:95739,FIGC,64232,01/07/2025,30/06/2026
coni:9574,ASC|FIGC,952384,01/07/2025,30/06/2026
coni:95748,FIGC,740133,01/07/2025,30/06/2026
coni:95751,FIGC,204111,01/07/2025,30/06/2026
coni:95753,FIGC,69799,01/07/2025,30/06/2026
coni:95763,FIGC,206198,01/07/2025,30/06/2026
coni:9578,CSI|FIGC,04300283,12/07/2025,30/06/2026
coni:95829,FIGC,916079,01/07/2025,30/06/2026
coni:95846,CSEN|CSI|FIGC|FIP|US_ACLI,675770,01/07/2025,30/06/2026
coni:95861,CSI|FIGC,77722,01/07/2025,30/06/2026
coni:95873,AICS|CSEN|FIGC,70772,01/07/2025,30/06/2026
coni:95883,FIGC,82473,01/07/2025,30/06/2026
coni:95977,CSI|FIGC,953871,01/07/2025,30/06/2026
coni:96168,FIGC,675576,01/07/2025,30/06/2026
coni:96178,FIGC,954923,01/07/2025,30/06/2026
coni:96196,CSEN|FIGC,47130,01/07/2025,30/06/2026
coni:96215,FIGC,203023,01/07/2025,30/06/2026
coni:96304,CSI|FIGC,203587,01/07/2025,30/06/2026
coni:96395,AICS|CSEN|FIGC|FIP|PGS,912159,01/07/2025,30/06/2026
coni:96634,CSI|FIGC,917328,01/07/2025,30/06/2026
coni:96699,CSI|FIGC,964010,11/07/2025,30/06/2026
coni:96772,FIGC|FIP,9160,01/07/2025,30/06/2026
coni:96783,FIGC,73831,01/07/2025,30/06/2026
coni:9683,FIGC,943311,01/07/2025,30/06/2026
coni:96945,FIGC,910414,01/07/2025,30/06/2026
coni:96966,FIGC,943436,01/07/2025,30/06/2026
coni:9701,CSI|FIGC,06400407,19/09/2025,30/06/2026
coni:97026,FIGC,68879,01/07/2025,30/06/2026
coni:97077,AICS|FIGC,71383,01/07/2025,30/06/2026
coni:9724,FIGC,942112,01/07/2025,30/06/2026
coni:97373,FIGC|UISP,80116,01/07/2025,30/06/2026
coni:97402,CSEN|CSI|FIGC|FIP|PGS,943496,01/07/2025,30/06/2026
coni:97407,ASC|FIGC,202642,01/07/2025,30/06/2026
coni:97413,FIGC,934039,01/07/2025,30/06/2026
coni:97435,FIGC,910903,01/07/2025,30/06/2026
coni:9753,CSI|FIGC,02401777,06/07/2025,30/06/2026
coni:97544,FIGC,953662,01/07/2025,30/06/2026
coni:97602,CSI|FIGC,945344,01/07/2025,30/06/2026
coni:97685,CSI|FIGC,01300053,07/07/2025,30/06/2026
coni:97723,FIGC,932366,01/07/2025,30/06/2026
coni:97816,FIGC,780379,01/07/2025,30/06/2026
coni:9789,FIGC,932460,01/07/2025,30/06/2026
coni:979,FIGC,919585,01/07/2025,30/06/2026
coni:9792,FIGC,921407,01/07/2025,30/06/2026
coni:98046,FIGC,620088,01/07/2025,30/06/2026
coni:9809,FIGC,920389,01/07/2025,30/06/2026
coni:98272,FIGC,964809,01/10/2025,30/06/2026
coni:98283,CSEN|CSI|FIGC,918887,01/07/2025,30/06/2026
coni:98330,CSEN|FIGC,79289,01/01/2026,31/12/2026
coni:9837,FIGC,947258,01/07/2025,30/06/2026
coni:9851,CSI|FIGC|FIP,67527,01/07/2025,30/06/2026
coni:98550,CSEN|FIGC,750135,01/07/2025,30/06/2026
coni:98601,FIGC,932246,01/07/2025,30/06/2026
coni:98762,ASC|CSEN|FIGC,912580,01/07/2025,30/06/2026
coni:98764,CSI|FIGC,64224,01/07/2025,30/06/2026
coni:98864,FIGC,938620,01/07/2025,30/06/2026
coni:98870,FIGC|US_ACLI,941840,01/07/2025,30/06/2026
coni:98917,FIGC,941806,01/07/2025,30/06/2026
coni:98936,CSEN|FIGC,942052,01/07/2025,30/06/2026
coni:99068,FIGC,943753,01/07/2025,30/06/2026
coni:99081,FIGC,206023,01/07/2025,30/06/2026
coni:99139,CSEN|FIGC,202650,01/07/2025,30/06/2026
coni:99164,FIGC,36910,01/07/2025,30/06/2026
coni:992,FIGC,963313,01/07/2025,30/06/2026
coni:9941,FIGC,943150,01/07/2025,30/06/2026
coni:99422,FIGC,202610,01/07/2025,30/06/2026
coni:99479,FIGC,948116,01/07/2025,30/06/2026
coni:99520,FIGC|UISP,953742,01/07/2025,30/06/2026
coni:99557,FIGC,955148,01/07/2025,30/06/2026
coni:99575,FIGC|UISP,943086,01/07/2025,30/06/2026
coni:996,AICS|FIGC,205262,01/07/2025,30/06/2026
coni:99652,FIGC,933767,01/07/2025,30/06/2026
coni:99676,CSI|FIGC,919117,01/07/2025,30/06/2026
coni:99772,CSI|FIGC,936422,01/07/2025,30/06/2026
coni:99773,FIGC,913965,01/07/2025,30/06/2026
coni:99790,CSI|FIGC,913790,01/07/2025,30/06/2026
coni:99821,FIGC,962032,01/07/2025,30/06/2026
coni:99896,FIGC,919319,01/07/2025,30/06/2026
coni:999,FIGC,35880,01/07/2025,30/06/2026
coni:99978,FIGC,962754,01/07/2025,30/06/2026
coni:99979,FIGC,944060,01/07/2025,30/06/2026
